발생량_10시,시군구,발생량_09시,도착량_01시,도착량_17시,발생량_14시,도착량_10시,도착량_08시,발생량_23시,도착량_18시,발생량_12시,발생량_07시,발생량_22시,발생량_00시,시도,도착량_19시,년도,발생량_20시,발생량_04시,도착량_16시,도착량_20시,발생량_05시,도착량_14시,발생량_02시,도착량_22시,읍면동,발생량_08시,발생량_06시,도착량_02시,도착량_05시,도착량_03시,발생량_03시,발생량_11시,발생량_21시,도착량_00시,발생량_19시,발생량_16시,도착량_21시,도착량_23시,도착량_09시,발생량_18시,도착량_07시,도착량_15시,도착량_11시,발생량_01시,도착량_12시,발생량_13시,발생량_17시,도착량_13시,발생량_15시,도착량_04시,도착량_06시
4408,강릉시,4799,0,1923,3782,2131,2145,0,1196,4148,5251,0,0,강원특별자치도,516,2023,341,0,1318,234,0,1456,0,0,강동면,8603,748,0,0,0,0,4737,12,0,722,3963,147,0,1551,1492,848,2292,2077,0,2344,6477,4194,3817,4366,0,52
1623,강릉시,1109,0,3734,5502,2405,2114,0,3006,3008,498,9,0,강원특별자치도,2310,2023,1190,0,5396,1108,0,5205,0,35,강문동,783,12,0,0,0,0,3462,314,0,2009,8400,585,0,1805,4007,705,6703,6462,0,4456,3970,5533,4570,6433,0,0
4360,강릉시,4937,0,4547,9718,3291,1473,0,3783,4808,2603,1,0,강원특별자치도,2287,2023,3755,0,6358,1205,0,6879,0,110,견소동,6475,808,0,0,0,0,5989,931,0,6498,10621,602,0,2224,9328,916,7163,5689,0,7537,7759,11045,8244,10354,0,1
42775,강릉시,38286,0,18635,36157,14615,12269,0,18247,46137,29668,419,0,강원특별자치도,11976,2023,14087,0,21032,7161,0,18633,0,162,교동,52049,3850,0,0,0,0,43318,9532,0,17191,54691,3264,0,12947,32758,5831,21252,15541,0,17624,40267,34200,18050,49582,0,667
214,강릉시,4198,0,433,31,18,130,0,42,671,4287,0,0,강원특별자치도,146,2023,48,0,50,3,0,18,0,0,구정면,1828,0,0,0,0,0,2672,0,0,219,256,0,0,517,422,2,365,488,0,50,3006,1170,660,2074,0,0
50,강릉시,58,0,17,63,53,147,0,30,36,14,0,0,강원특별자치도,8,2023,2,0,29,10,0,59,0,0,난곡동,15,0,0,0,0,0,38,0,0,11,113,0,0,31,76,4,54,66,0,27,86,118,42,70,0,0
157,강릉시,99,0,193,131,356,375,0,134,162,14,0,0,강원특별자치도,97,2023,53,0,223,56,0,216,0,0,남문동,389,0,0,0,0,0,135,0,0,50,155,0,0,419,86,195,219,201,0,220,121,225,320,165,0,0
499,강릉시,474,0,188,766,260,244,0,163,549,1263,0,0,강원특별자치도,140,2023,211,0,297,104,0,305,0,0,남항진동,906,1,0,0,0,0,713,0,0,299,828,35,0,160,1020,2,336,148,0,488,632,636,286,852,0,0
9988,강릉시,11494,0,3499,10208,2301,1961,0,4483,7394,11435,0,0,강원특별자치도,2334,2023,2117,0,3781,2505,0,2701,0,0,내곡동,11654,643,0,0,0,0,8649,1533,0,3308,13032,1882,0,2270,8296,730,3188,2496,0,2240,11907,10762,2851,12360,0,0
2062,강릉시,870,0,649,672,450,788,0,406,674,3447,0,0,강원특별자치도,164,2023,115,0,413,18,0,397,0,0,노암동,4093,0,0,0,0,0,753,52,0,182,1380,31,0,528,706,202,517,647,0,504,2218,1194,468,613,0,0
0,강릉시,428,0,25,0,0,0,0,0,0,392,0,0,강원특별자치도,15,2023,0,0,0,0,0,0,0,0,담산동,2,0,0,0,0,0,224,0,0,64,0,0,0,32,0,1,43,39,0,0,246,74,42,175,0,0
363,강릉시,476,0,128,372,123,970,0,140,305,293,8,0,강원특별자치도,106,2023,260,0,116,90,0,88,0,21,대전동,487,55,0,0,0,0,575,65,0,429,543,56,0,481,1649,412,103,275,0,97,471,761,121,432,0,25
120,강릉시,110,0,1,58,3,11,0,13,143,179,0,0,강원특별자치도,0,2023,10,0,0,0,0,1,0,0,두산동,233,0,0,0,0,0,162,0,0,25,23,0,0,9,65,1,3,9,0,17,104,154,4,53,0,0
842,강릉시,665,0,1016,1009,1030,1017,0,883,1183,366,0,0,강원특별자치도,286,2023,325,0,876,116,0,931,0,0,명주동,1000,0,0,0,0,0,735,129,0,359,2354,33,0,946,1048,876,930,587,0,1340,953,1531,1129,3456,0,0
0,강릉시,734,0,12,0,45,42,0,21,4,3,0,0,강원특별자치도,0,2023,0,0,27,0,0,40,0,0,박월동,455,0,0,0,0,0,234,0,0,49,1,0,0,1,3,0,0,6,0,107,181,42,8,70,0,0
658,강릉시,488,0,119,724,281,465,0,82,683,312,0,0,강원특별자치도,67,2023,227,0,159,17,0,214,0,0,병산동,517,0,0,0,0,0,1449,0,0,286,230,10,0,305,332,3,188,215,0,467,588,853,510,730,0,0
10501,강릉시,10531,0,2737,13041,3948,8124,0,2293,8296,6738,52,0,강원특별자치도,1572,2023,1716,0,3459,914,0,5234,0,184,사천면,8467,943,0,0,0,0,12633,532,0,3329,11983,634,0,5993,8906,3384,4296,4279,0,4673,11357,9729,4551,12693,0,787
6933,강릉시,3194,0,1812,8221,3481,4173,0,1798,7868,2402,0,0,강원특별자치도,756,2023,2055,0,2298,387,0,2556,0,0,성남동,2902,879,0,0,0,0,5882,584,0,2563,9971,97,0,5410,5806,2679,2188,4899,0,2106,8231,7861,4235,9684,0,29
4306,강릉시,5166,0,1223,4649,1566,1843,0,777,3885,3482,0,0,강원특별자치도,792,2023,366,0,1270,423,0,1146,0,0,성산면,4555,706,0,0,0,0,4008,109,0,1173,5143,30,0,618,1716,472,831,1021,0,994,5049,6234,1195,4453,0,64
10862,강릉시,12072,0,5799,11206,3656,3764,0,5804,13604,10842,52,0,강원특별자치도,3274,2023,3273,0,7209,2615,0,6339,0,169,송정동,21634,1800,0,0,0,0,13534,1411,0,4854,21949,1417,0,3543,10616,1629,7020,5733,0,6181,12925,13085,6108,14308,0,36
167,강릉시,0,0,12,0,3,0,0,0,0,1,0,0,강원특별자치도,0,2023,0,0,0,0,0,0,0,0,신석동,0,261,0,0,0,0,74,0,0,0,0,0,0,10,0,0,8,4,0,0,0,62,0,80,0,1
4247,강릉시,4333,0,2552,5617,2225,2259,0,2663,5058,1211,0,0,강원특별자치도,2000,2023,1950,0,3813,973,0,4137,0,0,안현동,2091,19,0,0,0,0,6097,1,0,1830,5922,408,0,2634,5274,271,4837,3075,0,2444,3966,7172,3053,6536,0,0
13143,강릉시,16101,0,4971,11942,5653,5980,0,4127,15405,10986,115,0,강원특별자치도,2458,2023,2209,0,6579,1381,0,6749,0,261,연곡면,17848,1993,0,0,0,0,15021,972,0,3953,10016,785,0,6356,8638,4287,7096,7901,0,6913,14786,9759,6315,12513,0,888
4569,강릉시,4342,0,159,919,773,681,0,457,1838,4538,0,0,강원특별자치도,1,2023,2,0,201,213,0,271,0,0,옥계면,3388,21,0,0,0,0,1617,0,0,54,550,0,0,578,848,381,474,352,0,253,2841,605,1039,2327,0,9
31902,강릉시,25929,0,21671,42032,23411,19730,0,17892,39040,17045,292,0,강원특별자치도,8325,2023,18388,0,21946,6131,0,21396,0,27,옥천동,25534,3723,0,0,0,0,36699,7323,0,21884,56222,1203,0,20777,38278,9947,25217,23650,0,21969,41251,53109,24109,50260,0,1165
997,강릉시,47,0,97,402,192,212,0,45,202,1093,0,0,강원특별자치도,164,2023,0,0,263,0,0,183,0,0,왕산면,2531,59,0,0,0,0,602,0,0,135,18,0,0,45,47,64,14,217,0,141,1063,433,388,519,0,138
2439,강릉시,2285,0,5019,2912,5238,3923,0,4656,2904,2890,48,0,강원특별자치도,2707,2023,1132,0,6255,1784,0,5144,0,24,용강동,3793,267,0,0,0,0,2805,738,0,1897,3746,1072,0,4276,4292,2903,5319,5594,0,6612,3224,4019,6475,3439,0,220
321,강릉시,355,0,10,6,2,3,0,1,17,17,0,0,강원특별자치도,1,2023,0,0,1,0,0,2,0,0,운산동,51,231,0,0,0,0,218,0,0,7,3,5,0,30,2,2,15,32,0,6,5,25,0,104,0,0
199,강릉시,166,0,82,293,106,90,0,52,205,37,0,0,강원특별자치도,28,2023,54,0,90,11,0,136,0,0,운정동,157,0,0,0,0,0,221,2,0,61,221,1,0,109,169,6,156,186,0,136,371,250,188,378,0,0
126,강릉시,786,0,20,65,47,23,0,1,81,196,0,0,강원특별자치도,0,2023,2,0,11,0,0,19,0,0,월호평동,285,195,0,0,0,0,612,3,0,13,19,3,0,17,42,4,62,38,0,23,108,62,20,208,0,0
112,강릉시,340,0,30,31,35,6,0,10,27,55,0,0,강원특별자치도,79,2023,0,0,13,1,0,13,0,0,유산동,292,2,0,0,0,0,260,4,0,23,62,0,0,37,64,19,73,50,0,37,199,83,35,103,0,1
2210,강릉시,2416,0,972,3606,679,719,0,1605,2535,2304,0,0,강원특별자치도,608,2023,599,0,1026,320,0,1148,0,0,유천동,785,3,0,0,0,0,2909,495,0,1295,5936,107,0,966,3643,237,1044,896,0,1297,2529,3728,980,3896,0,0
30421,강릉시,26703,0,27624,48287,33957,22574,0,22670,42346,16256,935,0,강원특별자치도,12092,2023,29654,0,33553,7265,0,34762,0,150,임당동,25191,2174,0,0,0,0,37572,14095,0,36413,64003,4201,0,29270,53857,11502,34294,32060,0,33708,46189,61711,37983,58001,0,587
10967,강릉시,15309,0,2765,6931,1631,1720,0,2693,7881,17415,1,0,강원특별자치도,1129,2023,1252,0,4241,1003,12,3569,0,68,입암동,13229,3265,0,0,0,0,9473,244,0,2079,7653,613,0,1243,5411,445,2894,2025,0,2926,11840,7621,2258,7120,0,19
0,강릉시,113,0,8,0,0,0,0,0,0,324,0,0,강원특별자치도,5,2023,0,0,0,0,0,0,0,0,장현동,0,0,0,0,0,0,96,0,0,3,0,0,0,89,0,0,14,28,0,0,139,65,12,56,0,0
292,강릉시,267,0,293,469,159,255,0,200,440,217,0,0,강원특별자치도,154,2023,156,0,287,70,0,307,0,0,저동,223,0,0,0,0,0,379,0,0,225,355,20,0,159,219,1,323,256,0,202,332,370,330,540,0,0
27804,강릉시,27690,0,12757,31673,14034,11333,0,8626,30743,21576,257,0,강원특별자치도,5843,2023,8364,0,15829,3244,0,17326,0,617,주문진읍,27603,4758,0,0,0,0,32793,4847,0,13162,34910,1649,0,13395,20300,7391,16898,18208,0,18047,32768,30684,17661,32658,0,304
3642,강릉시,2738,0,1956,4581,2263,2761,0,1819,3957,1206,218,0,강원특별자치도,1124,2023,1676,0,1926,820,0,2291,0,57,죽헌동,2119,376,0,0,0,0,4565,1325,0,1543,5484,353,0,2164,4278,999,2292,2340,0,2076,5314,4897,2295,4596,0,300
1254,강릉시,1717,0,391,1861,147,110,0,626,1904,1081,0,0,강원특별자치도,454,2023,259,0,463,314,0,305,0,0,지변동,1860,0,0,0,0,0,1713,407,0,594,6006,63,0,75,1263,63,309,272,0,280,1074,1304,210,2119,0,0
38,강릉시,131,0,15,124,18,18,0,7,71,110,0,0,강원특별자치도,12,2023,4,0,34,0,0,28,0,0,청량동,48,0,0,0,0,0,148,4,0,8,26,17,0,25,62,33,22,23,0,14,82,8,22,40,0,0
4181,강릉시,4654,0,1950,4183,3299,1876,0,1092,5223,2973,0,0,강원특별자치도,737,2023,2239,0,1811,408,0,3557,0,2,초당동,5821,1123,0,0,0,0,2972,660,0,2886,10585,226,0,1417,4556,730,2463,5150,0,4076,5082,5257,3592,6528,0,49
24749,강릉시,30742,0,10507,24199,7812,7138,0,11082,26780,26661,127,0,강원특별자치도,5448,2023,8289,0,11480,4013,0,10554,0,254,포남동,39265,5306,0,0,0,0,26521,3565,0,11008,24177,2043,0,7074,21094,2881,11497,11593,0,11132,27708,24657,10341,25603,0,344
2,강릉시,5,0,14,4,106,39,0,7,10,1,0,0,강원특별자치도,7,2023,0,0,63,2,0,70,0,0,학동,9,1,0,0,0,0,10,0,0,0,2,0,0,49,4,0,53,69,0,92,5,8,37,4,0,0
19857,강릉시,19960,0,8901,21293,6446,6101,0,9017,23176,17401,0,0,강원특별자치도,4231,2023,5698,0,10151,2083,0,9760,0,0,홍제동,14553,78,0,0,0,0,20847,2422,0,7806,17628,292,0,6739,12948,3665,9347,7363,0,8305,25300,13219,9078,19290,0,39
4060,강릉시,5350,0,1018,3410,330,1161,0,607,4522,5307,0,0,강원특별자치도,575,2023,546,0,555,605,0,719,0,0,회산동,9331,0,0,0,0,0,2055,196,0,721,2564,7,0,289,1610,17,1318,590,0,1176,3075,2395,404,1923,0,0
6109,고성군,5922,0,1149,5486,1553,1242,0,1430,5290,7482,1,0,강원특별자치도,553,2023,2763,0,1329,295,0,1205,0,57,간성읍,7601,1576,0,0,0,0,6547,1907,0,2727,9094,158,0,1621,6726,1029,1192,1556,0,1279,5955,8167,1191,5544,0,13
3754,고성군,3391,0,543,2983,574,905,0,504,3594,5495,9,0,강원특별자치도,213,2023,651,0,492,84,0,543,0,2,거진읍,7716,1824,0,0,0,0,3319,175,0,1112,3303,83,0,540,1949,474,790,540,0,620,4006,3111,747,3406,0,28
3480,고성군,4276,0,857,2964,1062,1160,0,747,3059,5133,6,0,강원특별자치도,536,2023,1473,0,1102,480,0,849,0,9,죽왕면,6039,371,0,0,0,0,2851,867,0,1233,3995,164,0,502,2731,1108,925,840,0,1019,3376,4407,861,3336,0,62
13261,고성군,15883,0,2516,12945,1675,1694,0,1722,9359,13022,0,0,강원특별자치도,1036,2023,3323,0,2474,1107,0,2245,0,0,토성면,18647,1480,0,0,0,0,10318,1638,0,3200,16565,530,0,2004,7014,1465,2210,2089,0,2027,19482,11911,2231,15101,0,214
1403,고성군,2144,0,437,1589,192,626,0,174,1931,2891,0,0,강원특별자치도,112,2023,185,0,454,64,0,454,0,12,현내면,2836,1400,0,0,0,0,1058,0,0,195,1102,29,0,662,575,77,295,417,0,517,1163,1201,300,833,0,5
1,동해시,19,0,0,0,3,1,0,1,0,4,0,0,강원특별자치도,0,2023,0,0,0,0,0,1,0,0,괴란동,47,0,0,0,0,0,11,0,0,0,1,0,0,2,0,0,0,2,0,0,11,0,0,1,0,0
937,동해시,946,0,171,724,363,160,0,190,784,814,0,0,강원특별자치도,33,2023,70,0,251,41,0,345,0,0,구미동,874,309,0,0,0,0,946,0,0,90,694,1,0,234,291,63,223,308,0,338,886,353,254,643,0,119
40,동해시,4,0,13,15,110,9,0,20,69,46,0,0,강원특별자치도,0,2023,0,0,0,0,0,2,0,0,구호동,27,6,0,0,0,0,7,0,0,0,18,0,0,3,217,5,22,1,0,20,5,99,5,10,0,1
50,동해시,62,0,0,0,0,0,0,0,0,0,0,0,강원특별자치도,0,2023,0,0,0,0,0,0,0,0,귀운동,0,0,0,0,0,0,0,0,0,0,1,0,0,0,0,0,0,0,0,0,15,1,0,5,0,0
26,동해시,38,0,46,39,55,29,0,57,27,11,4,0,강원특별자치도,35,2023,18,0,92,22,0,51,0,0,나안동,99,0,0,0,0,0,37,7,0,11,211,0,0,33,31,4,103,64,0,47,36,21,35,48,0,28
27,동해시,0,0,0,18,1,0,0,0,0,0,0,0,강원특별자치도,0,2023,0,0,0,0,0,2,0,0,단봉동,9,0,0,0,0,0,11,0,0,0,1,0,0,0,0,0,1,2,0,0,6,0,1,3,0,0
0,동해시,0,0,2,0,0,0,0,1,0,0,0,0,강원특별자치도,0,2023,0,0,0,0,0,0,0,0,달방동,0,0,0,0,0,0,0,0,0,0,0,0,0,0,5,0,0,0,0,1,0,19,0,0,0,0
360,동해시,247,0,35,490,137,94,0,48,147,297,0,0,강원특별자치도,38,2023,19,0,51,94,0,132,0,0,대구동,216,102,0,0,0,0,157,2,0,38,289,0,0,108,370,123,85,89,0,333,223,282,67,354,0,56
85,동해시,616,0,19,103,90,3,0,4,325,352,0,0,강원특별자치도,1,2023,2,0,61,0,0,16,0,0,대진동,184,0,0,0,0,0,91,0,0,1,226,10,0,2,91,0,5,4,0,60,210,46,15,35,0,0
3262,동해시,2600,0,519,2182,862,557,0,500,3826,3469,6,0,강원특별자치도,281,2023,730,0,655,51,0,745,0,0,동회동,5049,76,0,0,0,0,3462,1767,0,1326,9842,65,0,640,2414,293,693,701,0,596,3246,2687,674,3744,0,23
1,동해시,199,0,2,3,10,1,0,3,0,141,0,0,강원특별자치도,0,2023,0,0,4,0,0,19,0,0,만우동,57,0,0,0,0,0,126,0,0,0,18,0,0,27,0,5,1,15,0,0,100,65,0,54,0,0
872,동해시,689,0,534,112,856,438,0,44,108,383,1,0,강원특별자치도,0,2023,22,0,288,0,0,133,0,0,망상동,1561,0,0,0,0,0,827,0,0,0,281,2,0,106,206,117,222,455,0,120,543,770,263,788,0,0
173,동해시,2853,0,138,695,219,14,0,34,276,2042,0,0,강원특별자치도,0,2023,0,0,342,0,0,104,0,0,묵호진동,90,0,0,0,0,0,92,41,0,0,723,17,0,76,216,15,12,16,0,229,1740,70,70,85,0,0
13816,동해시,12607,0,3559,15249,5834,3712,0,2336,15292,8312,14,0,강원특별자치도,1153,2023,1850,0,4823,502,52,5787,0,87,발한동,13254,3760,0,0,0,0,15401,112,0,3014,31644,449,0,4340,8472,792,5936,6344,0,6155,17547,17840,6014,28988,0,331
4251,동해시,5429,0,961,3679,860,445,0,642,4967,3883,4,0,강원특별자치도,394,2023,714,0,850,195,0,934,0,23,부곡동,6433,1340,0,0,0,0,3950,12,0,1166,4260,77,0,544,2683,241,1050,937,0,880,4400,6087,910,3214,0,48
8174,동해시,7203,0,1834,8734,5275,2795,0,1484,9328,4120,300,0,강원특별자치도,578,2023,1511,0,2960,338,0,3424,0,64,북평동,8205,944,0,0,0,0,8841,220,0,2238,16006,87,0,3254,5054,715,3226,4785,0,3994,10281,7530,3808,12500,0,358
681,동해시,785,0,64,1236,646,410,0,19,1067,356,0,0,강원특별자치도,19,2023,0,0,169,0,0,402,0,0,삼화동,997,4,0,0,0,0,1301,4,0,231,1105,0,0,241,341,91,130,336,0,486,1532,1424,287,1705,0,131
3712,동해시,4135,0,1690,3862,1269,1021,0,1559,3923,2232,106,0,강원특별자치도,421,2023,473,0,1449,215,0,1803,0,3,송정동,4504,530,0,0,0,0,3510,243,0,1161,2505,55,0,1396,3027,389,1582,1837,0,1530,3771,4528,1577,3172,0,240
7550,동해시,7907,0,1331,4924,1340,662,0,1331,6853,7236,204,0,강원특별자치도,419,2023,1631,0,1911,265,0,1570,0,6,쇄운동,12327,225,0,0,0,0,5847,2569,0,3005,6972,150,0,913,6097,764,1777,1637,0,1587,7143,5202,1535,5837,0,179
205,동해시,0,0,8,110,30,6,0,10,169,248,0,0,강원특별자치도,4,2023,0,0,2,0,0,0,0,0,신흥동,423,0,0,0,0,0,0,0,0,16,29,0,0,0,75,15,24,0,0,28,11,126,27,2,0,0
0,동해시,36,0,0,0,15,6,0,1,0,0,0,0,강원특별자치도,0,2023,0,0,2,0,0,7,0,0,심곡동,41,0,0,0,0,0,24,0,0,0,0,0,0,1,0,3,0,14,0,0,29,14,0,27,0,0
82,동해시,393,0,40,113,82,5,0,22,258,171,0,0,강원특별자치도,0,2023,0,0,120,0,0,50,0,0,어달동,145,0,0,0,0,0,63,2,0,0,110,9,0,20,74,0,2,0,0,158,175,21,41,18,0,0
1063,동해시,1072,0,179,713,268,251,0,165,670,443,14,0,강원특별자치도,60,2023,57,0,216,71,0,251,0,7,용정동,1024,180,0,0,0,0,704,64,0,184,816,21,0,223,832,276,269,249,0,312,655,908,223,697,0,43
1910,동해시,3236,0,399,1719,380,131,0,289,1902,4989,97,0,강원특별자치도,94,2023,145,0,460,69,0,542,0,7,이도동,5448,18,0,0,0,0,1994,139,0,304,1435,43,0,229,1015,184,672,397,0,373,2329,1379,379,1657,0,13
2250,동해시,1328,0,214,1079,349,147,0,111,1437,3170,0,0,강원특별자치도,65,2023,0,0,255,0,0,236,0,0,이로동,5281,1,0,0,0,0,1473,53,0,224,670,13,0,93,556,184,330,173,0,432,1215,1171,269,954,0,41
14,동해시,137,0,0,0,1,0,0,1,0,5,0,0,강원특별자치도,0,2023,0,0,2,0,0,0,0,0,지가동,40,0,0,0,0,0,46,0,0,0,32,0,0,37,36,0,8,0,0,0,51,0,7,18,0,0
36,동해시,207,0,9,19,20,28,0,132,149,5,0,0,강원특별자치도,4,2023,4,0,24,19,0,24,0,0,지흥동,170,0,0,0,0,0,5,0,0,42,16,0,0,27,0,7,45,38,0,101,6,30,22,129,0,0
22933,동해시,20737,0,6493,26830,9310,6412,0,5014,25908,21174,1813,0,강원특별자치도,2389,2023,13387,0,8212,1090,0,9819,0,182,천곡동,35475,4100,0,0,0,0,28197,4343,0,11683,36704,378,0,7835,25201,2170,9564,8918,0,8194,24612,28516,10133,30592,0,555
2,동해시,143,0,9,15,7,28,0,2,1,7,0,0,강원특별자치도,0,2023,0,0,12,0,0,16,0,0,초구동,228,0,0,0,0,0,34,0,0,0,19,0,0,3,4,3,8,9,0,0,58,26,15,27,0,0
43,동해시,10,0,89,58,145,39,0,8,0,219,0,0,강원특별자치도,0,2023,0,0,5,0,0,3,0,0,추암동,3,0,0,0,0,0,307,0,0,0,414,0,0,23,76,1,114,28,0,0,99,197,171,127,0,0
4873,동해시,3309,0,892,3938,1479,1254,0,609,3692,3090,47,0,강원특별자치도,317,2023,789,0,1176,140,0,1345,0,12,평릉동,9715,601,0,0,0,0,3807,194,0,1187,3536,108,0,1415,2006,385,1102,1068,0,1155,2988,2685,1469,4518,0,45
2404,동해시,3134,0,536,2534,546,497,0,330,1961,1931,0,0,강원특별자치도,308,2023,847,0,646,296,0,723,0,0,효가동,3804,358,0,0,0,0,2683,0,0,1065,5458,0,0,636,1803,293,744,812,0,498,3570,2689,590,4268,0,21
14,삼척시,115,0,0,11,4,20,0,9,64,29,0,0,강원특별자치도,0,2023,0,0,23,0,0,13,0,0,가곡면,0,22,0,0,0,0,11,0,0,0,23,0,0,4,1,0,19,8,0,3,0,0,0,17,0,0
5,삼척시,6,0,4,1,27,0,0,17,76,157,0,0,강원특별자치도,0,2023,0,0,55,0,0,9,0,0,갈천동,0,0,0,0,0,0,263,0,0,0,66,0,0,32,185,1,37,20,0,40,0,23,0,96,0,0
224,삼척시,6,0,1,2,4,6,0,0,143,20,0,0,강원특별자치도,0,2023,0,0,9,0,0,0,0,0,건지동,398,0,0,0,0,0,0,0,0,0,144,0,0,0,33,0,14,0,0,8,162,135,10,90,0,0
931,삼척시,1704,0,315,1557,446,357,0,776,1498,1555,0,0,강원특별자치도,116,2023,479,0,493,164,0,485,0,0,교동,7886,510,0,0,0,0,1038,6,0,589,1642,54,0,250,1688,60,568,229,0,497,1311,1551,286,1631,0,1
3682,삼척시,2558,0,538,1578,614,427,0,193,3006,3832,0,0,강원특별자치도,189,2023,222,0,973,21,0,957,0,0,근덕면,2569,82,0,0,0,0,2389,125,0,445,1980,4,0,922,1156,482,644,862,0,1062,2070,2599,1002,2414,0,25
0,삼척시,0,0,0,2,0,0,0,0,0,122,0,0,강원특별자치도,0,2023,0,0,0,0,0,0,0,0,근산동,0,0,0,0,0,0,0,0,0,0,2,0,0,0,0,0,0,0,0,0,6,0,0,0,0,0
5972,삼척시,4249,0,1172,7616,2945,3866,0,1693,6651,3715,0,0,강원특별자치도,400,2023,1308,0,1270,69,126,2112,0,0,남양동,7836,1567,0,0,0,0,6178,3,0,3184,8646,69,0,2459,3966,482,2195,2025,0,2078,6787,7686,1527,8259,0,10
101,삼척시,514,0,15,11,8,11,0,9,206,256,0,0,강원특별자치도,2,2023,0,0,3,0,0,18,0,0,노곡면,914,0,0,0,0,0,262,0,0,23,54,0,0,23,49,3,24,36,0,17,85,64,14,252,0,0
457,삼척시,518,0,203,765,353,397,0,314,781,573,0,0,강원특별자치도,49,2023,124,0,183,14,0,308,0,0,당저동,1382,472,0,0,0,0,552,0,0,543,1462,18,0,185,817,106,348,252,0,350,601,875,209,1054,0,0
3,삼척시,248,0,0,3,2,1,0,1,162,6,0,0,강원특별자치도,0,2023,0,0,5,0,0,2,0,0,도경동,5,0,0,0,0,0,4,0,0,0,4,0,0,4,6,0,1,1,0,2,7,5,3,54,0,0
343,삼척시,1641,0,70,155,48,23,0,73,943,744,0,0,강원특별자치도,0,2023,0,0,123,0,0,188,0,0,도계읍,354,91,0,0,0,0,674,0,0,0,256,0,0,67,714,1,17,80,0,204,556,143,12,598,0,0
1,삼척시,20,0,0,5,0,0,0,1,25,31,0,0,강원특별자치도,0,2023,0,0,1,0,0,0,0,0,등봉동,3,0,0,0,0,0,19,0,0,0,3,0,0,0,36,0,0,4,0,1,10,15,1,4,0,1
264,삼척시,339,0,133,158,108,19,0,144,245,293,0,0,강원특별자치도,55,2023,14,0,142,44,0,96,0,0,마달동,769,40,0,0,0,0,295,0,0,28,134,3,0,47,207,12,178,47,0,66,162,202,54,141,0,0
2,삼척시,107,0,0,0,0,0,0,0,33,0,0,0,강원특별자치도,0,2023,0,0,0,0,0,3,0,0,마평동,0,0,0,0,0,0,0,0,0,0,0,0,0,0,0,0,4,0,0,10,0,0,0,4,0,0
507,삼척시,1577,0,59,441,99,51,0,43,629,1764,0,0,강원특별자치도,0,2023,0,0,48,0,0,61,0,0,미로면,527,76,0,0,0,0,691,0,0,0,162,0,0,104,230,21,9,119,0,52,945,239,200,151,0,55
50,삼척시,72,0,53,44,83,246,0,20,25,234,0,0,강원특별자치도,18,2023,0,0,29,0,0,18,0,0,사직동,419,0,0,0,0,0,60,0,0,2,942,2,0,59,6,19,31,58,0,27,45,17,20,1008,0,3
1,삼척시,0,0,0,0,0,0,0,0,0,0,0,0,강원특별자치도,0,2023,0,0,0,0,0,0,0,0,성남동,0,0,0,0,0,0,0,0,0,0,0,0,0,0,0,0,0,0,0,0,0,0,0,0,0,0
6,삼척시,4,0,3,0,8,20,0,3,1,0,0,0,강원특별자치도,0,2023,0,0,4,0,0,0,0,0,성북동,0,0,0,0,0,0,1,0,0,0,1,0,0,7,0,1,6,6,0,16,3,0,10,0,0,0
197,삼척시,480,0,16,36,16,1,0,207,175,632,0,0,강원특별자치도,0,2023,0,0,36,0,0,54,0,0,신기면,0,1,0,0,0,0,290,0,0,0,247,0,0,32,367,114,66,69,0,18,240,65,99,290,0,0
26,삼척시,88,0,19,46,49,27,0,6,33,46,0,0,강원특별자치도,7,2023,0,0,24,0,0,12,0,0,오분동,66,0,0,0,0,0,78,0,0,9,141,3,0,38,1,2,34,28,0,32,13,66,12,37,0,0
209,삼척시,115,0,73,367,96,197,0,128,437,255,0,0,강원특별자치도,24,2023,66,0,149,15,0,144,0,0,우지동,284,16,0,0,0,0,193,3,0,57,453,7,0,68,542,66,153,126,0,138,190,265,82,265,0,2
66,삼척시,58,0,16,29,17,157,0,39,37,8,0,0,강원특별자치도,0,2023,0,0,22,0,0,11,0,0,원당동,180,25,0,0,0,0,27,0,0,1,53,0,0,6,70,0,12,6,0,47,49,38,32,6,0,0
1231,삼척시,1747,0,423,1047,324,310,0,310,855,1896,0,0,강원특별자치도,13,2023,314,0,434,191,0,356,0,0,원덕읍,2062,74,0,0,0,0,1286,0,0,45,658,0,0,351,370,182,432,409,0,452,1229,1212,523,822,0,26
622,삼척시,113,0,42,223,497,144,0,42,277,6,0,0,강원특별자치도,10,2023,0,0,64,0,0,60,0,0,읍중동,293,108,0,0,0,0,674,0,0,0,1005,0,0,177,67,22,52,151,0,240,890,237,244,15,0,0
29,삼척시,19,0,8,4,5,40,0,4,14,3,0,0,강원특별자치도,0,2023,0,0,17,0,0,13,0,0,자원동,35,13,0,0,0,0,7,0,0,1,2156,0,0,13,9,0,16,3,0,17,386,34,12,3207,0,0
0,삼척시,246,0,0,0,0,0,0,0,138,469,0,0,강원특별자치도,14,2023,0,0,0,0,0,0,0,0,적노동,3,0,0,0,0,0,0,0,0,6,0,0,0,8,0,19,30,44,0,12,0,0,0,45,0,0
143,삼척시,1006,0,110,158,54,88,0,88,275,608,0,0,강원특별자치도,19,2023,0,0,145,0,0,157,0,0,정상동,3851,32,0,0,0,0,208,0,0,20,319,10,0,112,33,26,182,76,0,145,373,107,71,251,0,0
68,삼척시,425,0,24,67,40,17,0,6,94,500,0,0,강원특별자치도,2,2023,0,0,45,0,0,76,0,0,정하동,7,0,0,0,0,0,329,0,0,55,159,0,0,18,43,138,52,51,0,65,111,216,38,46,0,0
0,삼척시,461,0,0,0,0,0,0,0,172,808,0,0,강원특별자치도,11,2023,0,0,0,0,0,0,0,0,조비동,5,0,0,0,0,0,1,0,0,39,0,0,0,10,0,4,37,3,0,37,0,0,0,138,0,0
18,삼척시,12,0,41,6,73,0,0,8,23,14,0,0,강원특별자치도,0,2023,0,0,1,0,0,11,0,0,증산동,0,0,0,0,0,0,42,0,0,0,4,0,0,13,31,14,44,35,0,13,0,50,0,49,0,0
276,삼척시,294,0,1,174,46,7,0,81,63,210,0,0,강원특별자치도,3,2023,0,0,2,0,0,3,0,0,하장면,381,0,0,0,0,0,102,0,0,14,54,0,0,10,192,6,99,32,0,71,101,91,5,206,0,0
25071,속초시,27219,0,8248,25835,8219,6321,0,7048,25248,18354,33,0,강원특별자치도,2716,2023,6435,0,8553,1446,0,9292,0,46,교동,31297,2737,0,0,0,0,27983,4673,0,10793,34668,630,0,7179,20317,2455,9445,8690,0,8227,25775,25911,9157,33977,0,147
3553,속초시,3105,0,2778,4792,2380,950,0,2633,3993,1919,0,0,강원특별자치도,1106,2023,3534,0,3082,587,0,3419,0,20,금호동,3053,90,0,0,0,0,4320,1064,0,3332,5767,228,0,1315,5218,292,3239,2624,0,2740,3920,5900,2864,5515,0,10
1144,속초시,1122,0,481,1311,507,288,0,408,1868,959,0,0,강원특별자치도,176,2023,212,0,489,47,0,730,0,0,노학동,2107,0,0,0,0,0,1445,0,0,31,1429,0,0,450,1220,592,478,585,0,575,1308,2237,399,1539,0,0
3853,속초시,4277,0,2294,4529,1305,1041,0,1957,4162,2516,628,0,강원특별자치도,1234,2023,3557,0,2300,822,0,2087,0,20,대포동,4220,911,0,0,0,0,4092,1866,0,3812,5155,287,0,957,5275,701,2103,1696,0,1816,5008,5545,1889,5063,0,207
1555,속초시,1237,0,393,798,219,296,0,320,980,1468,0,0,강원특별자치도,127,2023,118,0,573,105,0,359,0,0,도문동,1639,6,0,0,0,0,1125,4,0,76,1100,66,0,261,656,101,553,354,0,353,876,606,432,757,0,2
4586,속초시,4687,0,3318,4764,2764,1757,0,3172,4382,3154,0,0,강원특별자치도,1568,2023,1970,0,3799,777,0,3564,0,0,동명동,4841,837,0,0,0,0,4939,625,0,2660,8180,259,0,2109,4851,1408,3448,3817,0,3649,4134,5575,2844,5297,0,154
4408,속초시,3912,0,2234,9842,5490,2471,0,1421,6897,2037,0,0,강원특별자치도,803,2023,601,0,3127,459,0,4317,0,0,설악동,3211,0,0,0,0,0,5298,149,0,702,10332,341,0,4611,4038,1325,3581,5350,0,4828,8262,6960,3738,10339,0,0
4908,속초시,5866,0,2111,4411,1351,890,0,1760,4577,3186,0,0,강원특별자치도,1134,2023,2130,0,1783,725,0,1948,0,3,영랑동,5970,549,0,0,0,0,5102,772,0,2007,4670,225,0,990,4128,516,2100,1773,0,1674,5424,7101,1842,5788,0,62
3133,속초시,3468,0,912,3215,592,364,0,857,4003,3427,0,0,강원특별자치도,523,2023,1898,0,1140,258,0,1000,0,1,장사동,4465,794,0,0,0,0,6178,694,0,1576,16869,106,0,491,2929,331,944,993,0,892,3703,5059,793,9485,0,42
29182,속초시,36268,0,13099,30063,7587,4781,0,12150,28246,34212,405,0,강원특별자치도,7634,2023,12797,0,13219,4684,0,12154,0,183,조양동,56696,5104,0,0,0,0,34709,8371,0,17323,33308,2091,0,6823,28951,1869,13091,10986,0,10238,31667,31848,12850,31334,0,551
14881,속초시,8754,0,6519,25193,8256,3316,0,5134,20309,4827,1,0,강원특별자치도,2351,2023,8619,0,7411,741,0,8675,0,83,중앙동,6880,622,0,0,0,0,18640,3715,0,13035,27013,263,0,5414,18004,1227,8012,9336,0,9002,19465,22123,8946,26756,0,34
2789,속초시,2971,0,512,3494,747,400,0,376,2868,2625,0,0,강원특별자치도,222,2023,1133,0,548,94,0,754,0,0,청학동,3565,614,0,0,0,0,2900,688,0,2096,5396,110,0,609,3816,156,663,661,0,515,2961,4236,618,4970,0,13
43,속초시,0,0,0,67,2,0,0,0,0,0,0,0,강원특별자치도,0,2023,0,0,6,0,0,15,0,0,청호동,0,0,0,0,0,0,0,0,0,0,8,0,0,0,0,0,0,0,0,0,0,0,0,0,0,0
689,양구군,721,0,13,397,8,13,0,12,430,1267,0,0,강원특별자치도,7,2023,248,0,5,10,0,22,0,0,국토정중앙면,1964,0,0,0,0,0,317,58,0,352,430,5,0,9,364,74,13,2,0,9,476,587,8,513,0,0
759,양구군,556,0,14,240,10,8,0,61,298,1318,0,0,강원특별자치도,11,2023,23,0,10,12,0,13,0,0,동면,487,41,0,0,0,0,456,2,0,91,510,6,0,8,259,1,22,6,0,5,341,140,7,552,0,0
327,양구군,420,0,24,275,14,6,0,66,236,2063,0,0,강원특별자치도,144,2023,84,0,13,15,0,17,0,0,방산면,997,0,0,0,0,0,441,0,0,120,264,0,0,6,338,10,21,10,0,5,272,217,12,941,0,0
2236,양구군,2778,0,68,3555,78,263,0,236,2311,2718,4,0,강원특별자치도,161,2023,2528,0,94,27,0,146,0,0,양구읍,4377,188,0,0,0,0,2866,60,0,4078,3905,2,0,187,6064,93,206,141,0,113,2637,3740,78,3243,0,1
63,양구군,0,0,0,1,8,0,0,5,2,862,0,2,강원특별자치도,3,2023,0,0,0,0,0,0,0,0,해안면,0,0,0,0,0,0,346,0,0,81,0,0,0,0,5,3,9,5,0,1,8,0,0,182,0,0
4380,양양군,3497,0,1350,4605,1476,412,0,1147,5981,3003,0,0,강원특별자치도,926,2023,1773,0,1374,659,0,1743,0,0,강현면,5166,174,0,0,0,0,4896,720,0,2454,5346,171,0,960,3714,356,1609,1892,0,1919,4741,5535,1613,5015,0,106
451,양양군,2192,0,137,1076,9,197,0,123,1124,880,0,0,강원특별자치도,153,2023,206,0,21,10,0,149,0,0,서면,2956,0,0,0,0,0,606,0,0,1263,333,0,0,147,490,104,197,151,0,122,1211,1341,67,1342,0,0
419,양양군,1451,0,280,614,16,51,0,183,793,1497,0,0,강원특별자치도,12,2023,1,0,221,0,0,113,0,0,손양면,486,0,0,0,0,0,937,0,0,16,276,0,0,93,562,34,82,107,0,126,241,208,36,429,0,0
11596,양양군,8353,0,2529,13217,2194,1565,0,1705,13902,7931,0,0,강원특별자치도,1354,2023,2800,0,2085,649,0,2912,0,0,양양읍,11647,112,0,0,0,0,11160,1564,0,4220,10543,185,0,1304,10421,535,2798,3100,0,3432,11261,9769,2860,12137,0,0
995,양양군,1849,0,276,703,78,64,0,444,1747,1920,0,0,강원특별자치도,152,2023,0,0,151,0,0,442,0,0,현남면,2761,5,0,0,0,0,1504,0,0,596,566,0,0,134,454,103,258,397,0,357,911,574,281,1250,0,1
499,양양군,1705,0,330,866,49,46,0,155,770,1433,0,0,강원특별자치도,101,2023,0,0,295,0,0,479,0,0,현북면,997,0,0,0,0,0,849,0,0,777,663,0,0,142,354,47,87,197,0,490,687,869,228,446,0,0
296,영월군,2226,0,6,313,80,25,0,59,815,2662,0,0,강원특별자치도,23,2023,33,0,75,2,0,140,0,0,김삿갓면,263,147,0,0,0,0,1379,0,0,261,770,0,0,36,952,10,184,102,0,54,706,170,110,1133,0,19
1349,영월군,435,0,31,432,53,11,0,8,614,1644,0,0,강원특별자치도,106,2023,19,0,25,9,0,80,0,0,남면,389,19,0,0,0,0,448,0,0,74,219,0,0,10,76,57,28,39,0,52,145,345,52,238,0,22
254,영월군,875,0,79,125,40,7,0,153,30,877,0,0,강원특별자치도,56,2023,0,0,34,0,0,32,0,0,무릉도원면,883,23,0,0,0,0,1555,0,0,254,285,0,0,56,98,28,264,151,0,23,547,195,102,734,0,0
1238,영월군,1476,0,58,381,12,58,0,34,1015,630,0,0,강원특별자치도,26,2023,278,0,121,5,0,62,0,0,북면,1386,1,0,0,0,0,63,0,0,146,1393,0,0,20,474,102,111,155,0,155,631,607,52,1630,0,0
241,영월군,1142,0,371,245,14,405,0,69,62,1494,0,0,강원특별자치도,27,2023,4,0,335,0,0,31,0,0,산솔면,1271,98,0,0,0,0,631,0,0,56,764,0,0,700,266,256,391,330,0,172,1760,517,703,460,0,3
355,영월군,318,0,52,732,98,143,0,16,553,10,0,0,강원특별자치도,18,2023,1,0,67,2,0,184,0,0,상동읍,1336,0,0,0,0,0,214,0,0,29,60,0,0,10,26,5,10,195,0,44,0,265,1,120,0,0
7358,영월군,5448,0,587,6360,1060,1360,27,923,6556,5333,23,5,강원특별자치도,435,2023,99,0,729,64,2,859,0,3,영월읍,8019,1671,0,0,0,0,6118,26,1,3060,4296,1,1,1062,6201,1048,875,732,5,636,8222,8413,1105,6641,0,22
2059,영월군,2605,0,192,2149,578,881,0,402,2742,1821,0,0,강원특별자치도,161,2023,274,0,395,78,0,292,0,0,주천면,2993,11,0,0,0,0,1993,132,0,273,1846,82,0,313,2246,45,228,784,0,352,1457,1980,389,1431,0,1
1421,영월군,1881,0,121,924,138,647,0,79,1229,3739,4,0,강원특별자치도,82,2023,161,0,81,47,0,172,0,11,한반도면,2700,8,0,0,0,0,376,9,0,210,1388,0,0,59,271,84,75,139,0,150,621,207,92,82,0,4
9178,원주시,10486,0,2526,7253,2423,3109,0,2043,8380,14339,577,0,강원특별자치도,1013,2023,2951,0,1329,472,1624,1932,0,46,가현동,15351,4971,0,43,0,0,9286,1967,0,5600,7747,258,0,2737,8857,2182,1593,1592,0,1938,8164,9772,1727,8190,0,928
23286,원주시,20713,0,9645,25684,8675,10833,441,8364,23973,21092,2960,0,강원특별자치도,4599,2023,14365,0,10848,3086,574,8690,2,470,개운동,26050,7442,0,106,0,0,24407,13120,0,17441,48187,2474,23,10031,28759,5796,9258,8075,0,7989,25324,32908,8742,26572,0,1644
12884,원주시,16226,0,7994,15792,4743,6335,59,8550,17618,18706,553,0,강원특별자치도,6209,2023,6573,0,9190,5326,234,6564,2,1745,관설동,26144,5692,0,3,0,1,13027,4339,0,8821,42341,4100,278,4455,14806,3274,7126,5464,0,6586,14733,24823,6148,22654,0,334
1478,원주시,1302,0,392,911,397,474,0,238,1023,1883,0,0,강원특별자치도,196,2023,115,0,313,165,0,585,0,0,귀래면,2338,1016,0,0,0,0,1303,48,0,184,952,18,0,527,620,258,295,517,0,798,1464,870,333,681,0,323
58241,원주시,58605,0,55146,71914,36979,40615,1925,55387,66134,62460,23877,0,강원특별자치도,34145,2023,82880,0,56457,26422,365,44185,7,6819,단계동,80388,15619,0,119,0,2,59006,58912,0,72221,104807,18184,686,38293,101720,25908,46401,38715,2,43584,68120,95342,45030,79600,0,7222
35882,원주시,41787,0,22399,33836,12937,13233,953,21526,38699,58225,6247,0,강원특별자치도,14239,2023,20118,0,22907,10987,1005,17998,0,3491,단구동,71087,14191,0,5,0,0,33559,16249,0,25328,41142,7652,719,12637,42411,5961,19688,13566,1,16609,37872,40937,17117,41300,0,1049
25686,원주시,27861,0,14385,23266,11316,11883,4,14373,26283,29588,2008,0,강원특별자치도,8969,2023,12450,0,14884,6134,334,13309,4,1018,명륜동,41182,8105,0,8,0,1,22537,10456,0,15668,32818,4444,35,10676,25269,4900,14394,10194,0,12863,24579,27286,13285,28580,0,2124
21124,원주시,29510,0,18756,24692,12210,16910,1022,18233,30281,26746,7762,0,강원특별자치도,12889,2023,28999,0,18774,7847,0,16151,4,1248,무실동,41830,5193,0,0,0,0,26611,24785,0,32729,39805,5747,581,13163,41253,6520,20340,12627,0,16359,28647,35269,14942,36590,0,2881
15664,원주시,17708,0,5495,13400,6912,6781,11,6393,18516,21965,586,3,강원특별자치도,4695,2023,7052,0,7894,4133,0,6566,0,1142,문막읍,22885,5400,0,0,0,1,18102,4984,1,6621,24813,3237,114,4939,12079,3650,7249,5681,0,7224,20382,13475,7253,19791,0,1915
16138,원주시,18743,0,9274,20735,6754,18068,198,10683,19563,26684,1869,0,강원특별자치도,6799,2023,15449,0,9507,5858,0,6971,1,2029,반곡동,33498,4457,0,0,0,0,17957,10537,3,18367,36362,3878,917,6673,40971,7027,7825,6884,1,7295,20330,29816,7900,26881,0,2213
3568,원주시,3471,0,1495,1978,1162,1695,1,1552,2851,6790,49,0,강원특별자치도,820,2023,806,0,1897,866,0,1314,0,139,봉산동,6026,826,0,0,0,0,2329,616,0,920,2158,447,1,886,2451,954,1299,926,0,934,2688,1673,1118,2389,0,36
308,원주시,1646,0,386,342,321,555,0,136,1458,3346,1,0,강원특별자치도,239,2023,91,0,618,332,0,332,0,0,부론면,2576,218,0,0,0,0,2006,41,0,644,1936,217,0,628,88,457,673,378,0,379,1233,1321,335,1562,0,104
10016,원주시,12270,0,3027,9330,2302,3041,0,2754,8771,14317,182,0,강원특별자치도,2056,2023,2145,0,3014,2580,665,3117,0,468,소초면,14709,4579,0,7,0,1,9196,1267,0,3163,7956,2804,32,2968,6140,2679,3084,3204,0,3328,9214,11942,2763,9556,0,594
2077,원주시,4761,0,1003,1427,1176,1068,0,772,2755,5364,7,0,강원특별자치도,897,2023,538,0,1419,516,1,1312,0,8,신림면,2148,717,0,0,0,0,2881,232,0,1141,3057,226,0,964,1094,489,784,797,0,1053,2627,1961,1015,2680,0,200
18490,원주시,15983,0,8400,18353,6201,8173,143,9912,21651,16305,1423,1,강원특별자치도,6856,2023,9279,0,8272,6100,561,7422,0,2169,우산동,21860,5999,0,201,0,0,17321,6447,0,12887,46176,5569,51,7828,27409,4300,7338,6828,1,6653,26689,30777,7071,30654,0,754
3062,원주시,3216,0,1581,3799,2367,2461,0,1759,3891,5017,540,0,강원특별자치도,958,2023,2282,0,1985,990,0,2114,1,291,원동,4011,765,0,1,0,0,3836,1229,0,2636,4495,498,0,2831,4972,1358,1826,2052,0,1652,4123,4637,2223,4304,0,777
251,원주시,212,0,173,348,196,201,0,211,473,415,37,0,강원특별자치도,91,2023,300,0,197,73,0,187,0,6,인동,367,115,0,0,0,0,321,183,0,348,707,46,0,162,559,250,170,174,0,155,434,581,286,450,0,281
32084,원주시,27532,0,20589,48279,32185,23247,0,18452,42055,19937,2754,0,강원특별자치도,9286,2023,19396,0,25359,7334,24,27690,1,1352,일산동,26495,6552,0,42,0,0,39296,10367,0,25120,59775,4710,0,29874,57261,9874,25373,29501,0,26286,47358,61665,31502,59288,0,3812
2000,원주시,1859,0,1220,3284,2901,2919,0,1349,2992,770,37,0,강원특별자치도,527,2023,899,0,1515,374,0,1832,0,22,중앙동,2151,143,0,0,0,0,2162,672,0,1885,3800,216,0,2853,4033,1167,1467,1647,0,2159,2888,4110,2006,3867,0,446
9985,원주시,15718,0,3915,5819,1497,2154,921,3860,11117,14061,1950,0,강원특별자치도,2907,2023,3757,0,3100,3390,0,3334,0,1106,지정면,10746,5991,0,0,0,0,8181,3923,0,5342,9025,2286,808,2368,9355,2394,3238,2180,0,3504,9021,9559,2577,10956,0,479
30578,원주시,34652,0,15945,27367,10255,10917,79,16162,28446,61919,1326,0,강원특별자치도,11397,2023,11991,0,16528,8097,1031,12168,0,1645,태장동,56738,11326,0,65,0,0,26419,7727,0,14464,27619,5801,91,8782,27598,8706,15182,11062,0,12435,30109,28018,12410,26198,0,2071
4081,원주시,5230,0,3244,2875,1707,2038,0,3585,4052,5901,107,0,강원특별자치도,2417,2023,1444,0,2902,1688,0,2025,1,99,판부면,10677,1862,0,0,0,0,3626,838,0,2068,3164,1358,0,1300,3256,723,2733,1578,0,2096,3923,3347,1844,3962,0,714
25593,원주시,16225,0,15503,40102,25328,17207,55,10512,35437,10231,1712,0,강원특별자치도,5960,2023,10966,0,21413,3664,236,24300,0,368,평원동,12604,3372,0,286,0,0,34630,6493,0,18597,44415,2233,4,22845,33335,11035,21388,27359,0,24985,34726,43399,24038,42876,0,3002
8350,원주시,8427,0,5274,8919,5293,6630,30,4668,9105,7442,919,0,강원특별자치도,2566,2023,3651,0,5349,1972,224,4714,0,486,학성동,11383,3742,0,80,0,0,8932,2963,0,5438,12486,1313,23,6401,12814,2947,4743,5911,0,4715,9549,12519,5357,10232,0,1144
5682,원주시,6661,0,1932,5023,1671,1833,1,1799,6191,5693,98,0,강원특별자치도,1391,2023,2180,0,2610,1015,0,2048,0,165,행구동,8361,1728,0,0,0,1,5208,1402,0,3502,10490,607,2,1356,4743,700,2085,1667,0,1873,6437,7459,1929,14214,0,160
3218,원주시,3472,0,1520,4280,1502,3014,1465,1533,3440,3336,1066,0,강원특별자치도,1597,2023,2975,0,1924,950,1,1659,1,343,호저면,8741,1288,0,15,0,0,3558,3156,0,6308,5255,635,80,1568,3279,3132,1498,2480,0,1762,2361,4056,1445,2381,0,667
17602,원주시,15581,0,9845,25875,8666,10180,11,9542,26466,15397,379,0,강원특별자치도,8807,2023,9061,0,10672,7456,0,8761,0,186,흥업면,20335,4432,0,0,0,0,24237,7799,0,14542,63502,7706,25,9616,24679,3471,8322,8343,0,10393,23650,29254,9908,28287,0,1176
776,인제군,768,0,151,663,148,225,0,83,1113,1146,0,0,강원특별자치도,105,2023,1,0,144,18,0,235,0,0,기린면,914,116,0,0,0,0,528,0,0,434,1138,0,0,48,1855,564,279,157,0,135,625,1281,135,779,0,45
710,인제군,1011,0,130,843,85,206,0,40,738,1433,0,0,강원특별자치도,56,2023,81,0,133,21,0,111,1,0,남면,1635,299,0,0,0,1,589,0,0,173,910,0,0,59,180,82,35,108,0,106,702,1811,30,310,0,26
2540,인제군,2953,0,693,3335,626,4810,16,933,1839,7179,27,20,강원특별자치도,1276,2023,3416,96,1021,403,38,561,29,10,북면,7215,900,1,1,4,38,1802,21,1,4093,3281,87,17,994,7403,1766,617,641,28,674,2574,6060,923,3935,2,14
44,인제군,90,0,147,96,10,127,0,167,121,1096,0,0,강원특별자치도,117,2023,0,0,75,0,0,43,0,0,상남면,106,3,0,0,0,0,72,0,0,17,73,0,0,12,74,117,48,22,0,14,58,278,9,122,0,0
708,인제군,1172,7,767,358,87,217,14,1023,710,5341,31,3,강원특별자치도,1673,2023,210,13,607,773,21,194,17,1,서화면,3556,50,8,38,16,16,1113,56,0,1212,1072,0,3,77,867,114,267,107,9,181,1373,2143,146,902,11,14
1771,인제군,1687,0,342,1520,542,1200,3,367,1624,3478,0,1,강원특별자치도,116,2023,501,0,422,185,0,345,0,0,인제읍,3028,269,0,0,0,0,1722,0,3,968,1974,3,0,395,2198,166,466,437,0,276,1539,2297,321,2732,0,11
7137,정선군,6373,0,2196,4663,2144,2142,0,2489,3546,3317,20,0,강원특별자치도,837,2023,828,0,2024,353,0,1397,0,21,고한읍,7726,838,0,0,0,0,5801,819,0,2016,4073,233,0,3379,5596,184,2383,2187,0,1780,4336,4534,1694,6271,0,50
3229,정선군,4935,0,541,1935,898,683,0,415,2343,4859,269,0,강원특별자치도,257,2023,213,0,670,84,0,618,0,28,남면,7587,1,0,0,0,0,2335,5,0,852,2734,43,0,575,725,204,590,583,0,807,3121,1783,897,1632,0,0
746,정선군,3077,0,394,1092,71,350,0,206,1858,3293,0,0,강원특별자치도,42,2023,113,0,265,33,0,342,0,0,북평면,3378,86,0,0,0,0,2038,0,0,130,1199,0,0,374,517,185,442,1144,0,284,1034,1347,1024,939,0,30
4958,정선군,5966,0,857,3038,1370,1877,0,988,5395,2378,182,0,강원특별자치도,427,2023,2022,0,801,235,0,702,0,39,사북읍,7714,0,0,0,0,0,3077,1160,0,1650,6444,105,0,1933,5041,159,1128,843,0,1037,3985,5335,1196,5855,0,0
2367,정선군,914,0,174,905,225,359,0,229,1682,1752,0,0,강원특별자치도,59,2023,153,0,107,92,0,163,0,0,신동읍,5514,141,0,0,0,0,1419,0,0,222,603,0,0,275,1298,52,367,282,0,330,2650,1750,488,1759,0,5
701,정선군,2060,0,717,841,424,490,0,495,1898,2920,0,0,강원특별자치도,62,2023,0,0,692,0,0,392,0,0,여량면,2006,10,0,0,0,0,1560,0,0,76,909,0,0,621,804,633,894,1284,0,1027,1205,611,656,1395,0,4
2146,정선군,2876,0,216,1658,2585,2269,0,691,2907,3046,0,0,강원특별자치도,0,2023,0,0,178,0,0,184,0,0,임계면,1135,72,0,0,0,0,91,0,0,0,212,0,0,1219,502,1107,2280,1006,0,1620,1653,1064,2008,1256,0,16
10926,정선군,8126,0,1332,9436,2261,2688,0,1397,8088,7922,0,0,강원특별자치도,468,2023,257,0,2318,108,0,1682,0,0,정선읍,15873,1050,0,0,0,0,10359,64,0,2339,15150,38,0,3557,12857,459,2038,2330,0,1584,12220,13926,2578,12250,0,203
1775,정선군,931,0,59,582,90,247,0,86,590,1190,0,0,강원특별자치도,23,2023,0,0,312,0,0,111,0,0,화암면,3415,0,0,0,0,0,1043,0,0,125,728,0,0,137,477,153,219,233,0,276,2167,567,382,731,0,0
7543,철원군,7504,0,947,8100,1062,1348,19,1473,7669,10424,10,0,강원특별자치도,695,2023,2391,0,1319,505,0,1442,0,1,갈말읍,10952,917,0,0,0,0,6837,3380,0,3942,7574,409,2,1255,7152,1480,1002,1097,0,1017,6956,8722,938,5627,0,243
492,철원군,2008,0,47,820,19,16,0,74,1668,1975,0,0,강원특별자치도,3,2023,0,0,28,0,0,74,0,0,근남면,531,19,0,0,0,0,290,0,0,24,330,0,0,28,307,20,34,37,0,69,239,347,4,290,0,6
0,철원군,337,0,0,0,0,0,0,128,0,433,0,0,강원특별자치도,8,2023,0,0,0,0,0,0,0,0,근북면,0,0,0,0,0,0,118,0,0,1,0,0,0,5,26,10,10,13,0,0,117,0,21,57,0,0
1696,철원군,2725,0,130,1284,177,146,0,164,769,4119,0,0,강원특별자치도,93,2023,171,0,215,70,0,126,0,0,김화읍,2268,126,0,0,0,0,2035,67,0,393,1281,14,0,71,913,79,105,101,0,105,2031,1086,191,1008,0,61
6202,철원군,5816,0,1681,6340,1572,1580,0,1717,7586,6864,33,13,강원특별자치도,934,2023,3129,0,1486,369,0,1390,0,46,동송읍,8131,1898,0,0,0,0,4715,850,0,4334,8865,401,0,1638,4063,1078,1329,1172,0,1875,5994,5712,1967,10090,0,66
5059,철원군,2089,0,652,3803,524,565,0,257,6283,3477,7,0,강원특별자치도,376,2023,2486,0,499,126,0,688,1,2,서면,5046,827,0,0,0,1,3313,1,0,4484,6122,20,0,316,5605,509,254,271,0,572,4235,8865,388,6189,0,9
0,철원군,0,0,0,0,0,0,0,0,0,421,0,0,강원특별자치도,155,2023,0,0,0,0,0,0,0,0,원남면,0,0,0,0,0,0,0,0,0,4,0,0,0,0,0,3,0,0,0,0,0,0,0,0,0,0
1935,철원군,1667,0,839,1949,783,272,0,724,887,1081,172,0,강원특별자치도,419,2023,444,0,231,158,0,1060,0,45,철원읍,2098,274,0,0,0,0,1935,159,0,913,797,71,0,642,1099,358,923,600,0,243,2190,1551,852,1452,0,394
7229,춘천시,7163,0,4327,10653,4658,5670,16,4235,9525,3430,1274,0,강원특별자치도,3068,2023,4199,0,4515,3212,249,4574,0,2014,교동,6859,1036,0,19,0,0,9215,3699,0,5956,22124,3010,89,4181,10546,2082,3503,4344,0,5181,10421,16623,4705,16162,0,626
32596,춘천시,33050,10,34085,47013,32245,32361,1022,31248,37163,22976,6700,18,강원특별자치도,28548,2023,20270,2078,35965,14591,4445,31757,0,9443,근화동,37154,12385,0,447,0,0,38069,15499,4614,27495,63008,12477,8525,40107,47612,14926,40062,43127,0,35840,44321,56679,40601,59415,3,5868
15405,춘천시,7506,0,2564,14711,5949,5257,9,2039,12972,4644,203,0,강원특별자치도,989,2023,2114,0,3793,730,468,3245,0,56,낙원동,6604,1453,0,359,0,0,13425,886,0,3694,14181,306,3,4851,6317,3502,3552,4898,0,3862,11924,10614,4843,14721,0,750
943,춘천시,2105,0,318,52,362,473,0,178,68,1250,0,0,강원특별자치도,0,2023,188,0,258,266,0,223,0,0,남면,752,458,0,0,0,0,1179,89,0,0,590,84,0,233,615,251,242,355,0,288,840,453,40,269,0,68
16732,춘천시,11657,0,9471,19747,23975,17889,819,8087,17643,8576,1691,118,강원특별자치도,5842,2023,5343,71,12376,4217,1970,14887,0,3147,남산면,11054,3470,0,464,0,0,25305,3522,386,6711,25228,3962,2051,17470,12847,7176,11648,21356,0,14068,16192,22434,12713,25471,1,3501
19050,춘천시,18211,0,7145,16524,5936,7877,16,6451,17913,19857,3995,0,강원특별자치도,4394,2023,7677,0,7807,2926,226,5792,0,1231,동내면,28368,5274,0,225,0,0,16379,8105,0,8986,16925,2277,5,7512,17442,3608,6611,7798,0,6161,20228,17001,6412,15008,0,2052
11600,춘천시,15110,0,4654,9119,3241,4469,8,3739,12637,16573,1692,0,강원특별자치도,2535,2023,5086,0,4772,1835,1319,3365,0,1219,동면,15107,2548,0,19,0,0,12427,4441,0,6785,24297,1677,228,4002,14912,1982,3694,3146,0,3773,14191,20332,3322,17967,0,786
2168,춘천시,1068,0,215,13,235,207,0,163,1298,1951,5,0,강원특별자치도,83,2023,4,0,125,47,0,159,0,0,동산면,896,76,0,0,0,0,275,77,0,232,3064,129,0,331,859,162,285,280,0,248,942,92,11,535,0,311
235,춘천시,1575,0,77,0,23,8,0,114,1029,842,0,0,강원특별자치도,0,2023,0,0,7,0,0,0,0,0,북산면,0,6,0,0,0,0,45,1,0,0,230,41,0,539,385,22,693,376,0,40,0,243,0,567,0,48
4882,춘천시,7656,0,2841,5671,1923,2517,4,2013,6093,8181,290,0,강원특별자치도,1840,2023,1312,0,2853,1060,55,2509,0,59,사농동,6404,1710,0,315,0,0,5187,1187,0,2401,8017,979,0,2156,5725,1833,2864,2520,0,3003,5456,7628,2609,8706,0,560
110,춘천시,3792,0,283,663,182,447,0,30,1778,2301,0,0,강원특별자치도,166,2023,119,0,182,73,0,906,0,0,사북면,197,216,0,0,0,0,1053,23,0,41,243,24,0,761,552,201,356,637,0,325,704,743,23,1244,0,51
3034,춘천시,3966,0,2112,4148,2125,1753,9,2080,3254,2860,965,0,강원특별자치도,1518,2023,1848,0,2063,1070,170,2355,0,115,삼천동,6149,894,0,30,0,0,2878,1809,0,3160,4764,727,0,1688,4115,708,2530,2807,0,2434,4315,5102,2761,5133,0,232
2274,춘천시,4487,0,684,1696,1744,809,0,517,2230,2311,6,0,강원특별자치도,552,2023,295,0,1056,171,1,1233,0,54,서면,4123,2191,0,9,0,0,3465,184,0,647,2285,326,0,1928,1131,1442,1200,1775,0,1531,2257,2043,578,3188,0,440
32172,춘천시,36443,0,18747,31134,13388,12925,299,18876,36117,35307,7586,0,강원특별자치도,13520,2023,17296,0,20548,9466,2037,15951,0,4071,석사동,49841,12087,0,115,0,0,35350,15524,0,21270,39870,7150,331,12695,34571,5589,17418,14323,0,16582,33610,35875,16541,35797,0,2900
1809,춘천시,1462,0,1239,2180,887,710,2,1140,2225,1604,104,0,강원특별자치도,625,2023,1096,0,1594,387,42,1391,0,21,소양로1가,1655,593,0,84,0,0,1937,432,0,1031,2111,300,2,698,2040,414,1408,1142,0,1290,2042,2322,1103,2184,0,208
3154,춘천시,3519,0,2219,2389,1836,1585,4,1979,3540,3702,82,0,강원특별자치도,1190,2023,1057,0,2890,919,82,1819,0,147,소양로2가,6655,1357,0,114,0,0,2829,641,0,1272,2552,613,1,1417,2421,912,2240,2152,0,2072,3371,2617,2180,2884,0,443
10680,춘천시,8495,0,7167,10821,8064,7428,33,6155,13448,4645,1924,0,강원특별자치도,3280,2023,8632,0,9521,2581,264,6832,0,766,소양로3가,8108,1847,0,177,0,0,10532,7947,0,10303,24669,1837,23,7996,14741,3303,7433,7996,0,7319,11243,15847,8696,16544,0,1359
3142,춘천시,2164,0,735,3063,2155,1823,6,400,2760,631,135,0,강원특별자치도,214,2023,564,0,1350,131,25,1847,0,39,소양로4가,1244,124,0,14,0,0,3236,271,0,795,4309,107,2,2122,2204,512,1599,1550,0,1106,2462,2442,1796,3777,0,236
232,춘천시,92,0,153,385,87,203,0,88,228,1,52,0,강원특별자치도,109,2023,117,0,118,16,0,148,0,2,송암동,263,0,0,0,0,0,185,119,0,266,660,27,0,66,287,57,270,118,0,86,215,458,257,463,0,0
932,춘천시,1599,0,341,1099,336,1134,0,149,897,1402,17,0,강원특별자치도,171,2023,222,0,315,148,0,367,0,10,신동,1290,270,0,8,0,0,1415,54,0,371,516,79,0,458,522,182,302,271,0,383,1061,1073,347,704,0,127
4654,춘천시,6135,0,4893,8600,10630,6598,211,4541,6177,6855,489,79,강원특별자치도,2941,2023,2372,84,4742,2472,726,6813,0,1486,신동면,5026,1626,0,192,0,0,6630,1300,362,3533,11192,1602,727,7204,7579,4553,6155,11770,0,10282,8088,9960,7712,11088,1,1202
11662,춘천시,12242,0,5319,13102,7666,5900,3,4238,12318,15062,720,0,강원특별자치도,2890,2023,3875,0,7846,1727,5,9393,0,811,신북읍,18768,4828,0,202,0,0,11276,2930,0,4729,26157,1217,0,5141,8629,4757,7492,8263,0,11048,16027,16520,10165,29668,0,1653
2938,춘천시,3124,0,1804,2765,1416,2210,0,2000,2600,3743,368,0,강원특별자치도,1209,2023,1405,0,1917,783,332,1454,0,262,약사동,4842,1172,0,117,0,0,2865,944,0,1639,3210,436,3,1312,2828,1280,1626,1475,0,1582,2547,3331,1542,2376,0,240
29990,춘천시,26082,0,21625,42226,25091,16889,231,19592,37434,17168,9980,0,강원특별자치도,12070,2023,24460,0,23400,8682,254,25956,0,1851,온의동,29302,4253,0,189,0,0,34814,19669,0,23631,48378,5284,75,22195,36821,9017,24083,26150,0,24167,39067,39347,26396,46105,0,3488
438,춘천시,442,0,1037,449,723,873,0,876,384,568,194,0,강원특별자치도,356,2023,280,0,1063,239,4,833,0,197,요선동,1531,170,0,18,0,0,414,331,0,331,754,236,13,600,1326,176,1148,880,0,647,480,925,919,1024,0,66
17615,춘천시,18046,0,9710,15346,6435,7458,244,7471,19287,20317,2452,0,강원특별자치도,4874,2023,6365,0,9083,3515,323,7565,0,1726,우두동,27144,5226,0,50,0,0,17086,5031,0,7809,14529,2739,12,5268,13449,3030,8894,7955,0,8510,16197,15411,7915,12486,0,947
11504,춘천시,10395,0,6537,12203,7520,5382,44,5546,13710,7056,2151,0,강원특별자치도,3051,2023,5272,0,6785,2024,931,6960,0,741,운교동,10368,3235,0,272,0,0,13368,4956,0,7801,14347,1568,21,8874,14521,3014,6972,7967,0,7326,14349,16743,7745,14244,0,1255
6507,춘천시,4168,0,5062,12070,7110,5008,12,5083,10470,2051,2640,0,강원특별자치도,2565,2023,11370,0,6461,1449,120,7184,0,352,조양동,3610,609,0,87,0,0,7884,7324,0,11162,19541,1007,10,7075,20037,1567,7203,7435,0,6812,9916,18380,8350,15416,0,389
24,춘천시,41,0,9,28,8,8,0,3,28,104,33,0,강원특별자치도,0,2023,8,0,21,4,0,19,0,0,중도동,46,0,0,0,0,0,20,16,0,17,69,2,0,6,39,1,32,24,0,24,14,58,24,55,0,0
485,춘천시,255,0,439,783,362,365,7,432,732,618,84,0,강원특별자치도,231,2023,484,0,601,227,0,474,0,57,중앙로1가,794,214,0,0,0,0,539,290,0,533,1277,217,8,469,1324,341,442,435,0,527,945,1044,649,690,0,334
26867,춘천시,18473,0,21606,37023,28453,20280,125,18473,37872,9442,5654,0,강원특별자치도,9907,2023,23048,0,27612,6445,225,24743,0,1528,중앙로2가,14159,2724,0,302,0,0,31086,19262,0,28833,61272,4712,29,24820,41769,11708,26744,29226,0,26437,38874,46383,31540,51828,0,3775
17168,춘천시,13995,0,10864,21579,21451,16599,24,7394,22536,8344,1178,0,강원특별자치도,4164,2023,3925,0,15618,2699,428,17137,0,859,중앙로3가,11665,3090,0,327,0,0,19739,2569,0,5767,23136,2033,1,18559,11760,10190,15937,20159,0,18700,18473,17827,19190,22728,0,3733
5124,춘천시,7917,0,1815,4039,1269,1233,0,1969,4060,7680,228,0,강원특별자치도,1224,2023,889,0,2654,1072,47,1498,0,199,칠전동,9586,1025,0,237,0,0,4577,511,0,1387,3633,738,0,689,2786,374,1311,1423,0,1315,4876,3749,1459,3739,0,311
95486,춘천시,103321,5,76430,106733,54496,54037,4749,76134,96938,91111,29354,45,강원특별자치도,81624,2023,54699,3787,71622,39982,12844,57813,0,35879,퇴계동,112157,38146,0,1117,0,0,90565,49006,13416,66574,108874,35614,15557,56872,92207,29891,71659,81621,1,78529,100288,101931,68123,110097,45,10346
36252,춘천시,37279,0,18297,40375,16962,19977,270,19913,36180,25063,6143,0,강원특별자치도,13129,2023,15706,0,18126,10995,1591,18690,0,6790,효자동,39120,9006,0,184,0,0,34554,13240,0,20002,46871,9822,687,20563,42899,6164,16211,14250,0,17965,36324,45469,17340,42338,0,1607
58182,춘천시,64562,0,29654,45830,19684,19912,342,29742,60485,57974,6319,0,강원특별자치도,18546,2023,18389,0,29390,13372,7016,24026,0,7220,후평동,85831,15699,0,172,0,0,56774,17875,0,28182,67242,11297,1332,18441,55505,9711,25220,20196,0,23250,59068,57405,22865,66697,0,2586
153,태백시,0,0,0,0,9,0,0,3,0,125,0,0,강원특별자치도,0,2023,0,0,0,0,0,0,0,0,금천동,0,0,0,0,0,0,55,0,0,26,0,0,0,0,1,2,0,0,0,0,0,0,0,0,0,0
1182,태백시,1346,0,250,1115,141,159,0,143,1192,1519,101,0,강원특별자치도,146,2023,57,0,156,87,0,318,0,27,동점동,1581,159,0,0,0,0,1248,58,0,216,575,68,0,64,390,199,267,361,0,242,1184,807,199,794,0,1
1939,태백시,1976,0,208,1393,118,173,0,115,1607,687,37,0,강원특별자치도,91,2023,341,0,251,118,0,207,0,43,문곡동,2304,111,0,0,0,0,1921,191,0,775,2953,45,0,115,1524,129,264,151,0,133,1813,3315,158,2020,0,23
231,태백시,150,0,16,321,28,14,0,15,144,90,4,0,강원특별자치도,9,2023,42,0,13,9,0,24,0,1,백산동,221,9,0,0,0,0,119,11,0,35,179,4,0,16,59,5,14,38,0,17,171,123,34,220,0,0
0,태백시,4,0,1,89,0,0,0,0,19,1,0,0,강원특별자치도,0,2023,0,0,2,0,0,4,0,0,상사미동,11,31,0,0,0,0,11,0,0,3,16,0,0,0,3,2,0,0,0,0,47,51,3,12,0,0
1565,태백시,1972,0,93,1510,198,430,0,110,1511,299,11,0,강원특별자치도,46,2023,300,0,279,104,0,204,0,0,소도동,3204,0,0,0,0,0,1406,114,0,293,1431,54,0,122,612,67,182,333,0,148,1719,1073,234,1203,0,0
0,태백시,0,0,0,0,0,0,0,0,0,0,0,0,강원특별자치도,0,2023,0,0,0,0,0,0,0,0,원동,0,21,0,0,0,0,0,0,0,0,0,0,0,0,0,0,0,0,0,0,0,14,0,0,0,0
5685,태백시,5015,0,621,5287,752,945,0,499,5488,6068,450,0,강원특별자치도,438,2023,1263,0,862,384,0,869,0,121,장성동,7012,522,0,0,0,0,4852,1114,0,1831,8441,306,0,619,4194,343,732,719,0,742,5828,6038,941,7053,0,19
0,태백시,11,0,0,31,0,0,0,0,13,0,0,0,강원특별자치도,0,2023,0,0,0,0,0,2,0,0,적각동,0,2,0,0,0,0,1,0,0,2,6,0,0,2,0,0,0,0,0,3,0,0,0,0,0,2
16,태백시,16,0,0,5,0,0,0,0,6,6,0,0,강원특별자치도,0,2023,0,0,1,0,0,0,0,0,조탄동,34,2,0,0,0,0,21,0,0,1,16,0,0,4,23,0,0,3,0,0,41,5,1,24,0,0
0,태백시,17,0,2,23,0,0,0,0,62,0,0,0,강원특별자치도,0,2023,0,0,1,0,0,0,0,0,창죽동,6,0,0,0,0,0,16,0,0,1,65,0,0,0,1,0,0,1,0,3,1,6,0,1,0,0
2301,태백시,2922,0,281,2206,221,103,8,388,2661,2787,167,0,강원특별자치도,220,2023,357,0,382,157,0,398,0,36,철암동,3377,306,0,0,0,0,1833,225,0,504,2498,97,1,168,1198,55,398,262,0,355,2097,1547,313,2226,0,4
1307,태백시,1269,0,127,1275,386,239,2,207,1288,1034,50,0,강원특별자치도,132,2023,109,0,221,170,0,279,0,26,통동,1761,106,0,0,0,0,1268,78,0,234,941,85,0,213,774,143,232,389,0,399,1607,774,338,1029,0,8
27,태백시,40,0,0,6,1,0,0,1,28,88,0,0,강원특별자치도,5,2023,0,0,0,0,0,0,0,0,하사미동,107,0,0,0,0,0,131,0,0,114,42,0,0,1,55,0,6,2,0,4,83,9,1,178,0,0
0,태백시,141,0,35,85,0,89,0,5,135,114,0,0,강원특별자치도,24,2023,3,0,24,0,0,51,0,0,혈동,103,0,0,0,0,0,3,7,0,3,6,9,0,1,4,9,1,86,0,32,5,75,20,1,0,0
1012,태백시,648,0,138,667,98,132,0,68,663,1732,5,0,강원특별자치도,41,2023,84,0,149,36,0,213,0,23,화전동,1088,1,0,0,0,0,513,23,0,158,519,10,0,74,181,77,66,138,0,150,490,1291,122,416,0,0
10748,태백시,10156,0,3135,14240,3897,2983,12,2072,12835,11072,4408,0,강원특별자치도,982,2023,7430,0,3131,653,0,3675,0,204,황지동,15353,1068,0,0,0,0,12277,6002,0,8431,17241,330,19,3780,12039,1900,2860,2930,0,3606,12085,12769,3556,15069,0,40
805,평창군,998,0,0,726,380,14,9,33,45,69,7,0,강원특별자치도,0,2023,9,1,0,0,5,470,0,0,대관령면,284,3,0,0,0,0,1076,12,0,6,18,0,0,435,122,0,52,470,0,3,464,15,156,296,0,0
1927,평창군,2569,0,224,875,401,163,0,127,1986,1628,0,0,강원특별자치도,21,2023,518,0,239,98,0,166,0,0,대화면,2366,0,0,0,0,0,1265,0,0,170,1849,0,0,538,1126,112,184,276,0,434,1791,1985,391,901,0,0
476,평창군,489,0,6,227,72,8,0,15,205,887,0,0,강원특별자치도,1,2023,0,0,2,0,0,54,0,0,미탄면,436,23,0,0,0,0,143,0,0,5,27,0,0,25,155,69,16,24,0,56,46,100,9,206,0,4
688,평창군,436,0,69,681,328,400,0,450,128,613,0,0,강원특별자치도,47,2023,1,0,96,3,0,463,0,0,방림면,1629,0,0,0,0,0,523,0,0,20,159,0,0,61,533,419,138,210,0,8,450,179,240,355,0,0
238,평창군,769,0,105,624,148,116,0,146,232,794,0,0,강원특별자치도,20,2023,0,0,278,0,0,303,0,0,봉평면,797,0,0,0,0,0,278,0,0,222,1424,0,0,197,96,18,100,122,0,1,0,1183,0,534,0,0
1286,평창군,1527,0,907,1349,529,708,0,186,1293,857,0,0,강원특별자치도,31,2023,953,0,152,51,0,196,0,0,용평면,1743,3,0,0,0,0,771,0,0,14,1324,1,0,362,781,303,560,416,0,370,1242,2383,154,1188,0,0
5489,평창군,5942,0,704,3380,1799,907,0,883,6247,2703,0,0,강원특별자치도,211,2023,235,0,3392,24,0,2371,0,0,진부면,5267,0,0,0,0,0,5052,0,0,584,6780,0,0,2357,2295,8,669,1747,0,2007,6758,3595,2394,5445,0,0
1726,평창군,1830,0,179,1234,387,146,0,73,1098,1165,0,0,강원특별자치도,13,2023,3,0,197,11,0,125,0,0,평창읍,3164,135,0,0,0,0,2572,3,0,955,2374,23,0,253,1337,17,148,267,0,168,2558,1880,329,994,0,1
3340,홍천군,5850,0,474,2801,385,600,0,1017,2036,6953,57,0,강원특별자치도,914,2023,880,0,437,464,0,377,0,36,남면,8488,1065,0,0,0,0,2831,234,0,1053,4137,79,0,316,3334,242,443,486,0,326,4455,3341,442,4454,0,22
177,홍천군,280,0,106,81,49,392,0,22,18,840,0,0,강원특별자치도,2,2023,8,0,6,1,0,41,0,0,내면,591,56,0,0,0,0,376,0,0,67,113,0,0,39,104,248,3,92,0,2,292,564,66,62,0,0
596,홍천군,906,0,0,612,14,15,0,180,73,1327,0,0,강원특별자치도,22,2023,0,0,129,0,0,18,0,0,내촌면,211,14,0,0,0,0,89,0,0,70,100,0,0,91,306,106,29,132,0,19,180,7,15,178,0,13
895,홍천군,1238,0,221,736,152,114,0,154,634,2535,0,0,강원특별자치도,139,2023,193,0,45,1,0,191,0,0,두촌면,1243,33,0,0,0,3,621,0,0,193,641,0,0,53,420,45,97,122,0,163,624,535,133,157,0,17
194,홍천군,1849,0,63,274,176,306,0,73,43,1031,0,0,강원특별자치도,10,2023,49,0,113,21,0,53,0,0,북방면,738,1,0,0,0,0,574,47,0,116,405,13,0,60,202,38,85,48,0,51,1098,819,85,278,0,0
3148,홍천군,3578,0,806,1384,261,360,0,123,3112,3555,111,0,강원특별자치도,1164,2023,1590,0,763,144,0,797,0,14,서면,1877,47,0,0,0,0,1670,1673,0,3921,1619,202,0,847,2572,409,477,655,0,1028,1988,4592,114,2517,0,6
554,홍천군,1648,0,336,749,87,723,0,201,636,3354,0,0,강원특별자치도,335,2023,48,0,353,9,17,183,0,0,서석면,1320,318,0,0,0,0,1010,0,0,652,1169,0,0,329,995,435,72,413,0,379,1806,1516,227,668,0,28
1135,홍천군,2490,0,45,297,30,145,4,114,293,1962,5,3,강원특별자치도,108,2023,68,0,223,14,3,122,0,0,영귀미면,55,226,0,0,0,0,857,3,0,142,578,3,0,233,119,8,199,187,0,149,1456,779,164,647,0,32
14047,홍천군,16056,0,2696,10739,3977,5220,25,1553,13155,17437,68,11,강원특별자치도,1538,2023,7129,0,2083,539,105,2739,1,36,홍천읍,16763,3945,0,2,0,0,10131,2677,7,9709,14649,358,2,4910,17863,3507,2341,1985,0,2425,12468,15927,2985,16692,0,53
2438,홍천군,1898,0,457,1070,533,429,0,395,1446,4283,0,0,강원특별자치도,354,2023,85,0,528,86,0,307,0,0,화촌면,3563,12,0,0,0,0,879,91,0,423,1335,160,0,429,883,201,518,255,0,633,2283,916,473,992,0,34
1113,화천군,492,0,116,595,93,110,0,50,1067,1590,0,0,강원특별자치도,16,2023,0,0,45,0,0,77,0,0,간동면,883,0,0,0,0,0,399,0,0,121,186,11,0,142,213,26,157,117,0,77,73,747,25,754,0,18
429,화천군,141,0,45,357,19,14,0,17,127,651,0,0,강원특별자치도,32,2023,3,0,8,0,0,38,0,0,사내면,626,108,0,0,0,0,121,5,0,52,135,0,0,3,275,53,27,8,0,14,217,261,11,120,0,2
817,화천군,923,0,160,651,43,104,0,421,826,4026,0,0,강원특별자치도,804,2023,60,0,200,2,0,60,0,0,상서면,1998,177,0,0,0,0,519,33,0,1649,415,31,0,38,971,873,141,49,0,36,291,351,99,762,0,9
246,화천군,271,0,3,383,0,44,0,6,9,472,0,0,강원특별자치도,12,2023,0,0,3,0,0,5,0,0,하남면,995,5,0,0,0,0,380,0,0,51,124,0,0,6,88,1,3,3,0,0,389,99,5,204,0,0
1814,화천군,1611,0,378,1873,227,1516,0,210,1280,4193,0,0,강원특별자치도,568,2023,157,0,316,13,0,196,0,0,화천읍,5928,762,0,0,0,0,3827,366,0,3988,4034,6,0,488,4573,1209,138,266,0,257,2926,2671,148,3491,0,4
583,횡성군,259,0,22,456,179,75,0,53,620,1265,0,0,강원특별자치도,211,2023,0,0,164,0,0,184,0,0,갑천면,932,4,0,0,0,0,1403,0,0,421,629,0,0,50,144,54,32,62,0,201,506,274,81,623,0,11
1642,횡성군,346,0,14,399,73,4,0,37,528,301,0,0,강원특별자치도,26,2023,0,0,48,0,0,9,0,0,강림면,1788,0,0,0,0,0,92,0,0,218,473,0,0,69,24,19,54,3,0,63,632,173,80,136,0,0
1928,횡성군,3056,0,64,167,93,66,0,79,1311,3624,0,0,강원특별자치도,63,2023,14,0,70,1,0,114,0,0,공근면,528,10,0,0,0,0,425,0,0,259,1130,0,0,36,462,11,70,79,0,105,678,394,53,1700,0,7
1884,횡성군,2065,0,477,1539,383,142,0,285,1194,3409,0,0,강원특별자치도,240,2023,1,0,521,0,0,573,0,0,둔내면,1926,10,0,0,0,0,997,0,0,1124,1476,0,0,548,802,229,554,390,0,171,1202,1340,441,1050,0,2
314,횡성군,1531,0,45,97,93,276,0,107,210,2692,0,0,강원특별자치도,57,2023,55,0,79,11,31,149,0,0,서원면,429,100,0,11,0,0,1114,2,0,23,26,11,0,310,430,72,190,132,0,132,691,90,125,481,0,42
2023,횡성군,854,0,94,604,246,109,0,136,437,447,0,0,강원특별자치도,97,2023,14,0,234,3,0,45,0,0,안흥면,2348,3,0,0,0,0,584,0,0,253,1817,0,0,66,318,66,240,62,0,161,2055,841,415,360,0,15
1989,횡성군,2970,0,221,886,275,162,0,403,1038,3686,0,0,강원특별자치도,401,2023,76,0,467,22,0,417,0,0,우천면,2883,53,0,0,0,0,1955,0,0,387,893,0,0,354,488,114,199,277,0,292,2081,1144,142,1068,0,5
768,횡성군,149,0,114,276,67,2,0,85,454,1704,0,0,강원특별자치도,15,2023,0,0,224,0,0,182,0,0,청일면,107,391,0,0,0,0,965,0,0,163,412,0,0,48,37,40,16,201,0,7,197,286,122,258,0,3
20852,횡성군,19513,0,966,24194,2382,2233,0,1071,24064,19316,1107,0,강원특별자치도,568,2023,5864,0,1671,368,6,1396,2,18,횡성읍,27154,4113,0,0,0,0,19485,5798,0,9703,29769,87,0,2120,23709,972,1759,1918,0,1426,18146,19961,1818,22583,0,69
8403,강릉시,8831,0,3687,7425,4505,4261,0,2051,7756,9966,0,0,강원특별자치도,943,2024,793,0,2500,422,0,2983,0,0,강동면,13755,1282,0,0,0,0,9170,30,0,1468,7208,363,0,2257,2543,2703,4864,3750,0,4616,12013,7148,6551,8797,0,101
3510,강릉시,2613,0,7355,10371,5615,4523,0,6085,5944,1541,7,0,강원특별자치도,4444,2024,2458,0,10221,1954,0,9817,0,58,강문동,1775,15,0,0,0,0,7396,343,0,3735,14945,1093,0,3496,7865,879,13941,12059,0,8915,7950,10063,9559,11803,0,0
7918,강릉시,8586,0,8783,17915,6375,2849,0,6596,10178,5421,2,0,강원특별자치도,4456,2024,6644,0,11976,2357,0,13561,0,191,견소동,10675,1825,0,0,0,0,11545,1673,0,10536,20207,807,0,4848,15396,2148,13319,10669,0,13923,14752,20313,15676,18626,0,7
82339,강릉시,75367,0,37605,69282,28838,22826,0,35126,81613,57081,941,0,강원특별자치도,22454,2024,24668,0,43582,12920,0,38207,0,321,교동,94009,6720,0,0,0,0,82042,18559,0,32846,91612,5708,0,26661,61420,10395,42387,31015,0,32294,76630,64909,33538,98628,0,1548
317,강릉시,7689,0,664,127,78,462,0,118,1685,7705,0,0,강원특별자치도,341,2024,74,0,119,23,0,79,0,0,구정면,2963,0,0,0,0,0,4441,0,0,483,628,0,0,1037,481,137,844,1002,0,137,6196,2599,1118,3913,0,0
70,강릉시,86,0,64,125,97,275,0,27,137,46,0,0,강원특별자치도,30,2024,11,0,50,38,0,88,0,0,난곡동,93,0,0,0,0,0,111,0,0,56,128,0,0,53,160,9,111,91,0,74,221,250,132,137,0,0
357,강릉시,269,0,455,227,698,734,0,298,370,173,0,0,강원특별자치도,174,2024,99,0,448,134,0,454,0,0,남문동,972,0,0,0,0,0,317,0,0,177,413,0,0,794,178,218,456,444,0,493,248,398,549,366,0,0
1286,강릉시,1126,0,389,1554,484,624,0,263,1205,2515,0,0,강원특별자치도,186,2024,254,0,696,184,0,640,0,0,남항진동,1663,5,0,0,0,0,1332,2,0,427,1078,95,0,322,1853,4,709,287,0,845,1244,993,540,1770,0,0
19739,강릉시,24244,0,6768,18866,4251,3966,0,7861,13089,24920,0,0,강원특별자치도,4271,2024,3687,0,7046,4568,0,5371,0,0,내곡동,20382,1130,0,0,0,0,17733,2134,0,6547,22042,3219,0,4169,14589,1607,6242,4911,0,4348,22759,18945,5821,21536,0,2
4351,강릉시,1787,0,943,1176,787,1169,0,1046,1076,6603,0,0,강원특별자치도,365,2024,158,0,1126,58,0,808,0,0,노암동,8032,45,0,0,0,0,1334,79,0,239,2498,37,0,1140,1977,513,845,945,0,1004,4113,1530,955,1003,0,0
0,강릉시,805,0,62,0,0,0,0,0,0,578,0,0,강원특별자치도,34,2024,0,0,0,0,0,0,0,0,담산동,5,1,0,0,0,0,471,0,0,154,0,0,0,42,0,28,51,85,0,0,457,246,75,290,0,0
605,강릉시,643,0,223,841,454,1682,0,206,677,457,37,0,강원특별자치도,205,2024,395,0,236,153,0,504,0,26,대전동,998,103,0,0,0,0,1109,205,0,843,1358,109,0,708,4262,1012,293,585,0,206,876,1617,275,937,0,63
187,강릉시,259,0,2,168,11,5,0,30,132,286,0,0,강원특별자치도,1,2024,4,0,0,1,0,3,0,0,두산동,623,0,0,0,0,0,206,0,0,33,56,0,0,2,61,1,3,22,0,13,130,431,6,92,0,0
1152,강릉시,1224,0,2180,1813,1972,2759,0,1717,1710,965,0,0,강원특별자치도,633,2024,453,0,1675,318,0,1818,0,0,명주동,1736,0,0,0,0,0,1983,181,0,737,3532,99,0,1922,2020,1733,2056,1373,0,2453,2089,2874,2200,5251,0,0
18,강릉시,1060,0,10,1,104,49,0,34,4,0,0,0,강원특별자치도,2,2024,0,0,40,0,0,60,0,0,박월동,788,0,0,0,0,0,384,0,0,97,3,0,0,8,1,0,14,9,0,157,281,67,8,127,0,0
1611,강릉시,1099,0,172,1505,534,1468,0,140,1455,531,0,0,강원특별자치도,44,2024,457,0,292,60,0,488,0,0,병산동,1181,0,0,0,0,0,2816,0,0,231,230,6,0,503,949,1,447,372,0,1396,1561,1687,593,1343,0,0
18858,강릉시,20093,0,5623,23175,6914,11521,0,4763,16309,13174,124,0,강원특별자치도,3287,2024,3388,0,7478,1717,0,9851,0,240,사천면,15043,1099,0,0,0,0,24019,1129,0,5817,22954,1404,0,10103,12664,7553,8827,8291,0,9088,21516,18225,8684,23811,0,1114
12937,강릉시,5932,0,3470,16366,6369,6639,0,3207,15170,3666,0,0,강원특별자치도,1297,2024,3917,0,4053,599,0,5201,0,0,성남동,4545,1891,0,0,0,0,10950,742,0,4630,18602,152,0,10531,10040,4069,4476,8596,0,4139,15422,14518,8894,18611,0,118
6998,강릉시,7978,0,2249,7725,2736,3295,0,1367,6631,6295,0,0,강원특별자치도,1041,2024,527,0,2123,829,0,2259,0,0,성산면,8648,1007,0,0,0,0,7710,336,0,1755,7103,194,0,1479,2426,1024,1518,2079,0,2076,8582,9755,2408,7391,0,107
20273,강릉시,22899,0,10866,20597,6748,7104,0,11196,24085,18338,196,0,강원특별자치도,6186,2024,6088,0,12927,4527,0,12005,0,315,송정동,37288,3566,0,0,0,0,24530,2585,0,8100,38187,2325,0,6830,17626,3419,13226,10594,0,11223,23309,23035,11908,28158,0,97
311,강릉시,2,0,24,0,8,0,0,0,0,0,0,0,강원특별자치도,0,2024,0,0,0,0,0,0,0,0,신석동,0,332,0,0,0,0,152,0,0,0,0,0,0,8,0,0,11,16,0,0,0,52,0,175,0,0
8041,강릉시,7001,0,5583,12291,5059,3063,0,5445,10245,2768,0,0,강원특별자치도,3859,2024,3842,0,7969,1879,0,8602,0,0,안현동,3840,65,0,0,0,0,11023,8,0,3000,12763,759,0,4767,8901,498,9935,6531,0,5187,8546,13886,6102,12988,0,1
24051,강릉시,30408,0,10074,22763,11270,12542,0,8328,29844,18365,406,0,강원특별자치도,5369,2024,4596,0,13557,2695,0,13409,0,403,연곡면,34512,3950,0,0,0,0,27066,2364,0,8376,19913,1764,0,12605,15006,7137,14062,15261,0,13608,27777,17928,12645,24086,0,1249
8359,강릉시,7830,0,264,1918,1382,1462,0,688,3580,6873,0,0,강원특별자치도,6,2024,0,0,575,402,0,397,0,0,옥계면,7010,21,0,0,0,0,2905,0,0,75,1038,1,0,1227,1664,543,881,631,0,418,5119,1123,2017,4143,0,3
58680,강릉시,50132,0,39155,79831,43846,36581,0,33334,70145,30660,370,0,강원특별자치도,15049,2024,35470,0,43955,10841,0,41582,0,47,옥천동,46612,6065,0,0,0,0,66434,13778,0,42669,107383,2211,0,39696,71290,17258,49327,45608,0,41835,77401,96778,44976,95075,0,2166
2086,강릉시,43,0,305,824,506,385,0,65,249,2141,0,0,강원특별자치도,520,2024,0,0,758,0,0,345,0,0,왕산면,4343,43,0,0,0,0,1438,0,0,197,51,0,0,92,63,47,13,382,0,355,2162,994,661,738,0,257
4203,강릉시,4285,0,9312,5437,8457,6550,0,7579,5253,4250,89,0,강원특별자치도,4868,2024,2172,0,9339,3286,0,9242,0,63,용강동,7292,1128,0,0,0,0,5426,1417,0,3096,6435,2119,0,8089,7079,5262,8836,10418,0,11162,6326,6409,11418,5882,0,275
566,강릉시,533,0,16,22,9,4,0,0,36,64,0,0,강원특별자치도,1,2024,0,0,10,0,0,8,0,0,운산동,65,306,0,0,0,0,425,0,0,2,5,10,0,79,2,0,42,46,0,10,31,77,3,135,0,0
427,강릉시,279,0,149,525,257,150,0,98,410,150,0,0,강원특별자치도,71,2024,50,0,192,27,0,303,0,0,운정동,182,0,0,0,0,0,466,0,0,229,374,4,0,192,236,3,299,418,0,266,561,526,352,568,0,0
203,강릉시,1309,0,34,103,37,6,0,4,217,639,0,0,강원특별자치도,5,2024,5,0,16,0,0,93,0,0,월호평동,478,259,0,0,0,0,964,0,0,18,45,10,0,76,28,13,64,61,0,51,239,96,33,267,0,0
209,강릉시,784,0,59,36,60,131,0,23,66,107,0,0,강원특별자치도,135,2024,3,0,27,2,0,79,0,0,유산동,220,5,0,0,0,0,414,5,0,43,128,9,0,233,24,13,138,75,0,72,285,216,78,190,0,5
4055,강릉시,5868,0,1995,7981,1508,1691,0,2535,5220,3743,0,0,강원특별자치도,1194,2024,1609,0,2082,679,0,2072,0,0,유천동,1749,11,0,0,0,0,5878,691,0,3103,12594,176,0,1741,7880,777,2393,1848,0,2723,5494,7875,1946,9355,0,0
54193,강릉시,48523,0,50278,91623,61890,43728,0,40992,76816,31250,1791,0,강원특별자치도,22509,2024,49887,0,60141,12845,0,67090,0,339,임당동,48109,3535,0,0,0,0,68127,25722,0,65432,116065,7236,0,57788,93935,21334,64059,61393,0,63623,87274,108040,74078,103214,0,1182
20004,강릉시,28448,0,5229,12347,3577,3446,0,5098,14134,31879,1,0,강원특별자치도,2295,2024,2358,0,7627,1903,8,6725,0,130,입암동,24080,4580,0,0,0,0,17464,443,0,3802,14275,1099,0,2786,9161,1037,5686,3677,0,5411,22305,12333,4531,13170,0,19
0,강릉시,232,0,35,0,0,0,0,0,0,136,0,0,강원특별자치도,8,2024,0,0,0,0,0,0,0,0,장현동,0,0,0,0,0,0,181,0,0,0,0,0,0,93,0,0,24,90,0,0,234,326,37,152,0,0
465,강릉시,569,0,604,920,373,497,0,331,800,165,0,0,강원특별자치도,334,2024,381,0,545,149,0,801,0,0,저동,378,0,0,0,0,0,640,2,0,225,611,36,0,542,401,2,684,529,0,375,633,796,723,985,0,0
51945,강릉시,53614,0,23423,61097,28861,20657,0,15539,58981,35973,618,0,강원특별자치도,11267,2024,14220,0,30616,5958,0,33261,0,1078,주문진읍,50171,8221,0,0,0,0,58830,9448,0,24218,68001,3214,0,26522,37116,12331,32245,33206,0,34629,59686,54436,33803,62946,0,854
6967,강릉시,5871,0,4818,8699,4616,5504,0,3714,8472,2453,423,0,강원특별자치도,2741,2024,4017,0,4337,2180,0,5112,0,117,죽헌동,4269,479,0,0,0,0,9759,3004,0,3472,10227,701,0,5303,8093,1611,4583,4580,0,3974,10080,10219,4862,8933,0,428
2200,강릉시,4111,0,757,3164,285,157,0,1053,2663,1771,0,0,강원특별자치도,885,2024,415,0,943,546,0,585,0,0,지변동,3787,0,0,0,0,0,2880,504,0,1057,9567,77,0,173,2119,155,614,544,0,500,1792,1643,332,2875,0,0
90,강릉시,148,0,30,315,46,30,0,54,355,109,0,0,강원특별자치도,19,2024,5,0,34,2,0,67,0,0,청량동,61,0,0,0,0,0,368,4,0,47,39,21,0,69,748,4,39,36,0,49,185,16,85,89,0,0
7195,강릉시,8289,0,3939,7876,6176,3108,0,2339,9669,4881,0,0,강원특별자치도,1497,2024,3555,0,3184,788,0,6141,0,7,초당동,11618,1583,0,0,0,0,4953,1459,0,4382,17402,399,0,2600,8293,1348,5019,9189,0,7243,9864,9070,6541,14031,0,3
46284,강릉시,53684,0,20210,46481,14772,13630,0,20267,48653,47971,183,0,강원특별자치도,10095,2024,13677,0,22014,7313,0,20425,0,466,포남동,66640,8644,0,0,0,0,48486,7520,0,20005,46163,3403,0,13868,37069,4922,21764,20701,0,21817,50687,42902,21847,49330,0,789
7,강릉시,6,0,32,3,180,102,0,26,35,23,0,0,강원특별자치도,19,2024,0,0,81,25,0,140,0,0,학동,22,0,0,0,0,0,20,0,0,3,4,0,0,110,25,1,115,125,0,221,7,23,169,16,0,0
33044,강릉시,37185,0,16070,40726,12190,12242,0,16702,44101,29168,0,0,강원특별자치도,7579,2024,10260,0,18765,3948,0,19015,0,0,홍제동,24329,149,0,0,0,0,39715,4894,0,15114,31688,481,0,13114,24354,6411,17690,14127,0,15470,47432,23850,18142,35609,0,52
7428,강릉시,10117,0,1754,6308,707,2403,0,1221,7314,8110,0,0,강원특별자치도,1050,2024,942,0,1077,1042,0,1471,0,0,회산동,17625,0,0,0,0,0,4678,397,0,1199,4334,7,0,532,3197,126,2530,1216,0,2195,5958,5152,894,4045,0,0
11149,고성군,11296,0,2689,10366,3566,2806,0,3063,10171,14107,10,0,강원특별자치도,1561,2024,4619,0,3576,658,0,2761,0,54,간성읍,13626,2297,0,0,0,0,12504,3129,0,5133,17863,350,0,3537,10661,2575,2926,3290,0,3014,10635,14465,2937,10017,0,11
7507,고성군,6617,0,1407,5461,1433,1567,0,1242,6779,11066,128,0,강원특별자치도,523,2024,1398,0,1422,240,0,1224,0,33,거진읍,13873,3296,0,0,0,0,6300,214,0,2108,5770,227,0,1195,4554,757,1511,1122,0,1449,7799,5747,1604,6188,0,57
6478,고성군,7936,0,1682,5598,1713,2132,0,1299,5765,8392,20,0,강원특별자치도,953,2024,1796,0,2082,638,0,1765,0,17,죽왕면,10074,550,0,0,0,0,5619,1028,0,2293,6998,273,0,1202,4816,2223,1880,1792,0,1865,6485,8141,1551,6180,0,163
26137,고성군,29443,0,4628,28923,3267,3550,0,3677,21342,28160,0,0,강원특별자치도,2373,2024,5840,0,5173,2366,0,4746,0,0,토성면,37154,2537,0,0,0,0,20257,3660,0,7062,31069,1116,0,3939,13518,2474,4939,4027,0,3986,39416,22339,4401,30657,0,342
2659,고성군,4375,0,734,2969,475,1160,0,424,4141,4651,2,0,강원특별자치도,169,2024,364,0,854,150,0,1043,0,17,현내면,4297,1960,0,0,0,0,2313,4,0,456,2225,45,0,1339,1467,204,557,812,0,1019,2350,3080,611,2220,0,5
1,동해시,46,0,0,0,12,0,0,2,0,9,0,0,강원특별자치도,0,2024,0,0,4,0,0,5,0,0,괴란동,125,0,0,0,0,0,29,0,0,0,3,0,0,0,0,3,0,10,0,0,45,4,0,5,0,0
1443,동해시,1666,0,286,1453,550,405,0,256,1553,1151,0,0,강원특별자치도,71,2024,110,0,481,115,0,673,0,0,구미동,1401,399,0,0,0,0,1715,2,0,228,1270,6,0,379,565,136,438,577,0,613,1586,641,523,1141,0,84
53,동해시,2,0,39,15,152,3,0,35,58,0,0,0,강원특별자치도,0,2024,0,0,4,1,0,5,0,0,구호동,5,4,0,0,0,0,16,0,0,0,48,0,0,12,292,1,33,6,0,84,6,160,15,9,0,2
32,동해시,97,0,0,0,0,0,0,0,0,0,0,0,강원특별자치도,0,2024,0,0,0,0,0,0,0,0,귀운동,0,0,0,0,0,0,0,0,0,0,2,0,0,0,0,0,0,0,0,0,32,1,0,4,0,0
38,동해시,50,0,94,82,103,52,0,157,73,19,10,0,강원특별자치도,51,2024,27,0,204,29,0,109,0,1,나안동,166,0,0,0,0,0,47,20,0,37,270,7,0,80,199,14,194,120,0,109,92,55,109,84,0,51
153,동해시,0,0,18,51,7,1,0,0,0,0,0,0,강원특별자치도,0,2024,0,0,3,0,0,3,0,0,단봉동,135,0,0,0,0,0,74,0,0,0,6,0,0,0,0,0,5,8,0,0,0,4,0,3,0,0
0,동해시,0,0,0,0,0,0,0,0,0,2,0,0,강원특별자치도,0,2024,0,0,0,0,0,0,0,0,달방동,0,0,0,0,0,0,0,0,0,0,0,0,0,0,0,0,0,0,0,1,0,0,0,0,0,0
665,동해시,410,0,131,703,235,212,0,138,292,317,0,0,강원특별자치도,81,2024,44,0,147,167,0,154,0,0,대구동,500,184,0,0,0,0,405,4,0,147,530,9,0,153,567,264,158,129,0,703,499,741,129,432,0,17
494,동해시,1201,0,42,422,480,9,0,36,652,436,0,0,강원특별자치도,0,2024,0,0,102,0,0,33,0,0,대진동,1070,0,0,0,0,0,423,3,0,0,189,13,0,69,110,0,0,8,0,77,336,161,30,203,0,0
6064,동해시,5331,0,1128,4662,1287,1327,0,1227,6558,6245,9,0,강원특별자치도,318,2024,1361,0,1510,116,0,1412,0,0,동회동,8541,140,0,0,0,0,6468,2537,0,2030,15349,123,0,1555,4515,204,986,1372,0,1401,6303,4930,1271,6837,0,45
1,동해시,292,0,0,2,14,0,0,1,0,424,0,0,강원특별자치도,0,2024,0,0,4,0,0,26,0,0,만우동,11,0,0,0,0,0,236,0,0,0,40,0,0,19,0,29,2,24,0,0,185,120,0,137,0,0
1276,동해시,1424,0,843,547,1229,384,0,147,444,618,0,0,강원특별자치도,2,2024,37,0,809,1,0,389,0,0,망상동,1734,8,0,0,0,0,1515,1,0,19,818,13,0,162,477,87,294,687,0,439,1458,1031,755,1034,0,1
320,동해시,4696,0,431,1480,419,50,0,69,690,3367,0,0,강원특별자치도,0,2024,0,0,635,0,0,214,0,0,묵호진동,330,0,0,0,0,0,305,12,0,0,1758,42,0,128,441,28,44,67,0,568,3604,276,136,299,0,0
24913,동해시,24176,0,6541,28287,10945,8340,0,4390,28408,14553,18,0,강원특별자치도,2331,2024,2955,0,9455,1089,161,11039,0,206,발한동,24237,7854,0,11,0,0,29110,293,0,5032,58899,877,0,8128,14701,2091,11215,11696,0,11219,31506,33811,11168,49463,0,726
7004,동해시,10501,0,1730,6878,1680,1141,0,1253,7863,7448,47,0,강원특별자치도,557,2024,1779,0,1879,315,0,2131,0,35,부곡동,11267,1735,0,0,0,0,7460,74,0,1975,7790,162,0,1098,4405,295,1980,1785,0,1673,8048,9641,1861,5617,0,157
15453,동해시,12461,0,3815,17292,10022,5860,0,2739,18768,7958,493,0,강원특별자치도,1125,2024,2817,0,5427,1011,0,6599,0,54,북평동,15201,1978,0,0,0,0,16776,630,0,4770,29023,437,0,6619,9997,1584,6091,8471,0,7673,18666,15077,6940,21961,0,394
1154,동해시,1587,0,94,2106,983,534,0,45,1969,535,0,0,강원특별자치도,22,2024,0,0,254,0,0,735,0,0,삼화동,1735,18,0,0,0,0,2190,23,0,293,1831,14,0,390,467,170,283,542,0,850,2630,2508,543,2750,0,227
6555,동해시,7209,0,3541,7343,2592,2006,0,3044,7617,4140,222,0,강원특별자치도,790,2024,759,0,2825,468,0,3317,0,8,송정동,7475,893,0,0,0,0,7120,602,0,1913,5782,109,0,2821,5372,1112,2959,3606,0,3002,7456,8536,3176,6553,0,509
12714,동해시,15412,0,2508,9779,2647,998,0,3162,12493,14974,243,0,강원특별자치도,755,2024,3069,0,4042,639,0,3223,0,1,쇄운동,26324,359,0,0,0,0,10509,5255,0,5387,12533,361,0,1985,12030,1145,3410,2791,0,2818,12497,10133,2941,11208,0,393
347,동해시,0,0,27,188,52,13,0,13,428,628,0,0,강원특별자치도,3,2024,0,0,2,0,0,0,0,0,신흥동,723,0,0,0,0,0,0,0,0,23,73,0,0,0,61,6,35,0,0,50,26,129,23,25,0,0
1,동해시,35,0,2,1,11,11,0,2,0,0,0,0,강원특별자치도,0,2024,0,0,5,0,0,6,0,0,심곡동,30,0,0,0,0,0,50,0,0,0,0,0,0,12,0,7,0,10,0,0,78,18,0,36,0,0
451,동해시,849,0,91,396,114,12,0,60,424,176,0,0,강원특별자치도,0,2024,0,0,311,0,0,154,0,0,어달동,898,0,0,0,0,0,368,3,0,0,300,42,0,40,134,0,0,2,0,291,352,163,99,152,0,0
2108,동해시,2130,0,339,1219,499,457,0,245,1353,889,19,0,강원특별자치도,104,2024,99,0,417,81,0,531,0,23,용정동,2274,241,0,0,0,0,1202,40,0,310,1387,60,0,354,1659,429,397,551,0,513,1299,1577,442,1239,0,78
3422,동해시,5640,0,730,2724,548,231,0,643,3917,7123,266,0,강원특별자치도,215,2024,315,0,1027,173,0,1002,0,7,이도동,9717,161,0,0,0,0,3971,361,0,770,2836,98,0,466,1999,574,1123,621,0,729,4309,2885,759,2560,0,76
3996,동해시,2700,0,532,2579,585,328,0,258,2502,5674,0,0,강원특별자치도,192,2024,0,0,511,0,0,443,0,0,이로동,7413,5,0,0,0,0,3130,139,0,372,1610,31,0,199,1030,343,612,286,0,789,2484,2050,489,1392,0,109
27,동해시,274,0,0,0,5,0,0,0,0,3,0,0,강원특별자치도,0,2024,0,0,9,0,0,0,0,0,지가동,98,0,0,0,0,0,66,0,0,0,75,0,0,47,31,0,3,0,0,0,118,0,18,53,0,0
63,동해시,425,0,107,65,36,40,0,151,297,2,0,0,강원특별자치도,14,2024,33,0,29,18,0,32,0,0,지흥동,379,0,0,0,0,0,4,0,0,39,9,0,0,103,6,18,88,55,0,73,16,67,39,189,0,1
40888,동해시,38405,0,11917,50342,16351,13753,0,9529,48801,38161,3117,0,강원특별자치도,4406,2024,24531,0,15820,2117,0,17708,0,311,천곡동,66260,7172,0,0,0,0,50200,8709,0,22253,65007,464,0,15193,48057,4211,17689,17225,0,15546,45973,50666,18800,58639,0,1343
15,동해시,261,0,8,4,16,50,0,2,2,32,0,0,강원특별자치도,0,2024,0,0,5,0,0,11,0,0,초구동,446,0,0,0,0,0,52,0,0,0,2,0,0,6,0,7,7,21,0,4,67,23,9,32,0,0
104,동해시,78,0,106,61,272,73,0,33,0,443,0,0,강원특별자치도,0,2024,0,0,8,0,0,9,0,0,추암동,2,0,0,0,0,0,565,0,0,0,704,0,0,41,158,6,195,48,0,0,139,462,209,200,0,0
9048,동해시,7924,0,1873,8111,3043,2750,0,1477,8397,5980,179,0,강원특별자치도,823,2024,1750,0,2457,344,0,3084,0,32,평릉동,23053,1211,0,0,0,0,8200,679,0,2801,7434,237,0,3030,4726,838,2618,2381,0,2450,6557,5832,2966,9392,0,197
4169,동해시,6161,0,996,5046,1093,928,0,745,3258,4088,0,0,강원특별자치도,574,2024,1363,0,1186,726,0,1312,0,0,효가동,6598,973,0,0,0,0,4844,0,0,1799,11623,0,0,1332,3281,630,1648,1324,0,957,6375,4729,1513,8205,0,160
200,삼척시,785,0,1,53,4,60,0,19,560,146,0,0,강원특별자치도,0,2024,0,0,118,0,0,54,0,0,가곡면,168,137,0,0,0,0,112,0,0,0,140,0,0,25,18,0,24,87,0,30,0,1,0,186,0,1
2,삼척시,3,0,31,6,32,0,0,50,178,440,0,0,강원특별자치도,0,2024,0,0,133,0,0,6,0,0,갈천동,0,0,0,0,0,0,394,0,0,0,350,0,0,16,336,2,30,46,0,109,0,20,0,395,0,0
1168,삼척시,3,0,10,2,16,4,0,52,630,166,0,0,강원특별자치도,0,2024,0,0,93,0,0,0,0,0,건지동,1549,0,0,0,0,0,2,0,0,0,276,0,0,0,42,3,41,0,0,34,520,444,44,65,0,0
2360,삼척시,3699,0,880,3245,904,596,0,1586,3634,3107,0,0,강원특별자치도,331,2024,731,0,1168,301,0,943,0,0,교동,13239,851,0,0,0,0,2417,15,0,1144,3355,95,0,570,2882,107,1139,416,0,1211,3233,2686,674,2636,0,6
8992,삼척시,6683,0,1092,4263,1372,746,0,447,6946,7708,0,0,강원특별자치도,507,2024,254,0,1486,16,0,1823,0,0,근덕면,5539,138,0,0,0,0,6153,215,0,644,3557,5,0,1757,1826,668,1150,1394,0,1694,4356,5082,1816,4550,0,38
43,삼척시,0,0,0,18,0,0,0,0,0,529,0,0,강원특별자치도,0,2024,0,0,1,0,0,2,0,0,근산동,0,0,0,0,0,0,0,0,0,0,18,0,0,0,0,5,0,0,0,0,0,0,0,0,0,0
14123,삼척시,10544,0,2603,17586,5221,6301,0,2901,18017,7238,0,0,강원특별자치도,595,2024,2213,0,2524,170,338,3715,0,0,남양동,13216,2896,0,0,0,0,14844,3,0,5659,19644,151,0,4907,7348,869,4122,3598,0,3960,17209,14433,3119,19700,0,4
104,삼척시,1590,0,9,47,3,22,0,19,587,825,0,0,강원특별자치도,8,2024,0,0,11,0,0,18,0,0,노곡면,1491,0,0,0,0,0,660,0,0,17,141,0,0,22,128,18,51,31,0,23,437,100,32,352,0,0
1078,삼척시,842,0,387,1493,585,504,0,595,1239,1298,0,0,강원특별자치도,129,2024,300,0,458,53,0,582,0,0,당저동,2421,1026,0,0,0,0,823,3,0,1010,2417,38,0,320,1667,262,724,387,0,665,1368,1735,417,1960,0,1
15,삼척시,646,0,0,13,6,3,0,2,297,17,0,0,강원특별자치도,0,2024,0,0,9,0,0,3,0,0,도경동,532,1,0,0,0,0,29,0,0,0,13,0,0,15,19,0,0,5,0,6,29,8,10,113,0,0
1652,삼척시,6040,0,528,739,217,187,0,258,2870,2062,0,0,강원특별자치도,1,2024,0,0,422,0,0,358,0,0,도계읍,2770,459,0,0,0,0,1393,0,0,12,1059,0,0,196,952,71,42,183,0,372,1098,819,108,1735,0,0
69,삼척시,13,0,3,9,2,4,0,0,30,3,0,0,강원특별자치도,0,2024,0,0,2,0,0,1,0,0,등봉동,399,3,0,0,0,0,27,0,0,0,6,0,0,0,0,0,2,2,0,6,53,12,3,48,0,0
503,삼척시,485,0,212,343,185,48,0,314,547,887,0,0,강원특별자치도,77,2024,53,0,315,75,0,188,0,0,마달동,1555,136,0,0,0,0,705,3,0,60,404,21,0,148,397,22,255,95,0,220,341,294,123,330,0,0
0,삼척시,347,0,0,0,0,0,0,0,123,0,0,0,강원특별자치도,0,2024,0,0,0,0,0,5,0,0,마평동,0,0,0,0,0,0,0,0,0,0,0,0,0,2,0,0,19,0,0,14,0,0,0,16,0,0
1208,삼척시,4887,0,133,947,135,85,0,65,1056,3606,0,0,강원특별자치도,0,2024,0,0,132,0,0,105,0,0,미로면,1591,264,0,0,0,0,1820,0,0,0,353,0,0,232,490,56,10,175,0,110,2461,702,305,346,0,138
105,삼척시,198,0,85,33,78,848,0,9,72,170,0,0,강원특별자치도,6,2024,0,0,36,0,0,41,0,0,사직동,665,36,0,0,0,0,152,0,0,8,2695,1,0,55,26,132,59,71,0,45,51,37,35,2575,0,2
1,삼척시,0,0,0,0,0,0,0,0,0,0,0,0,강원특별자치도,0,2024,0,0,1,0,0,0,0,0,성남동,0,0,0,0,0,0,0,0,0,0,15,0,0,0,0,6,0,0,0,0,0,0,1,0,0,0
4,삼척시,1,0,2,1,7,29,0,0,2,0,0,0,강원특별자치도,1,2024,0,0,2,0,0,1,0,0,성북동,2,0,0,0,0,0,1,0,0,0,0,0,0,11,0,0,4,2,0,15,2,0,6,2,0,0
507,삼척시,1389,0,34,75,46,4,0,58,365,2158,0,0,강원특별자치도,0,2024,0,0,94,0,0,52,0,0,신기면,0,4,0,0,0,0,543,0,0,0,317,0,0,112,386,274,66,106,0,33,700,120,104,541,0,1
102,삼척시,289,0,85,132,96,34,0,14,122,388,0,0,강원특별자치도,10,2024,0,0,36,0,0,45,0,0,오분동,405,0,0,0,0,0,152,0,0,59,404,6,0,170,8,7,63,66,0,96,37,39,37,185,0,8
283,삼척시,255,0,162,563,243,247,0,272,445,393,0,0,강원특별자치도,68,2024,268,0,195,52,0,247,0,0,우지동,468,31,0,0,0,0,732,9,0,119,739,3,0,194,988,59,232,232,0,343,273,483,225,422,0,1
386,삼척시,228,0,29,90,39,250,0,41,223,28,0,0,강원특별자치도,4,2024,0,0,40,0,0,52,0,0,원당동,615,75,0,0,0,0,402,0,0,2,223,0,0,43,269,12,64,14,0,73,277,243,91,68,0,0
3655,삼척시,5054,0,704,2276,845,925,0,617,3172,3781,0,0,강원특별자치도,37,2024,495,0,1093,398,0,787,0,0,원덕읍,6149,81,0,0,0,0,4027,0,0,134,1844,0,0,907,832,318,991,994,0,1073,3457,2538,941,2451,0,112
2052,삼척시,396,0,55,1079,752,300,0,55,1825,25,0,0,강원특별자치도,19,2024,0,0,180,0,0,133,0,0,읍중동,635,107,0,0,0,0,3530,0,0,0,3492,0,0,291,255,34,112,576,0,391,4511,707,612,226,0,0
40,삼척시,146,0,14,22,11,68,0,11,121,14,0,0,강원특별자치도,7,2024,0,0,50,0,0,12,0,0,자원동,180,35,0,0,0,0,32,0,0,0,4303,0,0,41,19,1,66,13,0,26,342,243,16,5603,0,0
6,삼척시,644,0,0,0,0,0,0,4,427,908,0,0,강원특별자치도,3,2024,0,0,0,0,0,0,0,0,적노동,21,0,0,0,0,0,0,0,0,19,0,0,0,24,0,32,33,45,0,16,0,0,0,166,0,0
800,삼척시,3627,0,305,816,156,436,0,273,1472,2954,0,0,강원특별자치도,45,2024,0,0,280,0,0,297,0,0,정상동,9343,38,0,0,0,0,1058,1,0,101,714,6,0,213,91,96,252,189,0,230,1709,691,156,885,0,0
202,삼척시,1450,0,44,183,24,14,0,28,310,1027,0,0,강원특별자치도,0,2024,0,0,45,0,0,63,0,0,정하동,3,0,0,0,0,0,459,0,0,101,238,0,0,27,58,155,41,95,0,98,433,415,25,89,0,0
4,삼척시,991,0,0,0,0,0,0,6,558,1445,0,0,강원특별자치도,7,2024,0,0,0,0,0,0,0,0,조비동,0,0,0,0,0,0,0,0,0,53,0,0,0,29,0,52,79,5,0,77,0,0,0,279,0,0
40,삼척시,37,0,49,13,199,0,0,30,32,47,0,0,강원특별자치도,0,2024,0,0,0,0,0,29,0,0,증산동,0,0,0,0,0,0,131,0,0,0,0,0,0,14,125,9,51,41,0,43,0,162,0,63,0,0
399,삼척시,358,0,3,405,57,23,0,71,102,220,0,0,강원특별자치도,2,2024,0,0,0,0,0,15,0,0,하장면,894,4,0,0,0,0,93,0,0,25,88,0,0,26,325,14,114,15,0,77,223,154,11,324,0,0
50666,속초시,52429,0,17080,54441,17241,15050,0,14742,51921,34946,88,0,강원특별자치도,6227,2024,13120,0,18761,3298,0,19833,0,139,교동,59639,4372,0,0,0,0,56631,8509,0,19512,65351,1026,0,15185,39824,4896,20512,17953,0,18037,51258,50085,19993,69467,0,766
7653,속초시,6871,0,5817,9856,4542,2147,0,5471,7733,4108,3,0,강원특별자치도,2451,2024,7064,0,6855,1228,0,7176,0,74,금호동,6381,206,0,0,0,0,8368,2584,0,7372,10526,435,0,2798,9532,457,6683,5328,0,5381,7756,10811,5849,10609,0,38
2319,속초시,2575,0,1024,2603,1068,1429,0,724,3754,2104,0,0,강원특별자치도,329,2024,709,0,922,353,0,1532,0,0,노학동,4264,0,0,0,0,0,3187,0,0,45,2452,0,0,1239,2069,874,998,1001,0,1086,2769,3920,795,2843,0,0
7702,속초시,7973,0,4109,7967,2691,2440,0,3451,7900,4592,873,0,강원특별자치도,1912,2024,7429,0,4148,1577,0,3637,0,34,대포동,7909,1810,0,0,0,0,7560,4155,0,6172,9302,562,0,1963,9131,1222,3655,3407,0,3371,8388,9173,3598,8860,0,258
2488,속초시,2355,0,821,2007,398,515,0,520,1922,2632,7,0,강원특별자치도,181,2024,271,0,1114,194,0,913,0,0,도문동,3467,6,0,0,0,0,1754,23,0,147,2073,137,0,403,1028,155,1150,776,0,813,1817,1093,822,1491,0,3
10353,속초시,9567,0,6549,10260,5334,4386,0,6343,8873,8703,0,0,강원특별자치도,3122,2024,3300,0,7879,1569,0,7436,0,0,동명동,11513,1178,0,0,0,0,9005,1828,0,5295,14591,653,0,4032,8137,2320,6838,6872,0,7093,8474,10347,5934,10219,0,290
6396,속초시,6024,0,2958,16510,9331,4712,0,2445,11482,4097,0,0,강원특별자치도,1092,2024,1032,0,4721,701,0,7084,0,0,설악동,5204,0,0,0,0,0,8937,139,0,1082,15797,680,0,9147,7065,2360,5323,9936,0,8601,13274,11420,6637,16263,0,0
9591,속초시,11322,0,3947,9056,2756,2089,0,3458,9515,7037,0,0,강원특별자치도,2237,2024,3683,0,4044,1440,0,4476,0,0,영랑동,12132,614,0,0,0,0,9970,1560,0,3965,9017,568,0,2395,6716,1420,4529,3522,0,3582,10800,12590,4304,11281,0,111
6405,속초시,7076,0,1959,7167,1434,947,0,1720,7186,7245,0,0,강원특별자치도,1023,2024,3165,0,2254,667,0,2207,0,0,장사동,9856,1199,0,0,0,0,9265,1253,0,2950,24799,243,0,1061,5049,396,2047,1942,0,1886,8352,9124,1766,15784,0,43
54933,속초시,67729,0,27702,60140,16901,10962,0,24080,54688,65185,1034,0,강원특별자치도,15058,2024,27259,0,29670,9562,0,26665,0,305,조양동,103948,10946,0,0,0,0,66833,15945,0,32883,65639,4236,0,13924,52564,4458,27354,21998,0,20569,63386,59641,25455,59990,0,841
29130,속초시,17650,0,12588,50770,16833,8451,0,8863,42270,7815,3,0,강원특별자치도,4507,2024,15651,0,14437,1343,0,18744,0,177,중앙동,12206,1263,0,0,0,0,37838,7473,0,23197,53338,502,0,11381,35470,2072,16585,18411,0,17819,39400,44671,18421,54299,0,207
5428,속초시,5494,0,1468,6814,1496,870,0,820,5438,5248,0,0,강원특별자치도,443,2024,1782,0,1247,161,0,1686,0,0,청학동,6429,1134,0,0,0,0,5625,1038,0,4004,9745,160,0,1546,7067,438,1460,1328,0,1092,5980,8097,1507,9634,0,23
26,속초시,0,0,4,126,3,0,0,0,0,0,0,0,강원특별자치도,0,2024,0,0,6,0,0,20,0,0,청호동,0,0,0,0,0,0,0,0,0,0,25,0,0,0,0,0,0,0,0,0,0,7,0,0,0,0
1235,양구군,1279,0,32,692,22,30,0,30,1139,2766,0,0,강원특별자치도,13,2024,392,0,33,23,0,20,0,0,국토정중앙면,3825,0,0,0,0,0,424,92,0,599,1175,11,0,16,857,139,21,8,0,18,888,1331,22,1141,0,0
1259,양구군,1167,0,12,425,15,8,0,129,466,2346,0,0,강원특별자치도,14,2024,63,0,30,18,0,17,0,0,동면,954,19,0,0,0,0,804,4,0,102,1347,7,0,22,283,11,26,21,0,9,660,261,15,699,0,0
692,양구군,898,0,97,453,25,15,0,92,565,3845,0,0,강원특별자치도,322,2024,141,0,19,60,0,29,0,0,방산면,1757,0,0,0,0,0,840,0,0,201,508,0,0,21,502,8,29,19,0,15,613,568,31,1718,0,0
4377,양구군,4767,0,118,6265,144,572,0,438,4322,4928,4,0,강원특별자치도,159,2024,5666,2,156,60,2,220,0,0,양구읍,9396,167,0,0,0,0,5348,257,0,7248,7751,17,0,378,10537,207,387,173,0,299,4779,6832,120,5633,0,0
57,양구군,0,0,0,0,7,0,0,5,4,1722,0,0,강원특별자치도,3,2024,0,0,0,0,0,0,0,0,해안면,0,0,0,0,0,0,773,0,0,89,0,0,0,0,8,11,21,6,0,2,46,0,0,486,0,0
8221,양양군,6453,0,2443,8142,2432,1429,0,1760,10329,4880,0,0,강원특별자치도,1475,2024,3176,0,2789,1161,0,3254,0,0,강현면,9024,166,0,0,0,0,8166,1661,0,3451,10528,471,0,1637,6527,518,3078,3131,0,3004,8538,10500,2980,9054,0,31
809,양양군,3604,0,306,1513,32,296,0,179,2011,1392,0,0,강원특별자치도,287,2024,147,0,19,32,0,308,0,0,서면,4471,0,0,0,0,0,938,0,0,1536,533,0,0,178,830,141,407,245,0,220,1877,2267,117,1752,0,0
865,양양군,1884,0,120,1015,29,91,0,231,1374,2154,0,0,강원특별자치도,15,2024,4,0,159,0,0,200,0,0,손양면,819,0,0,0,0,0,1589,0,0,55,533,0,0,100,680,33,168,163,0,197,573,409,38,564,0,0
19247,양양군,14481,0,4077,22131,4019,2712,0,3234,22369,12655,0,0,강원특별자치도,2135,2024,4817,0,3631,1103,0,4826,0,0,양양읍,19588,49,0,0,0,0,17356,2607,0,6511,16930,386,0,2574,16934,753,4691,5044,0,5808,19485,15787,4742,21097,0,4
1833,양양군,3187,0,324,1193,177,112,0,408,2204,2656,0,0,강원특별자치도,154,2024,0,0,265,0,0,488,0,0,현남면,4012,17,0,0,0,0,2317,0,0,606,995,0,0,219,409,153,299,400,0,279,1396,780,289,1673,0,5
939,양양군,3133,0,569,1228,75,78,0,193,1477,2508,0,0,강원특별자치도,120,2024,0,0,396,0,0,507,0,0,현북면,2089,0,0,0,0,0,1405,0,0,1005,1319,0,0,293,588,88,81,320,0,461,1531,1176,345,807,0,0
758,영월군,4037,0,14,473,299,27,0,384,1635,5007,0,0,강원특별자치도,47,2024,63,0,164,2,0,244,0,0,김삿갓면,577,283,0,0,0,0,2805,0,0,522,1449,0,0,122,1813,33,290,183,0,115,1298,209,206,2199,0,33
2968,영월군,1001,0,143,1010,136,8,0,88,1218,3034,0,0,강원특별자치도,171,2024,39,0,88,34,0,188,0,0,남면,427,22,0,0,0,0,971,1,0,108,428,0,0,37,206,24,83,71,0,127,223,735,57,514,0,15
425,영월군,1460,0,216,294,82,22,0,199,1,2114,0,0,강원특별자치도,23,2024,0,0,38,0,0,49,0,0,무릉도원면,1403,2,0,0,0,0,3183,0,0,354,552,0,0,66,194,109,439,222,0,0,874,261,143,1356,0,0
2136,영월군,2996,0,100,771,22,32,0,80,1942,967,0,0,강원특별자치도,172,2024,69,0,260,11,0,94,0,0,북면,2217,61,0,0,0,0,162,0,0,204,1871,0,0,91,705,11,262,311,0,430,1426,994,144,2735,0,5
655,영월군,2666,0,832,552,61,385,0,107,131,2597,0,0,강원특별자치도,104,2024,14,0,493,0,0,52,0,0,산솔면,1822,228,0,0,0,0,1484,0,0,124,1084,0,0,1674,413,574,875,824,0,339,3508,938,1519,1067,0,1
825,영월군,478,0,59,1497,228,308,0,88,1078,468,0,0,강원특별자치도,44,2024,0,0,152,0,0,490,0,0,상동읍,2478,356,0,0,0,0,425,0,0,64,39,0,0,15,80,8,45,314,0,77,1,342,0,238,0,0
13443,영월군,10739,2,1513,13122,2277,1652,30,1488,13573,9132,94,13,강원특별자치도,750,2024,483,0,1357,184,0,2083,1,11,영월읍,16244,2813,1,0,0,0,11748,210,3,6182,8256,38,6,2217,10527,2230,1795,1642,7,1362,15673,17717,2055,12275,0,169
3580,영월군,4646,0,389,4425,770,1149,0,695,5204,3336,0,0,강원특별자치도,368,2024,559,0,692,258,0,677,0,0,주천면,6566,20,0,0,0,0,3528,242,0,460,3469,221,0,410,3548,169,427,1194,0,523,2581,4398,677,2651,0,1
2633,영월군,3582,0,324,1553,188,1042,0,176,2579,6656,21,0,강원특별자치도,55,2024,436,0,158,40,0,245,0,11,한반도면,5883,19,0,0,0,0,821,18,0,349,2285,0,0,220,600,128,135,233,0,345,1287,286,173,160,0,7
17237,원주시,18332,0,4726,14263,5207,3841,0,3909,16408,23057,1169,0,강원특별자치도,1870,2024,5777,0,2155,959,2967,3773,0,103,가현동,24766,7364,0,70,0,0,15520,4002,0,9254,13704,531,0,5263,14911,3447,2463,2628,0,3881,14704,18534,2623,13212,0,1199
41728,원주시,37050,0,17978,46820,14878,18586,735,15849,43191,36134,6293,0,강원특별자치도,8309,2024,29035,0,19447,5723,931,16149,1,1139,개운동,48038,12858,0,131,0,0,45366,24311,0,31168,81604,4565,52,17468,50569,10432,17148,15492,0,16030,45361,57506,16916,50043,0,2938
23488,원주시,29275,0,15845,28829,9530,10844,131,16781,31112,36210,921,0,강원특별자치도,11820,2024,12656,1,17700,9314,990,12872,4,3005,관설동,47852,10105,0,24,0,0,24174,8715,0,17245,72974,7286,578,8953,27101,5556,13347,10971,0,12926,27758,45151,11857,39087,0,1129
2360,원주시,2457,0,654,1568,743,588,0,494,1813,3470,0,0,강원특별자치도,265,2024,216,0,896,200,0,979,0,0,귀래면,4028,1583,0,0,0,0,2235,78,0,239,2132,33,0,870,1069,657,522,923,0,1234,2772,1332,798,1292,0,535
103111,원주시,111086,0,107459,133831,69622,76060,3966,105427,120169,106769,45147,1,강원특별자치도,64317,2024,145842,0,104146,49390,612,86278,9,14425,단계동,143788,29515,0,96,0,1,106716,109655,0,130836,182077,35060,1534,74418,182982,49438,90054,72617,2,82561,126442,175014,86157,150246,0,13179
63097,원주시,75220,0,41324,62702,23407,26840,2445,43282,69087,97770,12899,0,강원특별자치도,27552,2024,37901,0,45292,20054,1484,34373,2,6688,단구동,126767,26989,0,10,0,0,62429,30979,0,47417,76768,15165,1892,24985,74906,11848,37161,25839,0,31967,67438,75704,33466,73051,0,1430
44769,원주시,49228,0,26697,44053,20484,22809,94,28149,49907,51432,3423,0,강원특별자치도,16506,2024,22865,0,29013,12179,716,24650,2,2293,명륜동,70487,14280,0,13,0,1,42856,18570,0,28832,56173,9283,88,19894,46521,10122,28115,20557,1,25878,45253,51081,25303,52383,0,3876
41482,원주시,54035,0,34659,45436,23883,33501,2311,41098,59548,52602,16305,0,강원특별자치도,26200,2024,55768,0,38119,15434,2,33694,3,3012,무실동,81125,9040,0,54,0,0,51917,48772,0,64998,80315,12781,1808,26694,79405,12578,42158,28940,0,34853,59800,69747,32368,64332,0,5716
29128,원주시,31793,0,13482,24585,13742,13832,58,12303,32239,38560,1224,0,강원특별자치도,8583,2024,11683,0,15363,7314,3,12907,1,1735,문막읍,44079,7819,0,0,0,0,32267,8644,0,11822,41205,6084,153,10299,26039,6222,12873,10637,0,14034,35708,26858,13729,32354,0,3515
30202,원주시,33742,0,18158,38404,11827,35876,1012,20348,36840,50188,3810,0,강원특별자치도,13663,2024,28311,0,19708,10981,1,13573,6,3775,반곡동,58414,6654,0,0,0,0,31883,20052,89,34219,63406,8948,1973,13394,75898,13092,15035,13226,0,13989,38930,53998,16235,52742,0,4129
5814,원주시,7058,0,2667,4459,2025,2730,21,3619,5289,10894,268,0,강원특별자치도,1677,2024,1055,0,3013,1260,0,2698,0,357,봉산동,10129,1377,0,0,0,0,4413,1276,0,2035,3691,763,23,1924,4088,2184,2314,1956,0,2018,4469,3624,2174,4309,0,91
543,원주시,2930,0,630,675,491,765,0,279,2643,4116,0,0,강원특별자치도,455,2024,200,0,1202,606,0,590,1,0,부론면,3722,360,0,0,0,1,3235,133,0,879,2127,490,0,1067,1918,627,900,652,0,826,2221,1475,454,2782,0,130
18393,원주시,23187,0,5575,16562,4409,5298,0,5117,16958,24923,375,0,강원특별자치도,4490,2024,3421,0,5492,6371,1073,5712,0,811,소초면,26544,7659,0,44,0,1,16463,2382,3,5382,14326,6153,93,4848,11512,3633,6039,6032,0,5707,17287,21332,4886,17024,0,860
3406,원주시,8854,0,1288,2010,1811,1061,0,913,4724,9241,53,1,강원특별자치도,927,2024,815,0,2648,579,1,1974,0,4,신림면,3929,1518,0,0,0,0,5122,297,0,1944,5468,315,0,1464,2183,743,1183,1203,0,1505,4743,3952,1568,4641,0,246
36363,원주시,31338,0,16831,34636,11588,16500,311,18828,42616,33049,3276,0,강원특별자치도,12905,2024,16448,1,15479,11587,811,14085,0,4009,우산동,40364,16107,0,124,0,0,38977,12406,0,23234,77087,10423,214,17257,49309,8338,14607,12869,0,12590,44633,55170,13449,52545,0,1276
5408,원주시,6724,0,3520,7176,4642,5456,1,3125,8192,8380,959,0,강원특별자치도,1892,2024,4248,0,4145,1649,0,4035,0,556,원동,6424,1237,0,1,0,0,7055,2447,0,4303,8451,1067,0,5616,8668,3749,3331,4264,0,3625,7748,8802,4031,8336,0,1303
423,원주시,374,0,238,768,377,426,0,351,1001,400,180,0,강원특별자치도,123,2024,555,0,360,181,0,323,0,10,인동,741,167,0,0,0,0,553,511,0,739,1382,93,0,409,1179,604,316,351,0,381,876,1054,620,1009,0,460
57032,원주시,48560,0,36282,90032,58680,43544,0,33213,80707,36681,5223,1,강원특별자치도,16467,2024,31911,0,46026,12722,67,51373,4,2776,일산동,48799,12161,0,126,0,1,71421,18400,0,44407,110629,8137,2,54426,99370,20909,45654,54964,0,49557,85472,109585,58470,106620,0,7100
3833,원주시,3503,0,2341,6622,5582,5106,0,2252,6086,1645,109,0,강원특별자치도,962,2024,1565,0,2791,743,0,3450,0,44,중앙동,3448,237,0,0,0,1,4145,1127,0,3462,6792,400,0,5269,7154,2136,2588,3151,1,3957,5066,7027,3578,7364,0,916
18639,원주시,28015,0,7745,11512,3264,4879,2327,8478,22615,27092,4187,0,강원특별자치도,6323,2024,7071,0,7320,7235,0,7006,5,1839,지정면,21216,10530,0,0,0,0,14811,7035,71,10275,17366,5335,2147,4235,17013,5109,7650,4770,0,6509,17695,19822,5946,20292,0,1127
55423,원주시,64841,0,28913,49425,17950,22013,211,30686,51847,111196,2689,1,강원특별자치도,21136,2024,20413,2,30313,14033,1779,23865,0,3851,태장동,94735,21198,0,38,0,0,49782,14552,6,25713,47251,11039,364,16769,49551,16162,29824,20072,2,25113,54737,49995,24065,50515,0,3405
7146,원주시,9500,0,6571,5681,3451,3835,0,6955,7387,11686,61,0,강원특별자치도,4873,2024,2647,0,5385,3362,0,3957,0,115,판부면,17971,3700,0,0,0,0,7111,1412,0,3630,6664,2735,0,3125,6272,1442,5301,3427,0,4031,7821,7056,3896,8219,0,1153
44532,원주시,29769,0,27673,75062,44570,31560,193,18992,67985,16680,4079,0,강원특별자치도,10668,2024,19572,0,38032,6594,584,45578,1,779,평원동,21310,5951,0,452,0,1,61059,11412,0,32725,84241,4082,26,44774,55460,19287,39989,49484,1,47369,64640,75537,47022,80373,0,4971
15495,원주시,15330,0,9636,16298,9743,12278,58,8856,15935,13242,1641,0,강원특별자치도,5093,2024,6539,0,9218,4146,343,8784,0,945,학성동,20503,6130,0,203,0,0,15499,4868,0,10185,22170,2390,48,11730,22770,5886,8857,9833,0,8880,17529,23588,9696,18339,0,1409
10734,원주시,12864,0,3980,10364,2844,4008,9,4206,11742,10909,328,0,강원특별자치도,2452,2024,3932,0,4838,2153,0,3688,0,480,행구동,14552,2961,0,0,0,0,8862,3307,0,6138,16666,1468,13,2400,10601,1992,4341,3349,0,3640,10625,15584,3683,24781,0,455
7228,원주시,5349,0,4229,9470,3374,5517,2665,3071,5862,5937,2338,0,강원특별자치도,2820,2024,6015,0,3787,1969,2,3640,0,815,호저면,13715,1256,0,2,0,0,6651,6283,0,10109,8534,982,136,3400,6761,5865,2268,5701,0,2521,3465,7430,3049,4535,0,1208
30906,원주시,27552,0,18796,48468,15841,19844,1,19105,46032,26949,1003,0,강원특별자치도,17704,2024,17772,0,21307,13472,3,17295,2,409,흥업면,35188,6889,0,0,0,0,44003,15128,0,26005,102861,14809,7,17672,47714,6347,14695,15594,0,18251,43138,50987,20341,52173,0,2214
3393,인제군,3066,0,638,3288,378,505,0,120,4204,2922,0,0,강원특별자치도,176,2024,14,0,292,78,0,409,0,0,기린면,2999,609,0,0,0,0,1860,0,0,855,3496,0,0,113,4203,1304,435,300,0,247,2460,3116,411,1953,0,103
2184,인제군,3523,0,398,2057,141,294,0,93,1956,4644,0,0,강원특별자치도,116,2024,212,0,266,58,0,203,0,0,남면,4291,601,0,0,0,0,1563,3,0,510,1267,2,0,163,540,192,96,117,0,181,1785,3649,109,1217,0,37
6490,인제군,8369,0,1393,9478,1255,7037,0,2554,4675,11674,0,0,강원특별자치도,1869,2024,10757,0,1854,1831,9,1099,0,0,북면,14775,1944,0,1,0,0,4997,4,0,9376,6997,65,0,1778,13177,3507,1136,1150,0,1114,7476,11500,1580,9175,0,42
381,인제군,606,0,212,345,68,254,0,515,478,3232,0,0,강원특별자치도,133,2024,6,0,195,1,0,104,0,0,상남면,871,1,0,0,0,0,511,1,0,32,197,0,0,40,224,240,82,82,0,56,348,724,28,433,0,0
1883,인제군,3121,0,1277,948,190,612,0,1779,1510,11132,0,0,강원특별자치도,2922,2024,149,0,1227,1489,0,384,0,0,서화면,5407,69,0,0,0,0,2342,0,0,1791,1737,0,0,152,1691,368,670,225,0,311,3854,3497,366,1640,0,12
5357,인제군,4882,0,519,4801,1338,2308,0,708,4735,7834,0,0,강원특별자치도,349,2024,1400,0,917,899,0,771,0,0,인제읍,7152,619,0,0,0,0,5774,1,0,2429,4976,16,0,654,5736,538,650,819,0,603,5463,5470,672,7334,0,31
13082,정선군,12879,0,4004,9188,3918,3825,0,4440,6815,5795,30,0,강원특별자치도,1599,2024,1628,0,3573,791,0,2688,0,6,고한읍,14198,1876,0,0,0,0,11586,1274,0,4020,7718,340,0,6228,9844,429,4645,3888,0,2949,8740,8511,3424,13434,0,53
6468,정선군,10164,0,804,4401,1768,1368,0,759,5597,7187,302,0,강원특별자치도,422,2024,732,0,1654,193,0,1130,0,71,남면,13576,0,0,0,0,0,5371,14,0,1619,6386,57,0,1785,1699,479,1255,1145,0,1563,6487,3470,1748,3494,0,0
1466,정선군,5706,0,855,2440,132,678,0,415,3348,5522,0,0,강원특별자치도,91,2024,155,0,526,137,0,681,0,0,북평면,6345,106,0,0,0,0,3769,0,0,237,2034,0,0,884,821,248,1026,2192,0,463,2824,2431,2116,2129,0,79
10014,정선군,11498,0,1475,6022,2585,3525,0,1854,10079,5421,123,0,강원특별자치도,698,2024,3294,0,1644,431,0,1415,0,32,사북읍,13528,0,0,0,0,0,7043,1658,0,3641,10773,140,0,3479,9291,316,2107,1762,0,1934,7425,9170,2125,11090,0,0
4523,정선군,1786,0,395,1897,435,896,0,523,3081,3752,0,0,강원특별자치도,159,2024,251,0,267,101,0,499,0,0,신동읍,11923,224,0,0,0,0,3173,0,0,392,1128,0,0,477,3233,127,760,520,0,611,5297,3095,806,3454,0,28
1106,정선군,4288,0,947,1733,864,803,0,638,3511,5121,0,0,강원특별자치도,82,2024,0,0,1460,0,0,633,0,0,여량면,3720,29,0,0,0,0,2762,0,0,146,1306,0,0,1235,1146,1561,1510,2311,0,1893,1883,1293,1067,2363,0,11
4039,정선군,4796,0,497,2431,4414,3500,0,1165,5354,4972,0,0,강원특별자치도,0,2024,0,0,356,0,0,365,0,0,임계면,1960,198,0,0,0,0,196,0,0,0,439,0,0,2311,655,1666,3940,1638,0,3068,3191,2011,3651,2285,0,22
19830,정선군,15097,0,2227,18033,3899,5253,0,2551,15121,16040,0,0,강원특별자치도,846,2024,719,0,3772,394,0,3035,0,0,정선읍,31363,1659,0,0,0,0,19941,154,0,4256,27744,105,0,6139,25520,540,3175,4101,0,2980,23348,25111,4409,22425,0,42
3598,정선군,1771,0,89,1129,147,194,0,119,1057,1909,0,0,강원특별자치도,26,2024,0,0,450,0,0,181,0,0,화암면,5560,4,0,0,0,0,1971,0,0,467,1711,0,0,240,1133,224,608,295,0,425,4478,772,491,1385,0,4
13087,철원군,12996,0,2443,15327,1637,2922,12,2915,12944,16636,237,0,강원특별자치도,1324,2024,4814,0,2521,979,0,2357,0,146,갈말읍,18822,1666,0,0,0,0,10617,6366,0,7540,13042,1168,2,1961,13666,1744,1916,1602,0,1824,12833,16365,1697,10452,0,182
786,철원군,4106,0,59,1216,45,15,0,58,2737,2545,0,0,강원특별자치도,19,2024,0,0,18,0,0,120,0,0,근남면,1345,34,0,0,0,0,454,0,0,52,330,0,0,70,497,28,46,73,0,114,318,376,12,529,0,2
0,철원군,620,0,0,0,0,0,0,308,0,939,0,0,강원특별자치도,16,2024,0,0,0,0,0,0,0,0,근북면,0,0,0,0,0,0,173,0,0,3,1,0,0,8,24,10,7,36,0,0,207,0,28,60,0,0
3327,철원군,5300,0,418,2535,286,233,0,279,1454,6414,2,0,강원특별자치도,174,2024,289,0,453,195,0,254,0,5,김화읍,5133,171,0,0,0,0,3405,126,0,624,3018,55,0,107,1331,178,338,171,0,200,3922,2070,301,1903,0,27
11496,철원군,11482,0,2851,12081,1990,2866,8,2891,13251,11254,72,0,강원특별자치도,1375,2024,5600,0,2425,887,0,2166,0,219,동송읍,14863,3689,0,0,0,0,9362,1261,0,7259,14314,947,3,3305,7175,1436,2372,2320,0,3005,11249,10405,3338,16842,0,51
10002,철원군,5130,0,852,7631,1104,968,1,427,11963,6124,20,1,강원특별자치도,629,2024,3951,0,722,151,0,1251,0,10,서면,8118,1375,0,0,0,0,5990,346,0,7464,12433,65,2,846,11398,1060,599,398,0,953,7728,16021,638,11245,0,54
0,철원군,0,0,0,0,0,0,0,0,0,2201,0,0,강원특별자치도,1008,2024,0,0,0,0,0,0,0,0,원남면,0,0,0,0,0,0,0,0,0,50,0,0,0,0,0,25,0,0,0,0,0,0,0,0,0,0
2287,철원군,2443,0,606,2642,1156,563,0,801,2043,1480,100,0,강원특별자치도,486,2024,338,0,788,263,0,1055,0,127,철원읍,4143,677,0,0,0,0,1254,382,0,738,1684,210,0,999,1212,221,698,519,0,850,2697,1360,1033,1712,0,124
17604,춘천시,14204,0,10431,20714,11278,13272,133,10551,20033,7655,3206,0,강원특별자치도,7249,2024,11190,0,11358,7566,291,10216,0,4401,교동,14569,2015,0,17,0,0,17571,8802,0,11871,46664,7015,363,9311,22747,5390,8936,10212,0,11958,21048,35607,12123,31725,0,1827
60627,춘천시,61573,0,64714,85856,62701,60080,2256,59858,68363,41440,13741,32,강원특별자치도,52072,2024,37381,3618,71309,30625,8426,59111,0,18591,근화동,68656,23654,0,1306,0,0,71755,29121,8311,51063,114687,25759,15318,71669,85437,26124,76207,80067,0,67018,81289,103052,76797,111095,21,10430
27979,춘천시,14176,0,4825,30540,11204,11867,16,4014,27128,9478,388,0,강원특별자치도,2037,2024,4445,0,7729,1421,433,6901,0,104,낙원동,13019,2461,0,373,0,0,25790,2078,0,7423,28471,635,1,9844,13125,7851,6740,9682,0,7664,22415,20844,9324,28909,0,2317
1398,춘천시,4234,0,403,266,508,1078,0,351,1017,3017,0,0,강원특별자치도,2,2024,325,0,574,346,0,633,0,0,남면,687,685,0,0,0,0,1095,105,0,142,1175,198,0,360,753,178,417,589,0,571,1798,457,356,495,0,336
27939,춘천시,20734,0,17275,36995,42352,32565,1495,15461,30739,16677,3766,255,강원특별자치도,11031,2024,8178,163,23397,8434,3546,28768,0,6100,남산면,20082,6767,0,1021,0,0,40341,6693,655,11248,46314,7036,4402,29796,21573,12557,21131,40604,0,26969,29285,38886,22703,49770,4,4308
39407,춘천시,38574,0,16179,34136,12846,15879,38,14540,42162,49443,10011,0,강원특별자치도,10183,2024,16803,0,17899,6539,470,13103,0,2926,동내면,58335,9318,0,199,0,0,36273,17198,0,19116,34842,5704,18,15836,35844,8381,14929,16039,0,13553,40970,36060,13749,32478,0,2845
20439,춘천시,28752,0,9770,21158,6870,9334,15,8011,24533,33106,3557,0,강원특별자치도,5995,2024,11017,1,11914,4103,2199,7590,0,2776,동면,31802,4807,0,23,0,0,22418,10253,0,12757,57357,4177,756,7458,29532,4394,8556,5995,0,8070,28527,35243,7929,34712,1,1265
2948,춘천시,2988,0,473,35,684,642,0,191,2254,3055,10,0,강원특별자치도,152,2024,33,0,223,132,0,284,0,1,동산면,2266,77,0,3,0,0,876,207,0,276,5570,255,0,782,1341,439,620,510,0,591,2389,77,34,1295,0,319
329,춘천시,2937,0,209,0,23,38,0,176,1719,2079,0,0,강원특별자치도,0,2024,0,0,24,0,0,0,0,0,북산면,4,15,0,0,0,0,50,2,0,0,488,75,0,1071,683,22,1051,575,0,49,0,290,0,1167,0,202
11651,춘천시,12696,0,5064,10396,4030,5457,0,4333,10719,10129,434,0,강원특별자치도,2869,2024,2558,0,6397,2354,38,5052,0,164,사농동,13693,3137,0,656,0,0,9016,1654,0,3796,15071,1604,0,3482,10866,2990,6165,4213,0,5978,10959,11956,5697,17098,0,779
836,춘천시,7310,0,701,1142,431,1619,0,103,3038,6041,1,0,강원특별자치도,342,2024,375,0,371,88,0,1407,0,0,사북면,1452,269,0,0,0,0,2622,126,0,155,963,53,0,819,2169,553,734,1510,0,1394,3005,1785,119,3145,0,131
5013,춘천시,4453,0,4139,6893,4039,2691,0,3453,5558,3359,1454,0,강원특별자치도,1846,2024,3246,0,3643,1666,29,3876,0,149,삼천동,9031,740,0,37,0,0,4218,3224,0,4762,8655,1315,0,2913,6837,718,4719,4088,0,4816,6625,10210,5087,7487,0,527
4425,춘천시,7804,0,1233,3045,2924,1207,0,674,4473,4978,20,0,강원특별자치도,597,2024,360,0,1769,381,17,2108,0,70,서면,9594,3280,0,7,0,0,6310,261,0,1259,3634,480,0,3039,1861,1661,1868,3210,0,2678,4271,3608,1044,6570,0,511
59557,춘천시,67822,0,42302,60986,26111,25006,1984,40725,69489,72954,16909,0,강원특별자치도,28761,2024,35265,0,42416,19977,3274,31564,0,9554,석사동,90316,19602,0,357,0,0,66614,31753,0,43426,76649,16218,1748,24544,67197,12171,38106,29058,0,34983,63874,72257,34150,70222,0,5302
3144,춘천시,2868,0,2303,3676,1755,1201,13,1958,3882,2658,273,0,강원특별자치도,948,2024,1513,0,2904,685,139,1858,0,21,소양로1가,2812,1028,0,148,0,0,3536,611,0,1755,4324,478,2,1295,3895,898,2787,1884,0,2296,4055,3761,1961,4523,0,341
6464,춘천시,6679,0,4792,4668,3548,3205,2,4122,6586,8743,272,0,강원특별자치도,2775,2024,1698,0,5910,1737,222,3446,0,344,소양로2가,13699,3229,0,138,0,0,5588,1364,0,2692,5739,1357,3,2929,5234,1554,5123,3961,0,4489,6835,5391,4465,6284,0,863
19707,춘천시,17277,0,14059,19283,16144,16439,68,13913,26089,9671,3633,0,강원특별자치도,6848,2024,17068,0,17851,6077,660,13608,0,1676,소양로3가,17740,3676,0,752,0,0,20718,16203,5,17920,41303,3612,100,14683,26867,6516,16367,16029,0,13379,22408,32687,18296,38409,0,2268
5855,춘천시,3919,0,1527,6111,3979,3361,28,910,5821,973,282,0,강원특별자치도,374,2024,1193,0,2550,269,123,3677,0,96,소양로4가,1810,171,0,30,0,0,6614,641,0,1279,8517,296,3,4181,4240,1153,3164,3603,0,2465,5065,4732,3670,8088,0,657
575,춘천시,278,0,475,934,328,808,0,439,749,2,240,0,강원특별자치도,414,2024,273,0,476,110,0,737,0,34,송암동,970,0,0,0,0,0,351,484,0,658,2378,110,0,363,991,224,762,539,0,802,570,1702,1049,910,0,0
2108,춘천시,2264,0,503,1545,487,1910,3,497,1308,2543,44,0,강원특별자치도,168,2024,179,0,926,369,1,750,0,53,신동,2824,610,0,1,0,0,2254,174,0,394,947,141,0,598,873,303,584,434,0,752,2180,1501,436,1192,0,139
10096,춘천시,11931,0,9621,17453,19235,12909,208,8907,12591,12506,779,129,강원특별자치도,5682,2024,5333,202,9735,5023,1232,12930,0,2511,신동면,9836,2852,0,290,0,0,12422,2397,660,6785,21204,3403,1548,13816,14664,7915,11937,22655,0,19788,15931,19831,14819,22343,2,1918
21989,춘천시,22469,0,8259,23122,14874,10388,1,6728,21949,21823,1381,0,강원특별자치도,5040,2024,6297,0,13675,3343,0,17083,0,1604,신북읍,28611,8162,0,20,0,0,20490,5044,0,8840,47779,1937,0,8023,14489,7393,14316,13989,0,22307,31097,32104,19124,49205,0,2555
3234,춘천시,5362,0,1918,3600,1377,1774,2,2165,3093,5155,515,0,강원특별자치도,1200,2024,1522,0,1866,846,336,1586,0,359,약사동,6697,1643,0,170,0,0,3349,1059,0,2224,3959,675,8,1229,3380,1030,1698,1598,0,1664,3552,3810,1696,3159,0,255
61056,춘천시,50917,0,46200,85216,53084,36947,1569,39259,77529,32795,19906,0,강원특별자치도,24312,2024,49475,0,50365,17454,855,55663,0,4540,온의동,60507,7894,0,712,0,0,68710,40914,4,48543,99009,12362,305,44896,69845,18975,52300,52263,0,50782,76539,80261,52881,93512,0,6985
782,춘천시,1082,0,2279,900,1772,1638,0,2687,735,1162,322,0,강원특별자치도,815,2024,564,0,2599,801,45,1980,0,552,요선동,1921,363,0,36,0,0,838,548,0,644,1213,549,57,1425,1713,339,2119,1723,0,1383,968,1787,1772,1751,0,77
37113,춘천시,27648,0,18908,31156,14842,15360,468,16677,37421,39916,5005,0,강원특별자치도,9980,2024,12010,0,19617,7245,544,14590,0,3372,우두동,55017,9259,0,104,0,0,31436,9891,0,15697,28690,5699,43,10228,24591,6967,19495,14515,0,17771,31104,28749,15962,22512,0,2249
21712,춘천시,18572,0,11866,24188,14155,10567,46,11706,25845,12871,3776,0,강원특별자치도,5949,2024,11574,0,12471,4226,1821,13665,0,1505,운교동,18396,6151,0,308,0,0,24738,11058,0,14641,28076,3570,28,15363,26936,6058,13324,15194,0,14144,25503,29183,15138,25562,0,2207
11672,춘천시,7265,0,10175,23927,14778,10910,18,9258,19208,3744,5045,0,강원특별자치도,5104,2024,21461,0,11596,2682,257,15081,0,697,조양동,5814,1118,0,211,0,0,14740,14731,0,20579,36920,2171,10,13486,39036,3220,13180,14158,0,14387,18515,33610,15607,30803,0,987
115,춘천시,181,0,235,831,490,1471,33,205,302,1790,489,6,강원특별자치도,89,2024,866,0,214,66,0,391,0,10,중도동,114,0,0,0,0,0,361,1218,0,2490,1414,203,0,3359,9564,57,321,606,0,972,391,1744,470,1246,0,76
776,춘천시,430,0,805,1145,750,1375,15,692,1100,924,161,0,강원특별자치도,528,2024,816,0,1213,505,0,937,0,194,중앙로1가,1504,191,0,0,0,0,883,479,0,858,1863,362,50,922,2296,593,1210,1120,0,907,1698,1962,1356,1093,0,397
47146,춘천시,33607,0,42685,69683,54384,43062,276,37170,69380,16218,11256,0,강원특별자치도,18608,2024,43619,0,53001,11780,545,47782,0,3017,중앙로2가,24378,5534,0,443,0,0,58741,40598,4,49051,111016,10025,60,46399,82265,21579,48391,55507,0,50846,72921,87328,59496,104923,0,7904
32339,춘천시,25062,0,21655,41363,40492,31419,29,14491,43477,12566,2019,0,강원특별자치도,7718,2024,6851,0,30715,5099,538,35128,0,1382,중앙로3가,20690,5393,0,255,0,0,39017,5127,0,10924,45614,3823,7,33563,23185,16968,33284,40097,0,39772,37289,35421,37925,47051,0,6256
9932,춘천시,11310,0,4138,9240,2616,2602,0,4349,8596,14415,339,0,강원특별자치도,2886,2024,1682,0,6069,2231,125,3586,0,556,칠전동,21080,1398,0,273,0,0,8665,940,0,2184,5451,1910,0,1156,6089,911,2829,2632,0,2810,8235,7398,3044,8182,0,659
182630,춘천시,196182,1,155448,204645,109212,105472,11379,152698,186510,173676,59927,77,강원특별자치도,156029,2024,107162,6566,145528,77669,20809,114971,0,71444,퇴계동,216326,67478,0,2134,0,0,171948,98754,24981,129617,212676,72580,28772,108464,179402,56545,149283,157542,0,150723,192082,197466,130728,215283,46,20649
74197,춘천시,74556,0,43449,81233,39157,45555,947,46316,73814,49836,13826,0,강원특별자치도,30384,2024,34995,0,41958,25757,3220,40443,0,15936,효자동,78770,17535,0,634,0,0,70056,29243,0,42773,98571,23885,2844,42487,86820,14311,36724,31378,0,38434,74155,99345,37240,85090,0,4442
108412,춘천시,121524,0,63087,89406,38452,38501,1140,61023,114220,104346,13756,0,강원특별자치도,37731,2024,37990,2,62104,27828,13622,47525,0,14784,후평동,157956,27396,0,375,0,0,105043,35643,0,54384,125026,24350,3471,35657,101471,17473,53570,40543,0,47088,108578,109792,46573,126674,0,5620
575,태백시,0,0,0,0,4,0,0,1,0,101,0,0,강원특별자치도,1,2024,0,0,0,0,0,0,0,0,금천동,0,0,0,0,0,0,69,0,0,37,0,0,0,0,8,1,0,0,0,0,0,0,0,0,0,0
2097,태백시,2258,0,433,2125,296,245,0,316,2003,3197,95,0,강원특별자치도,286,2024,107,0,541,146,0,662,0,57,동점동,3059,673,0,0,0,0,1756,80,0,311,1318,157,0,110,1000,400,629,597,0,678,2117,1506,732,1770,0,2
3249,태백시,3617,0,392,2634,219,357,0,235,3051,1425,102,0,강원특별자치도,199,2024,529,0,442,159,0,377,0,83,문곡동,3908,253,0,0,0,0,3507,714,0,1335,6903,227,1,168,2119,26,550,334,0,309,3298,6370,300,4675,0,16
410,태백시,393,0,21,597,31,194,2,11,214,122,2,0,강원특별자치도,14,2024,115,0,31,7,0,30,0,1,백산동,253,101,0,0,0,0,361,74,0,58,512,10,0,28,115,1,22,66,0,29,415,129,41,298,0,4
1,태백시,10,0,1,93,0,0,0,0,20,10,0,0,강원특별자치도,0,2024,0,0,3,0,0,3,0,0,상사미동,19,9,0,0,0,0,24,0,0,2,14,0,0,1,0,1,0,1,0,2,33,53,2,7,0,1
2643,태백시,3046,0,615,2489,386,561,0,388,3069,512,29,0,강원특별자치도,158,2024,454,0,572,311,0,519,0,6,소도동,5782,0,0,0,0,0,3230,387,0,662,2632,231,0,275,761,87,574,1079,0,652,3871,3868,566,2836,0,0
0,태백시,0,0,2,0,0,0,0,0,0,1,0,0,강원특별자치도,0,2024,0,0,0,0,0,0,0,0,원동,0,67,0,0,0,0,1,0,0,0,0,0,0,0,0,0,0,0,0,0,0,24,0,0,0,0
11090,태백시,8923,0,1282,9293,1474,1577,1,1005,10632,9047,737,0,강원특별자치도,678,2024,1902,0,1947,522,0,1810,0,379,장성동,12181,563,0,0,0,0,8714,1814,0,3371,13215,593,0,1099,7810,642,1535,1370,0,1524,9945,9742,1993,12717,0,34
0,태백시,12,0,1,20,0,0,0,0,10,2,0,0,강원특별자치도,0,2024,0,0,0,0,0,2,0,0,적각동,0,0,0,0,0,0,4,0,0,2,17,0,0,10,0,0,0,3,0,6,0,2,0,0,0,3
9,태백시,6,0,0,4,1,0,0,1,16,93,0,0,강원특별자치도,0,2024,0,0,2,0,0,0,0,0,조탄동,33,0,0,0,0,0,13,0,0,6,9,0,0,1,32,2,0,0,0,1,69,0,1,29,0,0
1,태백시,31,0,2,35,0,0,0,0,121,10,0,0,강원특별자치도,0,2024,0,0,2,0,0,1,0,0,창죽동,10,14,0,0,0,0,35,0,0,7,47,0,0,4,4,0,1,2,0,2,10,6,0,1,0,3
4146,태백시,4111,0,563,4253,639,306,3,489,4988,4202,396,0,강원특별자치도,382,2024,581,0,929,301,0,970,0,130,철암동,5802,715,0,0,0,0,3829,290,0,1144,4839,230,3,342,2008,70,1002,787,0,691,4292,2855,790,3673,0,49
2077,태백시,1813,0,348,2071,594,417,9,599,2627,1576,58,0,강원특별자치도,237,2024,158,0,458,129,0,574,0,59,통동,2768,355,0,0,0,0,2191,88,0,359,1720,101,31,365,795,102,497,823,0,742,2318,1467,550,1573,0,21
24,태백시,43,0,3,7,2,0,0,8,41,60,0,0,강원특별자치도,2,2024,0,0,1,0,0,0,0,0,하사미동,369,0,0,0,0,0,212,0,0,95,98,0,0,5,176,3,48,0,0,7,67,29,1,340,0,0
0,태백시,284,0,7,282,0,396,0,0,300,189,0,0,강원특별자치도,83,2024,0,0,70,0,0,140,0,0,혈동,148,0,0,0,0,0,12,0,0,18,10,0,0,9,0,0,0,199,0,7,0,384,4,1,0,0
1660,태백시,655,0,286,1537,150,254,0,132,1461,2708,13,0,강원특별자치도,93,2024,100,0,287,97,0,270,0,106,화전동,4049,35,0,0,0,0,758,156,0,259,1145,39,0,193,666,53,161,208,0,457,625,2279,137,750,0,34
20812,태백시,17239,0,6706,28008,8381,6780,57,4357,23558,22039,7053,0,강원특별자치도,2278,2024,14112,0,6876,1356,2,8622,0,314,황지동,28062,1889,0,0,0,0,23456,10918,0,15602,30804,720,30,6918,22811,2514,6505,5940,0,7808,22458,23484,7545,27759,0,91
1766,평창군,1934,0,0,1664,887,52,4,98,64,76,5,3,강원특별자치도,0,2024,5,2,0,0,32,1047,0,0,대관령면,749,25,0,0,0,0,2021,6,0,33,25,0,0,902,191,0,155,990,0,17,1071,24,363,481,0,0
2790,평창군,4428,0,334,1451,720,344,0,211,3636,2958,0,0,강원특별자치도,18,2024,634,0,371,128,0,295,0,0,대화면,4086,0,0,0,0,0,2329,0,0,290,2697,0,0,653,1598,316,408,400,0,702,2722,3218,543,1704,0,0
978,평창군,901,0,14,554,75,39,0,26,425,1545,0,0,강원특별자치도,0,2024,0,0,1,0,0,80,0,0,미탄면,619,61,0,0,0,0,275,0,0,5,40,0,0,51,167,115,41,36,0,47,85,254,19,453,0,3
1425,평창군,531,0,114,1086,817,527,0,851,199,1136,0,0,강원특별자치도,57,2024,7,0,173,3,0,569,0,0,방림면,3201,27,0,0,0,0,1140,0,0,21,267,0,0,118,1051,873,260,579,0,22,899,306,285,734,0,0
325,평창군,1593,0,159,1130,250,265,0,176,276,1800,0,0,강원특별자치도,12,2024,0,0,522,0,0,505,0,0,봉평면,1412,0,0,0,0,0,566,0,0,397,2248,0,0,351,117,160,146,168,0,7,0,1946,0,809,0,0
1870,평창군,2820,0,1678,2341,727,1236,0,302,2049,2110,0,0,강원특별자치도,65,2024,1673,0,204,147,0,371,0,0,용평면,2980,1,0,0,0,0,1098,0,0,28,2092,0,0,669,1243,695,920,611,0,564,2394,3540,253,1791,0,0
9684,평창군,8964,0,1557,5950,3498,1621,0,1709,11346,5626,0,0,강원특별자치도,475,2024,464,0,7072,60,1,4995,0,0,진부면,8739,1,0,0,0,0,8560,0,0,1578,10770,0,0,3556,4252,15,1251,3404,0,3857,11864,6331,4968,9437,0,0
3452,평창군,2917,0,322,2288,698,341,0,146,2184,1561,0,0,강원특별자치도,15,2024,11,0,300,8,0,237,0,0,평창읍,5749,133,0,0,0,0,4447,1,0,1698,4978,43,0,500,2960,86,317,440,0,314,4911,4284,628,1995,0,0
6565,홍천군,12324,0,874,5807,607,767,2,1287,4360,13697,95,0,강원특별자치도,1668,2024,1285,0,754,1043,0,706,3,40,남면,14204,1910,0,0,1,4,5551,467,1,1281,6192,160,0,686,4676,423,771,628,0,661,9602,5923,767,6961,0,74
640,홍천군,815,0,201,359,241,915,0,140,224,2303,0,0,강원특별자치도,8,2024,7,0,59,2,0,159,0,0,내면,1211,63,0,0,0,0,880,0,0,134,657,0,0,131,220,925,44,254,0,87,772,711,217,339,0,23
1656,홍천군,2903,0,17,1737,60,108,0,184,352,2935,0,0,강원특별자치도,94,2024,0,0,273,2,0,57,0,0,내촌면,707,55,0,0,0,0,359,0,0,166,235,0,0,192,540,150,61,168,0,35,402,57,28,351,0,16
2105,홍천군,2109,0,524,1930,312,172,0,301,1195,4791,6,0,강원특별자치도,359,2024,432,0,82,45,1,444,1,0,두촌면,1863,45,0,0,0,0,1266,0,0,478,912,0,0,146,955,65,208,194,0,300,1000,542,282,351,0,18
812,홍천군,5579,0,152,748,302,282,0,111,165,2462,0,3,강원특별자치도,4,2024,71,1,210,27,4,117,3,1,북방면,1950,17,0,0,0,5,1359,71,0,180,1056,40,1,164,613,254,212,122,1,135,3430,1411,263,878,0,10
6629,홍천군,6789,0,1414,3254,586,575,0,376,6586,6791,143,0,강원특별자치도,1921,2024,2984,0,1803,217,0,1726,0,51,서면,4311,18,0,0,0,0,3497,2738,0,5970,3582,409,0,1657,3569,608,1087,2027,0,1933,4187,10514,229,4842,0,5
1049,홍천군,3906,0,575,1174,98,1876,0,348,2010,3345,3,0,강원특별자치도,360,2024,16,0,1246,6,2,268,0,0,서석면,4132,237,0,0,0,0,2059,2,0,519,2346,0,0,659,1837,562,53,1016,0,967,3559,1877,468,571,0,53
2371,홍천군,6878,0,104,668,31,149,0,297,700,5088,0,0,강원특별자치도,139,2024,173,0,363,27,0,209,0,0,영귀미면,143,783,0,0,0,0,2045,0,0,329,1155,0,0,371,501,31,515,353,0,255,3931,1283,342,1788,0,83
32511,홍천군,30962,6,5046,26338,7528,9404,44,3069,29924,33193,91,28,강원특별자치도,3104,2024,13661,26,4352,1276,208,5754,35,85,홍천읍,34143,8836,10,3,5,24,23239,4208,5,19833,30101,509,10,9453,33165,7108,5612,4122,20,5077,29997,33100,5865,39477,5,96
5746,홍천군,5239,4,821,2658,818,682,1,966,3746,8368,13,8,강원특별자치도,655,2024,151,1,759,280,0,644,3,5,화촌면,6845,102,1,0,3,5,1950,202,2,1016,2332,244,1,848,1975,340,1091,492,9,1131,5172,1840,879,2108,1,203
1979,화천군,665,0,230,890,154,113,0,59,1863,2712,0,0,강원특별자치도,7,2024,0,0,57,0,0,160,0,0,간동면,2182,3,0,0,0,0,1335,0,0,60,458,37,0,186,587,24,322,213,0,114,196,1117,60,622,0,38
1854,화천군,945,0,113,1486,118,193,0,112,1205,2652,0,0,강원특별자치도,150,2024,10,0,96,10,0,139,0,0,사내면,2327,645,0,0,0,0,1093,30,0,1031,1083,1,0,39,1136,684,66,58,0,72,1127,1203,98,341,0,2
3008,화천군,3523,0,947,2003,192,376,0,1893,2981,19076,0,0,강원특별자치도,3239,2024,233,0,1005,91,0,222,0,0,상서면,8448,575,0,0,0,0,2616,273,0,5167,2101,129,0,181,3305,3594,694,241,0,320,1748,1868,359,2420,0,23
526,화천군,556,0,11,609,5,15,0,30,87,1150,0,0,강원특별자치도,17,2024,0,0,7,0,0,11,0,0,하남면,2475,31,0,0,0,0,872,0,0,125,295,0,0,13,194,6,15,15,0,1,636,251,6,200,0,0
5981,화천군,4284,0,943,5109,684,4683,0,486,5043,12712,0,0,강원특별자치도,1693,2024,1271,0,1176,60,0,558,0,0,화천읍,11049,2526,0,0,0,0,8187,1166,0,10487,12049,32,0,1645,17512,4363,489,658,0,661,7897,7984,382,9387,0,7
945,횡성군,3071,0,67,2205,232,289,0,70,1537,3284,0,0,강원특별자치도,179,2024,0,0,234,0,0,277,0,0,갑천면,2433,17,0,0,0,0,4225,0,0,810,1808,0,0,241,335,255,72,194,0,161,1454,999,176,755,0,1
2580,횡성군,984,0,64,959,112,52,0,19,603,1011,0,0,강원특별자치도,42,2024,0,0,57,0,0,93,0,0,강림면,2991,0,0,0,0,0,737,0,0,94,367,0,0,133,43,24,97,83,0,27,1372,350,203,198,0,0
4291,횡성군,10411,0,74,1825,231,105,0,392,5053,7469,0,0,강원특별자치도,70,2024,5,0,87,0,0,184,0,0,공근면,1417,212,0,0,0,0,2273,0,0,598,1354,0,0,202,1299,125,174,196,0,205,1926,476,48,3377,0,0
5145,횡성군,4935,0,1016,5251,527,200,0,692,2916,6128,0,0,강원특별자치도,293,2024,11,0,858,11,0,1203,0,0,둔내면,3587,20,0,0,0,0,3515,0,0,1349,3915,0,0,906,2275,312,405,779,0,351,2081,2616,435,1785,0,1
1342,횡성군,3971,0,131,434,140,424,0,165,543,5522,0,0,강원특별자치도,50,2024,17,0,44,1,0,192,0,0,서원면,1567,335,0,0,0,0,2022,0,0,185,88,0,0,185,742,150,180,173,0,144,1945,246,134,1138,0,6
5594,횡성군,3604,0,208,2155,998,1028,0,230,2787,2890,0,0,강원특별자치도,398,2024,134,0,754,3,0,343,0,0,안흥면,6999,128,0,0,0,0,1013,0,0,1076,3991,0,0,279,538,312,735,175,0,676,5250,1852,943,2485,0,28
6297,횡성군,8867,0,294,2771,330,194,0,486,2161,8003,0,0,강원특별자치도,228,2024,129,0,649,45,0,586,0,0,우천면,4491,138,0,0,0,0,2869,0,0,884,2422,0,0,426,1341,240,267,235,0,494,5709,2108,223,2052,0,12
1073,횡성군,590,0,388,1474,237,476,0,231,846,5053,0,0,강원특별자치도,83,2024,0,0,322,0,0,536,0,0,청일면,2974,568,0,0,0,0,3530,0,0,304,1303,0,0,95,485,556,99,658,0,50,2259,1265,460,317,0,7
53499,횡성군,45098,0,1719,56281,2487,3444,0,1186,57120,46862,1662,0,강원특별자치도,1072,2024,10574,0,2346,304,1,1889,0,29,횡성읍,59309,11096,0,0,0,0,45415,9468,0,19669,64080,149,0,4099,48187,1391,3085,3640,0,1807,44109,42645,2502,55604,0,121
