시도,시군구,읍면동,년도,발생량_04시,도착량_04시,발생량_05시,도착량_05시,발생량_06시,도착량_06시,발생량_07시,도착량_07시,발생량_08시,도착량_08시,발생량_09시,도착량_09시,발생량_10시,도착량_10시,발생량_11시,도착량_11시,발생량_12시,도착량_12시,발생량_13시,도착량_13시,발생량_14시,도착량_14시,발생량_15시,도착량_15시,발생량_16시,도착량_16시,발생량_17시,도착량_17시,발생량_18시,도착량_18시,발생량_19시,도착량_19시,발생량_20시,도착량_20시,발생량_21시,도착량_21시,발생량_22시,도착량_22시,발생량_23시,도착량_23시,발생량_00시,도착량_00시,발생량_01시,도착량_01시,발생량_02시,도착량_02시,발생량_03시,도착량_03시
경기도,가평군,가평읍,2023,962,60,10107,3844,29753,19674,64708,47402,120824,162788,69870,89881,88084,91265,125632,113918,91207,103842,77520,98670,93574,102886,100750,95271,105377,75440,137071,94262,102884,81253,51172,59748,28798,32282,23180,24783,14403,20702,4939,14066,170,4660,3,1167,7,755,0,79
경기도,가평군,북면,2023,0,1,346,44,1108,818,13053,7629,12563,7081,10343,9355,10753,9421,10317,5612,5139,7734,8738,6699,4947,4583,8644,9121,9817,7288,6862,13200,5592,6822,2403,3977,2142,4753,415,1787,98,1502,0,0,0,0,0,0,0,0,0,0
경기도,가평군,상면,2023,283,32,792,21,2999,545,6847,4239,10191,9882,8714,10096,10051,12406,9260,8665,10270,10247,8514,8430,8780,7735,9466,10018,7577,8964,9580,12034,5958,8518,3517,7989,2523,4189,1124,3458,479,2553,260,2056,122,1493,269,920,17,250,8,72
경기도,가평군,설악면,2023,0,0,4653,253,13827,2787,28846,16251,35634,34826,31670,18979,29807,22502,31680,25599,27069,29491,20207,24762,31379,23439,30959,22054,29517,27349,31702,27714,26447,24790,12842,21088,10423,18091,5503,16564,2784,9335,1169,6958,343,5887,33,1578,0,16,0,0
경기도,가평군,조종면,2023,910,2,1970,348,2975,1013,15977,4756,14280,17190,11878,8137,11797,8999,10641,10575,7504,7705,10942,10689,9165,8402,9292,10755,12565,10133,8769,11404,12093,12803,5866,10394,3250,5123,2914,4662,2698,4095,1854,3332,210,2080,69,1151,10,652,51,357
경기도,가평군,청평면,2023,3269,21,55235,5338,71660,23762,103929,51734,128389,118099,115341,89580,128794,102245,154261,100458,109625,102085,100953,119025,110371,154761,116342,126212,118535,120819,121176,128387,84027,104988,50771,80349,31904,57298,23794,41251,16641,34301,7355,27602,2129,9955,615,3455,285,1506,486,130
경기도,고양시,가좌동,2023,390,5,22804,1876,58369,9394,97298,23259,105843,68480,78318,21090,61961,22896,57039,25751,53614,30893,58176,36059,49433,37289,53757,52208,62451,64722,77648,74243,53899,88477,25167,91401,17922,73870,15133,67137,12287,79755,6390,51416,439,16527,80,2276,7,701,1,74
경기도,고양시,강매동,2023,17,1,48019,18809,166935,61106,471974,77933,401024,126480,198700,92523,152066,70636,151317,98340,138503,98738,115155,120708,102485,108205,98071,123580,143906,188962,181350,248445,126227,457676,86134,347973,97695,179372,79002,166659,74893,145177,34697,86939,1313,34478,12,8,0,1,0,0
경기도,고양시,고양동,2023,15034,1669,49388,6892,103427,23914,191119,53161,232391,124772,152401,72790,130324,69529,121752,73691,119342,87473,116834,95640,108459,98805,117338,125163,130753,157909,127503,169856,107187,179489,72178,174169,62369,131621,45230,108753,35150,109567,15467,56976,8058,29293,110,869,0,0,0,0
경기도,고양시,관산동,2023,9618,903,48176,9570,95808,30464,186602,82973,189928,131470,141191,83115,127379,76962,118623,79036,122488,87053,107294,92306,94249,95735,123013,117285,131955,150842,124085,152687,114014,167301,66899,138453,52210,104641,46559,100775,36152,95048,14752,55746,7150,24509,3118,8079,975,2060,316,593
경기도,고양시,구산동,2023,0,0,212,1,2891,1119,4469,4720,5604,10173,4073,5125,3205,2828,2475,2181,2009,1965,3369,3308,2061,2021,2624,3098,3377,4929,4580,4115,4395,4797,1255,4689,685,2490,928,3916,486,3319,151,2050,64,827,26,168,7,28,0,0
경기도,고양시,내곡동,2023,0,0,10,229,2005,300,6678,1488,3873,1943,2876,1596,1474,1498,1425,1526,2077,2495,1812,1841,1705,1693,1705,1766,1646,1613,1968,2104,1390,2167,983,1500,868,1021,324,1071,181,690,46,116,1,0,0,0,0,0,0,0
경기도,고양시,내유동,2023,7712,478,31491,3330,73620,15093,128986,39773,127349,43829,82003,25525,64135,29118,58012,33028,53071,39357,56504,40348,46589,43346,45160,62804,47866,74394,55898,87942,52289,83378,26418,85661,20868,70659,16002,61593,11840,60673,6421,42117,4032,17998,1566,5466,483,1935,1229,701
경기도,고양시,대자동,2023,2034,2110,10162,7903,23740,28480,36692,49462,51859,75543,37292,81125,36045,59597,41652,52092,51157,57559,52871,46267,56309,43338,65806,43873,72915,46420,81086,49080,65834,52040,34192,40713,34191,34024,26403,28930,17437,26030,7093,16074,3157,6577,442,1481,68,277,14,90
경기도,고양시,대장동,2023,1175,472,16785,7716,51696,32074,131576,51413,130798,62187,63573,35837,46971,31404,43352,31265,45053,34213,47900,35191,44230,34800,49495,41745,64364,51262,82399,61756,92980,101367,55664,76115,30898,42292,30616,41251,22788,38552,16438,32694,4692,10768,143,494,3,13,0,0
경기도,고양시,대화동,2023,13219,2321,178872,114117,614209,406691,1285337,911624,1172732,1094108,822734,890241,691367,688809,667484,610744,677938,645466,681047,676316,701856,633253,834751,702748,978260,753964,998433,894429,994683,1005643,705439,896817,595227,660931,500059,571435,442258,561507,231079,356281,75940,154757,12491,37937,2996,9557,493,1073
경기도,고양시,덕은동,2023,1334,112,16469,5324,61023,39866,115314,42481,100280,63866,60689,33125,46711,22925,41631,22640,43349,27742,37386,29518,37015,31939,44805,36482,61823,45036,51430,61712,47726,80968,25929,87214,18692,53521,15167,48307,13090,46075,7581,28646,2186,13287,243,1769,16,66,1,0
경기도,고양시,덕이동,2023,2379,1204,108580,15813,345011,78210,622001,174105,549916,331131,340975,171937,263146,128886,243188,135774,245852,155188,238115,172198,217437,200417,248684,231659,295751,292706,296454,390896,287676,523742,170015,538758,130546,316941,118823,302679,86198,263534,41252,171932,16727,70064,2885,14429,1232,6620,297,1389
경기도,고양시,도내동,2023,2100,123,36438,3605,94309,13376,180764,28127,161322,58564,93533,34898,74027,34220,65682,37002,69520,45858,67250,52636,56830,56949,60895,66693,82732,81045,73081,101301,63511,133472,41853,139479,35880,90812,33563,79956,17702,79625,8763,50183,2916,15237,8,1139,0,0,0,0
경기도,고양시,동산동,2023,8587,2868,18223,11121,49077,27915,117803,63145,99074,118251,57663,119193,49314,91191,52425,99442,64441,127731,76759,124167,87785,116885,112770,123118,144022,123328,168272,122228,191871,129331,132422,117747,110761,72265,114279,55026,128478,50590,19914,26096,8113,15599,5057,5545,1565,909,420,17
경기도,고양시,마두동,2023,3903,1283,91700,66274,290704,258265,497972,536018,639778,1076376,490584,870505,474244,675141,524898,621436,580760,621440,633938,719994,672844,654797,804339,664033,887544,732805,1027167,829829,1112012,905002,729399,727825,616372,467538,591569,406973,538280,378877,234836,253380,71337,101390,17139,24599,4092,6282,438,953
경기도,고양시,문봉동,2023,15,0,1288,297,3115,3282,4873,8053,7327,14500,5404,5436,5914,4264,4042,3701,5215,3788,4074,3998,4410,3802,4329,4762,5655,6081,8739,6176,8662,6086,2234,4412,1328,3572,946,3131,606,3313,246,1533,11,698,0,0,0,0,0,0
경기도,고양시,백석동,2023,7716,3275,179592,89701,509644,255438,1075526,498054,1062229,999013,696768,599592,597569,497841,591302,467439,606165,516812,602337,582119,588372,573587,701784,629191,761127,695797,881577,872213,932792,1150038,546496,1013768,446891,650486,444562,604245,352070,561129,197806,406939,75013,134807,23732,36421,4990,8601,159,546
경기도,고양시,법곳동,2023,1,0,1176,34,2026,1579,5196,5038,7563,8713,4643,4241,4448,3079,3469,3611,3555,3506,3692,2918,3746,3068,3444,4334,3281,4992,5251,4748,5231,4372,2901,4003,2285,3364,1089,2535,443,2436,26,1554,3,177,1,0,0,0,0,0
경기도,고양시,벽제동,2023,132,242,3615,453,4010,5009,8740,13700,16119,15386,11358,7341,7245,6488,7716,8332,7964,9506,9087,9162,8426,8810,7489,9694,8403,12067,15876,13143,6956,13217,3024,11675,2007,11356,1960,6145,765,5589,171,3209,105,1670,3,206,0,0,0,0
경기도,고양시,사리현동,2023,0,0,7858,1054,21444,9479,47381,21038,45912,29061,32564,15520,27587,12588,24804,15301,23155,17820,21763,17613,19269,17517,21181,26338,19739,32060,25010,34172,24213,33076,11816,29282,9132,23894,6488,20872,5278,20945,1672,10888,267,3281,0,1,0,0,0,0
경기도,고양시,산황동,2023,0,0,7,5,44,10,296,46,707,301,224,86,206,62,141,112,160,176,386,243,270,227,276,340,126,154,122,210,61,239,38,120,30,77,12,84,2,69,0,14,0,0,0,0,0,0,0,0
경기도,고양시,삼송동,2023,16821,6217,130876,44864,466910,187605,1169674,454978,1177434,632377,669902,408986,498785,333429,452021,338366,471122,395813,454432,412373,427637,421799,466228,510365,555718,576438,627093,740080,727059,1029760,557931,898803,389743,538570,338974,514981,314058,435251,102796,225474,18854,61201,1961,3744,378,444,1048,83
경기도,고양시,선유동,2023,0,0,106,76,353,434,1406,887,2165,1371,1827,1495,1249,1359,1115,1638,1267,1602,1090,1231,1316,1248,1435,1534,1661,1512,1445,1255,1632,1134,660,1090,531,936,280,759,99,675,28,250,0,0,0,0,0,0,0,0
경기도,고양시,설문동,2023,78,0,1067,634,2678,5327,4595,18544,7883,28045,7371,14511,4938,5912,4979,4557,4926,4809,6090,4811,6447,4756,7643,5485,7669,6372,14466,6022,16859,7454,5192,5229,5637,3686,5331,3358,1888,2410,581,1606,74,583,0,159,0,0,0,0
경기도,고양시,성사동,2023,6370,1929,132909,51845,377955,252827,768522,453262,849292,607535,520007,400325,423615,338929,407599,355379,430027,369092,415284,368092,393535,383805,429959,446892,487268,527866,537489,609720,569302,759136,422695,633277,302671,429412,261477,385061,208508,336119,103570,194961,26579,55060,6079,13350,2223,1992,6,2
경기도,고양시,성석동,2023,4141,6,7058,790,18317,4837,38108,19950,62339,47835,31190,18750,25485,13213,21070,12456,22549,14755,25289,16729,20612,18879,20621,26241,23209,29725,33457,30777,39558,32665,13501,28149,9530,30219,6953,22934,4338,20488,1511,13465,237,7040,23,1787,0,1,0,0
경기도,고양시,식사동,2023,9606,901,38138,5179,106679,53764,203658,104651,202092,189934,140239,109807,129425,86152,126831,78203,131060,94491,126484,108648,124995,104370,146159,116335,187248,137796,197730,165443,160596,190951,92875,196875,73613,144151,69538,131335,66368,138258,32568,90305,9480,35526,1702,8166,9,397,0,0
경기도,고양시,신원동,2023,9458,2757,42239,7479,124895,19430,245759,49541,226426,119915,139378,65235,110201,56316,101473,54032,101972,66831,90133,75712,82079,83206,97593,101847,111011,119802,98670,154594,103572,200274,70739,205876,66166,131899,59612,106886,55107,101509,27186,57931,8951,19006,2964,5130,574,1009,97,146
경기도,고양시,신평동,2023,0,0,0,0,1,12,37,107,155,141,250,191,155,208,133,302,225,106,174,58,143,105,141,178,394,296,771,122,0,9,370,293,57,21,26,6,0,0,0,0,0,0,0,0,0,0,0,0
경기도,고양시,오금동,2023,0,0,2606,114,9505,4959,22516,11361,20438,8737,9955,4423,8748,3595,8024,4071,7901,4002,7215,5193,7465,6220,8384,9281,8681,9846,7091,10818,5317,13366,3281,17939,2983,10232,1892,8281,1415,7788,824,4240,9,103,0,0,0,0,0,0
경기도,고양시,용두동,2023,3504,213,3706,8271,9692,22957,25950,30652,32430,52313,22155,55604,19409,35594,21137,41882,27420,39167,34433,32791,38848,29324,43703,30367,45743,36488,46699,37767,41649,36146,26392,33837,33463,22756,40218,18670,13708,15946,2423,9312,1021,4078,106,922,1,28,135,2
경기도,고양시,원당동,2023,0,0,791,251,1845,5524,4702,14353,7725,24014,5690,10750,3403,7065,3790,6360,4928,6751,6046,6077,6180,5656,7024,6073,7552,7401,11060,7540,14956,7823,9328,7478,10120,6661,4558,4615,1876,4583,917,1955,119,628,2,6,0,0,0,0
경기도,고양시,원흥동,2023,5520,642,112386,38735,295124,146511,756368,291564,819818,447703,471681,286794,347386,214230,314725,208537,329137,240081,310086,259152,283258,273196,304833,323689,325419,399411,377627,518399,463006,684928,291891,642597,216803,407405,195288,373339,155159,335815,87514,205284,23551,61424,5736,8995,1732,793,0,0
경기도,고양시,일산동,2023,21886,2669,166720,34472,450941,107489,960804,255912,923404,460974,573763,281860,444879,266853,431190,293610,437080,320035,438553,362794,401020,377657,429037,450964,473574,553929,487406,676654,464431,832150,315140,718105,236658,431052,212743,447855,215904,408191,75475,229869,24663,95397,2501,12945,265,2369,0,3
경기도,고양시,장항동,2023,7165,5451,40531,37171,94478,80625,163278,150915,178926,370614,135127,366373,141577,257940,167294,230790,189780,227618,207760,242815,224364,230787,269536,229303,287827,230400,345842,255365,402028,246991,261035,174650,242249,119709,231762,93328,193919,80937,99172,50046,26912,19267,7067,5608,0,3,0,0
경기도,고양시,정발산동,2023,10041,4690,43691,28153,84062,50512,152872,91484,209259,247138,149591,179623,120511,137559,118615,130585,128237,140785,138926,160004,141225,153529,166837,168838,189529,199142,209518,243822,223527,284458,144713,236924,144808,183774,154667,165726,151729,168333,116518,117071,66923,68845,24476,26074,7447,9688,878,851
경기도,고양시,주교동,2023,2703,760,25144,10353,76099,31713,155375,59048,177991,152443,119304,82329,94465,74828,89934,73251,88976,77585,90516,81627,84584,83113,89819,96017,97695,109188,115029,123997,131513,147351,65961,120383,53127,90714,46631,79088,36524,72085,15605,36776,3836,5759,625,1101,56,55,0,0
경기도,고양시,주엽동,2023,11833,3087,136352,55779,382512,142726,625778,296617,688543,587238,493043,494074,443933,418208,465463,405225,474781,425503,463552,496474,466687,476650,546207,532769,586343,570120,586637,682361,571366,723982,384697,629969,335383,436531,285399,373358,267553,346195,107208,230271,36806,95322,8566,23414,1978,6014,588,1293
경기도,고양시,중산동,2023,10447,3292,52720,12530,135924,47066,264918,125387,301968,262733,213189,123648,163619,106648,156061,111521,159517,127448,165590,140850,152087,142464,165377,174643,194577,214198,217831,252702,177205,286157,114750,254875,89516,208195,83793,187316,67441,185213,33948,121283,10387,55852,1291,10717,75,1986,0,0
경기도,고양시,지영동,2023,0,0,497,278,1281,2547,3250,7906,3788,12692,3173,6257,2398,2556,2499,2872,3455,3101,3322,3134,3311,2809,5931,3025,6518,3305,7455,4286,8052,4419,1968,2628,1839,2279,1723,1880,690,1282,344,855,7,17,0,0,0,0,0,0
경기도,고양시,지축동,2023,796,4285,52291,35035,195861,197645,486036,352868,471804,452829,260756,269712,193486,213408,172498,199988,185651,213261,190385,216606,177945,201332,236342,228091,282632,270525,265652,329193,246839,458033,211237,366645,156497,237644,142540,207242,127209,182071,42456,98498,11218,28008,2121,3679,540,571,18,16
경기도,고양시,탄현동,2023,11680,601,39689,3568,92448,31606,181464,64973,210820,94421,138423,61518,106357,54254,95444,60231,98611,71799,103925,78947,92648,83554,88447,101387,101731,130657,98614,151387,100027,169134,71230,151680,47347,113585,44368,107905,36548,110276,14367,73564,4345,38904,828,16510,10,2066,0,3
경기도,고양시,토당동,2023,1751,137,86530,22710,202896,73869,438503,156116,439102,239455,286430,139387,212929,126454,198912,134998,192463,151141,191284,158495,176414,168042,180170,202886,198043,248565,216628,305223,223567,403715,159004,345114,109582,238197,97780,234199,74694,210331,40848,126436,17809,64243,4014,8507,624,1318,0,2
경기도,고양시,풍동,2023,6142,739,82193,11879,241681,59440,516620,106473,469776,211114,316961,140069,234159,126382,222720,142623,219903,158362,219990,176644,202701,172439,213200,211484,232491,265697,239755,338265,222566,445244,132412,400483,108284,281327,103163,258232,70875,238384,24972,169424,3384,34285,257,3691,7,355,0,0
경기도,고양시,행신동,2023,15178,1177,157364,32717,415920,143860,902265,299729,913819,469733,565108,251176,436762,225140,399309,242232,412156,275457,392635,309615,343128,326001,345754,394649,408612,492240,453294,620370,493660,814118,338774,763640,238223,514780,212908,475835,176179,449371,102259,281808,27318,99951,8645,26617,1350,4801,13,80
경기도,고양시,행주내동,2023,0,0,1676,1415,3601,6097,8027,13180,10064,26529,8693,14179,6331,9088,5901,8797,6633,7897,7910,7908,9335,7411,10232,8190,12555,9389,16078,12307,19759,13317,10942,11584,12521,8775,7801,7087,3501,6007,1600,3951,369,2332,169,1007,58,158,0,0
경기도,고양시,행주외동,2023,0,0,181,137,2481,2078,5038,8011,4997,15252,4763,12590,3580,12359,3955,13032,5067,14842,6125,13926,8909,13252,10060,12965,11167,13916,11911,17845,11612,21183,7548,22523,9190,13717,6950,10200,4516,7397,307,2746,2,0,0,0,0,0,0,0
경기도,고양시,향동동,2023,4544,488,23164,6801,111716,74340,196313,42722,157282,68643,110117,44104,84161,35314,75668,36015,79427,47539,70767,54499,63814,58998,78754,71040,112236,89604,89401,112999,71458,146491,48521,161807,32991,100110,27058,87307,25429,83615,11710,59638,1583,11971,0,0,0,0,0,0
경기도,고양시,현천동,2023,1,0,2802,307,4011,2140,5726,4054,6300,6789,5589,5334,3928,3765,3531,3139,3334,2737,4064,2826,3159,2691,3198,3107,3843,3991,4153,4463,4278,4448,1841,4903,1178,3639,772,2748,603,2037,311,2140,172,906,17,147,0,0,0,0
경기도,고양시,화전동,2023,13,4,12675,10252,31336,34437,70848,59383,86818,160370,60860,128453,55141,121404,66200,67614,72812,68605,71362,84044,88906,67377,96598,57326,137278,63698,134435,70266,120664,79057,65002,64110,47433,43193,39455,41443,30488,43378,22860,31466,6048,12624,1103,1093,165,159,0,0
경기도,고양시,화정동,2023,11812,3331,249443,104336,616580,282514,1280534,584638,1347925,1021663,838451,720342,728866,633973,731163,660193,780156,695543,790932,771298,762565,766655,843219,865761,923510,939658,1028251,1162031,1012519,1405597,724404,1192721,586326,775294,555359,693514,488976,646265,245232,386470,54902,125689,15464,29884,4400,7455,49,100
경기도,고양시,효자동,2023,388,50,794,254,3182,1801,4458,5863,4919,10942,4596,16695,4528,21676,4884,15411,5920,8786,8238,6197,12192,5200,16509,4684,15450,4453,14901,4028,10229,3350,6648,3165,7148,2493,2580,1935,1464,1480,337,1118,54,433,0,0,0,1,0,0
경기도,과천시,갈현동,2023,1879,2463,13974,45680,63281,194656,143407,139612,169956,260967,94137,92179,68417,44901,64414,41597,68792,52859,69282,59458,75125,59181,104874,73430,197836,102578,222389,114987,184955,139113,86991,127503,56316,88989,44806,84274,33631,86218,15446,53067,6192,21522,2394,5808,382,865,0,0
경기도,과천시,과천동,2023,146,266,29150,39332,182299,245580,407243,519364,510933,750147,366780,743563,265868,703199,245187,501139,280787,489189,299869,446127,328102,350302,409376,319441,594212,351413,880913,395325,1330671,470564,489699,334373,280281,229570,252712,211105,151043,180051,75179,101439,20625,26293,2711,4359,363,511,38,155
경기도,과천시,막계동,2023,58,1,1297,4334,4299,46244,9944,59968,13924,193069,20081,301782,28274,297334,63343,178487,118794,144768,122103,145769,160312,124270,214748,84537,237032,60178,229017,38711,179252,27396,82221,15022,65082,8266,60217,6367,62820,5505,8294,2896,269,563,0,0,0,0,0,0
경기도,과천시,문원동,2023,0,0,8126,297,21935,1985,55926,5111,68417,14724,32634,9396,22344,8642,20954,9684,23236,13529,22586,15894,20167,21435,17408,20472,21308,28951,21712,30590,18551,37868,9875,36958,5959,27129,3958,24981,3188,25116,1117,16727,3,7,0,0,1,0,0,0
경기도,과천시,별양동,2023,1412,1862,52309,31854,167899,69750,429910,136463,410676,247392,281825,153142,217308,125672,199608,120810,206546,133997,200312,141787,182314,154865,194881,179444,214460,221415,223231,271062,250619,353691,134219,286446,102856,180617,90669,174749,75785,168461,37206,98863,7572,21861,1369,910,0,0,0,0
경기도,과천시,부림동,2023,0,0,1225,3300,4979,12981,15032,38198,17913,38302,9288,18998,6429,11654,5680,11445,5475,11451,5934,10771,5792,8864,5831,8987,6729,10497,6385,10959,5658,10958,3761,5165,3077,3705,2730,2948,2322,2492,1173,1228,0,20,0,0,0,0,0,0
경기도,과천시,원문동,2023,242,725,4426,8229,14890,16630,32949,31061,33418,50181,22708,25600,16095,16791,14665,14407,15724,15575,13465,16439,13038,16310,14324,17345,19590,22836,17490,25306,17958,20238,12984,13745,7981,9422,6635,8697,6037,7562,3482,4127,1375,1237,491,273,0,0,0,0
경기도,과천시,주암동,2023,0,0,986,5646,7501,17686,16370,38244,15933,64912,12744,54552,10129,28717,9856,20884,9633,20549,10388,22724,10887,22461,16533,22288,18443,25381,25419,27278,22144,30991,10175,28712,5593,22242,3671,23715,2861,20910,956,9415,69,1555,0,4,0,0,0,0
경기도,과천시,중앙동,2023,459,69,46634,23593,205635,207746,426600,428963,454547,1137645,302479,325711,244313,217466,251671,210245,269962,231074,291631,253994,296192,261171,348390,277893,475884,324867,595719,403071,850827,509838,325700,432802,270266,274928,258163,254015,176223,236225,76788,152425,23385,59090,9207,14273,1208,1075,4,1
경기도,광명시,가학동,2023,488,26,1659,2920,3685,10149,8685,20327,11119,33889,6935,18681,7626,13376,9945,14660,14054,15251,17622,15731,19363,15820,21968,13754,26497,12355,31268,10421,27474,9438,7983,7928,6538,5083,5118,5111,2144,3808,609,2143,349,1130,147,309,4,19,0,0
경기도,광명시,광명동,2023,50451,5153,436412,195027,755918,439343,1693435,750739,1892211,1167518,1146676,884450,889111,820657,881647,863363,965136,916232,977083,962775,945647,959206,1051397,1089331,1202802,1226451,1226456,1456362,1248401,1845254,965214,1453619,649409,889885,527861,782707,427695,686337,229297,404741,52397,140049,3540,11730,56,596,51,512
경기도,광명시,노온사동,2023,719,102,2140,2701,4425,22112,13500,49018,18885,58606,12927,25742,11238,15296,10816,11922,13294,11804,14593,10837,15603,9888,19635,10602,30449,12286,52108,14267,48881,13497,16617,9651,11089,6782,7604,6358,2607,4842,778,3020,194,1618,73,429,2,16,0,0
경기도,광명시,소하동,2023,27629,3992,142583,60925,312594,204867,629669,335438,730310,746233,501389,404005,425433,320972,401303,309048,443017,363013,439096,398445,411103,397920,486418,453721,608464,514040,603424,578529,565273,693913,360982,629140,274799,443981,246046,401805,191448,378101,89723,225413,28434,85861,1025,2815,0,0,0,0
경기도,광명시,옥길동,2023,0,0,2340,3135,3685,14253,8803,30175,9321,30724,8054,15825,7114,10959,7018,8780,9399,9167,10145,8863,9396,8450,10554,9244,19912,10934,37439,12691,22856,13091,9988,12147,6163,6818,3392,5754,2541,4792,1415,2937,125,747,0,1,0,0,0,0
경기도,광명시,일직동,2023,4967,188,27909,55192,133428,181903,375223,377497,393126,538702,249454,414605,196329,304609,258875,238644,275940,339147,265584,259067,273193,342847,415943,290300,410998,329263,565148,366799,603324,460040,462089,336742,356274,233860,418197,189819,251490,182016,111202,87051,28082,29908,117,1417,0,0,0,0
경기도,광명시,철산동,2023,46553,13127,244993,178096,682107,515028,1631483,908985,1822226,1449016,1148408,1014886,884420,810121,850170,771161,914562,823573,880383,895108,869056,898064,954553,1012515,1164072,1213702,1230548,1515813,1396746,1976506,1004874,1547112,790192,960114,745808,877660,674431,778561,353348,451133,90717,130530,3578,2388,861,232,1085,560
경기도,광명시,하안동,2023,50342,3741,154653,56733,393852,120433,926721,237606,965959,479428,624273,383782,491887,344579,472321,352981,516835,405612,509322,428707,478205,438624,489331,507089,515045,586126,522189,676183,519113,785443,355414,729780,289106,507068,279261,456343,230093,414252,89789,256998,23675,93333,729,2521,0,62,2445,167
경기도,광주시,경안동,2023,11328,676,40366,13163,135904,80916,299922,199116,247050,303421,188175,248549,194775,231892,220035,213994,244863,219420,242878,241302,251069,231886,305046,241421,348420,282956,355043,308196,334993,327518,253874,263462,216214,166275,198256,139525,156991,106881,56087,59757,15995,25252,2586,3938,473,500,0,0
경기도,광주시,고산동,2023,299,1,4814,2706,18575,12171,35554,18834,28392,20909,16264,10253,13906,9307,14502,8724,14010,10786,13469,12312,12995,12165,14844,14987,21110,18350,23347,22046,20093,25170,11034,22397,7724,15486,5701,12624,3705,11034,1317,6204,551,2907,0,1,0,0,0,0
경기도,광주시,곤지암읍,2023,6640,310,26419,4280,105946,69461,267646,225903,274754,299342,180055,146854,143209,108883,147377,117960,161908,135345,152558,130020,144007,134326,173338,159363,205128,182952,279053,248956,244960,230090,144120,210549,111860,144189,75186,113292,37780,86467,17855,56979,4861,20692,364,6852,110,2638,0,2
경기도,광주시,남종면,2023,0,0,0,0,141,31,2107,1319,1974,2780,3810,1990,2076,536,1641,3858,1286,1265,859,1811,1290,1053,2962,1643,1265,1107,492,1580,1514,1084,461,960,416,991,50,440,0,0,0,0,0,0,0,0,0,0,0,0
경기도,광주시,남한산성면,2023,865,46,3324,2639,12971,10995,25682,24517,33616,58476,29399,48099,29731,48114,33882,48090,46178,40070,54422,35824,57506,32578,72856,32355,70654,30573,55921,32232,42448,31845,31564,29695,22976,18726,11456,14055,6411,11379,2262,5485,805,1970,87,404,0,0,0,0
경기도,광주시,능평동,2023,0,0,51400,8265,121026,20272,246608,47654,179374,67665,135882,48819,110266,44279,93134,42964,90955,52417,85922,61055,78173,69688,79427,93158,83648,111635,84138,125549,75839,130026,48116,132931,35364,127837,32559,106307,26581,93956,11253,63520,3431,25162,18,176,0,0,0,0
경기도,광주시,도척면,2023,0,0,0,0,3887,1886,20996,10672,17704,15080,17672,7358,11030,10427,12128,7186,10186,8497,10668,9465,11299,10787,12552,9165,13045,15050,15040,19603,10550,14642,5582,11260,4609,12376,1050,6205,256,1817,0,0,0,0,0,0,0,0,0,0
경기도,광주시,매산동,2023,2432,5,10595,1672,28555,9002,62650,28409,68274,31371,33756,10573,28588,10290,25625,13067,23666,15657,23441,17989,18580,21155,21115,25564,22004,34374,30517,38877,31758,42101,15773,43184,10585,33003,11634,28529,6439,25803,2681,15137,1435,6566,89,1360,2,1,0,0
경기도,광주시,목동,2023,0,0,817,2,982,297,2816,7222,4647,10889,4329,2155,2688,834,2727,1566,705,794,2941,1683,2704,2311,2414,2056,2071,1784,4666,2176,7270,4104,1435,2227,488,1811,543,1889,329,1098,0,0,0,0,0,0,0,0,0,0
경기도,광주시,목현동,2023,7289,576,40283,6207,60906,16163,120663,26224,127665,27500,85934,32151,67713,23884,57686,32294,59070,40979,55890,40645,47433,47067,43859,59270,43390,80600,45636,84199,40154,101257,28338,102305,23293,72548,20144,68109,11216,55492,4888,25005,996,6942,0,0,0,0,0,0
경기도,광주시,문형동,2023,0,0,15849,6519,43212,20122,74184,56474,66902,68365,42484,32530,37053,20027,32748,21394,31936,23695,32419,27560,31678,30438,33947,41027,34192,44307,55977,53848,51443,53707,22781,46245,18196,40521,17327,30965,8660,29184,3935,15449,1584,7855,15,124,0,0,0,0
경기도,광주시,삼동,2023,757,11,18911,8031,34619,25853,59490,35356,76615,42439,40497,25752,38306,19246,28268,21557,32560,27261,28488,25569,27276,26546,30123,33952,37881,46805,43751,49267,48072,56680,35130,51754,23409,34575,21981,32867,15658,24929,10430,16800,2702,6182,218,1131,18,84,0,0
경기도,광주시,송정동,2023,4480,93,25336,3767,65805,26014,166247,93303,146065,153399,83497,57582,69405,45037,69204,44972,69527,51511,65263,53851,61564,56015,84245,67247,103168,84202,95556,96484,84050,116859,46144,114511,36660,70847,31467,63294,22774,55727,8126,32834,3558,14410,559,3045,21,104,0,0
경기도,광주시,신현동,2023,0,0,46600,6299,152306,35959,270141,75474,245417,111278,204873,81827,158353,71556,132917,69140,132583,86076,129121,96136,123749,114949,135562,138677,143219,172503,122686,188243,115656,213176,87799,235193,69862,197445,62871,165602,44583,141861,28615,103153,6001,23930,1,35,0,0,0,0
경기도,광주시,쌍령동,2023,2584,94,26230,4071,67619,13891,161644,29756,145610,36382,85801,28494,67447,27605,59411,33079,51951,40098,53403,45384,44142,47442,46415,66685,47709,91071,49165,95996,44751,100547,32334,103556,25744,70858,22075,63438,15969,57291,9749,34713,2686,12821,551,3708,136,683,0,0
경기도,광주시,양벌동,2023,3512,18,18369,2868,75022,11678,156749,37209,165068,57670,87410,34476,70331,31979,65276,35037,67378,45575,60823,51893,57320,54791,59997,83334,65263,100194,69039,114778,56392,115678,41126,119038,30417,85882,25860,69261,17760,62630,7395,32624,4172,14292,307,2248,0,1,0,0
경기도,광주시,역동,2023,4177,1433,65768,30165,282655,177066,702869,438825,720249,587962,411611,337948,292561,279114,275490,270628,285084,286349,281424,300138,267741,292069,330915,327970,397624,442354,447001,502695,478586,714115,358713,488853,250636,378235,210121,263323,140183,199449,55502,135541,10007,16202,1861,2720,204,459,0,0
경기도,광주시,장지동,2023,1285,35,10750,4510,37572,15941,85953,35169,88808,73122,48038,27214,40598,20511,35521,21550,36980,28008,38606,32704,29531,31225,43459,45287,44966,58794,50414,59771,46437,69090,25688,64277,20173,47690,18593,45231,13133,37730,5073,17763,2322,7667,488,1478,13,124,0,0
경기도,광주시,중대동,2023,1459,57,28786,10908,81853,52482,201586,112849,207528,126257,129997,76173,83381,44130,66060,44879,67133,50228,64073,52777,58007,61804,65656,77594,78926,94167,99484,128837,112817,154979,67602,138167,47307,94524,43868,73567,20455,61594,9038,30527,1700,3739,141,514,10,56,0,0
경기도,광주시,직동,2023,0,0,111,51,154,958,3320,7174,1629,7345,1537,1628,1593,909,1606,1045,1397,1084,1353,712,1326,1088,1433,1194,1716,1110,2802,1577,3810,2222,722,962,1380,1650,438,676,141,1240,45,315,5,54,0,0,0,0,0,0
경기도,광주시,초월읍,2023,8092,489,50027,15990,190275,96040,503985,283231,551618,404793,305326,166398,236338,134160,204652,133468,205034,155409,202141,167559,183182,174430,231878,217690,273742,287630,343162,351386,293520,387708,202525,378086,145291,256603,107728,224262,75087,177973,41450,120065,7774,28704,1383,7582,323,2288,0,0
경기도,광주시,추자동,2023,12,0,1758,1757,11337,6912,21604,23125,25206,36448,13754,10763,12880,7814,12667,7490,12741,10384,13327,9888,15360,10782,14424,16014,12972,18870,21124,19371,20043,17734,7691,16223,5626,12227,3422,10509,2328,8778,1143,2464,639,1117,0,0,0,0,0,0
경기도,광주시,탄벌동,2023,2608,58,16369,5823,48412,21721,104766,42071,105864,96665,62239,36008,47094,29534,46561,32298,46962,36395,49253,43240,55944,45096,60079,58290,61949,79531,49059,82418,47408,91999,29006,92872,22036,62359,20217,57988,15004,51700,8266,29963,2532,8771,0,0,0,0,0,0
경기도,광주시,태전동,2023,29,0,52382,2677,157938,26483,259449,72029,202919,126878,132378,43013,105997,36245,101351,38471,92468,53385,86192,68445,77471,74975,81464,93902,101091,124684,115387,148602,85738,180715,53341,205229,43151,143478,34659,114330,27561,107336,12171,74511,4175,24900,173,762,0,1,0,0
경기도,광주시,퇴촌면,2023,1225,39,12902,574,34571,4298,65946,19993,57493,27565,49302,27922,47042,25128,35453,23435,32377,27106,32154,28910,29098,30080,33738,34821,37589,43114,27115,46657,23263,50250,15330,43307,17258,34341,9724,28207,2427,23697,1051,15574,204,5160,1,15,0,0,0,0
경기도,광주시,회덕동,2023,4387,357,13891,942,35257,3095,69269,12317,51235,14111,35756,9346,31189,11162,23838,11386,26356,15666,22608,17296,18910,22915,19350,27787,22093,36794,23879,36017,20345,37413,14637,33003,13071,26197,7044,18638,5509,16664,1683,6111,106,1832,0,0,0,0,0,0
경기도,구리시,갈매동,2023,1303,375,49129,14699,133470,54774,368396,84844,262693,158818,180826,98969,123854,80086,111623,68914,120293,84624,110775,101673,103348,97473,111481,130730,138489,151083,138121,197405,137736,295312,76039,272044,63838,174814,65901,147288,45912,131191,17002,80980,3680,22351,604,3790,0,0,0,0
경기도,구리시,교문동,2023,9322,553,91346,34650,219697,99953,404272,167316,425769,382193,301175,229949,261745,183999,238894,161068,242870,176967,229839,216072,219159,211281,242236,234982,292921,278994,307065,336007,291442,408715,156654,399300,115462,260623,107314,231074,80061,203879,36782,127313,17807,56123,3799,13185,296,2457,0,1
경기도,구리시,사노동,2023,697,205,6132,4205,15374,33386,33256,53174,46008,86680,38278,43838,28182,29992,26638,25186,30248,29371,29804,30028,28926,29449,32856,32071,44085,39104,60514,46485,75352,52142,33271,43765,24702,30096,20275,27026,14493,21818,6058,12047,2896,4859,575,1985,6,6,0,0
경기도,구리시,수택동,2023,22336,3810,77827,22640,228790,82174,456373,161452,474608,339124,306608,265219,273980,241966,285044,247987,314771,267109,327303,296204,328744,303357,370154,340382,404388,388206,442055,470110,458965,504585,350756,461778,290680,306138,270563,271948,250768,246340,139153,148117,63666,62194,20378,19864,2764,5262,4,2
경기도,구리시,아천동,2023,0,0,6217,7003,23385,16330,45280,21951,37684,35117,26475,22259,19480,16211,18967,17688,20293,17922,21578,16339,20816,16631,24547,19924,27658,23745,27668,28870,23073,33736,13657,35647,10834,26508,12382,23195,7855,19516,2939,11849,1296,3191,153,362,0,0,0,0
경기도,구리시,인창동,2023,22020,6900,221509,95836,532831,287625,1226546,566671,1177609,843835,709617,678844,568357,563655,550102,526072,574253,549469,569373,624025,550316,599705,604551,684500,660483,777001,742882,980019,802713,1240458,612044,1089310,467468,666436,372394,572802,306181,519801,144807,328437,33783,83561,4146,8923,6,16,0,0
경기도,구리시,토평동,2023,8815,1019,25751,6795,86065,40202,163868,52085,166728,144158,114846,52484,92852,43392,84366,46689,88344,50468,91223,54256,80119,55654,103122,66472,131858,84177,127431,100586,103561,122031,78457,140174,61047,98889,59466,83304,46108,78645,24364,52086,7580,22264,1307,5193,53,1547,0,5
경기도,군포시,금정동,2023,23045,7474,390169,143810,741461,410954,1705671,912493,1783662,1649362,1056733,763826,756995,587010,701995,598746,750253,652802,732797,679921,692715,690864,772733,836682,926928,1008962,1260462,1332798,1472720,1781578,860788,1388463,677627,871999,606084,808789,472287,690593,225401,437772,42364,161516,5332,12915,612,2761,0,0
경기도,군포시,당동,2023,24951,3615,149533,54955,343489,217872,794153,649278,948202,998668,502853,371804,402333,278145,391197,277883,418336,319981,390873,349729,376780,352285,427020,417195,486061,501572,715953,636423,855357,819520,423382,628665,328448,455651,240307,406734,166056,364674,73551,209725,10298,68686,3651,13354,914,1850,0,0
경기도,군포시,당정동,2023,196,16,57404,26437,178863,119035,424937,360102,469423,612625,228496,254860,173424,143081,167362,125822,196234,149085,181175,141703,182404,142677,211573,170036,250654,217320,392755,299703,470994,433262,225773,335731,165539,236899,132328,197132,96938,193393,41433,123067,3650,24601,609,1731,98,249,0,0
경기도,군포시,대야미동,2023,556,71,39911,19761,121393,79080,275090,157342,309350,204740,170284,111085,126166,95118,122084,97875,122866,106428,119980,105137,117403,111304,128649,148044,140140,172262,165523,191113,205577,273345,130478,195711,96014,143262,69673,117288,52812,111463,28090,66352,6044,17209,471,473,190,153,0,0
경기도,군포시,도마교동,2023,847,26,19949,2307,48931,9580,128025,19327,149292,36297,65435,20750,50861,17424,44083,20364,44828,27834,42870,33741,36794,34413,38173,56098,42042,65684,45986,74644,46591,101250,31242,86289,21773,62893,17085,55135,13686,52314,4042,30814,48,8089,0,47,0,0,0,0
경기도,군포시,둔대동,2023,0,0,238,52,3812,569,2968,2162,3943,5643,2810,4401,1730,2340,2835,2610,2804,3185,3303,2687,4907,2704,5134,2400,5095,1947,3958,1470,4238,1235,2511,996,3542,983,992,784,394,464,49,88,0,0,0,0,0,0,0,0
경기도,군포시,부곡동,2023,14074,204,33454,14884,68591,57408,155482,160750,201336,345899,102419,82051,85848,55868,83848,57021,86537,66998,89547,74332,88380,72980,117223,105251,127840,117089,200190,151801,210925,164633,107036,133862,75027,99260,53470,85484,37977,83753,15659,44478,4960,17434,876,5721,112,1984,5,242
경기도,군포시,산본동,2023,42504,9325,328228,192563,906180,561947,2013021,1276938,2206590,1887116,1259283,1172425,1037201,1009955,1023963,989436,1133969,1099653,1136229,1149642,1109711,1123219,1279052,1259612,1439470,1480745,1574599,1777327,1869359,2350862,1433000,1933604,1071889,1275420,989031,1072937,866787,944789,447708,556194,111793,181457,8170,22439,514,6875,82,1778
경기도,군포시,속달동,2023,0,0,166,0,184,203,672,2568,2436,3815,1533,6054,1392,4057,1854,3175,2388,3620,4084,2329,4995,2231,5956,1575,4466,2004,4614,1922,1707,1569,2136,1015,1709,1193,266,1077,84,856,0,0,0,0,0,0,0,0,0,0
경기도,김포시,감정동,2023,10384,1448,29289,5892,90528,20550,162953,37993,176201,64083,101363,44753,81884,48346,77960,52015,81099,59059,83413,64094,74821,66238,83814,84005,93356,107155,87065,121353,78775,127250,56618,121910,43543,96360,39414,85588,28631,77613,14569,46108,6851,20212,980,3646,421,474,61,12
경기도,김포시,걸포동,2023,3059,1265,7392,4567,34309,16402,74595,43521,93207,60564,41404,41672,33773,30383,35681,26288,37162,29404,33849,38708,36178,32477,40151,49200,43371,60392,47840,52211,43744,44086,29256,39633,20200,27969,16411,24177,14721,24452,8075,14739,3969,8270,1432,2164,72,404,10,71
경기도,김포시,고촌읍,2023,8555,2947,83472,29089,280260,144822,533997,277300,538186,475761,334699,269325,244790,173664,229697,178444,234550,197891,244873,219589,226406,218430,266929,261989,349275,323263,425427,396188,414297,493885,265352,473017,197387,315179,180786,283454,108723,222437,62014,142641,20936,54064,14161,7758,1091,1614,6,11
경기도,김포시,구래동,2023,28959,5156,118884,17309,346812,148451,644267,300497,596456,394522,378333,300819,314070,261918,314230,275834,316787,304768,305476,335296,294969,345578,342196,374842,365562,441198,400829,541506,428534,633303,321244,561541,269338,411285,246261,315800,206451,277471,106870,192472,31991,87673,4220,21225,473,2702,9,2375
경기도,김포시,대곶면,2023,3743,47,7203,512,28120,32506,56953,82114,65808,79445,43490,39050,41643,35525,41910,38149,42493,39565,39271,34682,45158,37330,56135,44827,57957,52996,96772,70724,75781,67517,45809,50496,31654,45487,14228,24749,5724,18847,1122,11250,253,6469,142,3132,37,377,0,2
경기도,김포시,마산동,2023,6117,943,39245,4242,102924,15597,163106,34184,156456,77042,100788,44500,75984,35930,75067,39286,71235,54042,70911,59849,62363,59093,75066,70652,81129,83366,86659,102282,77071,132117,46632,130756,35529,99372,30567,81381,25464,77775,13246,48845,4535,19230,1088,2906,129,155,18,211
경기도,김포시,북변동,2023,11629,6664,98785,35620,301759,104607,597785,231135,586281,460985,383546,320160,326485,261507,341913,265590,386213,297013,358721,310216,340068,305730,385960,343861,423845,407220,455948,481267,446241,597781,294123,559568,242409,367394,219815,315386,204366,292843,92270,189933,36124,75404,5939,8838,1124,1598,35,95
경기도,김포시,사우동,2023,26564,8760,97106,36937,233217,105330,473985,212543,447845,432378,275966,268232,225187,204627,224250,196309,243347,212425,232810,240380,221141,232734,253700,257508,289546,307138,300126,374408,295381,437441,216831,405803,173862,253498,156039,218097,133541,200724,76547,136365,27580,55348,7877,8601,301,1728,12,42
경기도,김포시,양촌읍,2023,13553,3168,32334,10585,120240,79594,206575,188381,192930,257908,139032,120756,114386,79592,112210,79455,111614,85253,118340,87155,112061,92337,123450,109200,164710,130051,224704,151499,212805,170013,93565,140684,73108,114260,51810,93012,29199,77213,11220,47580,5008,22435,2004,7818,304,1198,17,16
경기도,김포시,운양동,2023,12020,610,86871,10944,228213,48868,357571,98752,356362,243433,218030,133272,175937,104186,162304,108602,177335,136143,169779,148687,160398,149962,186160,183627,230714,233413,238448,274609,190806,325080,131166,344736,108027,239882,97146,205524,83673,201815,42624,137542,18139,59989,3351,10984,187,756,1890,318
경기도,김포시,월곶면,2023,1890,366,5749,881,12221,10276,30831,63837,36355,70419,27155,29065,25635,23978,24072,24127,25212,24996,25321,21427,28657,20670,34870,26164,38277,26704,51026,31069,34165,28278,16884,24644,16169,20947,7409,14611,3687,11485,1053,7861,1299,5121,137,1659,2,32,0,1
경기도,김포시,장기동,2023,26370,4096,145647,24372,371845,96248,629919,214719,660869,443849,386162,289112,335426,220815,329421,218182,336356,245278,331296,296406,312995,295320,376938,344734,402312,450294,389138,523873,375008,572902,250475,550551,204265,388733,193995,324589,166668,297003,81191,206941,29433,88144,8653,17041,753,1162,86,591
경기도,김포시,통진읍,2023,12077,621,35483,7572,83135,27339,199227,148445,180292,173509,123660,87628,111191,81036,109971,85204,113176,92148,102012,86404,101392,95932,122318,115349,150663,132702,163431,162967,142969,181121,89183,144610,64057,107978,39820,83319,21140,64066,7168,41879,5456,23416,2069,6333,3,4,4,0
경기도,김포시,풍무동,2023,20429,2832,59700,13868,182843,41370,325478,92948,309941,164105,195401,108338,151800,91055,143014,88613,151651,110942,147232,122429,136394,132936,149478,158615,159741,194280,166918,219617,147500,256197,106343,288037,84607,187272,69708,152404,59673,139436,32634,93418,15712,40389,4006,7515,11,18,0,0
경기도,김포시,하성면,2023,1572,48,4469,1459,16657,13371,35441,47387,36733,55119,30853,23284,27004,22347,26663,25081,24366,21502,26717,22545,27373,22830,28079,26999,37836,34967,61363,36752,53681,35144,19799,23863,10879,16460,4726,12307,2088,8108,561,4328,77,2819,2,336,0,82,0,0
경기도,남양주시,금곡동,2023,10109,4267,55703,20485,114715,51921,237623,134107,279845,323010,195972,160730,167526,127946,172443,120875,168300,135823,160593,140617,157710,149655,188729,162615,212044,180030,210122,204747,222432,230277,110442,193025,77628,128783,65196,120914,48787,105654,21799,60209,8509,24179,2792,6182,288,1083,0,4
경기도,남양주시,다산동,2023,27750,9279,220032,70926,724783,261449,1548927,611990,1361764,949949,899703,617199,678478,472212,621032,459077,638396,510233,629803,563145,577873,569970,660344,677259,777597,803419,876206,1010539,885180,1273226,591324,1184820,442182,772558,414650,649020,320262,576241,137529,386845,41027,126433,8297,17893,645,886,0,0
경기도,남양주시,도농동,2023,0,0,0,0,11,0,18,0,35,0,34,1,18,2,33,1,23,1,20,0,50,0,35,0,59,0,82,0,40,0,59,0,43,1,55,1,42,0,30,0,5,1,4,0,1,0,0,0
경기도,남양주시,별내동,2023,29174,1851,150228,37458,453250,169428,998764,352890,1032937,721115,654191,469541,511617,368795,479384,343026,530575,411748,521489,442625,498920,436668,563842,527230,658307,629630,702219,750013,680199,935648,444632,876823,338521,576985,319089,508678,251430,458311,100207,295823,20800,92251,78,571,0,4,6,0
경기도,남양주시,별내면,2023,7655,297,48751,10317,87087,30697,181919,59979,178323,113532,121960,71474,100116,63471,93612,63954,94268,69953,93536,74051,82627,74818,88181,90348,100245,110516,101388,130345,87932,154517,56252,149350,46126,111213,37673,92192,28780,86970,10046,57293,4774,20385,619,1669,0,0,0,0
경기도,남양주시,삼패동,2023,11,3,578,763,981,2136,1475,4464,1838,8440,2003,10734,1847,5188,2027,3329,3023,3306,2850,2980,3642,3005,4485,3022,4583,3081,6669,3303,6904,3326,4860,2939,6920,2323,2222,1990,930,1654,519,1025,102,556,30,199,0,0,0,0
경기도,남양주시,수동면,2023,2,135,2920,827,7728,6651,19821,16245,24904,31714,20489,17927,21025,13112,19197,14482,14071,12246,19292,12489,17739,13434,20389,14730,22227,19987,22827,14663,15018,16340,10248,16261,5222,12622,3000,9903,1909,5294,631,2862,126,1962,206,160,0,0,0,0
경기도,남양주시,수석동,2023,694,19,1897,860,2860,3470,5230,7823,7178,16055,3989,10961,3411,6591,3420,5314,4005,5427,4428,5725,5348,5517,6706,5884,9287,7401,12553,8166,13577,10652,7229,11271,7610,8910,6148,7035,4254,6800,3096,5569,1550,3538,405,1155,0,0,0,0
경기도,남양주시,오남읍,2023,17866,3885,118797,26216,281949,105831,594552,250648,605989,397914,399481,243891,347877,232134,326125,225994,335079,273274,314225,271608,299218,289146,325957,338542,345443,410844,402036,497734,383451,520506,265112,494716,193433,364374,168628,306689,135478,299281,76149,186225,24116,77262,7204,15372,1149,2905,0,1
경기도,남양주시,와부읍,2023,20455,534,119397,27113,356078,123605,826949,295939,781826,525878,509179,331510,438399,299165,389785,280252,394070,305835,380398,328841,367259,328018,406602,427227,476167,477386,450425,608516,422013,654851,313300,655733,241248,424076,193358,385273,153219,354285,55219,211884,16473,72326,848,12991,0,22,0,0
경기도,남양주시,이패동,2023,1106,11,3178,1966,9060,12168,20487,22508,18231,27924,11568,15087,11022,11813,10932,8518,11690,10340,12614,8316,15494,9233,15977,10024,20439,10952,26921,12951,27437,14488,9391,9977,5189,5602,4278,5615,1518,4759,721,3568,88,1219,6,62,0,0,0,0
경기도,남양주시,일패동,2023,403,1100,1692,3212,5411,11790,17364,41777,25627,87227,19199,28149,16604,18025,16205,15892,18849,16841,18869,16462,20456,15221,20360,16596,37483,18443,59932,20125,43905,21582,17495,17723,11103,13587,7292,11786,3508,9486,1630,6311,858,2754,218,795,35,93,0,0
경기도,남양주시,조안면,2023,307,7,4160,2416,12915,10510,25681,16312,31354,28896,21539,40800,20300,49898,22006,44635,24801,37604,29867,27968,42085,29965,53223,26723,49689,25346,42537,24369,28762,22701,17330,21756,11730,13447,7486,12077,3516,9307,848,5883,1,76,0,2,0,0,0,0
경기도,남양주시,진건읍,2023,8560,2445,63895,30653,150256,92904,339344,242220,332205,336736,204003,174878,175702,131617,167416,129648,177370,138576,161921,132428,145497,142251,170982,159071,209023,197767,266481,258769,255986,291675,149918,264458,100286,164816,84674,141886,57972,128105,29480,78611,9114,28300,2145,6600,162,513,0,0
경기도,남양주시,진접읍,2023,39650,4410,161558,21233,408799,161793,836406,441391,950229,808022,608155,542202,533274,436455,538404,423850,582510,483520,578531,528631,520865,488803,629004,589673,725276,675938,756818,787536,674335,806467,396483,695976,295680,518028,262129,441208,190152,397523,83262,252490,21602,117407,6502,29390,547,4280,0,3
경기도,남양주시,퇴계원읍,2023,14619,3373,45278,23442,116224,56191,223026,112729,246836,211847,173243,127496,140652,107292,137164,107789,147389,118520,144598,124302,128311,126703,138377,150672,170614,183233,197538,204444,178992,234656,134365,197221,92925,147414,78300,132344,67227,120114,36817,74169,14875,31966,2973,9244,26,38,0,0
경기도,남양주시,평내동,2023,11904,2490,129883,27480,308895,74581,586503,180828,546350,322414,331899,230566,281448,187025,262750,191082,271855,228948,259976,241370,233187,262153,251837,286149,281249,347406,305372,484868,306888,521923,239481,552054,183135,322347,163510,266956,156870,251435,75656,159555,31560,68875,6527,13190,1376,2679,3,7
경기도,남양주시,호평동,2023,10334,1622,59279,8296,126000,21729,205591,55968,223410,165811,156821,96645,138808,95055,140661,102054,148078,112727,146872,126434,140819,128267,158339,151366,164423,180434,179314,201725,137473,209944,103661,227523,84816,166847,77387,144452,61530,140280,24192,96211,10066,46584,1964,8216,195,786,1,4
경기도,남양주시,화도읍,2023,20578,1268,180029,31720,527919,170134,971565,389484,918070,602773,648499,406368,549060,348549,495605,364807,520894,402353,490848,437124,466159,442531,519622,546122,550002,620071,534609,718106,507862,742531,379028,799802,276247,574852,235019,478980,173105,415558,70552,253234,30359,113004,5975,25803,1606,8112,22,95
경기도,동두천시,걸산동,2023,0,0,0,0,0,0,0,0,0,0,0,0,0,0,83,147,0,0,0,0,0,0,0,0,0,0,83,159,0,0,0,0,0,0,0,0,0,0,0,0,0,0,0,0,0,0,0,0
경기도,동두천시,광암동,2023,0,0,0,0,2223,618,3849,2352,5057,3617,3792,1616,4409,1813,3903,2040,2916,2835,3229,2909,3387,3300,4290,3638,2607,3441,4206,3450,2444,2898,812,2484,840,1301,282,1175,243,4,0,0,0,0,0,0,0,0,0,0
경기도,동두천시,동두천동,2023,1481,434,16002,9909,47744,51400,88743,99297,112105,105997,87007,95243,80056,71773,68340,62551,60802,50091,75749,68307,74255,59587,93408,70055,89160,66142,91664,73959,91661,85940,51428,67885,31151,56091,20100,43510,19968,35113,7258,26552,2785,9252,108,1064,303,1703,24,571
경기도,동두천시,보산동,2023,1069,94,18771,6609,30947,15621,56707,35698,54350,38214,47410,26170,40901,22361,40926,25518,39911,26206,40776,31950,39194,32242,43891,38376,54507,40480,68045,50987,47450,60172,28560,63866,19565,46851,14720,33440,7740,26540,3071,20561,761,6664,123,611,33,430,21,205
경기도,동두천시,상봉암동,2023,1894,498,9550,8585,21918,23280,56030,49119,74317,69830,79577,76383,63531,118779,67752,130963,88130,154269,116101,108049,150158,89377,159277,79774,149845,76881,114779,73450,70492,56769,38786,44370,26324,33079,15111,17732,6489,13069,4699,12089,1999,7533,40,346,84,516,258,560
경기도,동두천시,상패동,2023,0,0,377,32,1292,323,3820,5951,3662,5172,3533,2655,2122,2344,3200,2043,2668,2557,2344,1694,3353,2007,3053,1920,2670,2800,3605,3249,2890,2773,1454,2157,748,2007,421,820,18,404,0,0,0,0,0,0,0,0,0,0
경기도,동두천시,생연동,2023,3453,255,36555,8454,88146,35342,169330,104418,200751,242021,131134,112558,126018,106402,126897,117305,126673,107206,129786,126088,122353,116201,139234,131316,156382,136923,150062,155134,141790,157018,71555,126596,48134,89193,31849,63643,17939,49638,5920,33564,1614,11482,1147,2276,153,1329,76,1173
경기도,동두천시,송내동,2023,1831,195,2645,778,5235,2646,22156,6547,24041,12690,11752,8852,9678,8650,9001,7778,9391,10189,10788,10782,9342,10849,9582,13181,9681,14847,10801,20610,8956,16178,5285,11410,4963,8047,3082,6601,1281,3918,637,1738,370,866,253,946,105,713,24,515
경기도,동두천시,안흥동,2023,0,0,0,0,426,524,293,3,1406,8376,0,0,2191,501,865,625,422,205,817,687,235,111,3342,692,1338,141,780,615,201,144,298,751,30,121,0,0,0,0,0,0,0,0,0,0,0,0,0,0
경기도,동두천시,지행동,2023,4291,469,63646,13343,152905,38657,318064,100480,340254,197394,221666,126949,180245,106122,177211,123093,163212,131528,167519,164682,156739,158019,158244,193973,173064,236182,180292,311426,200984,305661,135572,284568,115844,191272,88088,141858,61814,120018,30066,92666,4986,34449,2524,3351,810,2067,318,1015
경기도,동두천시,탑동동,2023,0,0,0,0,471,531,2110,911,2169,6047,1179,2016,1733,3295,1847,1965,1484,1596,1372,1225,1753,1615,1758,1133,2502,1263,2425,1712,2547,1631,527,1459,803,800,513,241,20,33,0,0,0,0,0,0,0,0,0,0
경기도,동두천시,하봉암동,2023,3,36,607,229,2922,12460,3375,18577,6844,10135,4772,2594,2983,2007,3247,2442,3861,2653,4651,2303,4380,2812,6822,2235,9370,2852,10985,2938,10963,5595,6534,4148,2284,1643,1272,1307,427,885,14,180,17,95,2,32,7,36,3,5
경기도,부천시,계수동,2023,815,76,7845,482,28848,7650,65063,10395,48111,34146,25894,22090,18482,16643,18355,12322,20214,16920,21293,19400,17866,15280,23506,19265,34076,22956,29468,26650,24942,37675,15455,44591,11340,27092,9526,24231,9304,23465,3231,16960,1071,5712,16,145,0,0,0,0
경기도,부천시,고강동,2023,38141,7548,124074,29979,212810,65891,499768,106260,530978,195714,304490,137518,228417,129643,209392,135602,218796,160440,214678,176934,185471,189654,189205,241548,210535,297886,230563,362058,228540,472344,157866,432047,114449,289661,91296,264333,73869,251054,32622,152114,10098,53026,680,4768,4,13,3,0
경기도,부천시,괴안동,2023,49849,15678,126563,134558,222916,299831,468543,688067,622526,825968,410505,565452,297244,368619,294811,334747,345177,365940,347783,357356,345011,338059,385717,372847,491884,459660,547046,523740,703280,581166,622452,483727,396937,328753,366363,304296,327543,276724,206656,152420,49235,72881,8774,15877,83,74,5920,1936
경기도,부천시,내동,2023,4660,635,38164,27307,86640,93069,172257,308275,197752,390005,107721,103313,77183,60234,72840,54398,82907,61710,82896,68133,83734,62553,88840,71631,107611,83370,266295,109506,286472,145174,129345,108777,88741,81585,69054,68425,32506,61397,19127,37109,4107,11145,447,1805,1,6,0,0
경기도,부천시,대장동,2023,42,0,300,192,1287,2784,1034,3350,1685,5744,1902,3528,1948,1942,1503,2010,1915,2308,2482,2332,2249,2111,2514,2261,2934,2461,3726,2519,3493,2356,2385,2181,3635,1686,1065,1104,257,932,112,515,20,166,1,0,0,0,0,0
경기도,부천시,도당동,2023,10659,5361,62625,40890,120383,111526,237858,337402,272612,568583,168404,144690,141372,100723,138998,104787,150947,122780,156213,143852,160496,127900,165378,151833,216749,179350,392497,240610,374727,303797,180547,236200,148785,177922,102390,167457,69119,137758,24984,76158,7724,25078,951,1895,7,14,1,1
경기도,부천시,범박동,2023,7637,410,42531,4554,127762,16086,261584,35986,217031,117050,144883,49963,108857,45052,98818,49057,97604,62089,93660,73906,85395,76296,94180,94256,116643,118164,103665,153620,88278,189108,60729,206827,45668,121283,37366,109386,28232,104952,11449,64996,1739,22079,21,347,0,0,0,0
경기도,부천시,삼정동,2023,213,0,22597,18949,51921,88123,104357,259047,122768,378997,71401,95713,62580,52762,59216,47636,70544,52007,71548,54035,71606,53587,82032,61380,106321,72253,255766,94801,315729,114007,108514,84546,80501,61799,53267,54304,26685,47400,12806,28379,1111,2595,6,187,1,239,9,2
경기도,부천시,상동,2023,35602,12326,239244,169753,646723,447078,1517023,1043310,1534635,1544062,874487,1147356,687470,805858,701885,800474,827407,857584,848504,889419,846275,844466,1003792,915090,1201473,1049582,1300080,1339591,1561234,1691204,1177391,1350529,918649,862401,895478,724482,815161,667528,385750,429738,89052,134371,9053,32811,1292,10007,48,1800
경기도,부천시,소사동,2023,1460,2537,9765,17771,21061,39344,44521,74484,78923,109782,68349,68074,57141,55661,55445,41796,51857,45739,45735,55865,48716,54926,62865,50608,67793,50972,86365,55167,62019,67569,42314,45204,29341,33305,25566,35161,27000,28306,13572,13045,2213,2013,0,0,0,0,0,0
경기도,부천시,소사본동,2023,63190,22842,449342,179699,644937,337444,1391643,581576,1360035,871980,914901,595793,734987,522537,679257,512739,731746,577609,696479,590721,629542,582942,686091,665166,795140,831316,858505,986474,772292,1213634,544583,1033375,407307,693279,354335,644360,276757,575324,144167,373715,25280,80136,2641,6154,39,100,5275,1518
경기도,부천시,송내동,2023,48030,5998,430284,210278,904025,471601,2215887,963992,1979108,1768196,1178812,967313,896109,676813,864717,665584,916115,720191,869525,758636,810098,746252,890475,836310,1037349,1084574,1272488,1411978,1652303,1910384,1019940,1685364,725278,1056847,642636,935185,531604,830626,250556,508842,21251,80126,1546,6194,0,0,6103,669
경기도,부천시,심곡동,2023,23574,19641,110436,80621,197545,155926,487878,301620,560026,519518,334707,423210,262698,332741,267050,310749,294217,348183,315221,387038,317709,353726,368731,366692,424199,405289,488970,498125,534179,653875,406681,455965,315209,310729,315051,274381,272759,220771,149120,117340,38194,37811,6780,9146,158,319,4,9
경기도,부천시,심곡본동,2023,68523,16590,568786,163236,710144,386227,1662755,771019,1742166,1187010,1080207,969362,852066,845996,869400,863589,946888,981014,943146,1036628,938359,998213,1039632,1061882,1185501,1248321,1260947,1533994,1319726,1909590,1010989,1567539,770078,980908,711629,869313,600717,729587,318091,464266,48593,93691,7938,15511,339,692,9003,1033
경기도,부천시,약대동,2023,2896,193,16827,7479,36456,23180,79721,73630,94783,179486,54913,49754,43373,32002,42321,31940,44895,33261,46299,38710,41480,36658,48795,43668,49142,48871,85978,65095,115581,86159,46702,74818,33038,51680,27291,47856,17408,41091,6701,24530,882,4692,33,565,1,244,0,0
경기도,부천시,여월동,2023,14376,6218,56762,63426,110626,136766,247599,242607,311644,318087,183357,187123,150602,157803,148126,159715,154138,172429,167125,170882,165717,164575,186333,180232,203427,214202,238152,270121,283798,310171,206660,230102,149700,151994,142397,132788,115475,123754,55551,73272,13507,22738,2198,3662,41,127,11,10
경기도,부천시,역곡동,2023,12396,1087,379997,64159,666254,213682,1699499,405306,1725287,782369,1018612,693120,701642,494307,657146,539887,689410,563453,670956,571984,602584,600090,635209,676040,728656,903410,783448,1164479,763602,1686717,527642,1364941,412130,811790,370170,764188,319944,668799,156201,436198,7415,33310,9,101,0,0,0,0
경기도,부천시,오정동,2023,7538,495,37916,9250,86727,63569,206690,164043,200393,209300,122392,91080,92405,59983,90116,62184,102695,70542,94369,74323,89563,76696,95772,89208,118179,108668,200300,149725,177746,185332,95613,159848,69695,112907,56676,94310,33938,87880,12135,50427,2499,12344,55,303,0,90,375,7
경기도,부천시,옥길동,2023,8920,424,53613,17849,159791,40529,365047,90903,331549,184899,188494,159391,146602,121531,138711,126069,150328,159904,160323,174561,156605,167224,178802,194350,210726,229147,219870,270616,228513,312817,164415,329901,132761,189685,133063,153326,122149,143180,36645,83642,6095,30192,332,1590,0,0,0,0
경기도,부천시,원미동,2023,22321,6081,67592,20616,114017,39925,270112,96016,263642,193350,158710,120218,122885,97073,118050,90796,128904,96873,122584,104505,108635,107131,117400,125951,127082,149267,148547,178694,148011,220360,90992,200390,68589,133129,56833,126226,37595,113759,18358,67887,5301,16152,741,2812,0,0,0,0
경기도,부천시,원종동,2023,37148,7699,193573,51442,316770,108206,722788,179329,721322,309752,431883,235941,346964,224688,329463,236221,349569,259475,336563,295941,308651,306079,318632,359753,351040,436289,384107,550667,394000,719509,278465,589274,215207,380351,183584,340932,155177,308968,76640,186185,20058,51520,2317,5682,11,26,0,0
경기도,부천시,작동,2023,1045,236,20681,41822,57782,100355,125605,253911,186934,356632,115130,183729,86395,114830,87562,111344,100030,117842,108834,110844,108357,94356,137680,104106,166167,124352,207153,145796,291546,170533,244895,132668,158901,87986,144047,83283,126808,72866,62817,36893,7070,4859,260,734,162,629,8,50
경기도,부천시,중동,2023,19751,5189,336753,173764,851122,416497,2092971,994350,2203965,1936807,1227207,1441761,974293,1058849,989321,993779,1093163,1076675,1110499,1166397,1102968,1157641,1249611,1216886,1360419,1395538,1599341,1845845,1856805,2454189,1199632,1915128,1134715,1148574,962973,954222,853470,870982,373809,536644,55831,159541,9534,27721,967,6997,184,1737
경기도,부천시,춘의동,2023,9790,2557,168290,72800,383804,271705,965703,826957,1176236,1414216,606627,624304,412718,378982,383400,347711,417784,363743,426741,378313,418791,353220,447935,389215,510903,482608,871431,651056,1151412,931440,539110,712045,359858,456069,282237,403685,191513,343582,90681,203688,22450,68145,3398,5012,296,1499,43,198
경기도,성남시,갈현동,2023,0,0,1437,20633,4053,12882,7378,19359,9101,24508,6900,20065,7303,18656,8888,18489,8816,18965,9145,18134,9175,17510,9384,18927,10114,21536,9475,22063,8560,26772,4520,20724,2920,13051,2663,11897,1943,10505,941,5845,380,1964,47,488,4,27,0,0
경기도,성남시,고등동,2023,1488,80,15755,4450,53743,22992,138551,46250,150391,82518,88806,57866,55733,32554,50756,29321,49666,35843,53546,41612,50712,42561,53848,55421,64272,74419,88712,83678,85329,118856,42159,114946,35588,84577,27256,71536,16214,64467,6853,31234,2178,7532,78,123,0,0,0,0
경기도,성남시,구미동,2023,27499,994,170705,79347,722656,612662,1713404,1230307,2015165,2079193,1501768,1495114,1259200,1084588,1202766,1002291,1199844,1058725,1207883,1137581,1189604,1101471,1368171,1189933,1396502,1274978,1617224,1523096,1707071,1868338,966745,1560671,784605,1068834,744903,946922,610146,904949,284987,512438,56763,161096,4213,17014,1658,5802,1328,1511
경기도,성남시,궁내동,2023,0,0,1457,1851,8363,6670,23327,15032,24461,30900,21798,17594,15589,11091,14107,10812,12514,11723,12962,12748,14648,13803,15133,16164,15645,18957,21112,22595,23730,24930,11332,26137,8714,20225,6459,16355,4439,15242,1466,4992,171,930,4,4,0,0,0,0
경기도,성남시,금곡동,2023,2094,794,32861,36144,145383,149398,284761,348571,341997,477592,224688,400165,193280,312289,207714,305829,246650,287179,267585,277760,276797,287595,347527,341265,389809,363590,478335,401316,547679,401863,480233,248026,366988,183662,349259,157920,343368,165828,164843,83538,38701,29834,4008,3665,901,1265,609,411
경기도,성남시,금광동,2023,53810,8903,244641,70552,477135,219293,1162380,556925,1434238,1009892,821888,700035,536584,478059,510275,412574,576244,489783,533896,530104,492556,488240,606508,620627,746550,784025,756032,933480,805004,1256150,566655,975902,385326,646275,332011,591168,265300,523858,144620,287758,29299,80211,3276,5337,774,2499,1466,853
경기도,성남시,금토동,2023,42,0,1062,6596,3497,26780,10732,38832,16264,62215,10032,66991,6106,29586,6245,9254,6598,7508,6133,8095,6912,6134,13748,6426,27613,6891,23125,8295,18438,9485,10242,10880,5267,8502,3189,8095,1685,6847,283,4115,16,423,2,0,0,0,0,0
경기도,성남시,단대동,2023,22559,6714,29054,24504,55580,55127,121280,144809,180831,224312,126856,107383,94155,69801,73407,71742,83158,80129,87804,76002,74680,75196,89644,89009,103051,110719,113112,124012,131968,134891,99316,78814,69170,54289,58747,42572,42082,33571,11560,11706,383,1488,682,631,157,262,229,1
경기도,성남시,대장동,2023,894,44,7548,4363,61745,24908,118672,23402,102585,28758,69555,17324,49217,15798,44802,17235,41972,23799,42384,29072,38173,31696,46670,41410,57463,51199,48469,67311,36408,84202,23953,93718,15473,70049,15066,59870,13192,65236,7802,33632,3267,8541,2168,1572,741,188,502,79
경기도,성남시,도촌동,2023,15231,1671,49317,11478,102556,30579,228191,52160,228542,105975,139570,58484,106321,54330,93726,58593,95600,70368,95716,79123,88815,85197,96358,115656,100782,143248,101384,163611,106017,190418,62521,171863,44397,120694,36347,112332,23552,103963,8936,61153,1450,17084,36,474,0,0,0,0
경기도,성남시,동원동,2023,0,0,322,1283,3784,6077,8019,12376,9531,28397,7137,10528,6132,8053,5944,7789,6912,7574,7871,7566,5750,7694,6402,8706,10725,10010,14737,11382,10138,11939,4705,10856,4079,6994,3159,6596,1909,5857,695,3099,315,1154,20,79,1,5,0,0
경기도,성남시,백현동,2023,4385,1233,82681,67351,387206,512252,1362866,1849823,1701470,2985101,1308581,2948129,742625,1380859,581268,824760,657987,745024,716501,725964,761715,673524,927915,699526,1226494,851168,2218103,1106462,2790575,1334718,2266078,967853,1615788,594988,1146994,539236,778164,549947,325075,282309,42972,82430,1652,4238,79,143,35,131
경기도,성남시,복정동,2023,8931,7212,40262,34768,131705,97269,399796,234200,487776,597067,282079,443077,210500,278524,210054,207863,271193,254667,249815,252384,261933,224656,315662,242967,390077,294386,434460,361893,436845,493605,231711,377158,194370,237282,197248,229589,172680,218875,81321,135044,27784,54348,6363,12484,1712,2611,510,2019
경기도,성남시,분당동,2023,892,131,23527,13823,126980,26186,248771,65475,252858,114383,183053,70835,138339,61108,116976,52414,119120,65157,110332,75192,97743,85233,118763,102872,129743,124435,131768,147137,106802,184584,64181,198089,50559,157806,40049,139839,33251,143205,14341,83164,3185,20292,1,18,0,0,0,0
경기도,성남시,사송동,2023,149,12,666,859,1731,3579,5603,7397,6721,13663,5802,8810,3790,5060,4246,3871,5920,3795,5908,3461,5899,3644,9355,4889,10840,5406,12556,4958,9591,5517,4112,5677,7064,4354,3388,3697,1294,3417,547,1594,27,244,1,9,0,0,0,0
경기도,성남시,산성동,2023,9966,2182,62588,18366,125048,70694,307963,92405,368651,186591,205096,115518,149782,100149,132201,89743,130276,99575,125756,107472,114792,112880,133528,140529,145582,179674,148718,219028,132823,328139,82963,261325,52865,170012,44234,156394,32129,141827,10102,71426,1945,24115,364,528,135,208,3,0
경기도,성남시,삼평동,2023,456,210,43954,129489,108581,295821,303686,1355945,387598,1972111,264743,1557903,173028,644923,178937,241494,209866,246862,222447,252275,302438,223810,407903,248108,538434,320597,1250481,640285,1305203,644426,827711,398943,541507,225084,418149,185414,277819,165275,107849,77056,18346,13220,809,1991,221,543,112,180
경기도,성남시,상대원동,2023,68899,13061,171572,117003,292762,319536,635921,832816,776392,1327448,446461,493407,346615,299351,347626,287887,368134,315256,372161,322465,370747,323175,421016,421215,549601,515845,984647,577813,1087722,651707,503826,513473,292255,362692,228060,327924,120472,255097,42940,126437,6052,37459,595,6909,241,786,229,277
경기도,성남시,상적동,2023,48,16,739,578,3085,5088,8235,10814,10668,19701,8050,22448,7063,19227,6770,11556,9823,11452,13081,9910,17621,8457,19217,8601,19715,9817,17914,11216,17440,12731,12233,10433,13801,7305,9687,6370,2830,4559,977,2124,68,95,0,0,0,0,0,0
경기도,성남시,서현동,2023,7178,4447,146035,142989,438401,409346,1001870,981955,1164579,1879610,869778,1527851,731962,1005274,743226,873079,842297,933053,887458,1002544,927607,986120,1093109,1011954,1235616,1174308,1519465,1375905,1897652,1576260,1265909,1260233,1123098,813163,983781,671370,818872,626124,357678,355574,47552,93502,6161,10682,3907,4407,1823,1949
경기도,성남시,석운동,2023,0,0,191,406,767,1082,3743,2623,4775,6999,3360,3586,1852,1751,1641,1151,1872,1366,1918,1436,2018,1542,2115,1720,3142,1920,3551,3098,4839,3681,1390,3856,2458,2649,706,2213,195,1758,69,1244,0,0,0,0,0,0,0,0
경기도,성남시,성남동,2023,41765,26931,454918,313258,717020,619628,1631168,1238204,2039997,1787103,1417695,1369127,1032616,1128223,1042684,1159612,1170553,1195776,1195433,1216234,1184799,1186509,1346376,1355977,1606813,1482943,1567000,1671735,1636256,2109574,1169249,1493264,897325,1036887,849596,936528,712275,744919,399267,426897,66831,90682,14150,21205,4824,5082,3454,2423
경기도,성남시,수내동,2023,6193,1716,76592,72578,239269,193100,569861,536026,666280,1131962,463559,787447,365865,471682,373397,378730,426916,405527,454721,438912,473636,434065,541915,454696,620158,526863,872380,649671,1078002,731776,654107,618778,554814,421162,442068,369613,388137,368559,103570,185933,12593,55743,2632,7507,730,1948,394,597
경기도,성남시,수진동,2023,12441,7576,54861,34081,106202,52534,233052,82297,294005,163885,199771,143354,140849,129803,134879,135288,152768,143693,165970,153716,164471,165566,192177,215402,215187,232892,234703,234284,260069,267053,198660,212221,147358,164698,130043,188537,100393,143035,50083,59033,18512,25057,6770,10791,1184,1753,0,3
경기도,성남시,시흥동,2023,254,133,2023,10144,10118,50363,31719,120558,43880,210135,34400,172419,24973,65038,26162,31688,33090,29915,35737,29762,46120,25504,63827,26365,95699,32557,190172,42711,209061,44597,132485,35029,72936,23932,56971,21230,28853,16123,8337,9428,1275,2684,142,343,2,0,0,0
경기도,성남시,신촌동,2023,40,54,566,255,3030,2816,4519,5398,7584,6158,4795,4685,3702,3246,3552,2458,4300,2930,4343,3648,4032,3253,4456,4004,6852,5411,9383,5718,7898,7655,4361,8125,2719,5013,1906,4677,1540,3797,686,2470,130,867,0,4,0,0,0,0
경기도,성남시,신흥동,2023,81963,23113,291463,89873,530075,240538,1201665,408495,1444019,736879,808696,486277,592777,436067,564314,447027,610779,512368,595284,578633,574136,591495,646811,707046,746409,830495,809534,960294,846783,1294408,505923,992594,378806,609396,317100,547142,229515,489109,95084,270599,16921,82696,5800,12336,1315,1238,1469,100
경기도,성남시,심곡동,2023,79,30,1009,187,6261,3329,17031,21209,25038,14348,13769,5919,11437,5137,11723,5327,15000,6141,11938,6757,11811,8382,15763,13279,34725,16091,21493,13908,23751,14539,9339,14646,6282,12803,6033,13594,2379,15758,965,8780,208,2431,13,30,0,0,0,0
경기도,성남시,야탑동,2023,21664,31508,320646,297358,671905,646030,1694933,1467989,1995085,2604448,1357597,1644481,1006334,1139302,1002106,1029136,1090062,1112046,1105805,1191702,1139966,1107967,1409578,1287813,1616377,1434095,1881933,1702607,2316589,2114722,1387685,1538290,1110879,1038335,1035732,853030,807048,778113,353990,419859,53710,94738,5279,9324,3874,4142,1571,955
경기도,성남시,양지동,2023,67485,6554,94807,13016,140939,29862,301272,56606,319292,81991,196507,55732,163736,42912,179431,45229,200780,49273,190325,48816,194619,50163,213372,57000,249218,64544,220446,75052,184496,82722,125801,44129,105109,31991,79038,24546,51888,18214,19565,7599,130,72,97,61,45,29,232,74
경기도,성남시,여수동,2023,1584,2305,10172,11192,42701,19598,136746,53655,159032,138039,92757,63304,59959,38826,57468,40431,57817,44902,62362,49125,62538,47326,71765,56189,80159,65309,99347,75773,139888,102343,63532,81497,57816,54846,54038,49610,28686,42413,10224,20943,2023,4997,92,998,35,344,0,0
경기도,성남시,오야동,2023,129,14,578,117,2778,1277,7568,3785,9541,5626,5134,5981,3844,3705,3695,2388,4003,2998,3867,3261,3805,3338,3971,4425,4790,5091,5259,5588,6145,7304,3287,6311,4566,4629,3600,4280,1259,3349,610,2149,92,644,1,2,0,0,0,0
경기도,성남시,운중동,2023,1369,158,24408,12032,88852,36260,226893,103787,219772,219073,160132,128466,121260,76540,110502,73692,112792,81130,109592,91209,106735,95920,130795,112794,155477,132760,178431,168700,176672,201774,106111,211049,87423,144830,80011,122229,61709,123784,24949,69955,7129,20481,1568,1493,725,296,352,147
경기도,성남시,율동,2023,0,0,788,2,1715,7,6367,8041,10498,9335,6767,9679,5869,5685,7568,4355,6852,5564,7637,5635,8490,5765,10447,5568,12725,5845,22146,4933,9095,5705,6924,8154,6399,7423,5104,7034,2752,6784,679,2263,0,0,0,0,0,0,0,0
경기도,성남시,은행동,2023,2025,638,10346,10338,67164,40285,186930,76605,241536,221710,144461,269709,112954,185824,105249,183659,108447,206256,102730,216548,92870,201285,96354,236895,105758,293643,95675,322211,88648,388700,64225,324151,43317,222543,32701,206095,23210,191588,11004,111972,3509,37343,2064,11562,631,4918,13,483
경기도,성남시,이매동,2023,3014,7120,85342,93296,235493,185566,568890,458924,608113,610236,431258,362981,349137,271669,336258,249145,361092,280912,346211,307329,331444,296101,404436,340447,561052,403624,555651,496224,608828,586655,376593,494505,308846,329884,316749,297050,297222,299998,116778,155721,25532,38520,1615,6323,619,1595,158,296
경기도,성남시,정자동,2023,10605,1699,123074,85849,462883,404217,1206588,1261345,1495669,2070728,1076754,1303777,762655,773736,721883,664024,783290,710252,785290,763002,761928,716758,946737,811238,1093059,999566,1600377,1377330,1933181,1708737,1115427,1329344,892626,887581,909338,784533,952714,757113,300141,416811,59376,160663,5986,10561,2191,3035,1094,1009
경기도,성남시,중앙동,2023,878,772,31344,16541,83108,39887,186329,98812,236171,165344,137951,126896,118857,117905,131353,128563,151839,140055,160365,155069,167042,161813,216090,196096,284545,228513,265867,218172,294312,238507,238415,194313,188646,140821,179164,135700,153384,117781,85637,66305,24356,20320,7816,12356,1827,4122,94,1533
경기도,성남시,창곡동,2023,7378,1143,31706,20540,128177,57888,290261,111936,288199,226520,189069,153353,146914,98341,131857,93928,141642,114065,136910,128599,130167,129082,154990,146056,165495,178952,160062,204361,172891,255850,124158,249022,97269,149868,103336,132295,92804,126159,26273,56686,5937,20145,2805,4813,132,222,340,661
경기도,성남시,태평동,2023,106406,26468,472346,131641,682826,294279,1374156,529676,1884701,1214746,1273293,948553,869596,799037,794908,676695,886755,822103,848559,787703,852855,794371,932666,941439,1059359,1081790,1145228,1240081,1006604,1528515,713332,1190137,532844,861843,463261,883123,381585,758619,183585,425715,12177,49387,2584,9288,820,3748,3741,1851
경기도,성남시,판교동,2023,1654,82,16750,8729,82474,32655,215763,82918,244393,167483,156770,116276,123077,89800,109910,80782,124162,88277,120507,98924,113246,103897,131522,122616,162736,151966,178395,191740,159017,211708,100824,212108,80288,143849,77840,123816,69217,140437,26398,65121,4508,15441,811,864,340,175,180,85
경기도,성남시,하대원동,2023,13828,1370,58188,16132,100548,46530,235756,109050,296503,208606,173921,97023,127557,79146,119310,90860,129404,105324,136696,110607,124187,111401,155111,150300,174035,187341,161528,200029,173681,246883,112434,209410,89692,137563,78927,129584,44455,108559,13533,54004,2865,15985,663,4073,181,383,110,60
경기도,수원시,고등동,2023,6897,3679,33008,19397,71530,36404,130258,62856,147503,114610,81452,64799,60594,55706,56131,57162,55602,63123,54496,69128,46758,66495,49733,83120,79905,103012,78749,118752,53759,130887,37743,111683,27353,87144,23571,86093,16959,69957,9994,37872,4129,14431,747,3513,144,543,72,200
경기도,수원시,고색동,2023,10231,1604,56612,29838,152481,131778,311718,477756,307156,660467,177498,179436,126615,102688,135696,109002,148904,117786,137868,118611,133958,119779,154521,138872,208481,184184,427451,233653,470236,273510,199620,244872,185450,170982,121476,133469,76091,114546,32723,68518,10154,34111,542,1466,9,471,1,109
경기도,수원시,곡반정동,2023,433,3,29571,3873,53566,10453,105773,28079,115145,31214,75306,17957,58205,13217,50224,11519,49563,13200,51081,12967,45334,12680,46369,16071,47446,19646,53545,23641,55231,27159,37400,25944,30470,19797,25684,17164,20308,14140,4291,7868,30,2603,2,105,0,0,0,0
경기도,수원시,교동,2023,4504,1001,26323,9943,48194,22209,79488,39871,87700,85737,65725,79653,52187,69184,54174,70605,57663,72160,55937,77988,54654,72355,57958,73428,66012,81932,72970,89896,71387,93794,44055,69798,34186,55126,39864,52489,25440,42518,7676,22810,2415,9880,222,1520,21,866,0,34
경기도,수원시,구운동,2023,2738,1126,36984,12687,110628,33556,203188,59821,213726,110912,141739,92731,109369,78906,104553,83621,113334,95630,112249,98622,103456,96111,105275,108759,118285,136943,131632,168663,134892,194607,93433,180914,76183,131297,66770,115186,46116,109190,21146,62430,4392,18349,561,3569,1,9,0,0
경기도,수원시,구천동,2023,71,120,6467,6353,17247,19616,37562,35883,34596,55888,29631,55857,26825,54755,30146,59636,34148,56412,39365,55240,41493,52142,47910,46127,46922,46021,48690,43203,41694,38549,27557,26111,18397,19352,14759,17128,10033,14847,6085,9054,1161,1640,6,8,0,0,0,0
경기도,수원시,권선동,2023,8698,923,154427,51204,416260,147755,812820,271422,790266,513557,514614,349758,392181,282865,384474,282437,413966,327595,389499,355620,352859,357267,405419,437554,465425,532137,488898,640964,482001,829603,347071,741838,280844,536137,255292,463011,197662,438219,75271,265741,17358,92987,1973,18434,184,871,0,0
경기도,수원시,금곡동,2023,11220,435,59470,15119,191930,37820,312691,69291,310133,199639,215496,129540,183282,115411,177930,118166,184590,143651,176541,166861,163821,171078,180135,201473,206225,253953,211657,289459,199073,321511,140416,328719,122648,229143,126363,191947,103574,174434,41920,106375,7424,31604,403,4960,0,2,0,0
경기도,수원시,남수동,2023,0,0,6461,1086,10192,3907,9831,13682,11657,31046,9194,13148,6253,11017,6636,11983,9220,14399,10374,15484,10263,14745,14214,17455,16726,19879,16548,20850,14040,20590,9918,17432,10392,12232,9199,10957,5455,8463,1615,4410,626,1757,27,249,0,0,0,0
경기도,수원시,당수동,2023,1265,295,11769,1864,40890,8006,76866,16676,82659,28560,49837,17742,37698,14938,33172,18933,35408,23816,36236,25854,30698,26568,33572,35502,34918,48623,35045,56743,33051,69312,22323,65917,14908,48102,10565,41526,7674,40360,4359,24312,1542,4934,244,474,0,0,0,0
경기도,수원시,대황교동,2023,12,8,3678,2416,15854,5967,31734,10439,26651,13949,18264,6778,11004,4908,9567,4822,9783,5319,9969,6151,8975,6390,9966,7620,11994,10029,16576,14236,16008,20933,9729,17162,6712,10903,5504,9589,4518,8452,2427,3342,588,812,24,52,0,0,0,0
경기도,수원시,망포동,2023,2460,400,70695,38273,206731,74206,359263,142854,369800,238011,257080,161147,184382,111724,176035,118037,188905,137052,188799,149579,177754,150984,205764,185028,244922,230593,285856,287139,313776,327003,254195,285013,203065,207769,192427,184903,182780,183226,89699,107639,23070,47644,2757,6485,232,582,0,0
경기도,수원시,매교동,2023,4538,29,74989,24861,147828,46352,318518,102661,337915,234852,181810,107495,129966,85278,124840,95462,133386,111736,125976,111527,119104,118591,133686,137560,168977,176475,208047,249549,177642,312177,109241,231039,80426,162817,71267,144622,58886,128153,19483,66013,4135,12523,12,38,0,0,0,0
경기도,수원시,매산로1가,2023,56243,25878,443354,279637,824889,978397,1682126,1688131,1819431,2043300,1262017,1821401,1084424,1622745,1212712,1641840,1366693,1845407,1460291,1746705,1482239,1703399,1804961,1758503,2212890,2048851,2396252,2372275,2727936,2709934,2244665,2013255,2121002,1264407,1755691,1018599,1524039,791848,729591,441293,128440,140710,8888,8790,2242,3091,1364,1267
경기도,수원시,매산로2가,2023,2128,1976,21800,14422,34009,37211,64384,53680,83550,89262,63198,81625,42747,69308,41702,73112,44508,76895,48287,78521,46534,79909,46854,88556,57889,106484,65104,118565,72193,116127,43633,82530,36602,61568,37255,64211,32306,48521,14891,17586,5223,5231,511,649,115,547,4,38
경기도,수원시,매산로3가,2023,0,0,1478,831,6841,1068,10058,2297,9564,5510,4740,3754,3522,2774,2988,2642,2915,3073,3148,3461,3329,3508,3357,4278,3770,5108,3936,5471,4304,6551,3139,5526,2135,5426,2015,5646,1797,4921,497,1825,152,313,1,2,0,0,0,0
경기도,수원시,매탄동,2023,745,0,115559,54784,272209,105482,520232,212196,557693,430142,383528,291883,311234,215054,306061,209903,332004,230464,331338,246227,318819,251492,363274,294871,423885,355652,433359,413385,408109,468250,271994,410922,234410,320437,240610,298597,212203,278443,91981,155980,19742,52476,1117,4852,2,10,0,0
경기도,수원시,매향동,2023,2416,685,4210,1473,7104,3028,13721,8554,13132,17528,10737,9091,9212,10457,9626,12922,12082,14862,13278,14442,12368,14124,16685,16574,21725,17181,30949,15669,18505,17030,16440,13835,13073,9299,9378,7815,4817,4055,883,1976,131,657,1,14,0,0,0,0
경기도,수원시,북수동,2023,414,642,8272,7807,12958,20323,25510,74623,37247,131705,32607,57466,28948,62947,32541,75167,41906,89540,46904,98312,46045,93274,71605,101732,95251,109491,110003,107354,84379,100704,72731,72717,64383,44136,68088,37728,48325,28287,17311,13016,4660,4360,153,122,0,0,0,0
경기도,수원시,상광교동,2023,0,0,1,368,582,2030,1553,6917,2424,7654,4356,9259,6626,12970,11378,13506,17101,13087,22726,10541,22335,8109,20183,6522,15098,4695,10900,3093,7771,1992,4693,1264,3686,1323,1210,1073,272,406,22,0,0,0,0,0,0,0,0,0
경기도,수원시,서둔동,2023,5544,3194,63001,58876,144413,170790,268905,277799,307244,341152,209113,262082,160645,219600,169862,228999,201662,250372,225547,244289,225296,224997,282792,244776,354911,286046,378995,294811,430978,297039,356311,208804,306050,147415,245253,124234,205798,101748,73782,45499,12339,12157,44,257,15,0,1,0
경기도,수원시,세류동,2023,10733,2529,96520,62632,195391,128716,378222,208308,397942,261374,289518,199597,208234,175337,195260,185197,199818,200707,197075,204979,183837,211762,195566,260859,214704,308567,229348,330683,241582,368466,176672,322966,133166,243116,113975,238392,82451,197310,41466,96315,12432,33691,792,4299,52,277,0,0
경기도,수원시,송죽동,2023,7342,1530,40810,15779,87616,38167,158988,59581,156687,108890,108360,86978,86147,76309,86454,80652,90427,94091,88295,104919,84917,105570,90679,125999,101463,154435,110834,182576,106449,227841,74636,253339,67304,174507,77043,149834,59329,132126,22775,86823,6057,33550,2238,5240,613,1981,234,477
경기도,수원시,신동,2023,0,0,392,1346,7701,10774,18561,19294,22724,40903,16118,16842,9684,9350,11243,9658,11530,10148,11974,10879,12429,10313,13684,12576,19276,14148,23677,16011,24723,16799,13977,12787,11833,9593,11328,10147,9748,10395,4223,5129,720,1593,14,64,0,0,0,0
경기도,수원시,신풍동,2023,707,392,8344,4572,11075,9043,15575,21200,17602,60072,17962,39267,14885,39978,18087,45201,24806,48509,26981,48851,32922,43703,46130,38547,56198,36843,69570,34527,65910,27172,49158,16800,50283,10759,46356,8168,23638,6577,5936,2297,711,525,1,7,0,0,0,0
경기도,수원시,연무동,2023,6082,305,23407,5181,42665,15733,75422,26295,98133,47151,77537,44391,68465,42783,69338,42603,72054,44861,78962,47456,74986,49949,81595,65024,88078,78251,85895,79533,74134,95597,52478,107831,38392,83526,31238,78390,20603,74588,8082,50747,2212,19490,447,3115,0,3,0,0
경기도,수원시,영동,2023,362,1031,4753,4926,7356,9202,15096,14310,21326,30031,20260,38509,29483,47032,41205,54284,46970,54506,49461,49391,55273,46245,63367,46042,66584,47977,58258,35315,51608,31622,27715,20944,18972,15764,14387,16976,10315,14758,3944,5259,1258,2341,0,10,0,0,0,0
경기도,수원시,영통동,2023,16058,898,247954,144654,846929,451633,1837774,1066822,1819574,1718203,1049655,1013938,819618,733143,790866,711208,876873,796710,860864,851172,825328,815045,969086,947558,1151247,1139107,1428175,1543833,1649673,1986812,1039973,1698061,833198,1153417,797632,967871,778122,950050,309956,629922,51386,188084,3551,32196,181,1984,0,3
경기도,수원시,영화동,2023,19774,5786,127511,52555,201699,97739,317216,177706,367883,358777,286839,233171,235246,212597,238019,241485,250588,266294,258155,281693,248445,276551,277008,307506,323637,357025,360752,372509,325926,386692,239981,321132,207050,229815,191373,210237,143870,171369,65765,92955,20649,33763,3454,3963,726,1179,487,457
경기도,수원시,오목천동,2023,3580,194,41937,17253,153419,74387,309871,162563,361183,314718,226389,176720,176775,127544,169078,122253,189908,149985,179239,160829,156621,144321,185266,183513,254530,240059,265192,258201,251566,328199,154925,237940,101028,158981,94250,143078,75042,145664,37519,77121,4851,14367,266,1617,1,231,0,100
경기도,수원시,우만동,2023,4385,707,87538,39672,207536,85238,355768,168275,379183,299603,288081,203876,239069,181736,233275,175453,241561,185144,238171,208696,223003,202986,249367,250269,297966,293176,300137,289284,255841,336351,176192,302814,138639,216395,140064,208207,101518,189965,42218,98311,10843,33600,689,4517,1,11,0,0
경기도,수원시,원천동,2023,5555,435,83276,75360,210454,164852,437590,349426,484794,602888,374394,432068,316427,330571,321368,304937,334506,305245,355459,344949,345685,308623,434497,321141,527084,367559,552542,415795,514957,508109,317236,457058,270935,344529,256463,322334,207933,292793,98572,162752,24411,58836,2114,5944,1,0,0,0
경기도,수원시,율전동,2023,3029,1081,118267,36005,399445,193652,928588,344139,836123,524273,457572,364288,358475,302190,325359,293348,355313,294167,354567,336687,330766,313700,367262,378097,469808,469593,523167,663637,568189,914539,419546,771119,317859,490366,295798,426169,258174,384630,125626,251200,14501,54036,468,2621,0,0,0,0
경기도,수원시,이목동,2023,135,52,9287,4655,35261,18310,63500,90404,73062,153815,45896,31490,42450,21194,41907,22468,42546,26086,42139,28013,40846,27378,71464,32901,109912,41217,81946,53132,68167,69534,29158,65593,19981,42156,22224,39138,12746,37731,5771,23878,1716,8188,237,1209,38,344,9,92
경기도,수원시,이의동,2023,3224,306,72444,37516,360084,214999,1043972,579434,1042629,1139452,619680,724019,413601,403810,433306,385544,462665,400634,457472,494207,468121,383682,598331,431105,758972,518575,868137,724623,913245,937306,614663,882652,562546,538841,489214,468079,373829,488414,137682,294928,24301,113817,1847,5077,1,8,1,0
경기도,수원시,인계동,2023,2774,155,161794,108720,336549,259469,742884,573636,844208,1271622,518763,968233,457960,630793,536009,555392,596446,601891,592177,678193,625618,600554,739312,631878,856103,708487,912031,912556,1041940,1138834,636031,898086,539003,626821,571904,495533,492351,445127,212944,265579,30632,71764,687,7490,1,44,0,0
경기도,수원시,입북동,2023,76,42,4997,656,29760,4028,55519,10202,55790,16368,29971,10006,23966,10007,22879,10825,19927,13243,20303,16994,18251,16998,18692,22445,19127,28131,18460,31022,21775,35937,14006,39625,8986,29372,6549,26409,4290,26008,2373,15206,242,622,15,10,0,0,0,0
경기도,수원시,장안동,2023,2182,1529,21853,13501,25372,24237,49129,56386,53331,82919,40045,41341,31422,35730,32187,40201,37082,45136,41920,49148,41968,45740,54077,45802,75438,49291,105023,48657,74720,43414,63279,27338,64850,18426,67040,16009,46745,13474,13757,5616,2350,1172,70,145,36,214,0,1
경기도,수원시,장지동,2023,5684,39,49546,13343,107887,32625,191066,50348,123832,45936,72364,33579,56502,32827,50923,37993,48855,42656,45258,39619,42832,42090,49158,49416,67702,68513,82985,85895,64951,148053,41082,116905,32543,79160,27661,70593,16881,54523,5515,33875,149,10830,0,3,0,0,0,0
경기도,수원시,정자동,2023,15050,1550,99989,18087,336078,73959,610350,134572,560261,316274,375322,260040,312218,221191,316868,190950,353585,234107,327458,276442,302681,259240,352950,307773,410073,377151,406966,451432,346103,505939,232440,510063,180551,326566,169747,288145,170505,262795,57952,161788,14098,51970,576,5577,0,5,0,0
경기도,수원시,조원동,2023,11177,1633,77697,16538,248663,41797,361461,73080,342697,189239,244361,129859,198563,117345,188178,124191,188009,155687,176212,177600,159974,166717,168346,203968,206927,254176,217871,282090,196445,321789,132980,295569,124735,200456,132847,180532,109019,156502,36749,86794,8081,19968,2467,2702,966,1001,581,248
경기도,수원시,중동,2023,0,0,1715,1705,1669,3520,5284,13130,7240,18978,4847,22526,4038,22478,3774,22613,4157,20963,4227,21066,4437,19437,4690,16197,5312,15279,7334,13576,5625,13248,3952,9245,3149,7015,4209,7088,3586,5131,834,3123,379,1516,0,15,0,0,0,0
경기도,수원시,지동,2023,2531,1727,23554,14394,56916,33725,98670,82631,116418,125540,123434,113674,144838,124385,170146,132264,164710,124497,149484,128346,172537,126046,207571,130418,219025,137583,204559,112935,154178,107881,75685,77572,53635,60227,48152,59988,39921,49686,9927,20355,2706,6514,8,32,0,0,0,0
경기도,수원시,천천동,2023,1710,632,22119,6473,114422,69063,242329,177404,227116,263949,158269,163720,132559,126321,129725,112873,150780,127857,149893,141526,135554,132633,162379,149054,187294,184893,214910,213187,194187,210202,148391,189500,106337,130061,100111,117839,89029,117276,40146,62079,6233,18521,209,1582,0,0,0,0
경기도,수원시,탑동,2023,12046,343,68588,10572,150294,43230,270294,80157,273328,170877,175214,103949,138866,88915,136122,93442,138388,106152,134673,108778,129384,114499,131032,143636,155647,182625,165143,212902,147107,235325,97880,192151,77011,152612,65684,132850,44256,117348,16432,56846,2846,18763,179,2212,0,23,0,0
경기도,수원시,파장동,2023,13332,2544,48041,21325,114530,46798,198472,73395,217428,150695,131272,86993,100303,74553,95337,78603,99712,83395,101085,87203,97580,90412,98889,114601,120398,137674,127818,158785,136449,191499,77848,195222,57403,129572,57214,119360,39470,111435,20885,61678,5949,22464,2429,3532,743,991,417,428
경기도,수원시,팔달로1가,2023,728,66,2170,651,3302,871,4874,1948,4951,7337,4627,4489,4955,4855,5236,5744,5979,5812,6464,6357,6921,5719,8252,5460,9307,5724,9580,5492,9675,5464,7533,3594,6064,1841,5556,1697,3485,1186,687,476,339,305,108,132,0,1,0,0
경기도,수원시,팔달로2가,2023,1740,1263,10347,8224,15187,16935,31245,36961,52685,84650,60867,124923,84731,143596,110261,167892,129454,172444,135919,163523,154994,146841,183732,130794,185060,120753,162920,98987,143127,79504,99435,52541,69462,33514,61025,27743,42247,22588,17631,11328,5123,4025,143,403,33,457,0,5
경기도,수원시,팔달로3가,2023,4498,2401,19533,6843,17982,9863,27808,27297,31507,52732,45261,67322,63421,84661,82414,99041,95389,104003,100976,102210,109942,88754,132103,81422,124170,71062,110293,62420,93834,52718,61730,36040,44849,22486,35982,17037,18931,8534,3890,4042,1644,2224,20,38,0,0,0,0
경기도,수원시,평동,2023,33,5,2218,4193,4377,24305,12771,36214,11608,44114,9404,32514,7755,25546,8664,23185,10435,24886,11682,23412,11994,21886,13061,21956,14538,24728,15546,29139,19114,31319,10844,17242,7751,11481,4532,9922,2634,7039,1451,2782,506,1258,17,23,0,0,0,0
경기도,수원시,하광교동,2023,590,882,1883,2965,3703,5281,7035,13026,6721,29070,8479,24870,9989,25132,15010,22440,18187,21472,18576,23584,18564,20838,19683,19002,21607,17318,17729,15508,13191,13990,11222,11271,9603,6700,8262,5375,6266,4242,3050,1729,566,927,176,61,57,17,32,28
경기도,수원시,하동,2023,2478,52,18638,9691,42623,25818,91582,60317,120160,161271,80955,162560,67545,100222,70837,72792,72848,73378,75106,83319,78750,81571,98358,87846,100150,97154,129237,110406,145633,118363,87954,107308,84342,73320,68188,61272,45403,54579,12407,29103,2094,11525,134,521,0,1,1,0
경기도,수원시,호매실동,2023,9545,121,53496,4078,158940,30400,262257,68332,239641,152725,156456,96787,134977,70370,130345,73324,136133,91216,122028,99718,110649,103471,122916,120832,151480,155694,149710,182283,131811,205258,84655,204607,59624,149880,48956,128988,36335,122465,13510,74153,1938,25336,277,4619,1,352,3,143
경기도,수원시,화서동,2023,17525,2453,185398,68106,530395,251773,976363,381604,887430,529801,516693,297086,419053,276665,393522,292031,396410,326673,386965,349203,359685,351147,408084,420362,518004,528658,527724,657288,500384,873943,368444,743979,240900,498913,203607,433771,167607,397984,68878,220120,8974,51396,976,4420,286,359,128,160
경기도,시흥시,거모동,2023,719,22,34737,4348,56683,14937,105230,25702,109398,61825,70953,30549,55911,28775,49005,33226,46791,35601,49694,39955,49481,43612,52178,53095,58250,70829,56436,79603,50482,80969,28805,69972,27703,53048,19794,45003,14975,37282,6685,17290,3109,8291,819,1412,0,0,0,0
경기도,시흥시,계수동,2023,121,228,5043,3793,19768,16697,25796,40290,23078,52592,19685,29790,13592,19302,14101,18928,16773,20522,18282,21323,17779,17534,22122,20382,26917,23648,40001,31664,41281,41973,27586,43244,20759,26593,21609,23429,11962,18241,5489,11783,532,1874,48,563,0,0,0,0
경기도,시흥시,과림동,2023,0,0,1510,3010,2883,25197,8853,56296,15493,73355,8014,17566,7667,10474,6645,8430,9484,7781,13617,7127,10457,6484,14947,6943,33233,9528,58286,12105,28762,9443,10718,7446,7957,7414,9699,6036,2089,4095,820,2215,50,496,1,0,0,0,0,0
경기도,시흥시,광석동,2023,1564,26,27571,9610,69710,32990,161937,49811,126786,97839,74272,38742,57344,28385,54386,32461,53370,39499,49012,40902,44641,45879,49790,51968,70597,67752,74603,92230,83873,135883,34372,127904,29015,67415,23276,61435,15510,57914,7300,39114,1090,8526,0,8,0,0,0,0
경기도,시흥시,군자동,2023,0,6,73,1391,400,1869,1128,4725,2123,7026,1963,3316,1501,2371,1497,1856,2253,1599,2987,1531,2277,1299,2681,1398,3276,1785,4145,2407,3461,1718,2014,1751,1552,1017,1041,922,565,1087,342,643,214,195,69,36,0,0,0,0
경기도,시흥시,금이동,2023,8,16,143,239,1512,4564,3524,12868,7013,13530,2492,4049,1674,2694,1531,1994,1767,1915,2675,2397,2616,2017,3690,2261,5052,2715,11869,3958,7046,3911,4932,4347,2346,1878,1125,1104,849,1119,448,530,327,116,1,1,0,0,0,0
경기도,시흥시,논곡동,2023,690,200,6577,2520,14463,8274,32826,16012,36140,19930,20635,13231,16227,10990,16025,12882,15636,13617,16336,17144,14191,17887,15304,22443,18498,28044,21151,34029,18131,42222,14846,44710,10380,27786,8517,21357,6743,18496,4410,11139,1382,3057,162,477,13,73,0,0
경기도,시흥시,능곡동,2023,2625,21,44472,13188,130212,51738,249167,100878,216365,192769,120674,108659,100443,83106,106038,86726,121921,98484,109100,111839,104188,111086,125849,116879,154289,150613,163458,191192,165296,239779,111929,200089,89998,124222,84706,102191,71568,99196,33871,64495,6682,20300,332,2494,4,574,8,8
경기도,시흥시,대야동,2023,3754,485,76393,30602,195271,90259,420457,178854,392146,289628,208277,169746,166345,134908,158206,134810,174473,148857,165789,161928,152225,160165,168386,186543,198736,232863,211661,300695,222730,396060,146728,358237,114291,225206,95954,193053,77937,176063,36576,114047,7209,31538,308,2200,0,0,0,0
경기도,시흥시,도창동,2023,54,34,4032,1067,8927,8398,18034,14442,19639,26604,13013,10641,10598,5064,8991,4855,10243,5819,9541,5920,9998,6305,9719,8244,15192,10670,26013,14376,20735,15624,10217,16058,5634,11607,4716,8036,2639,6965,990,4733,259,1805,2,32,0,0,0,0
경기도,시흥시,매화동,2023,378,18,14888,2480,34687,8275,74282,24400,67134,58199,43551,17826,36242,16169,32505,16029,34955,20482,31703,24175,27700,24669,30480,30740,36941,39097,43753,47320,36849,60183,21001,54825,17414,43713,10329,36060,7705,37863,2213,20055,672,6012,42,249,0,0,0,0
경기도,시흥시,목감동,2023,22,136,12804,3131,23966,10612,40810,23102,35561,29266,27796,17492,22798,13442,20733,13618,20681,14367,19454,15896,19392,16703,19779,19643,24514,26207,31248,31548,30939,33554,18680,35210,16485,23446,12235,19483,10471,17801,6713,13372,3717,7894,2137,2946,382,333,0,0
경기도,시흥시,무지내동,2023,0,0,142,735,646,7638,1870,22019,2867,42271,2378,11747,2658,4600,3113,3893,3679,2979,6321,2736,4517,2501,8489,2333,18932,2830,25289,2735,13412,2297,10846,2708,4901,1974,2322,1755,493,1175,91,498,19,115,0,2,0,0,0,0
경기도,시흥시,물왕동,2023,0,0,35,260,878,3013,1411,7794,1662,10894,1652,13366,1919,7462,1983,8117,2965,8249,4103,5431,6428,4287,8657,4323,7563,4488,6811,5078,6683,4899,6025,4213,11784,3172,5937,2486,1551,1450,324,1144,43,381,0,0,0,0,0,0
경기도,시흥시,미산동,2023,477,71,22287,9759,53762,25478,120013,62043,123942,70663,66374,38104,54835,33841,48786,34887,53794,37106,50633,37414,50341,39099,46533,50563,54558,66391,73691,78395,79019,93612,47744,87677,29665,53995,21338,49348,14743,42350,8504,26902,1999,7335,263,193,1,0,0,0
경기도,시흥시,방산동,2023,0,0,80,157,347,2209,748,12809,2232,11732,1123,3582,1231,2041,1774,1892,2011,2143,1690,1860,1937,1582,2507,1442,3794,1727,7848,1974,5695,1651,1848,1527,1739,745,613,825,398,887,130,386,29,122,4,35,0,0,0,0
경기도,시흥시,배곧동,2023,5628,44,48135,3198,179968,28475,278385,67132,270709,196041,168215,144958,132489,100306,134710,122199,145648,139670,154592,164846,150197,170833,190792,190025,208790,233717,216512,262676,207903,285254,169766,316853,150297,207923,160504,172630,124658,155592,42262,105021,10740,48700,1979,8661,95,163,0,0
경기도,시흥시,산현동,2023,0,0,7984,821,27238,2211,50969,4319,62957,5955,22188,4770,16411,5059,15393,5516,15222,8204,14204,10806,14789,10014,13896,18915,14625,22852,14754,22856,12836,21672,9262,22836,6066,16997,5518,13051,3956,13218,1926,7044,58,1182,0,1,0,0,0,0
경기도,시흥시,신천동,2023,5936,772,132172,50381,262248,103513,584534,218500,511769,371257,306474,237105,258091,198907,261608,201844,313883,221294,279183,240961,254992,235157,274586,265450,331635,318958,354936,401525,386364,532257,272068,451906,193331,274309,161235,241294,126634,212436,68099,136948,14222,39632,384,1203,0,1,0,0
경기도,시흥시,안현동,2023,55,13,156,577,123,4007,549,8894,1157,13365,851,5416,907,2819,1193,2629,1435,2454,1752,2620,1609,2173,2373,2489,3154,2993,4446,4162,5229,4052,1485,4005,2056,2317,1972,1662,938,1489,253,1106,11,340,1,81,0,0,0,0
경기도,시흥시,월곶동,2023,1634,333,30543,9244,98203,55823,195662,93097,225683,126304,136377,107241,100322,92796,103327,108781,109874,117350,107951,108407,108567,103517,116976,118408,138125,143916,141798,174352,178394,210259,106840,148757,77408,110531,75651,106642,57097,89796,23497,51413,5304,16280,176,1150,1,2,0,0
경기도,시흥시,은행동,2023,6071,684,67513,11695,205360,35886,390365,89402,349335,220756,203134,113533,155492,91981,145982,93067,160077,121412,152893,134328,131783,135412,147823,159156,176450,198503,183032,245380,172110,299527,123107,321358,109052,209674,95710,162547,86566,146976,33523,95848,9783,37088,789,4536,0,5,0,0
경기도,시흥시,장곡동,2023,143,0,31997,4706,100599,17190,159247,33859,144969,103003,84128,46059,67322,40435,71664,43090,76153,50185,70355,62399,69777,68821,77576,78559,91111,98939,82192,125689,72931,141902,53173,140937,47096,95197,40211,78415,36310,69476,17965,50937,5068,19812,389,4149,20,176,0,0
경기도,시흥시,장현동,2023,241,0,19385,15618,88017,56455,139605,114391,173534,139089,80797,69155,61018,52522,61107,52007,66622,61124,69757,62098,72592,63930,80979,74011,101838,100980,115566,121161,140759,126296,122717,124900,77342,90603,64076,68972,56597,63645,35956,39632,9521,12080,355,1921,8,73,0,0
경기도,시흥시,정왕동,2023,8851,1602,331017,130246,732650,618678,1290560,1130031,1252639,1459993,812722,870948,693611,650645,705337,642610,749046,679747,755828,709294,753344,714446,886070,786256,1087696,896424,1365161,1117095,1376779,1331713,840687,1057717,649790,799507,530162,690502,353604,550949,146661,339000,30507,127400,727,12414,9,609,0,0
경기도,시흥시,조남동,2023,491,5,32360,8945,124928,31053,221764,63311,173408,143217,121417,67021,92228,54334,86703,57625,91650,69883,83844,76472,74932,81383,96324,100863,120517,130157,111695,164378,101473,191796,76179,213161,63246,141344,50913,115727,46312,100942,22993,65931,5596,19354,961,3315,10,15,0,0
경기도,시흥시,죽율동,2023,0,0,3149,478,14797,1498,31538,7857,40928,6560,17831,5882,14646,5498,13103,6669,12075,8675,13466,10954,10789,9324,11391,18198,13513,21780,12259,21978,10635,22204,8454,21664,5179,16779,4119,15444,3052,13727,1296,6882,852,3299,144,547,0,0,0,0
경기도,시흥시,포동,2023,0,0,452,215,3166,3852,11915,15694,16009,16272,5152,6805,4554,5004,3917,5678,3409,5235,3831,6051,5420,7676,3889,7676,4969,11156,4812,11202,7127,12120,3054,7285,2317,7195,1614,5786,777,5035,362,3494,25,1845,1,311,0,0,4,4
경기도,시흥시,하상동,2023,0,0,7248,2264,31980,4229,53052,17101,48902,73196,30833,13849,25468,10790,24870,12270,27807,16580,32215,19243,24525,22576,34712,24276,49178,28568,57814,37761,24302,43089,16810,45266,13019,33252,12156,30206,10161,27829,4809,18118,1522,6454,128,897,3,6,0,0
경기도,시흥시,하중동,2023,23,7,12212,4081,36897,12785,56258,21021,68849,43963,42817,33323,38673,26233,38348,24982,40320,29122,36125,32630,33300,32639,35300,40832,38596,49350,42034,55702,38328,63550,24494,59358,18826,41109,17338,37909,13104,33404,6606,22176,2708,7818,415,794,1,4,0,0
경기도,안산시,건건동,2023,1652,150,50109,20135,135568,59214,276586,118178,253751,185563,155643,93849,129203,84099,113049,89476,118694,90803,115213,98372,104177,103538,110181,122050,132032,158673,144597,175185,148428,243729,90390,178957,65651,134962,51289,106987,38099,97280,14004,52480,2556,13995,443,794,141,181,0,1
경기도,안산시,고잔동,2023,10447,1628,285608,155932,814841,548613,1469338,992016,1363771,1743676,902979,1362207,818034,975834,884903,922771,989540,1005352,969677,1129783,985370,1049706,1135967,1047258,1294383,1189727,1520953,1494127,1629204,1882055,1124085,1454897,1006988,965126,984427,799929,866505,669742,394629,465923,43557,131387,3339,7953,598,2170,4,153
경기도,안산시,대부남동,2023,0,0,0,11,140,44,2274,659,2020,934,1828,552,1929,1282,550,977,1601,301,876,1112,863,529,522,1235,1380,503,353,1348,318,495,348,619,116,531,59,230,26,197,8,4,0,0,0,0,0,0,0,0
경기도,안산시,대부동동,2023,0,0,1489,197,1603,1471,3658,3376,5673,5386,3006,4081,4811,3338,3427,2775,3750,3499,2805,3182,3050,3437,4514,4299,4740,3961,4087,2588,4128,3750,2211,2273,1467,1653,498,1077,169,1313,29,495,7,149,0,0,0,0,0,0
경기도,안산시,대부북동,2023,0,0,1754,724,3213,4154,7749,14330,13807,29446,9167,22962,14021,15092,10463,13319,11645,15608,13716,13962,12506,13637,17455,15443,25182,15183,20912,11588,13847,11610,20349,9854,18074,6128,6314,3953,2568,5074,677,1953,56,321,0,0,0,0,0,0
경기도,안산시,목내동,2023,0,0,3929,9207,4559,52865,9170,101777,9588,93643,3842,13024,3583,5911,4323,3290,6700,4094,9647,5298,13355,4095,12185,4286,22986,4834,54819,7075,31823,13609,19371,20269,18752,12423,6924,4855,2101,2907,610,1217,3,256,0,5,0,0,0,0
경기도,안산시,본오동,2023,22346,4397,281318,118135,580932,328569,1220531,598801,1221517,769130,736972,540477,572222,461825,533781,436263,566511,466604,553472,500157,507387,503620,551963,562366,641469,699743,744317,923255,772942,1200507,631296,1021246,477236,726351,407811,636278,305667,529670,156636,342380,27060,102573,1945,7758,174,1559,2,22
경기도,안산시,부곡동,2023,2907,437,37714,5855,86144,18171,131654,45610,136496,127536,97634,39930,75891,38396,69821,41399,78100,50124,71297,50438,62284,53152,70117,67120,96996,81356,82794,96607,67246,112990,44344,119644,31711,79968,27343,76214,20100,61486,8899,38844,2725,13013,1319,3790,146,698,0,0
경기도,안산시,사동,2023,13111,1039,149786,19838,365222,87261,698969,189505,668457,371872,417929,211871,330185,183108,306552,172848,327474,214661,330780,245885,294889,246731,305757,294480,354912,377355,371924,445872,360412,610115,224041,532747,163504,405546,147671,385924,110850,345017,51244,228201,7301,63405,1306,13310,90,2176,2,21
경기도,안산시,사사동,2023,532,139,3201,1889,5850,5470,16541,30704,19777,41359,12622,6465,9190,4451,10235,5832,9907,7234,9679,6425,9635,7038,8903,9579,10921,9679,28285,11049,23226,13214,12299,13249,8736,10802,3007,8287,1110,7383,503,2915,205,808,14,67,0,0,0,0
경기도,안산시,선감동,2023,1,0,738,8,331,276,1552,3074,1971,2568,2108,2819,2261,2863,7318,3187,3121,2593,2821,3145,2802,4101,2933,2918,3079,2223,3052,1870,2549,1660,3126,1207,1204,665,648,595,122,373,1,205,5,100,0,0,0,0,0,0
경기도,안산시,선부동,2023,16209,406,157039,39938,350011,113549,645910,188606,570340,359475,340944,246604,287799,222096,293342,223535,302280,241035,283499,264276,276107,278407,298757,314845,337310,367553,349527,473298,360921,650960,256317,479497,192670,340495,163857,282091,115471,220809,51228,132886,4366,29996,443,2693,130,1069,0,33
경기도,안산시,성곡동,2023,756,0,11989,22760,15848,91575,24748,173205,37472,152442,14741,28202,13585,11070,16869,8160,22864,8802,24643,9268,38588,9728,40973,10869,61111,12153,151571,19001,135031,24040,59918,33523,58852,24438,20682,11047,5218,7001,733,3372,196,1021,0,21,0,0,0,0
경기도,안산시,성포동,2023,641,443,37141,21805,93450,37751,165595,67076,159787,124524,113789,91150,94372,84893,95669,83963,103550,92048,100178,97494,94400,95234,102166,105100,100000,118903,113393,135826,112393,159064,74329,141834,64606,102488,56536,83452,38890,65974,16119,35000,3429,6696,581,2175,102,411,0,0
경기도,안산시,수암동,2023,647,72,8397,1195,22413,7477,30000,15004,36625,33364,25795,11000,21214,10951,19028,10450,20946,11915,21214,12627,18884,12942,16399,15829,25302,19686,33177,21375,22247,24697,12356,25956,9970,18867,6304,14927,3543,15130,2656,10502,1349,3858,703,917,142,128,0,0
경기도,안산시,신길동,2023,1209,41,51725,29250,93232,71918,169564,120245,159537,153604,110066,63517,87993,59408,77904,64568,79715,72993,80615,73911,80048,83982,80391,96312,90459,111864,126766,158013,116758,195875,67242,145396,54488,117607,36399,89197,21295,70590,10251,43470,927,9709,5,336,0,3,0,1
경기도,안산시,양상동,2023,0,0,102,190,199,483,277,2593,200,4763,896,844,469,571,194,197,161,102,627,453,182,444,465,183,2032,570,2195,132,1311,157,410,293,362,178,100,145,55,112,3,43,0,0,0,0,0,0,0,0
경기도,안산시,와동,2023,4687,302,58417,9135,115658,21467,184786,35633,191345,72857,114725,54863,90061,54202,83813,57063,79006,65428,78562,73529,73738,76412,68467,91778,75955,106690,79477,125347,68564,147733,50488,145220,33063,104009,26386,92086,17184,74607,9146,39938,1156,5620,341,1962,121,650,0,0
경기도,안산시,원곡동,2023,22498,199,269775,175207,503621,474753,771840,848165,740557,796255,534143,512990,449355,442611,439219,457468,473504,471012,496907,466261,503138,498396,532830,512144,622806,568862,942303,756468,1036150,849296,646795,614095,526233,488453,343084,364432,198114,251565,81635,130780,7581,40175,100,1447,11,938,1,4
경기도,안산시,원시동,2023,1623,9,24890,31584,47546,172870,77438,465137,83408,499611,29425,62251,24653,25608,29349,21620,39659,22385,41658,23777,56324,21097,69933,21381,118548,23577,395521,46051,372225,65841,140151,64951,134751,48907,46466,18453,14626,12404,4408,6765,78,2719,3,102,1,41,0,12
경기도,안산시,월피동,2023,2286,208,37034,2999,105577,17660,162774,32791,153010,67277,105245,42627,86092,38716,80878,42464,77123,50963,78400,54707,71030,61164,71775,70887,98125,89243,84218,96753,70147,123700,47651,130702,35156,101067,30797,86158,22315,71809,9768,45628,2230,8823,700,2406,187,548,0,0
경기도,안산시,이동,2023,3682,1087,127141,50678,287234,137000,521163,254794,496930,441666,344465,326759,272716,267229,265332,216385,282348,246024,275535,244498,272702,244754,282307,264018,338506,333637,388023,427948,392113,557064,264475,423320,205594,307705,188776,268016,148157,237184,67757,148589,6352,36587,197,860,1,2,0,0
경기도,안산시,일동,2023,3229,575,25117,7957,46246,19836,99005,42704,105946,61432,64284,53377,53511,42246,51571,36736,55354,47465,53179,45217,48196,43355,54238,50928,55917,59862,58906,77063,52591,95958,32573,84457,22889,67305,19618,57112,15104,48883,6002,28802,501,2928,178,713,0,3,0,0
경기도,안산시,장상동,2023,344,192,1385,976,4067,5331,7201,18342,7277,34588,5086,6330,4228,4692,4543,4797,6369,4977,6047,5064,4783,4456,6104,5555,19687,7052,16237,7647,8058,8035,3725,8111,4205,5440,1120,4127,437,4173,284,2657,138,1041,76,315,16,26,0,0
경기도,안산시,장하동,2023,0,0,867,52,802,505,617,1404,1587,1499,1506,592,766,455,1069,268,224,182,1230,283,619,287,875,302,1868,337,1355,282,2049,195,908,193,434,324,165,71,59,103,11,115,0,0,0,0,0,0,0,0
경기도,안산시,초지동,2023,9219,125,101182,49629,277187,192747,524009,362882,490024,458117,308051,276573,243432,215420,238102,206361,266218,235177,263633,251537,244902,241202,275664,266073,317219,305571,401754,404635,440129,511725,281012,417074,208449,290031,170505,254044,130037,221004,64685,144708,4203,41215,111,1724,5,487,1,168
경기도,안산시,팔곡이동,2023,821,138,7233,1942,13662,10809,32050,21965,33936,21090,21397,9862,17979,9355,14622,10938,17191,12754,16343,12796,13919,13602,13417,16795,14976,21230,22816,23399,21533,22727,10465,20690,9514,15611,6185,13361,1637,10027,881,5312,57,812,0,0,0,0,0,0
경기도,안산시,팔곡일동,2023,1,110,863,2423,4544,3842,12682,5514,10091,4539,6373,3987,4713,2891,4372,2841,5680,3253,5695,2973,4347,2687,4388,2858,4973,3246,5054,4160,6228,4300,4394,4476,2962,3883,2999,3443,1784,2689,1015,1886,44,310,12,113,0,6,0,0
경기도,안산시,화정동,2023,0,0,49,79,776,886,919,925,670,2939,1295,1371,513,1089,774,829,994,687,1020,881,891,853,1214,761,885,909,1534,682,1681,851,983,930,437,768,424,924,186,368,113,244,0,0,0,0,0,0,0,0
경기도,안성시,가사동,2023,0,0,1161,145,3728,1606,13616,11602,20060,16823,11220,11204,10729,10137,10478,11259,14004,13542,13429,12515,13913,12613,16558,15467,17664,18121,13049,15918,16202,13397,7485,10196,5952,9071,3470,8678,2242,6334,681,3821,140,1610,0,4,0,0,0,0
경기도,안성시,가현동,2023,0,0,0,43,21,87,99,1072,161,1231,144,833,104,851,82,994,218,1215,134,1051,145,1128,222,1441,132,1847,109,2432,104,2051,47,1465,54,1726,35,1669,48,1414,4,700,1,229,0,0,0,0,0,0
경기도,안성시,계동,2023,0,0,0,0,655,1444,1996,7559,1896,11394,1983,2914,1552,2314,1557,1617,4066,1976,2247,1904,2952,2024,3894,2239,12284,3036,9783,3160,2295,2405,1190,2051,2484,1724,1482,1403,106,143,0,0,0,0,0,0,0,0,0,0
경기도,안성시,고삼면,2023,0,0,0,0,1625,365,4460,1377,2616,1300,6552,2254,2247,1486,2835,2790,3047,1903,1607,1663,1465,2433,2332,2890,911,1183,2608,5652,1391,1673,570,2058,124,1624,130,807,24,781,0,0,0,0,0,0,0,0,0,0
경기도,안성시,공도읍,2023,25,12,25189,17397,90703,58099,254052,127027,315794,250428,196124,153705,155742,126580,142344,130511,162800,162924,163968,166522,152712,165602,191475,207821,216232,264113,231552,291609,219557,293724,154742,223764,127256,181928,121641,164645,107024,163159,50137,76761,8588,23499,1,29,0,0,0,0
경기도,안성시,구포동,2023,0,0,0,0,0,5,12,436,305,1270,24,408,39,190,28,130,15,143,10,87,9,125,7,138,42,139,28,164,11,296,6,257,2,63,4,55,0,8,0,0,0,0,0,0,0,0,0,0
경기도,안성시,금광면,2023,0,0,0,0,6047,1257,30538,3534,28884,6375,20693,6295,15021,8170,12482,5579,11680,13207,11883,11089,8382,6437,9310,11807,7810,21867,6838,21345,7447,19233,3360,10505,2044,12549,1712,10968,526,5762,0,0,0,0,0,0,0,0,0,0
경기도,안성시,금산동,2023,0,0,0,0,1026,419,2405,2261,4846,8802,1788,2805,1287,2172,2014,2055,1562,3109,1971,2726,1477,2360,2971,3394,5919,3243,5269,5812,2648,3105,2708,1571,1832,1396,1459,375,1492,99,0,0,0,0,0,0,0,0,0,0
경기도,안성시,금석동,2023,0,0,0,0,592,221,1334,1154,4245,722,2317,378,993,385,1852,881,1757,1344,1749,901,894,638,656,1226,519,1876,1065,1497,802,2249,238,1285,432,1283,89,475,74,611,0,0,0,0,0,0,0,0,0,0
경기도,안성시,낙원동,2023,0,0,287,0,2130,294,7235,2213,5508,5646,3374,2718,2170,2761,2336,2497,2130,2494,1828,1978,1674,2194,2464,1815,2410,2174,2574,2624,2690,3509,1586,2186,1146,1490,876,1244,232,558,2,576,0,376,0,0,0,0,0,0
경기도,안성시,당왕동,2023,0,0,2092,222,8688,1825,27858,12007,34471,32222,19084,10019,15720,10967,17462,11446,19396,14761,19690,14790,18618,13778,24901,20093,27180,23979,37698,23374,25517,22033,20564,13180,20456,8669,22332,4745,11649,3057,5024,700,153,19,0,0,0,0,0,0
경기도,안성시,대덕면,2023,0,0,9024,2811,28483,11960,77818,43665,95733,52115,69277,49082,57473,40626,57332,40721,59157,51363,60751,53202,60346,52644,63210,63703,67587,75457,81731,80695,71172,80926,46010,67759,35978,57356,29162,50963,18070,44148,7849,19330,1564,5885,0,1,0,0,0,0
경기도,안성시,대천동,2023,0,0,2038,68,6276,954,20436,17866,22505,25332,18883,24251,22632,24331,26589,23792,35748,20017,32480,20086,32390,20033,36707,16917,59136,18024,63700,20948,50606,16566,31195,9123,23227,4497,17277,3057,8593,1029,2305,89,21,16,0,0,0,0,0,0
경기도,안성시,도기동,2023,0,0,0,0,177,445,249,1710,450,7754,332,2540,1667,1453,575,1376,794,1961,375,1419,860,1300,511,997,465,2024,744,1543,794,1418,350,631,249,396,240,434,24,50,0,0,0,0,0,0,0,0,0,0
경기도,안성시,미양면,2023,0,0,5,0,4220,8856,19492,24112,21137,35535,16755,6335,9131,4619,13736,9775,10591,8753,8754,8179,11943,7478,9240,10390,16215,12847,23834,16251,17056,12419,8020,11636,5249,10524,2695,7879,323,2661,0,0,0,0,0,0,0,0,0,0
경기도,안성시,발화동,2023,0,0,0,0,0,0,89,1,0,0,0,0,0,0,0,0,0,0,0,0,238,120,0,0,0,0,72,131,0,0,0,0,0,0,0,0,0,0,0,0,0,0,0,0,0,0,0,0
경기도,안성시,보개면,2023,0,0,1,0,2150,3037,17020,4821,12011,8957,10682,5446,8523,7042,10391,6112,6002,6332,5124,10209,6928,5309,4082,8796,6482,11263,7439,11597,5343,10018,2681,6143,1930,3959,928,3672,406,3687,45,448,11,185,0,0,0,0,0,0
경기도,안성시,봉남동,2023,0,0,1096,469,1793,1787,6079,8446,7081,26043,4053,6221,4196,4940,4408,4966,5875,4040,6425,3657,6250,3350,12960,3388,18258,3748,7816,4629,7984,4140,3310,3053,2027,2236,1531,1830,729,1739,361,1091,16,326,0,0,0,0,0,0
경기도,안성시,봉산동,2023,0,0,543,363,1771,3906,9023,9719,8415,19755,4680,8219,4867,5966,5519,6371,5568,5791,5859,5913,5670,5594,5970,5584,8618,6329,13725,8814,14812,7139,5076,4296,3472,3135,2522,2947,1197,1880,321,980,18,343,0,0,0,0,0,0
경기도,안성시,사곡동,2023,0,0,0,0,88,571,496,511,1661,787,792,101,152,140,440,556,347,473,355,253,304,161,213,262,179,444,198,390,370,512,31,387,56,364,10,100,3,107,0,0,0,0,0,0,0,0,0,0
경기도,안성시,삼죽면,2023,0,0,29,56,2695,2206,14566,11694,17346,17805,16619,12255,12735,7809,11914,9090,13434,9401,14909,10663,15888,9466,16506,12338,19407,15214,23492,16215,16428,16692,9258,13476,6509,13054,3343,12394,1501,12156,254,2826,41,705,0,0,0,0,0,0
경기도,안성시,서운면,2023,0,0,1,0,2462,1040,7913,5412,10090,5150,10516,3081,6595,3302,4640,5397,6745,4432,7187,4399,6521,4475,5445,4615,5526,6528,6711,3962,5288,7335,2144,3859,1710,3333,734,2519,210,2181,0,0,0,0,0,0,0,0,0,0
경기도,안성시,서인동,2023,0,0,20,1490,2540,8135,7622,28558,9624,44934,7290,31624,10256,28117,12764,23875,16625,26095,17141,30876,16155,24869,20533,28671,25672,30145,26575,31281,23590,29553,15658,21169,14268,16293,10669,13548,6458,6700,819,3744,125,1045,0,0,0,0,0,0
경기도,안성시,석정동,2023,263,1,10812,6728,34076,17106,76498,79576,87864,156718,68328,138720,73613,103670,80897,102819,95023,99096,89501,105385,100653,98709,115502,107903,128151,117107,124722,123565,108345,122875,74241,87049,68683,67060,59511,57611,42747,48618,18506,31035,2175,14233,0,18,0,0,0,0
경기도,안성시,신건지동,2023,0,0,1032,131,2897,1418,7640,7790,5846,6088,5024,2223,3186,2054,3153,2132,3165,2818,3416,2263,4086,2142,4886,2593,6149,3316,11980,5214,11965,3917,8094,3548,5997,3269,3031,1249,1799,730,858,414,19,24,0,0,0,0,0,0
경기도,안성시,신모산동,2023,0,0,0,0,265,496,3638,2051,434,535,91,192,48,407,25,203,19,226,53,326,67,496,38,393,82,825,250,748,246,959,289,1228,61,461,43,410,10,219,5,80,0,0,0,0,0,0,0,0
경기도,안성시,신흥동,2023,0,0,0,0,0,0,10,0,1,0,0,0,2,0,7,0,14,0,0,0,6,0,5,0,6,0,6,0,11,0,3,0,4,0,10,0,0,0,0,0,0,0,0,0,0,0,0,0
경기도,안성시,아양동,2023,0,0,0,0,176,11,7781,1480,6125,1523,4759,1084,1552,400,638,477,1995,933,1851,1442,1049,1251,1472,2416,1012,1460,1206,3066,1174,2419,945,1658,419,1062,457,530,35,142,0,0,0,0,0,0,0,0,0,0
경기도,안성시,양성면,2023,0,0,432,318,4793,3998,12419,10980,17145,17189,10545,7248,7586,5592,7320,6627,5648,5308,8421,8211,6062,4209,6189,7021,9322,10492,10253,7498,10231,10882,5943,8121,5152,5991,2221,4937,395,2151,227,1051,17,119,0,0,0,0,0,0
경기도,안성시,연지동,2023,0,0,0,0,628,199,1209,2984,1191,13433,554,784,685,756,531,736,1165,1270,1034,957,929,773,2090,1127,3285,1091,2543,1178,1705,767,2434,476,1439,187,1308,147,184,41,0,0,0,0,0,0,0,0,0,0
경기도,안성시,영동,2023,0,0,1237,675,5172,1867,12702,9895,11463,28486,8311,8764,5905,6993,6746,6860,9235,6648,9064,6330,8328,6372,17106,7247,18236,7802,16627,10426,12436,9926,7198,7463,5518,5851,3601,4898,2822,4643,890,2205,52,869,0,0,0,0,0,0
경기도,안성시,옥산동,2023,0,0,2570,2562,6482,5798,21801,28161,22899,20141,14049,10537,9934,9167,9113,8964,8716,11486,9503,10697,8760,10039,8347,15164,9699,16771,14860,21856,13870,21577,9196,17887,9354,12196,4882,9120,3214,7350,1209,4037,222,997,0,0,0,0,0,0
경기도,안성시,옥천동,2023,0,0,0,0,4,6,126,3,353,109,213,29,216,11,11,16,178,10,53,14,71,10,160,25,323,38,139,37,355,12,23,9,127,12,105,4,10,3,0,0,0,0,0,0,0,0,0,0
경기도,안성시,원곡면,2023,0,0,1,0,4986,2676,15558,7068,13513,10068,10655,8997,8881,5327,8788,5752,8820,5713,9353,6095,10263,6092,8713,7850,9775,9190,12275,11752,12712,10301,7726,9732,6453,8269,4362,7138,1249,5857,197,830,1,22,0,22,0,6,0,0
경기도,안성시,인지동,2023,0,0,4,0,8424,2994,21254,18990,17206,22276,12308,20617,18364,20132,21391,14786,20717,15196,19757,15462,20777,16798,23300,12838,26763,23499,25280,22831,23138,16714,15056,8126,15998,6130,12063,3658,2836,411,0,1,0,0,0,0,0,0,0,0
경기도,안성시,일죽면,2023,0,0,579,83,4064,2151,16655,12969,18726,22356,15138,8571,13934,9810,10997,10838,12148,10357,14360,12620,10060,11274,11959,13413,13404,14157,15369,15812,14373,16757,8363,11106,5525,8315,2516,6662,660,5170,104,1481,6,354,0,1,0,0,0,0
경기도,안성시,죽산면,2023,0,0,681,251,6699,4799,23010,18346,23763,27938,20541,22027,19097,18992,20179,17547,20275,16319,19543,18935,18196,15738,21962,17538,26962,21599,24839,24179,22586,27045,16931,18180,10356,11106,7398,9841,3114,5943,479,1639,73,460,0,2,0,0,0,0
경기도,안성시,중리동,2023,0,0,0,0,3417,669,18729,2323,19715,1469,9034,1169,7889,1313,3942,2552,7180,3380,7357,2837,5808,4413,4885,5070,4072,8132,5848,11128,4571,8483,2900,6464,1472,5624,1010,5701,32,6,0,0,0,0,0,0,0,0,0,0
경기도,안성시,현수동,2023,0,0,0,0,9,39,310,159,253,599,531,574,491,594,131,188,347,434,161,215,103,218,149,301,155,419,137,333,311,359,47,193,50,118,22,145,6,22,0,0,0,0,0,0,0,0,0,0
경기도,안양시,관양동,2023,17144,6276,326144,238988,1121021,816274,2668321,2079140,2774953,3965197,1711217,1822552,1306204,1142711,1219016,1034437,1323993,1086536,1318734,1209907,1289106,1163894,1497912,1322524,1799853,1609684,2535146,2098633,3312931,2898732,1818930,2303336,1322608,1428367,1265971,1317671,1014272,1174722,495581,684925,117673,208701,15903,26887,2306,7780,330,289
경기도,안양시,박달동,2023,2530,1464,103943,28594,213590,83246,419746,160891,469925,273289,305398,143268,234101,131101,215804,139975,229366,163376,224804,175800,198897,186998,203422,231320,271238,280866,284684,316775,246525,383423,155893,362640,113738,252852,91335,236004,68998,208688,32222,124277,11410,33467,5,2,0,0,0,0
경기도,안양시,비산동,2023,35439,4230,155665,87029,462001,242802,996823,420152,1145672,790619,717246,623741,581350,483593,574940,482745,620723,536512,637430,593118,608201,572901,698415,661995,789987,786227,800503,900221,806564,1093183,543664,941606,437961,647448,402246,561168,288397,550380,125511,281223,27792,70643,5627,13320,1058,3896,50,151
경기도,안양시,석수동,2023,48204,16598,334503,152589,708793,396966,1673034,757307,1726646,1067889,1014431,713533,756207,601526,684235,537193,731307,591354,739537,604120,689438,603165,767099,744822,870783,897974,1002128,1139177,1013952,1514965,680943,1199334,494512,795705,431217,757506,313864,667375,150198,387587,26654,75015,1335,2626,0,3,2800,290
경기도,안양시,안양동,2023,78876,34191,736084,390409,1553474,1132020,3410366,2276042,3592133,3861889,2224743,2503477,1832300,1946542,1895627,1998607,2089766,2047570,2119022,2181470,2160798,2104778,2459740,2276759,3053195,2623571,3299711,3011159,3378504,3730799,2240984,2915494,1739866,1919943,1538118,1682112,1203521,1412576,558991,809824,113171,184161,9612,16090,182,1451,11,213
경기도,안양시,평촌동,2023,11509,3949,80195,52331,284484,182922,607359,463808,628882,747554,387778,436551,296121,302077,274612,261081,314076,289622,306950,327193,290711,308526,323462,369842,387987,432672,491569,533672,556041,600650,347728,509933,272523,329431,261896,287035,301016,273532,73970,158627,16501,59068,1924,8831,446,1065,18,4
경기도,안양시,호계동,2023,24000,7813,259427,203906,971992,719230,2263611,1497792,2223559,2349591,1326327,1609130,1076606,1219197,1102157,1176560,1273386,1268560,1312684,1428473,1303151,1363117,1510230,1491498,1774330,1759950,2035037,2205308,2373375,2719448,1724041,2122314,1486381,1237976,1303387,1074432,1264188,979116,522451,528661,74842,153961,9490,15255,757,2163,12,61
경기도,양주시,고암동,2023,390,115,19142,3180,53461,12281,108159,20513,120348,60319,65153,27994,49886,21158,49911,21670,47471,27952,52515,30566,42999,27122,51315,38529,57260,43599,49767,51982,42256,57580,26329,51557,19252,42781,15817,38360,12421,35493,4091,21254,919,7768,141,904,3,135,0,0
경기도,양주시,고읍동,2023,9983,2317,19611,10025,56056,21677,85440,42781,83320,100617,56543,51397,50589,43396,49938,42373,52515,50807,49531,49111,43372,46438,44959,56086,49659,68006,52132,71902,47042,65465,27624,44479,22347,34442,19998,32265,16767,26875,7149,13101,1764,3688,493,486,0,0,0,0
경기도,양주시,광사동,2023,3781,334,21012,5837,46527,11193,84667,25373,113330,53201,68971,41032,58559,34745,56640,40539,67329,43363,61827,50439,64799,54616,73534,63902,77519,75787,81164,87226,78296,97259,58044,93899,49008,61467,44487,50380,37183,43832,18435,26212,6250,11241,1413,833,0,0,0,0
경기도,양주시,광적면,2023,0,0,7738,5277,29650,21527,75055,69856,104354,98760,59731,54497,51492,43326,49378,43312,48592,41325,48942,42949,52153,49337,57487,56618,66909,61040,77684,77916,84386,89287,49856,65838,37696,44605,25318,34716,11613,22883,5625,13987,2476,6106,82,828,0,0,0,0
경기도,양주시,남면,2023,0,0,981,2363,9770,5878,27286,37738,21656,34270,20013,15023,17136,12571,16927,11422,19487,11453,21282,11112,18871,12935,19417,15080,27631,17899,31073,22028,26899,20035,15063,19077,9591,13219,4539,9888,1875,6768,759,2947,286,331,0,1,0,0,0,0
경기도,양주시,남방동,2023,23639,19892,85819,75483,213964,222858,519726,462628,475994,446414,355463,340114,303254,286131,280922,272856,289818,289274,297251,275351,277101,253885,313659,293688,366563,343799,438467,412932,475682,456353,367238,358392,239937,247637,201041,201738,158772,175321,92143,99414,37656,42314,2625,1445,112,323,50,138
경기도,양주시,덕계동,2023,6676,436,75129,30149,231395,111637,383413,158609,394874,260555,228240,145725,187501,115099,179450,121229,167297,128203,169427,138970,157210,142200,183717,184443,216459,209929,226232,275299,197530,304609,133221,293857,88818,186959,75305,168205,54879,135400,25700,86956,8840,29693,2649,3241,965,1858,825,743
경기도,양주시,덕정동,2023,5816,192,76992,48543,193620,160657,400869,300161,471130,467781,297658,284813,237579,212311,238252,213737,256879,241670,276047,248826,247540,233208,290628,286468,330629,320947,383357,399890,381680,407636,254240,354544,183832,233452,151435,204159,112955,170026,58660,117202,15879,46547,1402,7330,103,1059,0,0
경기도,양주시,마전동,2023,135,2388,346,4756,1122,16240,2518,40973,6965,56730,8317,25083,8382,18863,9795,13925,6208,12962,9792,13205,10873,11578,11492,11832,11096,11929,13672,11135,29105,9930,6885,6472,4876,4444,3409,3596,2029,2488,652,1589,265,809,165,151,38,45,15,23
경기도,양주시,만송동,2023,11,107,6901,2437,27548,12953,59113,28321,84558,69477,55325,43355,46518,34682,38742,33498,44690,40398,44247,42928,43416,45545,55375,57750,68621,69227,72130,78055,59293,83842,44015,92727,37415,79206,34202,64379,30694,63018,19370,53773,10574,26082,1336,4996,0,0,0,0
경기도,양주시,백석읍,2023,7406,58,26578,6351,54409,29407,133839,60899,181238,150793,115910,68308,101347,60363,93319,63134,88870,62262,90038,72271,88127,77064,98687,97224,97908,105490,120976,121450,104748,132114,60922,117928,42570,85610,30828,68822,19730,57747,10020,35656,3651,20687,143,1795,0,0,0,0
경기도,양주시,봉양동,2023,80,2,1353,111,3633,3633,5661,18259,7120,21587,4931,7290,3831,4117,3793,3228,4349,2962,4937,3698,5105,3538,5264,3802,6900,5279,18549,7253,14496,6101,5502,4501,2254,4324,2453,2260,416,945,192,195,43,110,22,56,23,31,23,14
경기도,양주시,산북동,2023,121,56,3805,1749,6957,6015,14213,14591,17706,25374,11787,11294,10984,11304,11581,10179,10756,10575,12144,11275,11538,8961,11194,9313,12388,9343,14879,10007,12084,10565,4688,9674,3379,6034,2597,6092,1613,4581,735,2717,298,988,99,143,47,87,7,243
경기도,양주시,삼숭동,2023,12945,143,27956,5209,74367,11885,137076,42662,181177,126838,98057,49130,81985,40232,79636,42493,82788,53240,77274,59204,70892,68240,96143,89637,100170,109245,94384,118786,70561,124981,44371,118591,33091,93335,28465,78954,17840,68744,5341,42414,1704,25214,455,3416,0,1,0,0
경기도,양주시,어둔동,2023,90,3,115,655,553,1013,735,1528,1727,2079,1835,2190,1779,2381,1834,2189,1976,2422,2105,1812,2264,1717,2170,1766,2138,1942,2383,1923,1619,1825,1012,1428,680,866,405,698,171,576,89,333,26,167,0,3,0,0,0,0
경기도,양주시,옥정동,2023,10043,1092,68985,10516,173407,39099,248833,78021,246166,163311,147690,95763,128558,83664,125647,84685,120323,97837,118127,115708,113905,123774,133599,151102,161665,190119,163021,227611,140398,247039,103774,254864,92370,196202,92233,149628,86379,137495,42078,97501,13802,50251,1655,9119,57,42,0,0
경기도,양주시,유양동,2023,0,0,1058,2552,1546,4171,3330,11172,4290,15360,4605,10862,3709,7355,4606,6239,5370,5636,6198,6072,6400,5502,7694,6230,7451,6571,7902,7644,8652,6781,3987,5671,3404,4263,1864,3517,726,3317,364,1656,199,975,5,113,0,0,0,0
경기도,양주시,율정동,2023,4482,177,10544,2934,31598,8554,46741,22808,56147,28960,39488,14428,28393,13711,24315,13905,24846,17673,23548,17323,22544,19663,25237,25978,28272,30418,24498,33830,23146,37571,12924,34542,7419,27696,7541,19953,4313,16831,2054,10780,762,5713,213,1033,2,7,0,0
경기도,양주시,은현면,2023,2,3,466,2970,11092,18790,22743,46918,31333,78730,20996,62990,21070,32204,27983,22657,26072,18462,38253,26084,36304,20278,44407,18316,48313,17715,59365,22536,55577,25804,21838,19928,10071,15845,5175,9998,1688,5734,531,4191,468,84,11,9,2,4,1,0
경기도,양주시,장흥면,2023,4570,194,16525,3920,44025,28367,82567,67199,102418,100787,79833,72917,56138,59539,55660,56985,59594,51834,58985,50776,64094,48561,71033,57119,88193,71590,86138,73308,69746,64898,44930,73558,40968,57500,28373,41175,14472,39105,5569,25228,758,8380,13,26,0,10,0,0
경기도,양주시,회암동,2023,4,25,9,208,984,1069,1230,2557,841,2353,957,1165,895,1038,911,1437,354,1142,786,787,846,1541,714,1547,789,1569,1058,1706,1072,1589,513,1926,246,982,278,1065,189,471,46,261,15,141,5,73,1,21,0,0
경기도,양주시,회정동,2023,2375,505,6210,5318,19848,16231,44031,23927,60252,47409,33931,40285,28254,32859,28562,33463,30840,36220,35475,39502,36676,37656,40717,44922,46692,47726,50034,46261,53287,49749,34186,39098,23573,30398,32789,23665,8124,19989,3116,11894,2073,4078,1276,1434,681,1243,199,571
경기도,양평군,강상면,2023,0,0,0,0,335,34,9874,2413,8057,6592,5828,3522,5107,5162,3479,2751,2606,3823,4078,2521,2748,4047,4487,3844,4129,5825,2396,7763,2196,5217,1225,4107,460,2741,332,2189,316,663,0,0,0,0,0,0,0,0,0,0
경기도,양평군,강하면,2023,0,0,0,0,348,417,7806,2667,6606,2680,7907,4472,2744,2133,4296,2043,2519,3907,2379,2763,2606,1631,3586,5587,1326,707,2413,6185,1617,3511,1130,2187,1111,3960,687,3265,59,1,0,0,0,0,0,0,0,0,0,0
경기도,양평군,개군면,2023,0,0,0,0,800,457,6324,4148,14114,6969,3556,3122,3073,2935,5355,5147,1976,3367,3125,2451,4172,3744,4164,4829,3901,2976,3829,4350,2380,4180,2074,5051,687,3491,558,2969,147,110,0,0,0,0,0,0,0,0,0,0
경기도,양평군,단월면,2023,0,0,0,0,229,58,6848,1892,2205,1744,3852,2473,4770,1369,309,31,1259,3761,2776,1407,2033,2718,1602,1420,1433,1582,1542,3600,1244,3012,838,1834,210,1006,90,730,6,2,0,0,0,0,0,0,0,0,0,0
경기도,양평군,서종면,2023,0,0,1,0,4965,540,17079,7271,23766,22087,11863,10452,13124,10868,5726,5811,12953,10420,8684,9413,9612,8428,13221,11201,12748,12523,11729,13951,8807,14192,9985,11635,1711,6386,1451,4556,162,2421,0,0,0,0,0,0,0,0,0,0
경기도,양평군,양동면,2023,0,0,0,0,364,25,5002,1825,3890,3651,1877,1333,2362,2130,1871,1588,2088,1672,376,1413,1943,1204,13,299,2921,2150,3060,2716,949,1605,1132,1559,396,1310,204,190,0,0,0,0,0,0,0,0,0,0,0,0
경기도,양평군,양서면,2023,222,12,20981,3072,45719,21105,126257,57323,101903,91327,103510,86547,74370,81467,78859,81401,72300,71033,85067,77007,83610,70567,113105,73756,110837,79961,100704,100025,78365,87217,35865,78330,37292,72358,20249,56030,11044,42950,2686,27101,35,3158,1,9,0,0,0,0
경기도,양평군,양평읍,2023,1890,34,28041,1662,63750,30602,154356,81559,141519,183758,107110,103623,133499,109729,106161,126044,117690,121509,118302,89716,126965,104468,124430,112998,139544,119099,145799,153738,122829,133392,72886,91008,57018,92824,46762,64757,23272,45342,3178,48824,1047,12570,3,13,0,0,0,0
경기도,양평군,옥천면,2023,202,13,7035,544,12102,3575,32889,11233,23835,15477,23700,15107,19734,16946,18837,17494,17734,17022,14781,12528,18849,15227,19703,19261,20635,19913,18049,27223,15543,25349,9558,16802,5966,16339,3883,17565,2425,8377,468,8405,38,1400,5,4,0,0,0,0
경기도,양평군,용문면,2023,5013,24,10930,69,29372,7372,68176,48562,91448,84192,67626,61445,71521,67859,61806,137062,85700,110976,95480,84626,107492,81781,122225,60635,115162,92506,87954,83480,58587,65579,34110,48034,17974,46201,14205,29361,3840,19343,10,17762,5,8162,0,5,0,2,0,0
경기도,양평군,지평면,2023,0,0,0,0,223,29,8638,3752,11054,11000,7999,4745,8747,8652,4446,3192,2655,3157,5184,6434,10037,6329,4866,4333,8011,3142,5446,5172,2855,6035,3912,7439,85,109,338,2203,95,790,9,6,2,1,0,1,0,0,0,0
경기도,양평군,청운면,2023,0,0,0,0,246,33,494,178,2029,2170,1111,203,2287,914,29,3,103,300,1069,2191,1506,1226,290,191,1317,552,70,117,2277,2415,89,69,203,447,10,206,0,0,0,0,0,0,0,0,0,0,0,0
경기도,여주시,가남읍,2023,0,0,230,15,13180,5884,39827,26866,38129,34321,26679,18090,21634,15258,17160,13459,18507,17123,23172,21350,19853,19831,19805,20311,26411,26491,26943,24416,22953,28563,16042,24925,11991,19187,6915,12270,1423,8141,48,378,52,346,0,0,0,0,0,0
경기도,여주시,강천면,2023,0,0,0,0,28,128,5482,653,170,164,6127,2101,2462,206,1813,1983,2510,2757,1595,2870,3228,1052,1461,2596,2113,2029,1772,874,840,2399,221,1466,557,4017,24,8,0,0,0,0,0,0,0,0,0,0,0,0
경기도,여주시,교동,2023,100,1,19890,796,59933,12248,117800,66408,125748,107192,99958,84090,93580,68211,82400,69836,86482,74583,95592,76257,96746,80586,123852,97403,124323,101331,122264,120458,94773,141234,68232,115402,46596,99781,30539,72786,12372,37177,6493,44530,2308,16569,1,0,0,0,0,0
경기도,여주시,금사면,2023,0,0,0,0,285,0,3219,377,3437,2649,6082,2507,2027,1282,2132,1928,2241,2830,1710,2205,1195,1561,2327,2272,1638,1838,1352,3069,492,1553,806,3264,626,1036,343,530,75,408,0,0,0,0,0,0,0,0,0,0
경기도,여주시,능현동,2023,0,0,0,0,1,34,101,0,246,409,105,1,168,65,8,100,4,187,176,37,6,250,73,20,1,201,472,41,635,130,42,102,0,92,0,67,0,0,0,0,0,0,0,0,0,0,0,0
경기도,여주시,단현동,2023,0,0,0,0,69,0,13,2,97,0,829,9,16,40,281,8,0,0,155,145,180,68,61,2,269,113,0,0,2,39,48,34,0,19,12,0,0,0,0,0,0,0,0,0,0,0,0,0
경기도,여주시,대신면,2023,0,0,0,0,1458,310,9891,4647,15985,22765,10702,6386,8069,7229,7246,5845,8334,6039,7553,10316,7818,5493,7976,5965,19815,9915,11069,9130,5289,8656,2837,5904,2724,4961,726,3647,21,689,0,0,0,0,0,0,0,0,0,0
경기도,여주시,매룡동,2023,0,0,0,0,0,6,1,99,324,301,148,46,2,227,0,0,35,151,238,433,85,385,270,13,231,500,148,1,12,362,11,9,0,131,0,0,0,0,0,0,0,0,0,0,0,0,0,0
경기도,여주시,멱곡동,2023,0,0,0,0,299,204,665,8,914,139,1201,85,967,494,210,194,0,0,741,629,70,296,314,167,140,380,69,131,41,107,102,447,23,331,2,28,0,0,0,0,0,0,0,0,0,0,0,0
경기도,여주시,북내면,2023,0,0,0,0,316,4,4711,4094,6239,6888,7256,2110,1964,260,940,3402,4430,3388,3286,766,1211,3119,3007,2390,6264,1314,2685,3337,1897,4406,905,1799,757,2345,294,692,0,0,0,0,0,0,0,0,0,0,0,0
경기도,여주시,산북면,2023,0,0,0,0,3083,21,3950,1965,2849,1952,4834,2598,3079,1593,1571,770,1864,2445,2431,1619,1272,1550,1638,1611,4814,3739,1418,2141,1848,2587,457,1280,490,2621,1,1236,5,1634,0,0,0,0,0,0,0,0,0,0
경기도,여주시,삼교동,2023,0,0,0,0,33,1748,1027,1967,2975,2823,1339,831,1609,740,1101,1046,1135,1237,1890,1201,997,1107,922,1712,1540,1661,1992,1562,1636,1910,948,1197,1189,845,345,1047,13,22,0,0,0,0,0,0,0,0,0,0
경기도,여주시,상거동,2023,0,0,0,0,0,0,1421,5,558,4443,988,28003,651,10909,766,12855,1107,5951,1532,3268,2399,2277,2844,1868,3305,1859,5125,1593,8613,1225,12798,899,14901,677,11089,421,0,0,0,0,0,0,0,0,0,0,0,0
경기도,여주시,상동,2023,0,0,137,0,820,1060,2644,6694,4972,37961,3198,4947,4687,2726,6622,2683,7614,4534,11557,4607,7986,3548,19580,3725,17089,5855,19830,4306,14772,3347,7591,2808,7520,1655,4582,1271,89,311,1,14,0,0,0,0,0,0,0,0
경기도,여주시,세종대왕면,2023,0,0,0,0,1967,313,5777,2668,7837,3300,9386,4568,7161,4122,6510,6036,6007,7284,3874,3950,6750,6089,5505,5916,4771,5487,3613,5679,2349,6427,1897,2305,1210,4595,274,1442,86,260,0,0,0,0,0,0,0,0,0,0
경기도,여주시,신진동,2023,0,0,0,0,25,3,67,17,726,2,510,57,64,216,392,2,0,0,345,490,58,332,27,8,107,310,0,0,6,201,112,169,0,284,7,0,0,0,0,0,0,0,0,0,0,0,0,0
경기도,여주시,연라동,2023,0,0,0,0,88,200,416,66,1623,181,250,134,538,439,418,191,5,102,417,507,343,522,311,324,384,517,410,868,125,727,56,415,65,158,18,414,0,0,0,0,0,0,0,0,0,0,0,0
경기도,여주시,연양동,2023,0,0,0,0,290,2,392,186,2245,18,24,171,10,240,946,20,0,0,848,235,37,143,0,0,616,344,98,173,59,774,0,5,7,1351,158,6,0,0,0,0,0,0,0,0,0,0,0,0
경기도,여주시,오금동,2023,0,0,0,0,55,8,772,36,690,414,405,319,942,235,170,251,753,221,164,252,245,111,193,531,138,591,312,618,151,622,42,343,24,163,24,205,0,0,0,0,0,0,0,0,0,0,0,0
경기도,여주시,오학동,2023,0,0,0,0,1050,201,6706,2089,10505,4215,5525,2605,3126,2190,3157,3591,3549,3181,4393,4265,3064,3467,3873,6497,3691,11010,2938,10153,2414,6750,1894,4975,1494,3505,1177,3123,59,78,12,17,0,0,0,0,0,0,0,0
경기도,여주시,우만동,2023,0,0,0,0,265,0,7,27,168,4,156,15,0,40,163,2,0,0,135,158,41,80,1,0,56,135,0,0,2,45,51,41,0,92,3,0,0,0,0,0,0,0,0,0,0,0,0,0
경기도,여주시,월송동,2023,0,0,0,0,465,24,5563,424,9396,1328,4919,807,3128,1183,3318,1480,30,584,2232,1925,2297,2184,2999,3493,1275,2953,952,5071,947,4793,616,1634,298,2546,182,1147,0,0,0,0,0,0,0,0,0,0,0,0
경기도,여주시,점동면,2023,0,0,0,0,1497,752,6868,5159,9587,14781,9586,4936,5308,5234,6763,5997,7006,6336,6539,6154,6170,5824,7647,6356,13088,6661,9665,7780,7621,7259,3593,5229,1951,5016,1426,3251,166,72,0,0,0,0,0,0,0,0,0,0
경기도,여주시,점봉동,2023,0,0,0,0,1635,1737,16991,6121,27302,12622,18050,5798,13445,5644,11883,6948,11567,7242,13669,8266,15252,10326,14568,11562,12226,15159,15202,18313,12909,19298,8761,15420,7751,14607,4984,13769,1192,375,0,0,0,0,0,0,0,0,0,0
경기도,여주시,창동,2023,0,0,173,36,1390,648,3876,3156,5119,5250,5567,5451,4551,2882,5183,3577,6648,2547,4901,3515,7641,3577,8551,4379,9776,4938,11886,4980,12687,4586,8431,2163,8370,1659,3900,1545,687,326,74,150,0,78,0,0,0,0,0,0
경기도,여주시,천송동,2023,0,0,0,0,971,605,3908,2861,11037,6998,4376,3351,2476,2993,3517,3678,4055,6190,4252,4748,4165,4133,5421,5892,5249,7116,5093,6176,4589,6954,2502,4957,2728,3259,1578,2943,228,126,17,4,0,0,0,0,0,0,0,0
경기도,여주시,하거동,2023,0,0,0,0,99,96,731,135,1332,171,31,401,1149,7,0,0,12,892,393,203,0,21,298,462,23,0,0,0,3,617,18,512,93,4,0,0,0,0,0,0,0,0,0,0,0,0,0,0
경기도,여주시,하동,2023,0,0,1147,48,3794,676,11678,7966,16558,27719,10056,15277,10500,11513,14792,9017,12116,8040,12922,10101,10833,9798,22444,10553,17330,10438,16221,12274,10597,10228,4532,9513,4608,5427,2252,5562,445,1658,34,1218,7,692,0,0,0,0,0,0
경기도,여주시,현암동,2023,0,0,0,0,5392,265,17531,2206,31948,3948,13518,3724,4339,1724,10194,5131,9956,5282,8733,8188,8279,6584,5522,10787,8202,19765,5718,18435,4722,13664,3179,11887,2956,8950,2188,9709,165,395,24,67,0,0,0,0,0,0,0,0
경기도,여주시,홍문동,2023,0,0,1028,21,7297,3353,27745,36044,39994,72115,30886,72305,33062,62227,33019,48565,38071,44053,35377,56898,41722,59826,48530,68007,54151,66658,58633,79421,61999,52274,40971,38325,46387,24209,22318,20633,2764,5400,374,2580,29,1501,0,0,0,0,0,0
경기도,여주시,흥천면,2023,0,0,0,0,872,41,6283,1971,5191,4369,8936,2420,3617,2087,4064,3759,2892,2469,4064,3786,2030,2797,2194,3332,3056,3648,2901,4238,1857,2819,980,5088,603,2706,307,1913,60,425,0,0,0,0,0,0,0,0,0,0
경기도,연천군,군남면,2023,0,0,0,0,1065,1370,4734,2787,6016,3384,4766,3828,4522,3547,4358,4235,3648,3990,4306,3856,4228,3761,2995,3078,3707,4297,2739,3978,1825,5105,1018,3642,453,3693,219,1367,80,459,0,0,0,0,0,0,0,0,0,0
경기도,연천군,미산면,2023,0,0,0,0,576,146,1603,657,2781,2155,1273,1165,2719,1058,1699,1056,761,824,442,1263,2160,974,950,1577,949,702,599,1468,1029,1276,327,859,147,958,55,296,0,0,0,0,0,0,0,0,0,0,0,0
경기도,연천군,백학면,2023,0,0,932,50,1765,308,4046,1137,3605,2979,3246,1822,3277,2384,2402,2347,2143,2490,2371,2149,2186,2239,2514,2634,2862,2009,1981,2969,2318,2514,802,2769,749,3203,485,1555,32,822,0,0,0,0,0,0,0,0,0,0
경기도,연천군,신서면,2023,99,0,640,3,1470,76,6237,2348,12921,3819,5111,2669,4474,3599,3518,4482,2948,4351,4701,4753,4929,3849,4799,4169,5006,4733,5122,5836,4059,6179,3283,7948,3207,6494,657,2310,312,1861,19,1111,0,232,1,218,0,53,0,0
경기도,연천군,연천읍,2023,1523,623,3746,824,6182,2681,18487,11613,26720,34665,18083,17099,17565,16574,16265,17790,19394,18612,23022,19191,22175,16376,22309,16146,25591,20412,26341,20950,21019,19188,10274,15992,7345,13464,5862,10413,2455,8387,776,3990,53,1424,48,807,176,24,77,103
경기도,연천군,왕징면,2023,0,0,0,0,5,96,1787,458,996,599,3068,837,804,1078,1016,1730,715,884,1170,1923,611,322,674,1162,401,916,624,1131,355,279,226,805,125,886,16,617,0,1,0,0,0,0,0,0,0,0,0,0
경기도,연천군,장남면,2023,0,0,0,0,0,0,216,174,648,440,272,284,546,456,192,246,4,143,0,105,483,681,70,172,0,139,355,503,57,150,1,177,75,270,0,113,0,109,0,64,0,79,1,45,0,0,0,0
경기도,연천군,전곡읍,2023,2927,295,4178,759,23358,15686,49979,31145,65987,73771,44940,43854,42293,39490,42698,34633,45018,38561,41452,38471,39685,41318,40495,38518,52758,50595,46247,52342,45993,51897,33049,36763,26850,26776,17932,19753,8831,14695,2554,4805,303,2833,75,531,486,71,290,231
경기도,연천군,중면,2023,0,0,0,0,0,0,202,440,102,7,0,0,0,0,0,0,481,189,69,0,0,0,0,0,339,205,0,0,108,316,2,53,12,21,0,0,0,0,0,0,0,0,0,0,0,0,0,0
경기도,연천군,청산면,2023,283,32,125,33,4241,3663,13032,9596,13453,9921,11114,7987,10508,7639,6800,6071,7189,7545,8311,8739,8844,6672,7708,7065,10039,10782,10233,8962,7051,8515,5238,8327,4100,5964,1294,4078,547,2071,118,505,78,306,23,74,52,18,88,9
경기도,오산시,가수동,2023,0,0,1318,404,8558,4310,15184,8202,14510,22915,11224,5564,7488,4665,5731,5627,5075,5072,8232,7889,8311,7585,8636,10219,9188,13382,9213,14506,6511,14288,4468,14875,2666,11925,1714,9318,1017,8144,346,3884,46,1138,0,14,0,0,0,0
경기도,오산시,가장동,2023,0,0,22,250,479,3760,988,10567,1475,15304,1133,3625,1071,1210,593,716,1643,658,1867,1591,3107,1147,3031,1155,5442,1105,6504,720,8068,1083,3716,1104,2529,633,777,348,196,10,0,0,0,0,0,0,0,0,0,0
경기도,오산시,갈곶동,2023,4799,43,19161,1526,60239,14916,99392,23474,119622,30931,59466,24272,50242,19429,45592,23404,45372,28164,40055,32017,35508,34729,38200,43320,41092,59701,43865,66267,43832,77700,28890,74960,21241,56704,18859,49942,12809,43040,4614,30176,584,16110,86,5271,6,737,0,1
경기도,오산시,고현동,2023,0,0,7711,286,17933,3009,31477,5286,36735,14085,21268,4807,17498,3284,15111,3589,15258,4516,14878,4951,13783,5328,14589,7858,15142,9351,15146,8839,12240,10172,7418,9463,6670,6994,5194,6546,1624,4016,38,3001,27,1177,1,37,0,0,0,0
경기도,오산시,궐동,2023,2110,101,25384,2015,69267,25531,123698,41963,129318,77774,97248,71622,73542,56836,70056,55117,64720,61446,75621,65091,66153,65216,72664,79402,83329,92978,82672,109292,78126,127304,49456,109105,39041,90086,37081,86074,20805,62378,6397,25451,1009,6919,112,746,0,3,0,0
경기도,오산시,금암동,2023,0,0,22501,4230,70047,12406,136468,32080,141836,72611,85413,33084,70662,34580,64637,37066,67826,47625,65379,60024,59152,60283,64962,73904,83778,108766,78589,112992,64846,118101,45993,105890,37843,83170,31077,69064,27235,63925,9418,35938,1000,7092,1,20,0,0,0,0
경기도,오산시,내삼미동,2023,228,72,2919,785,12081,3692,23623,9205,28383,20887,19508,12469,16011,6997,14227,7436,15339,9232,15599,11700,14352,11563,15680,13827,22106,18771,22622,19834,18441,23269,10717,21847,9343,15528,10547,15422,9362,15752,2387,6081,667,4024,78,317,0,0,0,0
경기도,오산시,누읍동,2023,0,0,9822,753,28185,4955,56738,10041,89432,13430,39138,9165,31357,10436,26056,13639,25973,16713,26080,21990,22663,22686,24323,41473,27091,49758,28461,45061,22008,37359,15735,35856,10153,31443,9164,27723,5082,24356,862,13014,32,4105,0,224,0,0,0,0
경기도,오산시,두곡동,2023,10,1,1546,5,1772,277,4606,1586,4587,2310,2892,852,2550,701,1926,1125,1729,697,1964,708,1883,1161,1992,1515,1884,1385,2440,1648,1769,1094,1061,1176,687,1015,359,471,37,358,1,83,0,18,0,0,0,0,0,0
경기도,오산시,벌음동,2023,0,0,16,285,189,414,366,468,373,1104,338,911,323,564,310,284,469,219,470,325,685,312,466,371,370,482,547,588,490,653,315,429,133,239,213,218,115,100,30,10,0,0,0,0,0,0,0,0
경기도,오산시,부산동,2023,6,0,11795,2175,46679,9745,65964,23335,83745,53263,46077,19181,37225,15630,34027,18718,35502,21357,33091,27408,28741,27721,31462,42914,41428,53115,39816,55204,34234,63145,24010,61291,18366,47691,14284,40471,8015,34116,3196,21249,1321,3876,1,29,0,0,0,0
경기도,오산시,서동,2023,0,0,1424,12,12173,845,23989,2548,38428,2561,14047,2654,11246,3432,10043,4748,6887,5693,8814,7649,7776,7636,7413,14346,7737,16775,8226,14307,5125,12016,3596,13052,2549,9842,1604,9929,828,9574,12,4113,0,404,0,0,0,0,0,0
경기도,오산시,서랑동,2023,0,0,0,0,43,2,194,435,83,209,473,89,165,67,0,0,353,155,649,148,289,338,213,276,100,115,0,0,98,304,74,252,84,136,15,111,7,69,0,0,0,0,0,0,0,0,0,0
경기도,오산시,세교동,2023,4011,275,38625,33591,94570,84449,173358,148148,185555,256186,113817,94827,87978,70115,80306,73101,93523,77851,94237,86121,88988,82099,115597,93219,155597,138794,164044,161346,190800,182504,112989,163958,92089,116945,89054,99924,65470,87080,28751,47131,2721,8661,108,297,1,0,0,0
경기도,오산시,수청동,2023,5669,671,56329,20200,130517,57395,255356,110942,231585,238848,144184,116388,117921,106393,113523,102071,122775,105471,133554,119144,125088,111722,157395,119029,194009,161600,195326,209626,200631,259860,116034,202564,91018,134301,85896,123693,60298,96173,26703,57578,5582,14533,438,750,4,2,0,0
경기도,오산시,양산동,2023,5,0,6726,1152,24623,2770,61986,9160,63670,49516,28987,63807,31652,58954,28976,25935,44824,60480,35483,27244,57973,27962,78278,37239,61545,44346,53284,45053,54626,44270,30888,41173,18822,35480,18193,33580,13053,32572,2676,15471,169,7357,8,2259,2,617,0,0
경기도,오산시,오산동,2023,10677,793,134171,44711,325912,251342,584433,615350,592311,601696,440048,461007,405242,399006,417417,377468,446993,394969,430102,421404,447935,418255,517776,477123,618171,571813,689411,635829,740711,698290,517429,545267,427017,411567,330184,340894,218593,249436,90862,164565,11628,43527,991,11898,28,691,0,6
경기도,오산시,외삼미동,2023,353,58,15958,1291,69402,16254,140560,37213,71377,35833,39783,19390,30283,14938,27749,18581,26454,19279,24613,20673,24422,22959,29544,34655,29514,39980,35439,45500,41601,71272,22208,76932,17623,39266,11941,30239,7038,34858,2270,21609,582,16402,33,112,1,25,0,0
경기도,오산시,원동,2023,5765,1466,30353,22431,117429,104724,191201,189029,215826,315740,131994,185933,119107,154560,121979,140460,129268,137168,128987,151924,124865,144696,172596,157543,188313,182623,191351,198299,191576,203914,151248,166288,126311,123039,111660,102149,71828,68693,26227,34275,5130,10935,416,1914,24,95,0,1
경기도,오산시,은계동,2023,0,0,1644,108,4790,481,11023,1381,12360,3396,7280,2203,5102,2356,5082,2696,5426,3317,4763,3363,4700,3568,4506,5177,4911,7798,4945,6549,4559,7810,3361,8134,2378,6572,2068,6069,1050,5178,429,2320,134,937,1,3,0,0,0,0
경기도,오산시,지곶동,2023,0,0,3285,316,16718,2383,28652,7713,24903,11603,12818,5219,10567,3557,6600,2810,8224,5478,8181,6212,8449,7103,7194,10309,7456,17140,7749,15452,7295,15938,4549,14758,2880,11774,1663,11794,1275,9238,355,3526,0,0,0,0,0,0,0,0
경기도,오산시,청학동,2023,0,0,1129,1155,3777,3893,6802,25255,7695,113056,5567,19366,6354,12258,9548,7811,18696,9193,17488,8556,15130,6627,44088,7083,62901,7604,46423,6874,16652,10396,8518,7491,6327,5696,6006,4219,2868,2787,732,1896,70,848,0,5,0,0,0,0
경기도,오산시,청호동,2023,1,0,5070,65,9860,1180,18266,5362,29064,10670,12193,9149,10743,7493,8692,10080,9313,11996,8413,12876,7497,12153,9049,20569,8695,27998,8388,25105,7357,25956,3977,25270,3289,20923,4194,19122,355,17585,130,12705,64,5851,0,327,0,0,0,0
경기도,오산시,탑동,2023,0,0,14,0,1211,5,2822,21,2304,58,1739,19,905,14,476,25,788,15,940,9,750,11,613,13,705,5,894,9,243,16,305,8,263,1,0,0,0,1,0,0,0,0,0,0,0,0,0,0
경기도,용인시,고기동,2023,0,0,916,17,4011,1564,5844,3313,8959,7805,6814,7980,6922,5186,6617,6099,4648,5020,7073,4652,6598,6493,6570,7402,8218,7495,8414,9748,4559,6603,3875,6656,3421,5775,2653,5388,1306,4042,596,3257,90,1531,0,0,0,0,0,0
경기도,용인시,고림동,2023,0,0,466,33,24202,6782,49786,18906,68003,54612,34848,11863,26839,11083,29948,13181,27611,16852,23995,18721,29506,20369,31172,25393,35652,39031,33304,30166,23674,35134,17675,32758,9936,18549,9366,23793,5441,14462,948,1751,0,0,0,0,0,0,0,0
경기도,용인시,고매동,2023,0,0,10176,450,32842,9263,55864,24267,57950,36939,42197,41704,30505,19729,31161,22505,26097,19145,27348,20581,30021,23524,35830,28101,37181,37718,43014,35772,34904,39797,32696,43306,21702,37557,26714,26542,8047,25739,2714,15471,1010,7618,6,915,1,336,0,3
경기도,용인시,공세동,2023,1,0,15210,1421,42268,13700,96976,32685,97195,50567,62303,30601,51945,25794,49764,28137,44350,30187,44687,33192,40662,36543,47504,52823,45660,61382,53678,65031,51753,71650,32781,63387,20754,52791,19518,48911,13458,44081,6430,27074,1627,10471,8,20,0,0,0,0
경기도,용인시,구갈동,2023,3031,176,115939,41266,387085,192842,823033,488209,929520,917025,550441,473709,427828,369427,437771,421950,454809,388006,456408,443413,475475,432457,513889,476465,627580,579719,771668,742904,801380,953724,571906,806089,446310,542393,401346,445741,356883,442270,190410,294282,37396,70164,2091,5418,0,0,0,0
경기도,용인시,김량장동,2023,100,0,59148,23144,143692,96599,310940,234314,358009,436277,245497,312509,237639,276096,268579,287171,293285,278748,291218,288158,295112,290608,348348,306812,410360,327320,373565,354662,374521,365674,259706,279086,206573,210417,187873,170491,127065,148163,49814,99145,7786,41964,410,7709,0,0,0,0
경기도,용인시,남동,2023,258,0,3647,57,12579,2479,18096,7885,20490,30575,14841,28346,14302,20293,16227,15107,19917,16997,18778,14349,23080,13779,27213,14634,31700,16898,23153,18125,20563,21942,12949,16601,12293,18547,8768,16682,6432,17390,1827,14144,320,10529,90,3580,11,32,22,22
경기도,용인시,남사읍,2023,0,0,1219,652,7435,6429,17148,18509,19811,27364,17674,16260,12650,8439,11558,10471,12897,10864,11129,10896,13255,11103,12217,13488,17592,15183,15687,14183,15359,12284,9970,13163,6684,9784,5216,9112,2640,5580,292,1623,52,332,0,98,3,51,0,0
경기도,용인시,농서동,2023,0,0,2320,7409,7696,19716,18765,17274,16291,29820,10476,13097,9082,6740,10580,5752,12202,6083,10193,5873,11211,5641,15861,6379,20562,8342,30798,11952,21354,11152,11213,8592,6841,7258,6081,7098,3793,5772,925,2973,247,1377,37,133,0,0,0,0
경기도,용인시,동백동,2023,0,0,45487,4963,170377,19848,306703,51299,323061,136455,194202,69699,158023,64088,150886,71456,149199,87513,141297,104034,129197,109127,156400,145151,168886,186616,157455,211055,136734,219675,103815,225114,80585,172855,78206,144705,72458,147134,34983,110236,7448,42024,679,5841,0,0,0,0
경기도,용인시,동천동,2023,0,0,49167,12487,240479,115689,664266,291451,745130,456714,533979,303164,342718,184575,282354,171128,280738,198145,261809,199242,239919,222974,269328,265448,301062,341814,366531,424644,426373,607357,282304,585771,185254,389417,155888,345561,134096,356547,80559,225564,18902,65961,10,35,0,0,0,0
경기도,용인시,마북동,2023,1623,7,59611,24737,232316,113181,490705,245405,530454,336601,340245,193408,262750,158950,240458,161925,228159,174488,226656,190568,217951,201954,239040,246190,274781,292528,327623,404564,324943,481823,237413,450719,163585,307087,131599,247835,115015,254549,68962,163578,10325,39354,4,363,0,0,0,0
경기도,용인시,마평동,2023,0,0,3349,64,23796,7554,34655,31880,46605,55631,26842,43709,20868,33572,26462,27283,28806,28710,28998,26353,30803,22755,46229,27912,51848,36433,43734,34726,34783,35976,21936,26129,16495,21603,14331,18559,9132,17044,1917,9316,55,1942,21,504,0,0,0,0
경기도,용인시,모현읍,2023,861,2,22765,5728,72041,22236,153627,75213,146284,131144,87555,72730,82778,76189,80560,64057,90732,72265,93132,63725,97521,70316,124382,95665,127929,112597,128692,123446,99457,118935,55014,105169,43418,90347,39016,81595,30931,74436,7541,50186,2601,28777,377,3598,1,7,0,0
경기도,용인시,백암면,2023,0,0,2321,1075,6780,6081,29068,25156,20992,31001,23700,21838,18296,16267,18170,17969,16053,16523,19277,19338,16870,17027,18648,16040,23289,20912,25381,23856,21337,19839,14059,17245,9434,11322,6216,8590,2287,5692,292,3257,3,1024,0,0,0,0,0,0
경기도,용인시,보라동,2023,0,0,28167,4712,104582,21649,170633,51368,171046,129999,129156,71900,108079,64578,99810,68475,92689,73823,94187,80969,89978,86480,105274,104255,114526,131796,119951,149042,107521,173150,69134,161479,57172,121672,55954,102436,44829,95292,22900,68030,4716,23189,277,1267,196,830,0,0
경기도,용인시,보정동,2023,878,3,30529,13418,159415,86943,331513,159661,387666,337703,259112,199088,222719,155918,208225,162390,205768,181837,213809,215595,208518,223260,231308,279448,267914,331518,296607,370016,287207,405319,186075,369856,169385,251146,168717,210632,158069,198609,86694,133687,22275,30144,1103,1401,7,365,0,0
경기도,용인시,삼가동,2023,10,1,22760,8498,73333,46116,161199,105489,232614,277114,129524,156700,111178,104884,125066,116799,139416,134451,129401,122766,142281,102295,147691,119512,174092,143314,144651,148832,181012,158528,90349,136052,70198,104270,58735,90129,44565,82499,14083,46092,2897,14004,792,2625,2,7,0,0
경기도,용인시,상갈동,2023,877,8,49091,24826,163922,94971,349008,230623,409709,274054,256764,172087,181555,131938,171505,131351,166422,132421,157564,150872,148044,146545,180099,172199,214068,216591,243623,271356,277975,344583,185208,274631,130010,202985,116063,190291,90521,163938,49346,96029,8167,17941,145,294,20,103,0,0
경기도,용인시,상하동,2023,106,1,46334,12224,138609,45151,277770,102406,326997,142468,200531,81226,159447,74050,145581,89199,141880,107007,139619,113831,128814,118992,140185,155850,144109,196253,151641,233576,140996,256917,81967,235015,63258,187336,55267,150906,44362,151172,23970,97718,4662,34286,507,3799,0,0,0,0
경기도,용인시,상현동,2023,1042,36,77762,26146,340060,128931,738148,245438,806780,456297,544651,305086,392297,224696,350076,211100,357809,263376,337512,291100,316857,308465,360522,359799,409791,446710,476041,551846,474507,724722,292696,681449,223520,472334,213045,396855,180309,406895,84161,256948,16742,101881,211,4374,0,0,0,0
경기도,용인시,서천동,2023,48,0,7605,1432,27745,5508,63504,14347,61521,46930,43592,26545,37664,31753,37093,30708,34552,27388,40505,34020,37319,32562,39524,34841,43618,37991,54382,50338,38333,59273,22408,61719,16517,46669,14051,40080,10194,40328,3854,23938,848,7472,87,1346,0,9,0,0
경기도,용인시,성복동,2023,1,0,95729,18113,410376,149825,989950,346476,1107596,505599,761546,354060,570017,315948,506801,348148,487150,381585,477794,417602,436751,428304,499487,548603,548733,628734,562254,797024,549361,1002571,409024,922903,314904,626040,296221,556433,268271,626981,142648,362603,34325,119314,294,1305,0,0,0,0
경기도,용인시,신갈동,2023,1147,9,62858,19080,224933,74423,439751,154215,480430,252237,316862,178199,242267,148122,228631,156678,219659,172008,210699,192293,200310,202363,222827,232575,261636,270146,256246,348494,253705,459622,181292,403671,126068,286212,105706,239258,90393,241280,52233,155560,13005,39874,1822,4001,696,575,0,0
경기도,용인시,신봉동,2023,0,0,37866,3691,136025,25844,242644,50601,261228,121253,182684,73266,173681,64529,155216,75313,152661,91335,142350,100671,138644,117311,151508,146188,170151,169045,167862,183072,119042,211946,80611,246372,70000,189061,58195,151622,49806,164777,29064,114408,6592,48296,52,584,0,0,0,0
경기도,용인시,양지면,2023,0,0,1687,177,30264,18765,54225,34738,69297,66470,45144,37163,36473,23386,36045,25793,38873,32911,38022,32338,39731,33778,40055,38252,43988,52154,46139,53556,46280,53697,29674,52736,29507,39797,21611,33528,14491,28532,3216,15782,44,819,0,0,0,0,0,0
경기도,용인시,언남동,2023,0,0,15622,1513,61507,8905,103737,25236,112935,46436,78873,35471,65487,33892,64433,35256,61513,38617,60895,44760,57080,48857,59036,58838,63114,72426,61607,85453,52355,85834,32796,94672,26710,72021,22646,59176,18313,58827,11312,41498,2637,16009,1,7,0,0,0,0
경기도,용인시,역북동,2023,0,0,33103,6428,90391,23459,186265,66775,221289,185593,128297,119096,99943,93124,114296,99216,126319,128901,118142,130700,131397,125199,155726,151314,185744,183137,176245,207776,163718,227017,128765,186854,116536,133170,125023,107285,112064,97699,47282,71066,8042,25841,1029,6447,0,60,0,0
경기도,용인시,영덕동,2023,1934,452,60555,24729,193902,75983,366908,179575,343774,300249,251335,174578,197914,131008,184112,115836,187680,139393,189464,152453,168007,156110,191682,193099,215444,234705,277730,285317,297562,367178,174061,352922,129914,244589,114754,217782,87460,211260,42839,137615,11376,45512,1178,4021,0,5,0,0
경기도,용인시,운학동,2023,0,0,0,0,2043,551,5045,1614,2161,2060,759,953,3701,1527,1525,1310,2540,1802,1262,1318,818,1755,2060,1409,2320,2956,2460,2289,1515,3174,406,1675,981,1847,147,1391,226,1598,64,26,0,0,0,0,0,0,0,0
경기도,용인시,원삼면,2023,0,0,1117,7,4018,3917,21423,12147,20579,20179,17668,13657,10984,6763,11221,9530,10706,8689,12790,10177,12254,10259,8539,10063,14886,16172,14588,14709,11883,12721,8695,12508,5253,7349,3010,8833,1496,5596,219,2508,14,589,0,0,0,0,0,0
경기도,용인시,유방동,2023,4,0,21536,8509,56244,24243,110615,60318,159895,133226,83334,43814,68271,43193,67326,49275,69233,54280,67603,54513,63275,54105,71592,72697,92148,84955,111460,93475,85030,108033,43134,87599,32943,67742,29804,64611,18964,56737,8351,35889,1667,12064,156,779,0,0,0,0
경기도,용인시,이동읍,2023,0,0,5080,2920,32644,15180,73833,43488,73479,64152,51233,31939,41850,21830,41386,26857,41355,31593,36910,32131,35277,28529,38767,41864,46691,49843,56994,63579,50757,69910,27279,53152,24057,48022,14745,39245,10078,37957,3717,14213,1985,6043,235,2256,128,1367,0,0
경기도,용인시,죽전동,2023,18525,55,111665,44087,507556,310140,1185915,682024,1272239,1102262,827662,804567,660413,671999,645882,623137,692371,638545,720742,662785,741244,663842,869950,728280,1010382,844451,1141064,997142,1164377,1228388,857006,1057879,753799,742393,532250,651078,437420,665754,214823,431585,41002,173527,1552,6580,9,990,0,6
경기도,용인시,중동,2023,2,0,36046,19982,105998,52293,245062,153986,309880,333442,183623,174062,168665,140585,175512,138461,179176,163925,169646,177679,170527,180330,214295,206328,243034,251404,280181,289478,245023,298662,146677,253749,113121,183395,98150,148811,82457,140819,34802,88557,5627,29982,955,5083,21,19,8,8
경기도,용인시,지곡동,2023,3,0,5811,326,18316,6068,40477,8223,35268,22505,17686,9192,15790,8001,13555,7829,12512,8840,12276,9328,11907,10901,11366,13059,13303,21933,13654,18573,14261,22283,6562,19938,4312,17013,4762,12446,3065,14864,1087,9949,340,4456,33,151,29,124,0,0
경기도,용인시,청덕동,2023,25,0,18982,753,48020,9515,93089,30596,94863,75988,73749,25947,61813,19946,52833,23918,49768,31387,49601,36238,40680,39585,56437,49357,68442,62980,59896,68908,54359,78312,26585,72563,15746,58251,11836,53386,9116,43681,4376,30777,579,11587,0,13,0,0,0,0
경기도,용인시,포곡읍,2023,2155,144,46259,11155,122877,54738,279229,167420,366067,402220,196553,289718,184992,253160,191566,213064,173058,195245,175655,186262,168423,190491,225563,222337,276717,244858,340930,281602,345330,287786,292716,247603,230894,195353,213160,169113,162923,154065,38546,93373,6599,37859,986,2590,0,3,0,0
경기도,용인시,풍덕천동,2023,0,0,117039,33800,476027,190796,1198276,435630,1349540,711091,908416,540511,641654,450612,593310,462936,608448,505622,591870,572721,561424,592066,636768,680425,717560,813717,780595,1078901,726214,1236557,569248,1133593,458618,740432,448850,628944,524694,628569,242419,391501,66312,121070,132,499,0,0,0,0
경기도,용인시,하갈동,2023,111,0,3192,1283,15838,5542,23056,17837,24018,42876,16373,30056,17047,23832,21358,16325,22330,16938,22672,21595,26234,15748,27274,15423,33120,18230,36217,19637,26958,21854,18286,19636,14145,15755,12968,12736,11669,13157,4236,10402,1349,4809,277,1089,7,20,0,0
경기도,용인시,해곡동,2023,0,0,0,0,413,141,1332,336,2373,566,552,374,1200,483,852,552,991,1301,624,560,875,976,620,695,642,922,1011,845,387,1109,96,395,239,478,54,303,21,539,61,7,0,0,0,0,0,0,0,0
경기도,용인시,호동,2023,0,0,0,0,230,25,259,26,0,0,0,0,353,56,0,0,225,78,0,0,89,238,0,0,24,246,44,19,47,140,0,0,6,47,0,0,3,27,0,0,0,0,0,0,0,0,0,0
경기도,의왕시,고천동,2023,2806,1519,14486,13234,46085,48599,117428,109193,126503,216509,75614,91168,59548,62417,67657,60124,78073,66643,75381,66513,72392,65004,82900,74876,109429,89716,150461,106775,177041,129607,85173,101515,62480,70650,53413,60516,34902,50365,14891,27006,3474,8404,1637,3023,96,120,0,0
경기도,의왕시,내손동,2023,2525,528,23938,13842,101285,47117,233805,76185,271060,200666,161398,122158,138188,95003,133704,94072,147071,113403,140085,123709,136413,123703,197609,169937,225463,183738,183168,204538,149418,251322,95743,233369,75946,164317,63785,153545,51050,155374,21012,77077,2907,17437,206,1011,27,140,0,0
경기도,의왕시,삼동,2023,10470,547,99133,47565,234862,198471,552110,485396,572228,495338,277422,188053,208742,147678,198673,144757,211758,171273,193177,177116,193689,172995,225213,207042,318929,260119,438828,346434,425428,507950,229218,352626,168692,243966,133501,210802,98391,176928,34100,109234,2975,24004,156,3969,3,97,0,0
경기도,의왕시,오전동,2023,11757,936,59417,22639,180321,82400,392436,245299,459294,384134,260904,146512,208088,113099,195657,117022,205292,147419,208163,161974,187986,171193,220380,209361,246238,253777,303698,297148,308423,361730,195071,333580,121954,251195,99057,226007,66313,236997,28859,120389,4678,25945,1377,5426,10,17,0,0
경기도,의왕시,왕곡동,2023,3323,2400,29656,22947,88145,67891,162647,111131,200438,168198,155038,113804,104743,79718,94761,77163,102341,83813,95908,82438,88866,78399,99415,93386,118297,112714,147247,141351,159439,173619,128654,168423,87845,112263,77630,106831,64278,96329,34225,57301,11321,17914,2040,3077,301,815,87,231
경기도,의왕시,월암동,2023,907,8,3727,1457,4675,3216,12113,11157,12047,45654,6327,21074,5473,17933,6095,8504,5869,13189,5047,11934,5575,8223,7294,7726,8965,7411,13373,8846,17993,11140,4774,8525,3473,6155,2639,5297,2087,4934,164,3210,24,1877,15,860,0,46,0,0
경기도,의왕시,이동,2023,809,699,2007,4149,5480,17756,12288,73366,16652,73903,10095,22461,9245,9699,9003,8400,11305,10885,11514,8779,11377,7674,14625,9485,25255,12737,67513,14462,48493,15348,17617,11224,14137,9465,7556,8769,6822,7692,1849,3692,222,1075,30,434,2,10,0,0
경기도,의왕시,청계동,2023,7,76,20077,13883,67513,38739,134445,70365,144248,89401,115257,78803,89491,66366,79038,62099,93226,72306,91475,73526,86564,70395,101202,87879,110689,104592,103068,111183,97294,129670,78533,126170,68952,101988,62032,98284,49541,90028,22783,45854,906,2871,0,0,0,0,0,0
경기도,의왕시,초평동,2023,0,0,0,0,275,254,596,270,810,1025,1106,1199,835,852,850,972,813,777,568,658,522,580,1112,778,357,187,1065,543,601,333,128,304,120,148,34,185,13,185,0,0,0,0,0,0,0,0,0,0
경기도,의왕시,포일동,2023,206,5,17401,7986,90768,36503,221230,94336,238249,258854,153076,113905,123164,69535,110651,59769,114063,78262,111380,90279,108400,90782,130898,109720,133084,127162,158437,138476,222205,175767,95868,167972,65437,120545,55963,116824,40152,114569,15117,63622,1265,10505,0,0,0,0,0,0
경기도,의왕시,학의동,2023,1,0,4833,1214,30382,13768,65319,21881,58748,35811,39120,62111,29731,41108,25872,42173,28777,36602,30311,38485,34401,37201,45179,47144,47060,52010,50618,56286,49701,73531,38587,72460,45640,53077,60433,48220,12990,48572,3755,29770,643,2821,159,350,0,1,0,0
경기도,의정부시,가능동,2023,15520,1889,155573,49503,273414,110485,542318,253586,598009,610902,381296,309362,349793,235685,333143,238729,352031,258373,339928,283134,305066,263475,350157,322482,453148,381040,448428,450822,357572,530416,237093,459811,176055,331404,149237,279022,108110,241647,50237,146664,13057,53619,674,3015,111,249,34,76
경기도,의정부시,고산동,2023,665,259,21883,6493,55676,20661,105601,34616,99840,97359,63158,37813,50401,28103,47556,27625,49827,33329,49853,37270,51405,35098,56225,40978,62026,46550,59449,53625,46645,60745,27001,65723,19532,45232,17287,38445,14193,34753,5335,19804,1502,4914,247,405,0,0,0,0
경기도,의정부시,금오동,2023,11668,4359,50768,30149,131686,78450,267765,179375,312502,255558,235959,200511,216189,174090,212819,158169,209265,173900,192926,193501,207221,193394,239246,198527,243227,210045,273038,236018,236253,253950,151578,217111,117654,157966,111009,137581,100134,119410,33408,64620,12976,33699,3116,10706,1694,4118,483,226
경기도,의정부시,낙양동,2023,16891,743,44401,3528,104584,19850,223109,52351,288946,156212,149388,65048,128272,60744,113706,62265,113516,76479,111415,86682,107394,94554,123864,122907,147821,149559,132959,167955,115194,188844,78002,182731,59022,132540,47731,116347,40870,114686,15267,73156,6198,32144,1670,10660,200,2305,9,55
경기도,의정부시,녹양동,2023,4994,3820,79558,22010,131127,57508,290140,116242,288191,191098,176020,110290,155918,87194,146372,103234,153232,110990,145256,120824,134429,116954,141262,146646,156288,181878,175949,215150,181084,251186,109726,219957,82382,152491,70298,127690,51130,118292,21321,73879,6824,27140,858,833,250,478,108,212
경기도,의정부시,민락동,2023,14260,949,56047,4938,162253,36539,278270,90019,300582,284797,180659,154281,158016,139445,156544,140061,171098,156733,172849,175747,166996,180595,213829,216838,239868,260230,234324,299217,253433,305882,173377,309334,150824,218345,134332,178100,128128,166358,40210,110865,12238,47099,3001,11719,371,1976,3,18
경기도,의정부시,산곡동,2023,0,0,22177,2231,54451,11692,112789,17828,123173,35168,58857,22678,45844,20415,39629,23841,42011,31006,40214,37758,36555,44576,40316,51484,49860,62468,46304,73150,43507,88074,30078,108575,21602,73126,21424,58493,16484,56078,6144,35749,1890,11175,310,700,0,0,0,0
경기도,의정부시,신곡동,2023,46576,5160,211789,78029,490036,139148,931365,253869,1144509,624929,687904,368494,575497,344303,549451,371217,550042,428607,540033,454929,483387,470497,528534,565738,560174,668941,557730,810181,530425,897710,340263,817772,263006,584164,240721,501079,193949,471308,90045,290372,26824,120817,3763,26593,800,7985,11,106
경기도,의정부시,용현동,2023,27250,1794,77466,32421,179271,71930,369741,163975,494636,469063,310629,213452,256964,167787,244959,177049,266264,206545,255241,220188,225157,215148,262155,262129,293230,307527,326107,368591,341010,420406,174036,360123,124389,257004,104760,224952,92123,201579,43488,118900,9716,48495,1293,6941,0,2,1,0
경기도,의정부시,의정부동,2023,59850,13110,239107,139334,575032,362196,1104243,654945,1217470,1412848,815286,1313848,768412,1084878,872390,1128831,982059,1172687,1006914,1253596,1086930,1171447,1227336,1130345,1327500,1227663,1453312,1352928,1540347,1504624,1052794,1200453,913757,767742,758762,626357,637659,525922,306430,327986,76349,151460,13391,22586,2928,3900,2078,3058
경기도,의정부시,자일동,2023,0,0,116,692,268,2420,683,5460,957,8499,986,7201,1013,3655,814,2819,1164,2500,1297,2379,1750,2141,1943,2210,2331,3035,2524,3207,1768,2895,1419,1939,3595,1348,1242,1209,356,873,67,358,64,112,0,0,0,0,0,0
경기도,의정부시,장암동,2023,2183,1722,42266,26295,135699,90744,308067,162166,228329,135178,122515,91357,80731,72089,69722,73435,76760,76414,79778,66129,84511,63140,90383,74655,96095,88931,98687,104947,94733,141165,65206,141544,45439,96527,35710,78214,25091,71668,10300,43991,2853,15282,239,1951,13,226,3,3
경기도,의정부시,호원동,2023,51770,11808,369205,143849,709490,303292,1503276,566573,1554153,983691,983712,709124,832576,621741,823440,709458,824805,710456,806870,705079,767755,732444,781075,828007,839447,985770,888154,1148029,767532,1379990,537062,1239487,404702,786094,350692,674907,282889,595215,135002,380160,33083,144720,7494,18857,1423,4074,616,2981
경기도,이천시,갈산동,2023,0,0,88,16,2332,827,8940,1911,19338,9019,9345,2817,6459,2561,4702,4460,4618,4180,6412,5359,5306,5237,5663,6858,6838,8924,9745,11273,5842,11254,3830,8901,4325,7914,2454,5836,2223,2871,237,1111,29,338,0,0,0,0,0,0
경기도,이천시,고담동,2023,0,0,0,0,398,42,1677,1626,1993,1597,1484,686,506,619,955,267,336,495,933,393,718,860,1271,410,628,866,959,694,719,1519,621,541,210,1657,155,645,21,306,0,0,0,0,0,0,0,0,0,0
경기도,이천시,관고동,2023,109,0,1118,188,7051,2737,30136,27371,36381,73029,26026,42976,32029,37025,38943,26994,46073,24708,50132,30619,44137,27660,50338,27228,70481,31291,63919,33244,46090,25875,31833,19888,25659,13948,21404,9634,5694,3860,863,1669,25,375,0,0,0,0,0,0
경기도,이천시,단월동,2023,0,0,0,0,599,49,2284,613,2394,1785,2994,524,1435,1313,1255,1275,939,811,1450,1209,1667,1862,912,1609,751,1308,1311,4050,1068,1764,796,1841,385,1589,159,1294,36,630,0,0,0,0,0,0,0,0,0,0
경기도,이천시,대월면,2023,0,0,0,0,7894,876,27410,9118,28075,14458,16751,5685,12109,5625,10113,7595,10281,8932,11432,9102,7947,9934,9345,12125,8490,14828,14013,16773,8446,21093,4456,15748,4594,14149,1875,9830,434,5424,22,57,0,0,0,0,0,0,0,0
경기도,이천시,대포동,2023,0,0,0,0,252,162,2238,1109,2598,1459,1615,720,1562,893,950,567,1134,649,1575,571,706,1025,924,1018,1698,1496,1365,2601,1116,1475,845,1234,446,1411,137,1119,6,939,0,0,0,0,0,0,0,0,0,0
경기도,이천시,마장면,2023,0,0,2067,272,20392,8924,46158,40625,62477,55045,37283,25603,37415,21608,33406,21025,32690,27856,36074,27686,31643,31318,45719,34239,43014,39638,45122,47278,51804,56076,27552,45831,22992,40019,16131,34476,10211,25682,1026,11947,456,5705,0,4,0,0,0,0
경기도,이천시,모가면,2023,0,0,47,1,2347,120,11851,2954,9291,7599,9839,3812,4844,3145,3910,4266,6889,7048,5946,3871,3525,6307,5809,6485,3917,5053,3680,10178,9009,7152,2727,7754,3811,5472,818,5086,75,2517,0,0,0,0,0,0,0,0,0,0
경기도,이천시,백사면,2023,0,0,0,0,6868,142,37851,11736,41738,19813,28386,8344,17269,7558,13786,11067,16071,12070,21294,15315,16722,17487,14749,21220,18100,25691,15639,28232,17194,26221,7362,24729,3225,16434,2233,16738,883,3969,0,0,0,0,0,0,0,0,0,0
경기도,이천시,부발읍,2023,248,2,14611,1612,78321,43321,224908,164795,234768,203711,140270,82826,110768,71543,115960,81752,108862,90324,115161,93140,115642,98274,124084,110891,160906,152924,207762,199065,169675,179271,119317,175166,82491,124558,56804,111332,33322,79954,5730,30333,2048,20533,1,1,0,0,0,0
경기도,이천시,사음동,2023,0,0,311,92,1482,286,10566,5550,10708,32192,8210,10894,6270,4955,4318,3112,4235,6200,7018,5526,5141,5545,5877,6336,5614,9102,6722,8038,5127,9726,4139,8035,3700,5324,2409,5860,820,1968,253,558,4,3,0,0,0,0,0,0
경기도,이천시,설성면,2023,0,0,496,16,1707,482,5157,3726,9168,8141,8209,4208,4638,3052,4864,4340,5139,4375,5645,4342,5116,4530,6706,4853,7184,5161,8596,5723,6388,6161,1963,6215,1590,3539,481,3277,117,2241,7,84,0,0,0,0,0,0,0,0
경기도,이천시,송정동,2023,67,0,1626,17,11052,574,34051,5726,65116,20692,25017,7152,23385,7938,20424,11850,22614,15745,22595,17569,18854,17684,23664,23556,22454,30921,18699,36611,18645,33346,11958,36767,8267,30060,6671,25023,2241,17811,876,5173,299,3755,1,3,0,0,0,0
경기도,이천시,신둔면,2023,13,1,7911,1807,40898,7774,101658,52917,86452,73116,62950,54713,50903,32539,36340,28395,44484,38965,40807,34452,38885,32825,41115,38927,55336,50481,69135,59390,56072,83919,29157,60748,22907,60455,15074,46082,7881,36722,2552,23392,100,796,2,134,1,73,0,0
경기도,이천시,안흥동,2023,0,0,884,30,1581,423,13119,5959,14861,32082,7856,4250,6478,3502,5732,3877,5501,4123,7138,5096,5730,4722,11695,6268,12056,7710,17665,9453,7496,10154,3688,7273,3286,6959,2636,5111,1492,3048,294,1384,101,374,0,0,0,0,0,0
경기도,이천시,율면,2023,0,0,0,0,128,1,1939,622,2256,811,3543,1186,928,525,592,1075,1532,1462,1085,1318,253,319,1006,1399,1101,840,1366,2292,290,576,236,951,199,858,1,1,0,0,0,0,0,0,0,0,0,0,0,0
경기도,이천시,율현동,2023,107,7,12866,2549,49795,24552,150288,112449,158462,151432,100517,84008,89395,74380,85117,83876,89019,79650,87356,80575,89542,82022,95074,91609,117914,104781,132788,134148,154162,146790,101950,121862,75031,84029,57891,71202,32911,53499,8966,21825,3175,12581,0,49,1,0,0,0
경기도,이천시,장록동,2023,0,0,0,0,1165,25,1003,161,1993,544,1239,732,838,580,842,570,535,445,786,769,908,602,471,687,504,960,485,1503,577,1064,590,1249,255,528,430,513,17,303,0,0,0,0,0,0,0,0,0,0
경기도,이천시,장호원읍,2023,203,0,771,31,4722,2501,21565,13799,24759,28496,15923,17241,17445,18106,17052,13855,16078,14690,19664,17791,18018,17433,17878,14748,19042,16589,24928,21124,16940,20561,11598,14611,8264,12274,5305,7630,1820,6111,104,2400,18,825,0,76,0,0,0,0
경기도,이천시,중리동,2023,5,0,4101,806,23875,16122,69872,76873,78382,178713,58098,112527,56692,93585,63280,80203,64625,73132,62183,86383,68496,84613,77465,76002,97949,100397,114127,97456,117276,120953,78035,87830,69857,55639,64386,45421,23200,25306,1706,15883,846,11751,2,663,0,8,0,0
경기도,이천시,증일동,2023,94,1,13,389,130,840,3883,5625,5525,10933,1988,5311,2345,4610,2031,4002,2351,4405,2228,5034,2263,4930,2282,4971,3669,6260,3653,6686,4700,6369,1365,5681,1468,4054,995,3137,397,1733,27,750,16,229,0,0,0,0,0,0
경기도,이천시,증포동,2023,39,7,1270,17,10883,1079,31840,17557,44181,36111,26910,16876,23567,14278,23401,15953,22654,18661,25998,23234,21139,21169,28002,25555,28816,32173,29924,39331,26416,33439,18241,29404,15724,22803,12179,19986,4805,11674,211,7156,81,4562,0,7,0,0,0,0
경기도,이천시,진리동,2023,0,0,17,1,1888,2935,3742,5353,4919,15786,2665,4400,2387,3060,2183,4173,2669,2967,2382,3866,2287,2616,2669,3022,4934,4792,8080,4510,4424,5463,2577,3250,2219,2733,2033,2020,558,701,14,94,0,97,0,5,0,0,0,0
경기도,이천시,창전동,2023,113,5,3432,81,16971,9647,41158,35601,59160,108585,35523,62137,32264,51819,36104,45837,44595,44059,42945,56116,45199,48724,54629,51892,68026,57033,84865,59710,75610,55266,66937,40803,58444,27977,50263,19076,21048,10332,1203,5265,237,3200,0,5,0,0,0,0
경기도,이천시,호법면,2023,0,0,437,8,5098,1867,17934,10368,12962,16111,9338,22394,8377,11666,5195,11232,6628,9174,6475,7926,8551,8881,6955,7882,9686,10326,11022,11765,18735,12833,8460,7826,16181,9646,6748,8496,609,3607,107,1340,86,817,1,3,0,0,0,0
경기도,파주시,검산동,2023,297,1,4286,502,10446,2699,25138,10939,40366,15894,16674,5464,14379,6205,14121,7377,13122,9381,14311,10970,15046,11952,12305,21030,13806,21536,19388,23030,16239,21174,7791,17698,5851,17105,4374,14058,2555,12960,1214,8079,339,3599,112,652,2,291,1,52
경기도,파주시,광탄면,2023,1981,1277,7011,3970,27917,18796,57731,57098,59634,69131,43778,41082,38555,35376,38593,38092,43893,40050,42430,39010,42178,36647,48285,37097,52922,42346,65342,57959,65858,64239,31536,45271,25067,36105,16168,28901,9208,17395,4164,10597,2174,5850,216,1180,0,0,0,12
경기도,파주시,교하동,2023,197,1,1101,729,2205,8294,4271,17121,6541,16973,3968,8402,3465,5716,2967,4984,2823,4874,2965,4818,3030,4370,3272,5864,3914,7443,5646,9279,5865,7932,2614,5675,1647,3872,1137,3498,934,2371,480,1372,352,979,51,487,2,159,4,135
경기도,파주시,군내면,2023,0,0,0,8,255,34,2469,1664,1334,575,999,430,309,169,406,215,276,721,529,121,263,122,908,409,498,232,627,468,412,615,163,1035,119,520,10,187,11,559,0,0,0,0,0,0,0,0,0,0
경기도,파주시,금릉동,2023,603,22,6166,3576,12138,7895,28755,18377,27787,47637,20722,32910,21391,25150,22978,25489,29313,25366,28419,24678,26996,22448,32072,23525,34152,25561,32590,28536,28865,30483,16952,24074,15521,18157,13976,15662,10631,13235,4050,8186,1323,2604,289,1505,54,523,166,129
경기도,파주시,금촌동,2023,4427,103,124303,24982,384841,177684,758590,381702,749781,648955,483717,413171,424426,367465,446651,357247,464642,408600,455964,421326,436353,425730,483817,478214,554220,558754,621634,700509,688092,737478,436725,626780,363391,417052,306300,392815,246134,333334,101774,213126,29998,74568,2320,10926,310,2899,2328,869
경기도,파주시,다율동,2023,922,6,8528,4092,36000,13818,61833,27571,59395,36475,34983,18898,26253,16046,24646,18187,22491,21637,23145,25220,20069,25771,25633,31884,25737,38045,30484,46603,25040,56985,16809,55442,11666,43438,10049,38689,8602,37725,4068,23333,1434,11264,306,3390,9,1179,11,832
경기도,파주시,당하동,2023,0,0,493,364,3658,1921,6269,3287,7647,3856,5074,3967,3784,3636,3528,3104,4209,3825,3998,3977,4029,3142,4217,4499,4846,4659,4766,4619,4496,5379,3203,4540,2712,2656,2332,2989,1664,2024,226,1359,79,250,12,30,0,0,0,0
경기도,파주시,동패동,2023,4204,97,75961,13343,204874,49711,315467,99901,326834,196049,224406,113871,181325,92355,178508,95855,187296,117288,176947,136181,158119,136866,181873,171346,207780,204011,215806,251264,191622,292531,129767,268301,101253,200567,91417,183343,83363,179621,39238,112989,12843,40214,4116,10884,59,2509,35,1172
경기도,파주시,맥금동,2023,130,1,881,508,1877,1883,4662,4916,5793,13811,6130,6173,4459,3752,4522,3503,3603,3239,3921,3779,3025,2867,4563,4446,4752,4724,7881,4809,11858,6472,3403,4130,3077,4373,2628,3849,1053,2253,587,1357,605,1237,47,391,0,160,1,68
경기도,파주시,목동동,2023,8630,381,86006,10663,223809,33173,334833,63228,320470,137704,205998,83915,175254,76025,164343,79213,168381,101365,159628,121606,138105,111895,168100,147819,190198,186790,191630,224468,160669,230908,113555,218396,95818,170409,91176,144266,93305,138194,39507,99977,18456,44878,1216,11375,68,3129,26,933
경기도,파주시,문발동,2023,0,0,9290,6507,27562,24451,51228,73862,53345,140511,37588,93097,34250,51153,38368,52673,41555,49723,46078,49067,48050,47614,58491,47072,68766,50184,106899,59086,128845,74476,81101,70464,49796,49749,61358,47372,26329,39937,10651,25020,639,8825,80,1407,0,0,0,0
경기도,파주시,문산읍,2023,15731,2606,60291,19087,171064,94547,361583,228519,408384,397157,268387,215211,240331,225852,250325,235162,259528,239582,254669,242073,249475,227338,294216,288539,312689,310509,359739,361927,329936,362433,208760,312454,176961,226231,141506,184947,105194,163615,44796,107218,1494,32164,15,2429,1,1153,0,2
경기도,파주시,법원읍,2023,2799,83,9710,1042,27846,17535,62005,52041,49587,55758,38061,32773,37553,30044,36339,31772,36736,31307,35054,30969,31230,31633,36278,36448,48162,43370,64455,51118,52743,55076,28170,40499,22387,30542,17292,25200,9443,18328,3084,11543,433,3278,13,221,0,0,0,0
경기도,파주시,산남동,2023,0,0,1154,9,1994,285,2006,498,2060,3105,2499,856,2605,635,2032,614,1903,535,1771,1263,1624,716,1627,1021,2526,1095,3321,826,3107,1011,1165,707,750,635,1069,562,325,555,219,371,54,28,14,4,0,0,0,0
경기도,파주시,상지석동,2023,0,0,1014,1270,5975,2934,15899,9416,17888,12068,9269,3844,5960,4423,4844,2258,4181,3672,4189,4262,3510,3479,3679,6058,4691,7974,7952,8054,6570,9712,3361,8827,3350,7373,1755,6930,989,5821,523,4368,77,1180,0,0,0,0,0,0
경기도,파주시,서패동,2023,0,0,546,559,1249,681,1708,2582,2271,6694,1795,7083,1455,3576,2451,3712,2442,3015,2489,2694,2820,2698,4580,2632,3274,2832,4988,3151,6046,3440,3268,3859,6736,3142,3829,2351,949,1978,312,1327,22,511,3,75,0,0,0,0
경기도,파주시,송촌동,2023,0,0,36,21,20,0,186,344,923,665,901,167,307,433,458,253,12,6,111,255,1713,452,9,32,319,708,1815,469,54,390,455,395,14,24,75,82,33,82,2,0,0,0,0,0,0,0,0,0
경기도,파주시,신촌동,2023,0,0,217,478,1090,1314,1020,7305,1721,12778,1197,3177,956,1198,965,953,1086,1302,1686,834,1641,846,2206,1018,2256,904,5611,1377,9320,1964,2415,1130,2112,1298,1330,966,568,631,64,153,4,63,8,37,0,0,0,0
경기도,파주시,아동동,2023,907,173,16880,22576,40156,54707,91900,111702,135377,121112,69412,87586,54664,75120,56659,80010,60144,85735,61615,85114,61685,74855,70164,96211,81689,110703,98071,136948,108279,125612,80168,85480,59765,59934,56820,58821,42965,41403,19660,22600,3673,8739,556,2858,56,1029,615,173
경기도,파주시,야당동,2023,5843,636,149808,21193,510724,168767,895482,272413,877633,416285,489493,277604,383048,226587,352028,251849,368180,288517,345159,306327,319495,343479,350828,412761,424649,554404,467653,750784,457057,960517,322457,876594,284669,535988,287383,467393,261783,416264,142274,297951,39328,107219,3737,16042,1331,4859,523,1626
경기도,파주시,야동동,2023,1121,0,5655,985,11370,2932,28721,19003,34253,118300,19122,11205,16424,7997,20045,9092,22219,11910,20640,13863,17667,15659,68275,24251,55444,25618,56422,26934,18074,25776,10025,21388,7492,19720,5079,17720,3372,16828,1796,10010,418,4930,118,675,7,322,3,69
경기도,파주시,연다산동,2023,49,0,67,2,113,24,676,3076,808,6523,324,2017,707,580,509,453,516,383,941,698,729,609,662,443,1017,556,1986,537,5512,591,1697,566,577,437,502,281,60,164,1,113,5,83,0,33,0,0,0,0
경기도,파주시,오도동,2023,0,31,136,764,158,438,960,1847,1754,2604,1015,532,1242,388,1195,210,1194,118,1348,317,1393,253,1605,267,2995,280,4012,419,4154,257,1609,192,813,236,541,22,427,28,67,17,32,8,1,5,0,0,0,0
경기도,파주시,와동동,2023,3618,1026,43073,20342,142028,115984,233263,192995,279129,274352,164524,161712,128289,118846,127384,122436,142958,138562,146057,146317,127762,128798,176724,179997,208027,224410,233607,252505,242854,272305,186229,236850,128421,183885,122010,169416,106765,164719,51506,106311,9501,41988,1235,13166,168,3027,55,1148
경기도,파주시,월롱면,2023,970,286,11564,8131,34851,77542,66705,167408,93889,224400,72800,99473,53857,56987,56392,43191,80990,67011,78271,53174,72116,43750,122431,64896,167347,76450,219984,85187,212509,83934,86336,59476,75540,65070,53875,59213,25719,48349,7433,32513,1831,10963,111,586,62,176,0,0
경기도,파주시,장단면,2023,0,0,0,0,2,3,17,212,101,166,4,11,2,0,2,8,4,3,68,47,59,27,98,1,285,79,6,1,22,3,0,0,0,0,0,0,0,0,0,0,0,0,0,0,0,0,0,0
경기도,파주시,적성면,2023,919,6,1482,667,6290,6810,17481,13632,30436,27073,19179,18010,17897,15796,14979,14409,18004,20075,14265,15570,17096,15571,20095,18885,22596,23367,24360,26188,15766,18262,11703,14624,8516,9681,4651,6839,4329,4533,445,1984,224,885,0,0,0,1,0,0
경기도,파주시,조리읍,2023,3531,613,43688,14078,111546,53583,207469,125024,240523,193146,153207,96288,136986,87921,132447,89457,139697,110482,128874,113861,120403,115160,140099,139956,170639,169897,182669,187524,175498,203884,95861,157416,73406,131448,61697,110820,47072,100836,25535,63542,9411,22752,2657,5753,934,1787,2947,782
경기도,파주시,진동면,2023,0,0,0,0,0,0,669,115,0,0,58,78,0,0,0,0,7,7,39,27,0,0,145,11,0,0,77,65,27,17,11,123,0,0,11,38,0,0,0,0,0,0,0,0,0,0,0,0
경기도,파주시,탄현면,2023,9,0,13408,2245,24637,12762,43286,41365,52128,67601,35872,50692,34095,38683,36196,39647,34836,39682,38365,37355,39368,33525,55658,43514,61127,45285,59803,44676,62218,48499,34749,38620,35079,35785,30745,31207,11672,27021,3627,20001,794,8516,6,91,0,0,0,0
경기도,파주시,파주읍,2023,4640,1746,24696,9024,52840,32406,127068,117074,134990,167357,85818,76483,75702,64194,80027,59649,84841,68766,74599,65512,74431,60408,88367,75083,130657,91625,154548,109351,124275,109804,66730,86334,49893,73823,36827,57980,20588,45557,8588,27475,2641,10650,221,1185,31,136,726,9
경기도,파주시,파평면,2023,1701,111,2694,455,5608,2967,10821,8337,10759,6823,9023,5073,9039,6305,6553,6608,7905,7469,7341,6933,6556,6218,8439,7868,8424,7749,7851,9274,7147,8682,3608,8556,2716,6930,1141,5185,636,4521,148,2550,38,510,0,1,0,0,0,0
경기도,파주시,하지석동,2023,0,0,0,0,0,0,11,240,298,23,285,48,26,38,197,40,0,0,36,70,77,55,15,156,0,4,123,21,30,144,46,51,5,7,0,84,0,1,5,0,0,0,0,0,0,0,0,0
경기도,평택시,가재동,2023,0,0,41,45,4541,916,14137,4066,13443,5961,5850,2348,4712,2000,5284,1866,5163,2354,4452,3325,4800,3074,4853,5773,5974,8648,6314,8794,5548,6496,3304,6669,2297,6030,1160,4862,896,4891,18,1755,0,0,0,0,0,0,0,0
경기도,평택시,고덕동,2023,0,0,2912,1779,19149,9198,28866,14875,24778,20112,14003,10185,12219,7399,13745,8356,12754,8513,13517,10898,14293,10270,18622,13613,21242,20542,27316,30563,22521,24628,13922,24605,13224,21013,12184,16291,7603,10667,1257,2879,73,944,16,459,3,53,0,0
경기도,평택시,고덕면,2023,0,0,8761,13683,45087,59585,99694,55357,94415,66824,57203,36614,48331,29363,57799,31618,50643,38310,55663,38654,56448,39081,67849,53282,78011,80946,105470,98362,70981,84881,60946,68912,36719,58532,32914,49557,16722,35215,1828,8298,51,442,18,262,1,28,0,0
경기도,평택시,군문동,2023,0,0,445,690,3301,2372,5643,3267,6689,4877,4102,4638,3261,3641,2879,3671,3173,3670,3331,3587,3434,3739,3049,4391,3568,7800,3426,11407,3727,6674,2530,3641,1696,3503,1551,2712,1256,1517,448,457,1,1,0,0,0,0,0,0
경기도,평택시,도일동,2023,0,0,26,692,739,860,795,2005,1325,5363,1367,1483,1342,1154,1742,1124,1659,854,1292,839,1444,781,2035,829,2678,978,2956,1305,2458,1415,715,772,874,1146,336,963,217,591,11,213,4,59,2,29,0,0,0,0
경기도,평택시,독곡동,2023,0,0,2886,744,9570,3334,26839,5456,33162,9545,16876,6597,13897,6126,13272,7167,13226,9214,12401,9084,11485,9439,11381,14153,12262,19676,12817,18727,11693,18477,6973,15116,5822,11196,4171,11874,2378,8964,508,1999,0,2,0,0,0,0,0,0
경기도,평택시,동삭동,2023,0,0,25253,2533,62476,13403,123910,48997,126497,147333,83418,42795,65405,34278,66245,38465,68360,50741,67895,58972,63407,59404,93952,80111,119597,106187,94900,134411,88616,122574,57816,112484,49141,92836,42073,84181,36165,75686,9351,28403,676,6519,97,3140,0,0,0,0
경기도,평택시,모곡동,2023,0,0,1419,8346,1654,18291,1321,33887,2870,18954,1136,7305,1097,4026,1272,3028,1842,3100,2326,4469,2391,5659,2799,3116,3901,3187,18227,4492,9444,3797,5564,4148,5199,3079,2468,2003,736,1402,53,275,0,0,0,0,0,0,0,0
경기도,평택시,비전동,2023,6938,962,60346,8924,160056,48174,324589,193189,353316,570544,246902,217214,222239,164796,234421,162578,255003,185392,244151,202353,241204,199032,340851,236714,437580,297537,361430,317910,315090,304907,211846,241462,194505,179404,184860,154493,148365,127906,25474,51823,3349,17117,24,5517,0,0,0,0
경기도,평택시,서정동,2023,927,21,73239,64251,220937,165229,387871,319902,453397,469710,306798,254678,270135,214002,273057,225019,307399,260036,287907,267960,291784,271446,348024,329892,436554,421689,644976,484272,485612,462754,304885,392816,256580,299188,205546,239453,123881,204767,50721,133171,2070,21483,109,3518,0,15,0,0
경기도,평택시,서탄면,2023,0,0,112,2740,4745,6910,8966,13443,8721,14555,7213,6383,5053,5243,4599,4992,4648,4804,6327,5474,5369,5525,5007,6827,5178,7740,9063,10094,7679,7866,4643,7768,2524,5543,1225,4066,354,1760,55,489,0,10,0,0,0,0,0,0
경기도,평택시,세교동,2023,1168,7,41329,13444,67926,28418,148406,76654,168343,101909,109377,60982,91559,55241,87724,56684,82687,64302,78408,72371,77915,73145,85271,94423,98553,124629,113170,144977,85553,136111,55345,123540,42577,98070,30736,88669,20726,78528,7655,32754,1310,10701,1,36,0,0,0,0
경기도,평택시,소사동,2023,18,9,1621,1807,10606,9659,33739,25121,42231,43935,25782,51648,19552,40821,20800,27891,20948,30649,21092,36119,18979,32977,27113,39969,29880,51931,30666,57769,27932,52834,19125,41900,14430,32391,14457,29481,14848,30019,7329,15111,1474,5735,3,17,0,0,0,0
경기도,평택시,신대동,2023,44,1,522,372,2749,1332,6954,5799,7690,10920,6785,5292,4999,5373,5302,5941,5614,5835,5681,5355,5557,5637,5869,6516,6889,8006,9902,10668,7744,9895,4171,7905,3451,5855,2967,5984,1944,4108,1642,1811,186,185,0,0,0,0,0,0
경기도,평택시,신장동,2023,936,18,68139,15536,120430,62863,219483,123412,221741,169637,166274,97988,142110,86866,143079,89060,139020,109588,140495,109465,128125,113423,149645,139929,177098,168125,189247,208773,189422,223862,124753,200782,92534,155974,72283,135140,41682,112043,19981,85190,732,7139,1,1,0,0,0,0
경기도,평택시,안중읍,2023,0,0,13131,1575,58971,30725,113492,74416,135748,169580,83641,76120,76747,67485,82598,65488,85316,68505,79943,75347,80910,72230,90131,90473,121217,105399,118863,134609,97428,120529,61838,90056,61258,68705,51984,62069,33375,45899,8341,22282,288,2467,0,0,0,0,0,0
경기도,평택시,오성면,2023,0,0,4423,617,11222,5039,24436,14924,28772,20528,22373,12323,17087,11151,12716,11946,14299,13700,14048,11760,14517,13096,13656,13513,16901,17573,22278,19168,14882,19277,9114,18630,6789,15293,6263,14077,2616,11769,549,2515,0,0,0,0,0,0,0,0
경기도,평택시,용이동,2023,6681,120,25916,1827,68148,22603,236684,55638,254989,103976,128805,85014,103203,67861,103651,69229,109473,89522,116232,95305,112872,93820,137097,111910,157700,154035,147862,169201,160366,155520,113604,123000,89007,90379,79435,82446,71279,87119,21643,31382,4119,8980,0,36,0,0,0,0
경기도,평택시,월곡동,2023,0,0,0,0,82,176,829,17,9,297,1324,153,746,14,17,275,560,11,31,405,467,6,6,553,285,593,9,170,206,426,147,142,1,284,69,2,3,323,0,0,0,0,0,0,0,0,0,0
경기도,평택시,유천동,2023,0,0,1,0,541,158,1371,464,474,241,2032,469,1132,438,498,687,954,717,628,400,750,589,619,877,574,837,733,768,395,481,445,374,150,1136,142,541,25,405,0,0,0,0,0,0,0,0,0,0
경기도,평택시,이충동,2023,0,0,7020,3637,37553,14060,99914,54532,122414,186888,72020,57730,61916,46144,59017,45899,64682,53369,63372,59826,59276,59807,77680,83231,111853,100325,114053,105904,75104,106962,50688,84087,45086,62451,37589,53018,21685,39337,4372,12028,120,414,0,0,0,0,0,0
경기도,평택시,장당동,2023,0,0,7805,44222,14830,72054,42456,84530,44231,81358,30728,48303,28852,38730,38867,31527,37171,37330,44052,36193,56276,33864,69781,39740,99858,46062,160269,63615,93720,57129,95629,51596,58637,41128,64361,35161,29314,27713,6121,12219,477,5259,21,1889,0,0,0,0
경기도,평택시,장안동,2023,0,0,127,36,5811,2039,17905,16565,31411,97923,12656,35492,15755,17998,21015,11877,19244,17735,17987,13057,25389,12915,59314,12496,72577,15371,34828,16055,23826,16337,10361,11552,10068,12081,5685,9672,1392,5064,111,895,0,62,4,20,0,0,0,0
경기도,평택시,죽백동,2023,3,0,2726,140,15422,3975,53273,13189,68092,35892,31372,19244,27611,13581,24240,13823,23947,18679,25644,22641,25885,22042,29942,28563,33613,43580,29978,46442,29639,38542,17954,35467,15681,27718,12492,24167,6618,24118,1074,8200,127,1705,0,0,0,0,0,0
경기도,평택시,지산동,2023,0,0,5581,3312,26875,8184,75278,21987,82389,54760,50804,46075,42923,45272,44549,47461,45058,48247,45945,49345,41474,54987,47959,69255,52688,78610,49056,75261,48941,77290,30932,61061,23333,53096,17615,49683,9257,35539,4602,18374,189,8075,75,1934,0,0,0,0
경기도,평택시,지제동,2023,684,5,64559,142983,143187,218891,248103,282449,232645,203870,140993,133026,119508,101070,118863,115581,147125,118721,121715,118589,136429,116851,176722,140423,206102,176585,354465,232186,257421,223974,247546,191829,151759,135585,150129,123930,125534,104231,49511,56621,2574,11489,22,3327,2,133,0,0
경기도,평택시,진위면,2023,1718,19,18107,10636,47153,60306,109310,195364,131546,248322,74973,85056,58387,58512,62864,49872,58182,46798,62259,48739,69294,52111,97355,63119,119285,80457,179128,93267,206703,106222,89829,78619,56931,54155,38184,47712,24030,34742,9057,16493,1120,4908,382,1055,3,11,0,0
경기도,평택시,청룡동,2023,0,0,0,0,78,782,269,1412,467,2953,632,1499,642,763,367,630,568,636,807,711,877,656,718,858,653,937,821,915,883,778,812,705,2387,560,887,387,85,462,0,0,0,0,0,0,0,0,0,0
경기도,평택시,청북읍,2023,8,12,6467,734,27026,17445,57038,37795,70704,71163,32785,20640,31346,17127,31613,19800,29392,21316,27624,28027,30794,27288,41650,37729,50858,49100,54060,52483,40299,53763,22894,37824,17844,35716,12942,27597,8214,24285,1767,9955,1135,2184,0,0,0,0,0,0
경기도,평택시,칠괴동,2023,0,0,919,45,4165,2507,8254,6256,11160,8908,7743,2989,5659,2057,6990,2751,5889,2899,5887,3496,5771,3881,8568,4011,7955,5738,12763,6853,9469,7729,5294,7401,3490,6716,2562,5966,1296,5194,301,4515,89,1790,55,808,0,0,0,0
경기도,평택시,칠원동,2023,0,0,3058,2236,13456,6078,36642,9152,42556,12515,21129,6699,16302,5759,14630,7621,12973,11362,14214,12867,13287,12718,13867,18808,15084,26081,14666,30186,13119,24414,9282,21419,6688,20054,5054,17031,3241,16966,442,3414,0,0,0,0,0,0,0,0
경기도,평택시,통복동,2023,567,266,20420,10719,50580,41829,86243,92313,103002,134398,86888,135895,88180,127779,104307,125385,113544,123456,118270,113827,122415,108745,139384,109124,151391,122053,142115,120462,133222,106139,97121,70758,77986,52045,59066,44736,37883,31814,10545,9928,583,1297,1,3,0,0,0,0
경기도,평택시,팽성읍,2023,0,0,23834,11514,56056,28124,109056,60380,113563,100138,87600,51313,79549,53686,76127,53926,77998,60541,75939,63951,73246,66355,82327,82608,98490,96529,99026,113513,77728,111537,51470,97693,39590,78050,29225,67950,17929,55513,5777,20557,0,1,0,0,0,0,0,0
경기도,평택시,평택동,2023,3646,945,136686,68628,269104,293483,543530,557202,614313,764907,520416,729283,478034,618547,484763,637085,544091,664296,564714,632345,591454,660860,692306,685910,809975,796572,946326,921778,918094,905378,745178,625815,719225,468816,566358,364579,449908,287141,223391,140174,25655,33898,1,9,0,0,0,0
경기도,평택시,포승읍,2023,0,0,6616,142,27286,17671,73907,38539,78558,62117,43398,24107,36434,19968,31686,24112,33451,26885,32496,31028,33870,29073,38127,35773,46025,52496,46064,59698,47184,55406,27317,42229,23224,39473,15082,34316,8698,26072,1101,14720,12,309,0,0,0,0,0,0
경기도,평택시,합정동,2023,956,763,6841,7583,27937,30275,60936,108783,79959,250307,59519,104821,54315,88892,56067,84237,69557,92794,64222,107017,61380,100060,112696,120958,188898,148343,142984,169780,95545,161837,57658,118832,53213,91043,59182,80288,59888,69186,14134,46163,3760,13875,2,12,0,0,0,0
경기도,평택시,현덕면,2023,0,0,135,57,5575,1010,10132,1956,11846,2988,8114,2825,5724,3168,4570,2542,4259,4307,3771,3290,5470,4240,3096,4784,4390,6150,3176,7186,3162,4307,2009,3448,1367,2878,679,2179,285,1437,0,0,0,0,0,0,0,0,0,0
경기도,포천시,가산면,2023,148,3,2472,602,11033,12528,21469,37862,24506,30779,21288,14024,16549,11376,20256,11153,16642,12436,19952,14444,18200,14809,19317,17465,24964,20131,32234,25100,39802,26928,17383,24366,11415,19893,6107,12939,1638,8982,335,4558,0,8,0,0,0,0,0,0
경기도,포천시,관인면,2023,0,0,2,82,1492,558,2824,1133,1984,1286,1150,513,2177,2202,805,787,1153,1011,156,224,1279,1411,1022,987,1130,843,430,503,657,961,702,1585,170,141,11,0,0,0,0,0,0,0,0,0,0,0,0,0
경기도,포천시,군내면,2023,52,0,217,58,3140,1458,9894,12152,11006,14732,8298,8147,9250,6012,7348,5248,5907,5372,7212,5875,7547,5722,8020,6864,7826,7171,7280,7472,10947,8989,3748,5013,1558,7241,759,2293,126,323,31,305,5,227,1,80,0,19,0,0
경기도,포천시,내촌면,2023,801,19,3593,951,8523,7996,22863,35585,22094,28088,20589,18346,19103,16186,16226,14527,17057,14677,19009,14402,16189,14782,17594,16033,22192,18373,28629,22841,33251,25174,18943,19544,10615,14283,5819,10101,1849,6108,798,4007,69,2487,16,1124,2,247,0,0
경기도,포천시,동교동,2023,21,0,742,17,1980,2470,3319,13516,5169,40835,6250,15371,8364,11596,12977,7094,14714,10174,16161,10427,16951,5613,21469,5395,22339,6578,21767,6127,22677,6302,9718,6405,4556,6151,2912,5665,998,5271,396,3259,6,1732,9,312,0,129,0,0
경기도,포천시,선단동,2023,2694,239,11416,1874,31203,9175,75365,31798,107900,60790,58333,99555,52284,51410,58621,52448,64397,41438,67271,47639,70384,39161,92952,51650,81845,58377,93799,65688,70510,73316,41916,56529,31143,46438,29461,43587,19714,35193,10824,22083,2866,10989,659,3791,95,1982,1571,955
경기도,포천시,설운동,2023,463,72,1600,598,2871,2427,8610,7641,7610,10450,5957,6736,4776,6165,5350,5711,5386,6248,5717,7557,6164,7919,7099,8657,6986,9620,10763,9181,11901,10993,6815,9997,4751,7611,4461,7970,3096,6525,2440,6475,581,4235,133,1335,17,824,94,183
경기도,포천시,소흘읍,2023,6681,805,37562,11986,121778,69221,277173,192010,295497,313491,206155,192708,189300,168371,182515,171148,197631,175629,199697,187396,194230,189687,217114,209547,242385,241948,274225,284058,284394,321768,195373,262271,160132,181857,130262,149721,83874,118541,40791,77044,14567,31828,4818,9389,1174,4243,2952,1076
경기도,포천시,신북면,2023,871,7,7015,1032,17333,15827,44169,34714,55717,51398,33590,18903,33145,21979,27491,18649,27324,24698,26788,22735,27712,21905,30837,27250,33247,29930,39156,36987,35044,36694,16399,29626,11729,24697,5881,18038,2649,13529,1056,8036,202,3812,44,1424,0,0,0,0
경기도,포천시,신읍동,2023,3114,27,12784,3972,37493,22046,83706,53031,105701,143293,76689,81319,74386,69885,72735,66129,78167,63883,74289,70721,73358,66376,85007,74848,92586,77962,101402,92973,100844,99911,59267,71312,49750,54634,36253,44786,20766,35317,11197,25596,2373,13683,494,5832,3,974,0,0
경기도,포천시,어룡동,2023,306,32,2163,479,6401,3508,12055,12858,18065,16084,12281,8085,9257,5593,9099,6285,9361,6785,9636,6803,8049,7815,8923,9566,9423,11079,13282,11841,17508,13832,8067,11717,5853,9988,5482,7194,1842,5572,1049,4133,271,2065,78,742,5,54,0,0
경기도,포천시,영북면,2023,929,38,658,44,5397,155,13114,5862,15714,10736,11362,7013,10389,10477,9170,10055,7091,8006,8259,7669,9652,8186,9224,7870,12059,9913,9484,8437,8960,12747,6249,8614,2904,6134,3370,5655,164,3733,111,2347,102,2210,0,76,0,0,0,0
경기도,포천시,영중면,2023,0,0,1478,296,2416,2930,9080,4513,11882,8515,7282,7185,8421,6426,6939,5659,5659,4089,5739,5547,6334,6494,5290,5583,6653,7152,7602,7703,6549,9896,3210,7405,2838,6076,1668,3658,1027,4550,105,2318,49,1037,0,1,0,0,0,0
경기도,포천시,이동면,2023,34,0,1799,163,3149,309,8069,1929,14559,12309,8686,7317,8023,5586,5345,4789,5419,5270,5175,4833,5209,5140,5801,5987,6350,7471,7059,7730,8096,8715,3141,7412,4137,6429,2543,3470,178,2677,47,1711,35,1066,8,215,0,0,0,0
경기도,포천시,일동면,2023,0,0,4036,228,8801,2768,18295,7989,26109,30035,18401,16247,16503,16059,13530,15515,16445,14735,13579,13869,14151,16134,16391,16351,18203,17040,19273,22537,16766,21482,12773,16468,11836,11320,6811,8194,1532,4599,680,3099,289,1819,11,79,0,0,0,0
경기도,포천시,자작동,2023,72,21,545,537,1913,2739,4569,10421,10420,17006,5484,7481,4093,3819,3789,3660,4795,3756,4482,3347,4276,3660,4574,4151,7180,4614,11340,6028,13544,6365,4212,7318,2585,8087,1578,3532,780,2454,324,1477,94,639,35,144,1,2,0,0
경기도,포천시,창수면,2023,0,0,1,44,732,459,4479,2023,4636,1121,4163,2011,3553,2459,2410,2016,2335,2374,2482,3562,1901,1775,2099,2861,2284,2458,1658,3347,1581,3025,566,1606,275,1677,74,413,0,0,0,0,0,0,0,0,0,0,0,0
경기도,포천시,화현면,2023,0,0,428,519,1064,755,5179,3019,6211,3541,3808,2808,3840,1848,4492,2758,2529,2058,2717,2522,3096,2130,3212,4577,3364,4329,2691,3485,3237,4226,1436,3698,1052,3129,238,480,7,20,0,0,0,0,0,0,0,0,0,0
경기도,하남시,감북동,2023,1253,717,3030,4570,6917,16235,17328,33501,22340,54233,17353,31888,15198,21499,18326,23778,18743,16768,22894,16363,27581,21177,19499,19151,26034,22486,41713,27154,43014,34378,18690,33936,13514,21213,19393,19430,13172,15318,6023,10063,1048,1665,0,0,0,0,0,0
경기도,하남시,감이동,2023,458,1,19726,1042,97299,12432,215639,31366,187074,76629,108160,32752,75651,26708,67883,29370,73659,39145,75891,44537,65332,50150,75057,66806,92211,83012,75520,99413,62483,124714,40627,151169,29125,93373,27614,78506,21701,80160,9358,48234,2431,17275,99,454,0,0,0,0
경기도,하남시,감일동,2023,951,547,12426,3109,38845,16381,105367,26760,107851,34310,54813,18249,37929,16055,32638,16147,31753,20382,29773,24320,25742,27927,28583,36350,33002,42611,31795,58324,29918,88337,16405,95155,11582,58107,9031,50531,6580,50285,4128,30692,465,7523,14,34,0,0,0,0
경기도,하남시,광암동,2023,463,463,602,1272,2024,5409,6136,18331,4440,24751,3973,10833,3780,7111,3644,5281,4907,3759,4825,3833,5165,3331,6575,4328,6201,3968,13441,5851,14803,5188,5040,3865,2605,2541,1640,2820,1073,2712,510,1227,23,289,3,8,0,0,0,0
경기도,하남시,교산동,2023,0,0,124,320,343,1363,929,2676,1528,3701,1087,2582,1044,1603,1024,1448,1717,2082,2127,1771,1881,2552,2320,2724,2271,3391,3025,3741,3437,5133,1823,5059,1414,3319,1473,2589,465,2122,155,1855,65,562,8,37,0,0,0,0
경기도,하남시,덕풍동,2023,24626,2997,157945,17713,354293,122930,738601,264455,816544,609994,537839,389654,437855,316790,417612,311269,433495,321295,421029,385234,392498,370344,431236,467172,515703,543609,527922,566376,553796,766325,305453,671690,230444,432068,206778,404139,142332,376657,57031,219835,12937,89849,1627,7994,326,3115,156,1192
경기도,하남시,망월동,2023,15812,608,167553,21319,512696,150454,1296729,337742,1258650,557168,697119,443256,519801,362739,475270,352515,502326,397422,494878,410801,457032,466614,505249,494788,546493,635295,582758,856314,619265,1149687,437744,1151960,363933,682708,355812,564419,321350,518392,141438,329874,37930,108893,3481,7423,496,1785,141,606
경기도,하남시,미사동,2023,16,0,156,3,311,1223,2344,1927,2664,5262,1679,5939,1781,4102,1690,4308,1990,3144,2757,2811,3337,2854,4789,2819,4729,2658,4278,2556,3076,2510,2052,2207,1340,1792,2573,1216,763,736,27,475,1,173,0,32,0,0,1,1
경기도,하남시,배알미동,2023,0,0,0,0,203,47,15,86,8,382,460,87,3,30,3,53,128,158,77,97,11,207,327,100,4,44,2,12,108,138,5,139,9,133,14,1,0,0,0,0,0,0,0,0,0,0,0,0
경기도,하남시,상사창동,2023,0,0,91,0,668,1690,1175,5380,1781,6324,2293,3269,1635,2149,1764,1020,866,1894,2317,990,2361,1034,2076,1126,3582,923,2901,845,8307,825,1049,908,340,587,135,637,47,475,1,206,0,0,0,0,0,0,0,0
경기도,하남시,상산곡동,2023,71,24,1029,1565,1260,4426,4223,10909,6467,19453,3990,6421,3567,5065,3989,4211,4781,4083,4834,3476,4854,3313,6039,3431,7026,4089,10153,4141,8963,3758,3200,3346,3692,3796,1234,2718,631,2027,223,1346,65,407,1,41,1,15,4,15
경기도,하남시,선동,2023,1252,185,16773,2165,76332,12537,113321,19932,108481,63700,74774,27684,56796,19718,51045,20508,50415,25303,48388,29871,46262,33446,49943,41459,66986,52047,63760,65475,60695,91371,35060,108899,23774,77715,21153,72025,20763,72391,10704,49756,4502,19253,1578,4243,278,1826,63,556
경기도,하남시,신장동,2023,25432,2509,42746,12928,86191,43673,194415,94309,237994,208855,161141,212577,134897,172631,139815,172220,149914,179086,156222,184055,158347,183049,179122,199016,205208,214973,215078,227662,243118,251879,191843,182620,176318,128051,163950,113484,130472,96238,33263,50607,7031,21010,2111,5817,104,1632,54,896
경기도,하남시,창우동,2023,8713,580,55683,5143,141062,55075,348054,116476,341485,232198,208391,170439,168945,153069,151210,144758,160145,169958,166769,160390,163737,154433,200267,192741,231396,184029,225901,235028,219270,270160,137396,247769,116641,164112,98088,145992,76620,129863,21101,84989,4080,40514,180,2373,17,870,5,610
경기도,하남시,천현동,2023,1072,60,2892,3897,7234,7255,19129,21270,26501,32117,17102,17515,12897,12910,13504,11607,13243,12202,13766,11862,13791,12112,15137,13202,17042,14858,23188,17570,24439,20589,12323,16090,9484,11668,7531,11049,4501,9512,1937,5752,556,2707,172,951,11,259,3,104
경기도,하남시,초이동,2023,794,1294,3153,5740,14662,19393,28033,48375,33701,54952,20333,28871,14823,21103,13627,19387,15489,21010,15486,18345,17731,23113,16627,23713,23129,31336,27784,38975,31251,48431,19654,32867,11498,19542,11024,18257,9026,15600,4091,8393,1366,3301,63,471,0,7,0,0
경기도,하남시,초일동,2023,0,0,0,0,13,921,3364,5005,3754,4669,1102,2814,1623,592,1124,1124,1580,783,1006,983,1064,2126,2154,1571,2266,2946,2434,1644,3193,1561,858,1281,238,661,230,1414,217,701,14,534,0,0,0,0,0,0,0,0
경기도,하남시,춘궁동,2023,53,387,1588,2594,4350,9267,9533,22728,14278,40476,10292,26429,10456,20250,11865,20258,18988,16454,14785,13522,16810,11015,20039,11063,21260,11663,25633,12747,28799,12780,12010,10467,10862,7243,8538,6825,3560,5687,925,2624,225,472,10,15,0,0,0,0
경기도,하남시,풍산동,2023,8822,5351,38940,25007,104594,69081,210747,160870,208170,374059,131464,187747,97702,103261,94462,83740,103242,94037,104904,101791,101072,99015,122715,111629,156889,131555,226063,164649,316263,205086,136576,191048,94961,132398,82607,116623,66970,112597,26960,66977,9062,27625,1602,6513,447,1482,838,495
경기도,하남시,하사창동,2023,0,0,0,0,95,34,874,1214,1157,1244,794,1092,758,421,427,213,659,113,894,136,1427,238,1265,178,2001,277,1453,292,1873,421,482,123,104,27,125,9,35,2,0,0,0,0,0,0,0,0,0,0
경기도,하남시,하산곡동,2023,1261,22,1730,2596,6655,8695,15798,28515,25037,48640,16500,16362,12485,12284,12085,10117,14518,12025,14338,10685,14493,9836,16860,11539,18370,13766,35855,17825,30604,14121,8693,10609,6523,9724,4359,8264,2031,6995,872,4131,329,1025,4,331,1,296,1,114
경기도,하남시,학암동,2023,1661,77,18998,5933,93484,25535,206630,47742,200706,119673,104587,72003,84258,53293,79848,57969,90182,74826,88092,87527,83702,83325,114412,109207,132865,125123,112281,140903,110274,180703,86343,197803,69422,118945,65152,100204,61902,97015,15232,48205,2448,15578,101,209,0,1,0,0
경기도,하남시,항동,2023,0,0,1,0,21,1411,93,7278,235,2966,309,2106,107,1001,126,697,82,896,95,693,141,446,219,677,350,613,193,681,535,560,199,689,66,892,29,537,102,509,0,181,0,0,0,0,0,0,0,0
경기도,화성시,금곡동,2023,0,0,198,516,592,1140,2330,3259,2077,5270,1825,2515,1149,1665,1517,1503,1281,1407,1443,1592,1731,1377,1558,1730,1425,2058,2809,2291,2893,2532,1492,1484,1473,845,589,871,21,51,0,0,0,0,0,0,0,0,0,0
경기도,화성시,기산동,2023,80,0,5076,896,32325,8491,56157,16182,76389,45263,46258,15033,35440,12373,33040,14049,35396,19517,32434,20050,30071,23194,35981,30130,44181,35345,45538,39909,39074,50196,22436,50707,16997,38079,14081,32853,12191,32387,5452,16884,1375,5608,517,2144,229,719,6,58
경기도,화성시,기안동,2023,380,0,8577,609,29450,4004,59068,12730,56403,18517,32654,8444,27502,7177,22928,8632,22340,9739,21108,10428,19723,12086,19407,16160,20106,22421,22907,24190,18710,23255,11446,19841,8009,14723,8608,16096,3278,10919,1350,1476,3,7,0,0,0,0,0,0
경기도,화성시,남양읍,2023,2895,879,36426,12363,130529,75834,235310,129962,253450,235093,183905,167003,162697,131551,168577,129909,169315,142317,161603,146866,157375,145992,172635,173418,197835,201958,200425,242758,186136,226862,123432,192928,107464,156820,76038,112739,46871,85141,15054,57130,4165,23134,19,545,0,0,0,0
경기도,화성시,능동,2023,835,17,34176,5926,127883,28991,238634,79405,242120,128039,154569,71931,120056,61112,113136,64295,119654,82133,108499,84438,98851,90043,127919,124345,130609,147375,138120,179120,117417,212887,79742,200423,62565,156579,58833,137258,44645,136537,17387,69702,6097,20675,2384,4223,1075,1570,88,146
경기도,화성시,마도면,2023,327,30,3620,3696,12946,12660,21508,29969,32018,32611,23615,15969,23665,13394,19842,13590,22929,16393,19064,15440,20417,16536,21893,17273,24307,18337,34926,21566,31385,25192,11350,20656,11961,17742,6265,16350,3125,9009,919,5130,326,2547,0,0,0,0,0,0
경기도,화성시,매송면,2023,384,30,16333,8987,59394,48115,121215,90799,132441,112793,83761,80130,75139,67834,72372,66854,71101,67891,72833,71628,69487,67471,78127,76081,103476,109227,108082,104136,109628,121408,63876,91321,39773,59028,31489,53540,20812,43300,10592,24995,2117,5085,221,102,85,27,2,1
경기도,화성시,목동,2023,925,266,26925,2749,92503,12987,155466,37681,136548,105452,87039,34830,70765,30225,69324,34248,70041,44377,68358,56426,63609,62893,90366,86668,102756,100133,92550,115809,68262,121402,54079,142463,41017,112243,33957,85515,29978,87416,13467,53885,7707,24366,3967,5090,2350,1483,43,155
경기도,화성시,반송동,2023,5125,519,74411,16463,275759,114047,531630,223127,510845,416305,342989,291989,285226,228345,279944,225339,300931,268967,291260,295026,275354,304636,341301,376726,372832,438193,416066,569964,388545,621292,316649,559123,320814,402296,346497,322419,341514,317818,105688,211579,25330,92373,10144,16369,4781,5404,270,492
경기도,화성시,반월동,2023,478,12,45969,40239,136204,113713,239896,208557,229636,247125,160673,181424,119569,110564,124167,84618,130411,93357,128732,98953,135461,103324,161866,128244,198511,154115,275759,185778,232734,220214,159444,195747,141126,160847,120868,148514,88837,143007,37237,74243,10347,27867,1202,4347,113,590,0,0
경기도,화성시,반정동,2023,310,16,2449,2686,15698,6610,20954,12103,21439,21399,9428,7596,9001,6961,7229,7110,7148,9023,7146,9578,6197,9215,7398,15017,10883,17693,13202,19385,11265,27163,5780,25091,3423,18364,2404,14829,1885,13941,668,8060,143,3193,23,421,0,2,0,0
경기도,화성시,방교동,2023,0,0,2421,930,5167,9483,13737,48360,14954,75642,10065,14243,8001,7561,8988,7763,9710,9382,9286,10700,11326,10686,13623,12207,17875,15674,50203,20216,56034,25275,15068,27630,13950,22635,7362,19246,4415,16610,553,11389,171,5497,48,1264,13,494,2,59
경기도,화성시,배양동,2023,0,0,5,25,762,277,1682,848,935,1439,919,651,799,695,743,552,665,534,788,464,721,834,801,852,1092,1070,1380,1219,700,1362,641,1115,267,673,490,607,186,456,8,19,0,0,0,0,0,0,0,0
경기도,화성시,병점동,2023,1866,660,76286,65890,293134,203278,512008,369596,512538,447707,340245,325986,251044,259530,247520,262097,282533,286031,280800,283473,273095,294063,322922,381697,407010,439615,415290,442115,422741,451200,320232,361660,237665,255732,216786,237804,171449,197082,70939,82904,13962,16867,2903,4290,1052,1381,7,227
경기도,화성시,봉담읍,2023,4977,47,107173,39519,348886,147514,631722,307250,652234,588769,414030,472029,359176,355292,384475,304468,423436,341708,416644,371043,416230,351211,532784,409106,599956,482703,575761,563483,450328,602850,286549,560237,231320,403623,198422,349148,147214,315856,67246,207700,19414,71618,3213,11450,830,1376,0,0
경기도,화성시,비봉면,2023,382,425,4905,6661,17225,23187,29463,60008,34591,93029,27834,28421,25600,22565,26033,21318,25481,21028,25062,22667,23732,22291,37481,27636,69111,32016,50685,34283,35027,38666,17092,37957,14078,26539,7672,22635,3884,17599,1556,11331,571,5039,20,128,0,0,0,0
경기도,화성시,산척동,2023,802,4,51676,6390,173288,38377,273545,99085,238898,168141,152818,100167,123420,73263,125904,76879,134703,89672,128585,100967,126603,107851,180880,133716,219985,156359,198460,183591,162190,193834,131866,202577,114286,150520,108268,113292,93783,98683,27892,55358,15709,29249,10189,7521,5039,1763,22,194
경기도,화성시,새솔동,2023,1256,18,11614,201,40663,10900,80532,20313,96531,65087,43917,20432,36938,17965,34113,16469,37118,25656,35983,28983,31308,30033,42740,37933,51061,48507,49887,54593,38105,55564,27657,57963,18700,41563,19164,34865,18110,37805,5184,23016,70,6531,13,1673,3,145,0,4
경기도,화성시,서신면,2023,1766,235,2908,56,9523,8513,22139,17695,22809,20710,22994,16580,21425,21385,23775,22821,22105,24659,23133,23933,22381,20450,25856,22944,25467,23684,26103,23764,21811,20745,15063,17808,10583,15663,6300,12741,2281,8079,859,4653,174,1863,1,23,0,0,4,0
경기도,화성시,석우동,2023,158,166,22469,32565,81960,141137,139044,242938,168675,350836,119521,195469,106522,127812,111230,94977,126815,97571,118120,113431,136275,93665,193507,103037,204941,113612,274082,161051,245073,186571,166455,173013,131264,131662,108994,116399,95758,111674,38945,69239,13487,33491,4979,13294,2827,8383,110,1063
경기도,화성시,송동,2023,75,0,8643,3026,37548,20325,67406,43360,80761,74104,38750,35599,31902,29984,31412,33901,31602,38821,32392,44594,31342,43466,51972,54395,60019,68164,58326,77691,51831,92809,46208,108962,41149,75131,39402,59019,30270,52732,8602,38567,3833,19012,1035,4141,440,1146,7,138
경기도,화성시,송산동,2023,0,0,5299,2008,16572,9769,35004,12056,32845,17644,20992,15623,17012,13311,19089,13811,19003,16422,15059,17701,14146,17081,18545,22588,20029,32914,16555,34083,11513,34642,7302,32333,4798,24566,3742,23073,2356,17578,1087,8463,67,879,7,87,0,0,0,0
경기도,화성시,송산면,2023,1277,96,4636,1692,24021,16178,37786,36766,39368,52559,33667,29226,36925,31185,32369,30649,32308,29075,29714,27494,26101,25318,33558,28991,48477,34926,39417,39399,33497,35256,21828,28055,18570,21314,10188,16475,5852,12757,2506,7988,926,2090,0,1,0,0,0,0
경기도,화성시,신동,2023,537,25,2765,470,6862,2274,12667,3704,11324,3889,6758,1716,4597,1375,3992,1840,3749,2229,3288,2295,3474,2705,4724,4804,6274,7210,6115,7200,3576,8589,2630,9153,1652,8257,979,6283,562,4315,258,2352,187,959,32,141,1,1,0,0
경기도,화성시,안녕동,2023,463,0,22518,4842,70153,22675,131860,56611,110227,90131,75042,54322,61253,39630,64574,42704,65016,48924,63946,52736,61446,53590,68571,70714,74171,88833,81406,90208,74618,94607,46859,80509,38722,61435,26738,52869,14113,43797,6434,21215,2295,8941,163,1857,23,231,0,0
경기도,화성시,양감면,2023,0,0,926,2225,6483,6908,10890,15430,13251,9621,11945,5982,12255,4890,9618,5247,10490,6643,12570,7617,8046,7888,11875,8118,10179,10300,15364,10733,13954,9649,8215,8749,4752,7989,2927,6630,868,3970,231,734,47,107,0,0,0,0,0,0
경기도,화성시,영천동,2023,0,0,47973,14992,157342,89996,307174,225360,278599,415510,199496,200741,156734,112773,142417,95571,152646,112030,159568,129204,158174,127433,234196,162430,255975,189171,326320,234284,349826,277119,193219,288443,148106,202269,129081,169825,109997,164339,50942,110553,19280,46993,7796,7439,4621,2799,365,248
경기도,화성시,오산동,2023,968,421,25994,11192,111286,80504,213394,166776,237975,219151,134613,206592,117748,141463,122292,121523,129055,134320,135697,142944,138432,133897,187504,174200,238937,203684,240551,233016,252487,270470,216323,264055,226554,187187,140163,156878,102918,155434,35742,85782,10041,41708,3891,5992,1380,1355,39,61
경기도,화성시,우정읍,2023,0,0,3823,775,25493,9883,48416,36993,43426,28194,37730,25828,39414,25525,35135,26128,35168,27345,31810,26498,29049,29035,33748,33567,32171,39186,33773,38351,27703,37670,16227,31128,16311,27692,8351,21017,2947,10806,2059,8789,326,2781,0,0,0,0,0,0
경기도,화성시,장안면,2023,6,0,2434,1422,20591,11657,44361,34802,38156,30044,33870,20605,30051,17840,27320,21497,26399,21996,26978,22577,24827,20352,27217,27052,27064,26336,33653,31816,23759,24742,18966,25274,14161,21114,7298,18161,1441,8528,818,5550,145,1546,0,5,0,0,0,0
경기도,화성시,장지동,2023,285,0,16159,1902,62470,14693,96495,33745,71446,81810,43100,27316,35521,20546,30768,21634,30060,24599,27456,27526,29352,28007,37460,38543,51572,44797,34961,56745,32853,66430,21098,81907,19167,58940,14115,46210,10873,40199,5425,30730,3688,16983,1736,4539,817,1132,1,193
경기도,화성시,정남면,2023,0,0,1953,3671,25144,23694,35832,45708,35739,53984,28852,52331,30173,32471,28224,27640,30315,23594,33853,24223,35278,21298,42779,23428,49825,25991,54432,33266,39657,35506,26772,32573,20717,26319,11034,18572,2596,10804,714,3197,143,442,0,0,0,0,0,0
경기도,화성시,중동,2023,0,0,23,0,58,102,238,139,463,1178,430,334,326,487,386,221,540,688,707,997,560,725,657,648,664,467,151,368,469,1086,206,1154,1292,500,254,282,51,159,4,294,0,123,0,0,0,0,0,0
경기도,화성시,진안동,2023,44212,1123,142660,79029,474920,266363,902296,521654,844164,681220,606962,458413,508282,374612,475485,379460,521167,425689,450818,410371,453455,424843,546326,518880,652387,632861,706901,806807,745457,952762,522621,782903,397807,573930,361899,481115,272257,429511,109086,268704,29369,118404,4236,14840,1373,8368,14,1117
경기도,화성시,청계동,2023,724,296,39111,6757,147432,39543,252901,76878,268372,115163,148260,90984,115795,73567,110967,70092,116259,88055,115038,100426,105422,94753,124179,135066,135513,179291,137675,209593,124107,183009,106393,176855,98770,129357,85798,112043,75837,119586,32798,71718,14678,32008,6482,5478,3253,1514,76,149
경기도,화성시,팔탄면,2023,0,0,6360,2370,28258,25643,48679,63616,57016,58652,42789,28685,42691,23094,36942,22595,35384,21237,34970,23783,42127,23422,40729,30746,50364,36510,67332,43260,59853,49099,34655,46947,25474,35614,12021,27661,3956,16134,969,8905,170,2970,0,20,0,0,0,0
경기도,화성시,향남읍,2023,62,1,46819,17516,197208,108267,337585,241439,329970,335198,245162,215222,237030,199843,234027,209678,244727,207178,243266,238638,244968,251085,298421,287104,325509,331311,357112,383319,322600,388080,231834,303872,184796,232302,141563,181733,83799,130259,35775,89155,11716,33191,4397,6409,2502,2688,775,881
경기도,화성시,황계동,2023,0,0,224,1,1298,32,2241,120,245,403,2080,331,303,403,942,135,868,616,233,499,929,416,185,629,431,151,660,690,127,665,183,579,67,410,52,400,0,0,0,0,0,0,0,0,0,0,0,0
경기도,가평군,가평읍,2024,1445,74,11644,3891,33699,19454,71220,49085,124671,154281,75661,92659,93239,94252,122436,116291,94718,101640,82733,96411,98110,101567,105519,98513,108748,78693,133030,98753,103717,86180,53651,65423,29819,35678,22151,27317,15222,24029,5404,15207,221,5532,12,1546,3,844,0,87
경기도,가평군,북면,2024,3,7,354,80,1328,975,13496,8409,12448,6984,9734,8538,11269,9323,9638,5759,5150,7880,8865,6294,5145,4889,8069,8896,9628,7785,7485,11079,6003,7827,2427,4367,2114,4872,472,1889,156,1700,0,0,0,0,0,0,0,0,0,0
경기도,가평군,상면,2024,326,34,863,42,3055,562,7727,4732,9907,10531,8411,11360,10178,10124,8707,8856,9910,10297,8629,8408,8312,8246,9019,10070,7271,8344,8321,10203,6135,8705,2799,6469,2488,4827,1574,3178,538,2891,314,2235,148,1318,72,538,17,200,4,55
경기도,가평군,설악면,2024,0,0,4840,159,13787,3066,32800,18308,33298,34804,32774,24297,31796,21307,29052,29992,29431,32773,26032,25537,31625,28041,30620,26031,32884,25274,36286,26309,27193,26029,13743,19805,10003,22579,6011,14091,2781,12479,922,6597,531,5675,47,1905,12,136,0,0
경기도,가평군,조종면,2024,937,5,1809,264,3562,1457,15151,4039,13301,16668,10827,8717,11439,8359,10668,9847,7013,7259,10413,9625,9715,9243,8553,10600,11728,9555,8066,11332,12113,12419,5742,8443,3661,6055,3408,4259,2721,3720,1948,3015,133,2182,76,1163,11,619,46,354
경기도,가평군,청평면,2024,3579,20,58153,6238,73672,25231,106627,53635,125692,115546,118192,98359,129557,103841,151578,97889,108694,99410,103558,117483,111951,159029,119553,128368,119244,125336,120092,129638,79435,100559,47749,82038,32434,56401,23767,41831,16410,35245,7553,28434,2398,10032,560,3130,371,1654,783,162
경기도,고양시,가좌동,2024,682,3,23943,1718,57698,8728,97287,22032,104003,66665,75757,19627,62505,22659,57121,25924,53007,30155,56506,36033,48544,39107,53933,53523,65441,66685,76647,75862,52367,91047,25017,90152,17493,72393,15374,67202,12292,79874,6516,49392,130,16257,26,2083,1,251,4,1
경기도,고양시,강매동,2024,40,1,51827,20438,175610,60494,464313,71920,398350,125769,195464,91190,156828,79632,155924,95688,136515,101068,118154,123982,104334,108392,99434,130462,149953,192260,178049,255522,122200,463653,82007,340153,91942,174995,86233,171137,77497,144012,33566,83604,1072,31813,42,51,0,0,0,0
경기도,고양시,고양동,2024,7087,2340,53113,5446,103706,23980,185603,49611,229408,127457,147242,66273,129942,68573,119410,73238,119926,84206,117216,94258,108634,98711,120678,126538,133339,156082,123546,165965,105868,174540,70270,166189,60301,130064,43659,110676,32687,109626,13688,58988,5966,23100,756,1596,0,0,32,50
경기도,고양시,관산동,2024,10605,2706,44461,14453,95999,30569,176267,82321,189422,137166,142433,82049,124364,79784,119437,81471,117974,88087,109119,94073,94054,97937,117533,120642,125446,145758,123134,146510,110007,155901,68457,139801,51032,102630,46113,96237,35195,88470,15492,49994,7808,22618,3427,7991,943,2271,382,606
경기도,고양시,구산동,2024,0,0,73,5,2273,863,6235,5213,5230,10468,4620,4756,3874,3531,3030,2617,2323,1872,3333,3762,2302,2147,2739,3231,4331,5432,5503,4452,4735,4959,1498,4542,529,1947,1096,3803,872,3546,265,2384,58,570,33,209,2,54,0,0
경기도,고양시,내곡동,2024,0,0,5,272,1525,395,5831,1260,4015,1777,2491,1542,1393,1574,1439,1847,1743,2349,1718,1925,1320,1335,1375,1752,1312,1449,1660,2123,1148,1780,1259,1263,966,841,338,923,270,430,100,53,3,0,1,0,0,0,0,0
경기도,고양시,내유동,2024,7128,468,28459,3706,70146,15243,119541,35844,123954,41136,79998,24316,62398,28184,53863,32229,53857,38088,51294,40168,46991,42708,43817,62407,47595,77368,49783,82785,50945,78873,25087,80640,20783,65073,14547,58346,10967,57710,5808,38010,3922,18175,1715,6070,502,1768,1318,758
경기도,고양시,대자동,2024,3223,2468,11802,10395,21649,30204,40249,50833,52541,81677,38691,78025,37826,59849,44813,52840,54458,56086,54754,46634,56113,42545,66906,45041,74706,47608,83778,47449,63595,49069,32650,39510,33039,33810,26163,28736,16241,25998,6995,16149,3273,6932,547,1447,76,353,27,136
경기도,고양시,대장동,2024,2331,1521,22528,8687,70061,47484,169672,68313,161277,76969,82326,46196,58964,37215,55690,38384,56829,41638,60733,45283,56913,43974,66277,52075,87020,63639,108950,78555,115344,122451,72092,93190,41735,51712,39915,52704,32437,50081,22162,41261,7383,16019,158,633,8,24,0,0
경기도,고양시,대화동,2024,14726,3836,190626,121694,647540,421691,1282320,898534,1164761,1085899,826314,893032,695598,712685,668492,632726,685380,673544,696262,694810,705787,650063,848641,727424,997627,789199,1017758,906715,1013134,1018841,707015,893995,611970,659759,531155,571228,473309,559483,248711,346162,75688,154762,10954,39428,1712,8426,308,870
경기도,고양시,덕은동,2024,1571,59,20868,4074,67223,47241,148164,51488,108232,70587,68122,48584,52746,31393,48905,26995,47604,33825,45731,37666,43742,38515,57602,43992,74330,51961,64102,72033,59920,96562,36940,100558,22823,59470,19309,55430,18401,50819,10494,32107,3105,15002,252,1960,13,72,1,0
경기도,고양시,덕이동,2024,4157,981,112721,13819,344356,71415,611332,164795,522235,307365,337831,157001,262726,124371,243004,129774,245804,153751,236853,173343,216256,198118,242067,230853,291715,296604,278407,391343,273907,524826,158355,523815,122272,318544,112966,297490,82610,267265,38783,171681,15090,68126,2919,14552,851,5026,223,762
경기도,고양시,도내동,2024,5407,687,46864,6276,124434,26229,240831,41985,211200,82138,129472,53396,105160,47777,93022,50953,98326,61769,93139,72637,83506,80992,90028,96114,110967,119541,101164,148940,102798,196320,65113,194327,52626,130555,51239,116662,31089,110603,18402,72333,6598,21030,1102,1219,0,0,0,0
경기도,고양시,동산동,2024,10996,2697,21695,11324,63943,30852,143975,67763,132243,139384,79630,128374,62302,94643,63380,106982,76667,134408,88585,129513,100177,127157,129404,137684,165419,142294,181483,140796,200403,156900,142449,142077,123219,89675,119141,69357,135549,63385,21352,32888,6887,17309,3724,4956,1449,1066,512,91
경기도,고양시,마두동,2024,4165,1252,95469,66276,294722,274386,530912,552371,655070,1100221,514574,897349,499092,666344,559444,629618,601186,635552,651969,726885,692704,659429,836430,670380,908707,738180,1051531,840574,1123797,899258,720356,725692,609636,473099,586171,408870,528483,374814,221956,248370,70459,99779,17482,25891,2146,4152,321,806
경기도,고양시,문봉동,2024,30,0,1501,657,3245,3140,4813,8572,6871,15295,4916,4935,6093,3694,3898,3618,4872,3706,3677,3728,4491,3751,4487,4684,4479,5514,7246,5660,9791,5226,1650,4278,1004,3495,799,2990,491,2993,416,1405,14,643,0,0,0,0,0,0
경기도,고양시,백석동,2024,10159,3870,198247,87567,518743,294524,1075006,509943,1064756,995003,702323,602683,602914,502553,603322,475097,626908,524053,610401,589319,603062,581392,717497,637463,782652,719799,887606,907474,922230,1173368,546241,1016621,445757,645811,432231,612955,354076,554248,189919,389898,68209,132204,25181,38965,3904,6966,143,462
경기도,고양시,법곳동,2024,0,0,49,0,100,1670,2023,3879,4106,7603,2391,3694,2110,3076,1425,3235,2136,2932,1525,2674,998,2828,928,4316,2404,5119,3534,4371,4413,4105,1590,4255,1566,3091,978,2397,330,2315,8,1405,7,180,0,0,0,0,0,0
경기도,고양시,벽제동,2024,190,276,3921,348,4287,3794,8053,12386,12791,13479,9215,6939,6549,6098,7082,7191,6551,7660,7372,8342,7528,8120,6486,9397,7902,11446,13468,12440,5607,11695,2588,11142,1850,10981,1782,5330,684,4971,211,3536,140,1185,22,247,0,0,0,2
경기도,고양시,사리현동,2024,0,0,7312,1134,19839,8389,43082,20037,46175,25770,29447,13901,27188,12049,24661,14062,21924,17439,21073,17141,20654,18318,17704,23630,20202,29681,23266,32883,23591,33753,11210,28203,8430,22930,5374,20114,4592,20122,1406,9800,334,3407,0,0,0,0,0,0
경기도,고양시,산황동,2024,0,0,0,0,12,15,159,59,781,227,239,84,380,110,305,153,111,34,210,191,286,182,293,274,107,244,158,322,56,74,37,87,30,76,21,158,1,67,0,22,0,0,0,0,0,0,0,0
경기도,고양시,삼송동,2024,16778,4299,131153,36434,464160,172261,1145982,417297,1148358,563684,652891,377413,493565,303734,439722,316389,469756,371112,448865,387288,424287,400847,456869,476850,541950,558478,609610,718850,697858,993551,551494,882572,379455,532438,328520,499638,301978,421818,100117,214555,18921,59637,2998,3552,587,593,1196,88
경기도,고양시,선유동,2024,0,0,152,44,385,428,747,829,2453,1647,1998,1998,1036,1214,1022,1277,1451,1512,907,1178,1436,1414,1228,1301,1777,1412,1270,920,1365,960,674,792,342,744,206,806,82,535,16,218,0,0,0,0,0,0,0,0
경기도,고양시,설문동,2024,135,2,1261,686,2514,5734,4581,16286,7027,25064,6225,12407,4878,4765,4812,3965,5403,4563,5482,4088,6111,4720,6048,4766,7129,5908,14551,5107,13731,6221,5217,4319,5239,3220,3904,2675,1358,2015,371,1359,105,599,2,236,0,1,0,0
경기도,고양시,성사동,2024,7291,2590,136793,53086,386812,263976,773875,451558,846059,613584,522800,407163,435606,350235,417912,360654,448988,378686,425196,371301,401127,392879,441916,464156,513278,544139,541643,615681,580375,773319,419522,618843,303125,435725,262843,387925,210212,341436,104329,198149,26000,56472,5706,12753,1512,1933,0,0
경기도,고양시,성석동,2024,4505,5,7281,1069,18316,5623,35952,19571,64039,45862,28660,16001,24478,12913,20162,12574,22116,13866,26539,16576,20591,19096,20075,26200,21827,30363,30866,30447,35911,30513,11934,27550,8556,26483,6266,20738,4081,19621,1453,13320,241,7060,12,2169,0,92,2,0
경기도,고양시,식사동,2024,12184,1389,39250,5046,107059,51458,196301,112082,199032,181961,144162,112184,128984,85151,129849,78093,131172,93769,128090,107823,124005,104033,154553,118934,180424,142186,192508,169790,158293,200280,89574,192857,72484,144032,70356,134984,64163,138913,33018,89583,8840,34666,1866,9026,87,1015,14,0
경기도,고양시,신원동,2024,11048,1999,41488,7325,128014,24037,235285,51964,224230,124280,136489,62354,108952,53889,102185,54212,104809,66977,95124,80821,83553,86149,103266,104205,116044,125898,99622,155315,102386,197808,73939,197335,65612,125825,58653,108580,53061,101103,26056,57747,8609,18509,2701,4924,848,1063,282,327
경기도,고양시,신평동,2024,0,0,0,0,62,16,104,150,145,179,200,269,163,166,203,336,195,164,216,60,187,88,135,178,394,379,704,195,2,8,371,114,22,20,29,14,0,0,0,0,0,0,0,0,0,0,0,0
경기도,고양시,오금동,2024,0,0,3244,143,15600,4570,27441,12318,26762,14928,14841,10744,12028,7173,9921,5228,10414,5186,12064,7185,10604,8329,15405,13024,12104,14497,10791,14793,7586,20800,5699,22632,5426,15355,3180,12363,2350,12097,1077,7318,33,587,0,0,0,0,0,0
경기도,고양시,용두동,2024,3399,252,2857,7136,7099,18225,21555,29537,31171,55572,21631,55673,19240,36451,20986,41969,28604,40225,34973,33628,40039,28270,44072,30711,42413,35274,44100,37802,41439,40181,28364,33837,39519,22786,41316,18102,15650,15262,3273,8790,608,3859,53,461,0,2,250,0
경기도,고양시,원당동,2024,0,0,1168,407,1621,4480,3963,14146,8248,21236,5297,9420,3229,7303,3917,6746,4988,7022,6094,6477,6381,5669,7317,6534,6377,7301,10768,7157,12872,7652,8533,6660,9111,5670,3972,4525,1543,4419,796,1973,87,859,1,3,0,0,0,0
경기도,고양시,원흥동,2024,4414,1159,105504,33762,284691,145679,718351,292051,779988,415245,453667,279117,330487,209419,304709,205206,315995,237089,299958,255656,275326,268921,291799,322340,317934,402132,367391,504816,436668,647261,268758,597324,204313,381120,183998,348522,145092,309712,80988,188396,23541,56807,4467,7772,1139,870,19,10
경기도,고양시,일산동,2024,33069,3926,168353,33379,474667,117763,977239,266308,932314,471000,589612,300696,458360,278390,445423,305597,462888,355015,457459,384803,413601,398701,449369,476386,523000,591033,478388,709346,477472,870033,331072,730089,251565,451710,222345,461516,234860,418759,79562,236724,24543,98397,2919,14740,201,2677,1,6
경기도,고양시,장항동,2024,9630,7812,47456,39864,110732,78179,178378,154391,194063,375057,144274,377476,147177,253047,171657,227347,188218,221018,206339,236939,225323,226150,270901,228588,275863,227607,339978,246745,392448,247585,242179,180125,230069,129266,224008,100665,180697,83349,90143,49843,23880,19303,5537,4375,63,36,0,0
경기도,고양시,정발산동,2024,10411,5005,46262,28200,82479,48811,142389,87332,206185,241256,146006,175788,120197,133323,123027,129147,128525,138975,135530,155983,140813,149069,166138,165485,191084,194907,202941,231848,216217,266475,138533,219917,138344,176873,141494,156882,135597,162310,103007,109876,55169,61133,22288,26886,4066,6945,559,698
경기도,고양시,주교동,2024,3560,831,26221,10865,74028,32303,153299,54557,171789,146483,113868,82295,93245,74081,89442,73810,88002,77067,90352,81286,83903,80529,91399,98464,98653,107372,109178,121082,124462,147790,62476,118245,51806,87764,45329,79525,38809,71331,16573,39189,3794,5655,666,1054,58,36,0,0
경기도,고양시,주엽동,2024,13277,2828,143663,55040,391941,140789,616318,295042,691342,593613,500096,497804,452270,430094,478822,426862,493407,448366,482770,507174,484589,483533,566956,546638,607109,590215,586330,696838,576373,734995,392983,638029,344063,443641,287092,379187,279450,346049,109850,225334,35011,90610,8234,22432,1193,4064,461,1079
경기도,고양시,중산동,2024,12760,3893,53320,12576,136183,52018,260742,128639,298400,265651,206038,125013,163301,108802,159077,116025,159249,131787,167614,147060,155058,146414,170844,182925,201193,218598,215990,255733,178608,289346,117402,249017,91376,203614,85552,187268,63543,185160,35199,117018,10894,54554,1723,14124,114,1445,0,0
경기도,고양시,지영동,2024,0,0,404,167,1089,3119,2837,9908,4343,11975,2680,5279,2198,2395,2511,2984,3463,2811,3575,2840,2961,2485,4039,2721,7886,2823,7792,3823,7830,4001,2304,2254,1817,2034,2053,1567,702,983,158,677,14,23,0,0,0,0,0,0
경기도,고양시,지축동,2024,1405,5207,59793,35556,220661,223155,527901,383590,523374,497766,301128,322217,217951,249907,192676,227972,208575,247526,203843,249884,202882,234152,245831,260514,290399,313995,288322,378870,279557,518424,221640,407042,167196,272046,152524,234166,130525,201358,45639,108737,12232,31519,1987,4071,702,747,171,225
경기도,고양시,탄현동,2024,11430,735,39769,4169,95216,30360,187737,65467,219554,99466,138252,61285,108806,55941,97956,61692,101391,72268,103957,82945,90971,84800,92923,107123,105238,138871,103267,145472,102004,172330,72170,153698,50307,113377,45840,106841,37343,109877,15370,66985,4802,37709,977,16880,12,2786,0,0
경기도,고양시,토당동,2024,1165,20,91166,26681,211311,90467,469265,194901,456138,271852,291432,158768,217226,138345,198631,142848,196793,158465,197486,168326,182027,173606,193897,212385,215890,259656,237410,322171,252935,425645,179167,344997,121264,244588,103502,234413,80974,206454,46494,123280,19549,56299,2636,4860,106,161,0,0
경기도,고양시,풍동,2024,10917,784,86354,12300,252761,76000,516177,112382,478350,209627,321309,152518,245981,129840,234062,151776,227465,173587,230332,175998,214701,182420,227889,219463,251552,280743,260852,356914,232755,458841,135179,410680,108722,287085,104912,262279,71147,246444,24034,166537,3194,38008,237,3357,8,237,0,0
경기도,고양시,행신동,2024,10310,534,160420,34051,411949,143575,871917,301491,891528,473007,553278,260072,431812,229764,395734,240240,413805,274876,394936,304898,344663,325553,355040,401307,409151,487707,455071,621136,497834,814514,339632,734651,240093,500034,216152,466872,176232,439214,100173,274342,28050,98077,7609,24339,1050,4255,19,120
경기도,고양시,행주내동,2024,0,0,1028,1001,2688,4011,5574,9945,8002,21504,6786,11857,4777,7021,5507,7435,5609,6850,6826,6470,7813,6525,8514,6482,9946,7480,13704,9843,15464,9643,8620,8589,10471,6456,6564,5337,3260,5185,1180,3306,310,1895,65,252,0,0,0,0
경기도,고양시,행주외동,2024,0,0,154,212,2775,2168,5941,7917,6975,18465,5522,14398,4303,16974,4595,16862,6255,19815,8168,19565,10926,17693,12499,17817,13743,18478,15834,20744,16415,23798,12639,25424,12492,14918,10484,10500,7170,7158,1733,2396,1,2,0,0,0,0,0,0
경기도,고양시,향동동,2024,4191,535,25272,4510,116744,35583,202541,53155,171253,113558,120919,79095,90699,53555,85097,47707,84192,56475,80970,65446,73014,69239,94224,83712,107739,104709,101016,125470,102522,166261,61741,176160,42998,109075,34150,96212,30500,88705,14147,61417,1862,14400,0,0,0,0,0,0
경기도,고양시,현천동,2024,2,0,2265,531,5127,2113,8109,3941,9906,7119,6823,4783,5298,3693,4344,3173,4599,3082,4992,2995,4380,3113,4925,3514,6058,4068,6742,6067,4283,6194,2515,6289,1354,4196,995,3409,922,2687,396,2380,218,1050,12,155,0,0,0,0
경기도,고양시,화전동,2024,21,1,11967,9972,33357,34778,73702,66921,86155,162392,62977,130780,57765,117474,68121,71905,70455,75488,72782,85343,92541,67356,94982,58136,144242,64745,138153,71581,120180,79340,66790,62234,47853,43265,38749,41075,33068,43917,25461,32067,6564,12559,1053,1270,193,196,0,0
경기도,고양시,화정동,2024,14391,6342,267360,110989,614450,280759,1280707,585729,1330262,1025960,836919,735887,742255,653210,741057,673325,792772,717487,807369,776728,783380,776604,868742,884595,945912,978872,1020156,1169054,1004655,1398016,727294,1198685,600623,780896,560636,688702,492881,642966,241555,390562,55579,129398,17329,32573,4222,6146,47,131
경기도,고양시,효자동,2024,268,10,1130,291,2394,1797,4638,4903,4494,9407,3993,14632,4179,17853,5284,13924,5559,8181,8279,6274,11836,5125,15507,4995,13786,4705,13458,3920,9308,3341,5836,3096,5211,2428,2056,1934,924,1502,187,1132,51,482,0,9,0,0,0,0
경기도,과천시,갈현동,2024,3076,2883,20110,43930,90347,149026,217738,270887,243489,495621,137867,204469,102394,75416,93984,65193,102461,77587,106461,88342,114013,86369,162326,109892,230019,139552,344788,162322,379709,201968,156912,191693,101782,125087,78111,122073,51899,120509,20964,72927,7940,28954,3192,8116,570,1395,3,2
경기도,과천시,과천동,2024,104,113,29167,42768,184137,233912,406776,540516,504340,732025,373223,747351,263358,634771,242434,466681,271518,482036,302143,445207,321352,341457,412638,319627,571585,347911,860008,398723,1290698,457479,436251,318565,274222,223785,255545,200990,142730,170161,70900,95227,20832,25117,2880,4329,323,428,52,99
경기도,과천시,막계동,2024,45,1,1686,4501,4727,43766,9711,62709,14634,197003,22390,301727,29068,289841,66902,184651,115443,150096,128115,147239,162542,131744,216262,99565,237706,69356,237064,43726,188623,27489,100916,15141,64374,8439,66820,6520,68088,5440,8803,2900,201,555,1,0,0,0,0,0
경기도,과천시,문원동,2024,6,0,9330,326,23249,2719,56816,6875,65395,17271,36081,15104,26213,12795,25758,14309,29390,18342,26242,17946,23778,23531,20575,23364,24815,33543,26155,31936,20669,38438,10214,37056,6831,28355,4373,26623,3535,26493,1243,16971,2,3,1,0,0,0,0,0
경기도,과천시,별양동,2024,1050,1587,55675,32477,175804,77732,430836,148822,413787,255280,284432,165624,222064,136180,209708,130676,215567,144807,208021,155880,196074,171442,206426,197816,227986,239697,231493,298128,243101,385311,143240,301391,108798,189529,94028,184127,78544,164188,37570,94283,8401,21250,1398,834,2,0,0,0
경기도,과천시,부림동,2024,0,0,380,3609,2315,13380,7582,38467,7981,35765,4244,19904,3412,13639,3177,12142,3255,12759,4001,11778,4638,9966,4427,9380,4963,11049,3690,11116,3391,10507,2150,4310,1406,3165,983,1852,1101,1603,338,542,0,0,0,0,0,0,0,0
경기도,과천시,원문동,2024,320,905,5600,8989,19415,19865,39509,42553,45233,54859,27968,30379,21586,21539,17948,18207,18630,19770,16567,21266,15459,21506,16597,23184,22487,28359,20218,32357,19796,31838,15419,18204,9149,12048,7786,10553,6488,8516,3474,4312,1374,1366,442,294,1,0,0,0
경기도,과천시,주암동,2024,0,0,1491,4873,5587,19976,13395,34921,14178,60215,11217,54332,9259,27944,8911,19379,9077,19747,9320,20185,9860,19720,16268,20222,17844,23230,24657,23682,21228,23335,9296,24478,5034,18207,3801,16902,2322,14967,843,7727,50,1196,0,12,0,0,0,0
경기도,과천시,중앙동,2024,301,69,48470,26513,200541,202944,494770,490327,528787,1247715,349413,384536,268230,235272,271360,223115,294892,250988,324079,276700,326640,286012,380726,303896,515424,348500,659552,430009,921988,547425,375167,455298,303268,286824,291384,265087,196966,240768,84827,149137,26260,59691,9743,14345,1296,1370,3,4
경기도,광명시,가학동,2024,363,15,2407,3707,3349,9621,7224,20253,10059,34389,7105,16261,8213,13464,9513,14815,14414,14343,16044,14837,17413,13755,20223,12068,23403,10865,27390,9167,24490,8544,7480,7307,5747,4772,3528,4876,1644,3895,718,2258,300,1235,147,222,4,17,0,0
경기도,광명시,광명동,2024,49083,5411,427457,182252,774339,455263,1680526,729292,1835929,1122142,1137407,855688,902757,833039,892591,878634,976786,940075,986673,971621,963518,969126,1075659,1115877,1210969,1236094,1227794,1456547,1239041,1827991,939462,1404430,628197,875377,506330,764334,408055,672536,216675,398158,50756,135343,3266,11756,49,801,44,705
경기도,광명시,노온사동,2024,588,10,2428,3453,4522,24987,11523,49143,17922,60543,12517,24299,10673,14700,10749,12200,13617,11368,14512,10766,15400,9379,19146,10124,31585,11761,49993,13654,44770,13084,14914,9281,11764,6407,6017,5630,2438,4575,961,3013,230,1446,80,329,1,6,0,0
경기도,광명시,소하동,2024,26026,3709,141991,64845,314159,188425,614332,335451,701022,711330,490458,402922,424541,320125,410217,309272,455971,366525,438693,400850,410093,397264,509848,459467,585342,512659,603015,576154,557675,692484,356604,610252,270965,435179,237103,395118,186793,369311,86004,216833,27976,81494,1025,2785,2,8,0,0
경기도,광명시,옥길동,2024,2,0,2705,3094,3346,15019,7887,30541,10303,28642,8456,13831,7178,10792,7417,8355,8735,8580,9022,8609,8686,8288,10229,9570,18830,10882,34655,12022,20456,12252,9295,12098,5609,7099,3186,5733,2321,4451,1216,2725,146,733,0,0,0,0,0,0
경기도,광명시,일직동,2024,4727,73,27957,64334,146406,201057,380114,417857,398932,587215,259550,444194,209085,326372,277692,258870,293617,360891,286551,276984,283518,361017,399599,301874,470907,340278,583757,377891,611610,464456,484878,343141,364459,247112,431469,188070,270085,189733,109410,84987,26515,30289,98,1490,0,3,0,0
경기도,광명시,철산동,2024,42686,13125,247872,188941,713777,600898,1638310,938520,1800163,1438793,1147949,1017828,896161,813933,879098,778712,949713,852749,911757,911993,889039,908605,1014475,1041998,1213473,1239588,1269562,1551616,1414803,1983375,1011154,1527008,799465,983282,744976,872301,672126,771922,345365,441217,84773,123281,3763,2739,949,431,1017,619
경기도,광명시,하안동,2024,52165,3851,153572,54242,413281,115499,911705,229720,946513,483146,623275,400140,490236,340891,468687,358889,515437,419118,509332,433624,477873,445495,493509,522656,508360,600909,519231,678119,519925,793411,360068,718007,297115,512990,280319,445723,234837,409287,86424,251641,22913,92305,717,2363,0,54,1897,77
경기도,광주시,경안동,2024,10857,528,44073,14958,139999,81389,288490,190970,248280,306441,192521,269175,195876,242552,230577,229773,253498,229681,250773,249903,257422,248600,307169,254870,358515,289453,362312,313716,331774,327150,253965,261892,212336,166430,195506,138248,152043,102956,53510,56447,15903,25817,2693,4062,692,641,0,2
경기도,광주시,고산동,2024,346,5,11152,2077,46787,10848,66664,20958,53790,23555,28824,13141,22228,12008,23217,11715,20386,15185,20838,17225,19804,17144,23512,24735,28143,29094,27658,36179,23527,46446,13714,43540,9884,31703,8271,24813,5471,21096,2546,12300,1110,4494,3,2,0,0,0,0
경기도,광주시,곤지암읍,2024,6731,273,28047,5897,105334,74709,258256,216857,267748,290550,182966,143756,146215,110105,151618,125865,162444,141135,155624,130948,146051,135267,180806,164937,217929,193833,276886,243994,239150,240149,148190,195327,113399,144679,77160,112659,37727,89253,17282,52205,4742,22475,390,7071,153,2992,0,8
경기도,광주시,남종면,2024,0,0,0,0,110,15,1646,926,1761,2600,4079,1780,1802,567,1619,3560,1096,1042,759,1740,1132,979,2710,1775,1065,931,430,1196,839,960,347,797,387,705,58,226,0,0,0,0,0,0,0,0,0,0,0,0
경기도,광주시,남한산성면,2024,883,454,4420,2799,10615,10060,28395,25658,31706,58660,29643,47466,29606,45269,34519,45032,44804,36353,53289,35259,59935,32278,68496,31382,69843,31091,56306,34126,42214,30150,33947,26877,23622,18626,13351,13801,6465,9850,2614,5497,1165,2052,113,435,0,2,0,0
경기도,광주시,능평동,2024,0,0,49319,7884,125249,22765,245451,49895,178896,70449,136069,49506,114343,46201,95442,46768,93112,55466,85188,62538,80205,71932,80255,95905,84976,118914,86135,125714,80738,135532,47375,140477,38288,123286,33906,102834,25927,92335,11238,62874,3518,24169,13,60,0,0,0,0
경기도,광주시,도척면,2024,0,0,0,0,4390,2142,22781,12670,18502,15072,18202,8206,12444,10755,12924,8044,9948,9024,11343,9872,10964,10551,13566,10180,14632,17915,17374,21612,11492,17378,7105,13716,5660,13990,1891,7192,335,1713,0,0,0,0,0,0,0,0,0,0
경기도,광주시,매산동,2024,2026,32,11770,2208,31516,8469,62622,27712,61442,28450,36325,10534,28096,10200,26059,12850,23615,15418,23503,16838,19230,20674,19784,25954,21623,34248,30792,38046,32234,41391,14915,40579,11502,33013,11302,26967,6028,25141,2846,15911,1564,6722,134,1411,0,0,0,0
경기도,광주시,목동,2024,0,0,639,2,1643,888,2890,8465,5377,8420,4605,2768,3030,1029,2810,1675,734,1047,3774,1935,3476,2490,2846,1982,2979,1742,5660,2700,6212,3722,1945,2409,711,1844,619,1693,487,946,0,0,0,0,0,0,0,0,0,0
경기도,광주시,목현동,2024,6488,427,43599,6154,61900,15949,124895,26761,126932,27694,88777,32458,68221,24192,56288,33814,60001,41410,56539,41166,47363,47208,45808,61180,42362,80414,43750,86178,38492,106308,28856,100765,23613,73816,20642,64793,10646,53287,4843,25670,945,6983,0,0,0,0,0,0
경기도,광주시,문형동,2024,0,0,14471,5901,44266,20552,71041,53551,65082,74837,44965,28914,37183,19831,31242,20364,32984,23921,32257,28084,29769,30031,35068,42508,32355,44860,53747,50258,51369,54933,21351,45319,17122,39077,15154,30473,9212,27865,4200,15227,1750,7157,18,164,0,0,0,0
경기도,광주시,삼동,2024,699,16,18611,6684,34405,23493,54904,32272,71000,40352,39968,22466,37684,19267,29366,21296,30726,25420,29478,27219,27453,28371,28665,34902,32511,45594,43145,49987,44536,53675,30973,48382,21276,32497,20000,30375,14428,22306,9232,14753,2913,6448,303,1348,18,105,1,0
경기도,광주시,송정동,2024,4073,86,27192,4628,74268,29920,170765,95249,146432,156854,89258,61107,74916,51449,77191,51807,75924,58154,74109,60433,70451,63027,90169,73103,114319,88698,97202,103695,85000,121828,47970,118849,37490,76867,33238,68065,25058,58001,8626,33239,3891,16523,537,3374,44,279,0,0
경기도,광주시,신현동,2024,0,0,44018,6504,150151,36627,276343,81488,245315,117140,211976,81746,160859,72024,138837,74284,140615,91268,132937,101323,127065,117167,142524,145680,152774,186315,128560,191568,121599,213487,89564,233765,71597,196152,63196,163776,46144,140684,29076,99959,5939,22171,1,11,0,0,2,0
경기도,광주시,쌍령동,2024,2229,184,28630,3754,65090,13831,161371,26990,146518,34424,86656,27843,68274,28489,58505,34419,55269,41247,53959,47134,46306,50976,48110,67912,47924,92813,50592,99210,44518,104592,32252,105585,26625,74191,21470,62041,15836,54402,10433,34529,2828,13625,503,3323,147,755,0,0
경기도,광주시,양벌동,2024,3628,19,19692,3873,79298,11693,163263,39866,155784,57495,90666,39663,73178,32516,67707,36952,69454,50384,63579,56316,59926,59685,62137,87488,68236,108232,69119,116352,58591,121892,42340,113254,32492,87225,25678,71039,16948,59532,7729,32978,3883,14601,269,2489,0,0,0,0
경기도,광주시,역동,2024,4242,1437,68798,35976,294001,184833,698629,432080,718263,599893,392573,332392,294851,280406,280700,275276,296805,292653,289701,302797,287246,305375,352330,341263,436736,435817,445781,518648,498565,682531,349201,516586,254684,380604,210847,267617,138317,206597,55564,115452,11797,15258,1636,2899,318,653,1,0
경기도,광주시,장지동,2024,1068,47,11722,4376,36927,17590,84720,41448,85150,79624,50279,27306,42317,20506,37235,22882,37771,29462,39528,33799,30783,33940,45909,47454,51880,61913,56120,62016,48314,72224,29039,64820,20928,45148,20112,44112,13131,37002,4438,17929,2394,8107,435,1625,25,164,0,0
경기도,광주시,중대동,2024,1164,73,30206,10177,86470,53171,205980,111002,214761,118574,128324,72102,84124,46504,71513,47497,72192,53803,64758,52073,59595,60219,65276,76505,76605,98804,100505,137344,102277,164369,64964,123908,49924,103326,42914,76690,22987,59705,7966,31202,2517,4096,172,517,19,68,0,0
경기도,광주시,직동,2024,0,0,104,38,155,1609,3219,6184,1476,7254,1591,1862,1889,726,1912,963,1462,1099,1548,769,1444,1162,1231,1450,1672,1259,2917,2018,3903,2041,658,1126,2156,1585,543,697,217,1386,60,361,6,52,0,0,0,0,0,0
경기도,광주시,초월읍,2024,6641,482,57610,15086,203517,88917,511918,281237,560419,384957,300373,164447,244417,139557,212609,137168,213563,160703,211480,173439,194788,183537,235382,227295,285914,302209,340012,359363,299252,412824,199066,374458,150114,271481,105858,223084,75658,192632,39658,121117,9814,31541,1542,7644,306,2365,0,4
경기도,광주시,추자동,2024,21,0,2212,1696,10493,6646,22705,21867,21492,29844,14483,11595,12955,7666,11815,7856,12039,10264,13314,10840,13032,11588,14732,17044,13666,18085,22590,17857,19700,18261,7545,15973,5168,11910,3966,10242,2931,9024,1012,2208,487,1043,0,6,0,0,0,0
경기도,광주시,탄벌동,2024,3110,52,16196,6061,46460,20618,100487,41650,114533,98864,62472,36677,47855,30265,46990,33133,48143,38731,50572,44675,57682,47502,61346,60509,64335,81937,50008,85208,47557,95858,30641,94093,20496,61146,19161,56793,14778,50064,7542,28185,2318,8381,0,0,0,0,0,0
경기도,광주시,태전동,2024,0,0,56659,2879,163015,23094,249059,71109,204373,124652,134277,46306,109747,39301,104082,44309,98044,59319,86228,71221,79293,80488,86272,100746,105600,136227,106810,160476,84164,189265,54084,206474,46166,154443,36220,118014,29602,110009,11466,75570,4323,23248,168,839,0,0,0,0
경기도,광주시,퇴촌면,2024,3283,44,13135,843,33829,3588,65838,17089,61704,31528,55574,29527,48792,27540,42047,27772,36275,29743,35523,33614,35145,35661,35546,38671,39214,47883,29327,52417,27506,51904,18387,48238,17786,35414,10255,30473,4511,26026,1363,17598,368,5727,7,70,0,0,0,0
경기도,광주시,회덕동,2024,4330,64,14724,819,34179,3892,70708,12931,53592,15381,39568,10777,31246,10686,27232,12897,26635,16092,24102,17991,21037,24642,21499,28174,23305,38768,25470,37536,22909,36780,16317,33458,12660,24980,7001,19823,5578,16543,1984,6535,125,1962,0,0,0,0,0,0
경기도,구리시,갈매동,2024,879,123,52489,8716,135677,34916,358774,86574,263574,165725,180789,107080,130548,86114,114214,73402,125550,91307,114398,108073,107019,101622,114392,141784,122505,159705,128598,203516,154410,300709,82895,270415,63925,172676,70171,148484,52776,126885,18267,76982,3631,24225,546,3369,0,1,0,0
경기도,구리시,교문동,2024,8962,421,108164,33498,247575,102580,508685,187147,543423,433284,372671,257729,308604,205614,283265,192429,290214,215614,280052,255326,266860,255607,295344,298495,333063,340740,355157,422204,319040,518740,177717,470497,131466,310623,123151,283547,94708,247484,39013,154396,16389,63700,3818,13447,282,2802,0,1
경기도,구리시,사노동,2024,446,212,5596,4461,14848,30268,30708,53538,40877,80223,34304,39298,25589,26784,24674,23090,27820,26493,27941,28560,26916,27200,31984,31849,39792,37639,55750,41675,70300,47969,31892,39527,21470,28010,19477,25955,13494,21472,5298,12138,2716,5187,570,1878,4,7,0,0
경기도,구리시,수택동,2024,23275,3403,71630,20451,202757,73542,414601,157870,449675,321303,296581,255215,266364,235880,284718,245448,314561,263340,326362,286207,326925,291282,369490,328337,410164,375398,441865,440308,464540,474547,352139,405785,285868,273869,270873,246105,250052,221443,131550,125594,62885,56685,21222,18674,2645,5257,4,5
경기도,구리시,아천동,2024,0,0,6078,7615,21995,14782,47071,19306,39878,31433,24845,20539,20584,14624,18796,17279,20718,17148,21318,16024,21047,16404,23341,19937,24473,23900,26621,28118,21682,35203,13386,35805,10688,26570,12814,22272,9207,19554,3573,11722,1459,3451,252,516,0,0,0,0
경기도,구리시,인창동,2024,22158,5841,234613,96011,557402,290593,1261496,585550,1249164,894013,760935,731376,622344,617955,603378,573475,647283,604121,640591,695043,622426,661501,683840,746530,742425,872677,814915,1092451,860099,1342898,630846,1137516,495725,698263,393681,607290,321480,545049,145617,332066,35928,95982,4068,8715,9,9,0,0
경기도,구리시,토평동,2024,8060,1263,24343,6805,76208,36868,139162,50482,153704,133053,104236,52539,85821,43020,81059,46337,84967,50122,89801,55140,78559,54367,98827,65348,124964,83261,121185,98641,99275,117601,71699,126175,56528,86660,55596,78757,45827,72081,22760,45197,6751,20184,1209,5163,40,1433,0,2
경기도,군포시,금정동,2024,25263,7005,388245,137587,748969,432956,1698813,956498,1751820,1677633,1073109,801410,786259,610545,731089,623906,781511,673411,756915,711464,724177,716247,802121,878375,950588,1024588,1311206,1360794,1486199,1774335,855988,1366783,680963,883019,596600,817944,458817,689452,218872,429713,42774,158484,4000,11861,527,2974,0,2
경기도,군포시,당동,2024,24383,2783,148158,57315,332671,232984,780756,661638,897147,954566,504608,371991,409007,291101,405654,285856,430927,332653,402769,356482,385442,362279,433598,430262,502457,498843,710135,628589,839082,792198,416567,622936,324870,454581,235352,400829,162428,358971,75964,203521,10938,67462,3327,9014,951,1513,5,4
경기도,군포시,당정동,2024,263,11,61388,25036,188909,119118,433577,378327,450439,609020,236140,251420,177152,148538,175940,131374,204069,153586,185022,146112,187956,146809,214301,178492,255896,226728,394699,309703,462363,438605,227905,338692,164508,234237,125250,195206,97499,195693,40471,118791,3721,24710,482,1797,94,299,1,2
경기도,군포시,대야미동,2024,793,128,41904,20444,120115,81278,271030,151782,318285,195959,172527,109017,130355,95464,123456,97511,122711,107038,123376,106620,117627,111044,130344,150407,143873,173906,162289,197916,197537,272566,131079,193019,96154,139540,66007,114533,52833,113792,28286,67411,5636,17471,556,477,239,94,0,2
경기도,군포시,도마교동,2024,690,23,19975,1550,53137,8203,128646,18227,143208,37655,67792,21059,52433,18212,44492,21648,46769,29995,43466,33862,38999,38118,39392,59534,41762,67719,47450,77696,47944,99852,31379,87886,22216,64566,17793,56275,14434,53430,4115,31231,48,7560,0,133,0,0,0,0
경기도,군포시,둔대동,2024,0,0,539,3,3292,1057,4790,1792,3266,5358,1991,3707,1738,2769,2293,2736,2876,3200,3283,3086,4759,2795,5106,2578,5243,1948,3720,1371,4496,1260,2982,1117,2775,755,1042,606,415,495,37,116,0,0,0,0,0,0,0,0
경기도,군포시,부곡동,2024,12704,208,33295,14482,71958,52745,164545,158418,198039,317673,105741,84140,88220,58355,86903,58913,91957,70678,94796,79151,92872,79598,119730,112836,126847,123358,201286,164098,196302,167339,111148,135369,76942,101571,53812,89586,37995,86755,15800,43837,4959,17775,717,5055,89,1990,4,307
경기도,군포시,산본동,2024,44748,10210,337682,195597,923658,566325,2018310,1269299,2193603,1882975,1290697,1195720,1081264,1039855,1066352,1029027,1173483,1143359,1172132,1171713,1157736,1154626,1356645,1317352,1506260,1535697,1611617,1799038,1880753,2343637,1435507,1914890,1083370,1279294,996505,1071376,863336,936517,449930,547329,111737,177169,8314,21648,462,6636,75,1936
경기도,군포시,속달동,2024,0,0,176,4,94,174,657,2858,2342,4523,1648,6408,1318,3375,2101,3415,2652,3395,4147,2182,5400,2060,6223,1488,4528,1797,4202,2003,1705,1574,1865,923,1345,915,317,845,21,667,0,0,0,0,0,0,0,0,0,0
경기도,김포시,감정동,2024,11868,1146,29351,5345,85781,21126,157008,37361,171321,64451,94267,44598,79151,47386,73721,50746,75654,58188,79967,64336,70740,67694,84168,84115,88837,108493,77791,115114,73118,126261,55532,118677,41266,90179,36659,83093,27553,73427,13201,44813,6031,18712,903,3960,289,425,4,14
경기도,김포시,걸포동,2024,2807,1536,10106,5164,36405,16299,90175,48172,95748,60883,42496,43775,36755,31986,38018,29819,41411,31341,35416,42336,38683,32843,41582,52008,46402,66476,49464,52155,45759,42058,29756,39461,22716,28879,17062,24473,15298,25852,8150,15310,4284,8545,1335,2578,102,464,6,32
경기도,김포시,고촌읍,2024,10576,2739,83720,26692,277433,114193,565009,253115,557844,448396,332224,247672,246395,169016,239675,178325,241862,199677,246343,225958,229206,225166,273818,273022,354411,341624,417097,416838,393801,499866,246287,468040,189570,316785,173870,293484,108509,232779,55942,145841,23136,52830,18406,7868,1115,1871,3,6
경기도,김포시,구래동,2024,30414,5673,115372,26060,337782,147073,615457,290868,600746,390238,387854,313487,330774,281604,329833,289890,330908,320557,323773,348657,317452,358898,357595,386888,384738,462162,413546,543798,443997,617544,335523,529958,289571,383071,253941,301604,212711,260073,108169,168896,31092,80733,4614,19281,362,1992,6,2101
경기도,김포시,대곶면,2024,3199,70,6270,604,27268,33938,57667,78631,64202,80061,46338,40863,44464,36751,44947,40369,45395,43206,40679,36966,47860,41887,59915,48727,64380,59662,102585,75136,77320,73589,48217,56783,33276,50143,14133,26429,5979,19254,1087,11261,229,6126,124,3118,21,170,2,0
경기도,김포시,마산동,2024,7941,921,42939,5197,110412,21410,187685,46793,181036,93670,115912,53324,87606,44020,85037,47628,81537,66270,81881,72109,70860,74169,81471,86275,93483,110884,89838,137229,85949,177233,52968,170601,38575,130215,37084,105821,27360,102420,13436,65711,4906,29381,1282,5501,24,161,17,402
경기도,김포시,북변동,2024,11778,5822,100444,36896,294670,110122,595985,238147,590664,468724,394326,333536,346267,265800,355760,282570,400771,303898,375283,316169,355211,313527,406496,359406,436436,420090,473335,493977,449233,602382,292053,553384,242568,366719,215355,322072,215602,291235,91389,185943,34998,73322,5713,8964,1032,1912,10,61
경기도,김포시,사우동,2024,26754,8044,99667,36682,219160,98954,423465,188223,431198,407233,270483,258872,226177,206943,226399,198088,244435,215101,234854,240655,222939,235023,259735,261593,290864,316524,304879,378977,290994,441828,211755,395033,172961,253359,152427,227343,133206,202151,74508,129395,28022,56246,6763,10090,311,1896,2,30
경기도,김포시,양촌읍,2024,14516,3667,33226,11273,124927,78616,212693,189005,195889,250444,145579,117792,120362,85621,115935,82317,116344,91441,122329,91975,117844,98115,129238,113730,164598,139430,224430,158191,209749,177132,97831,142416,76120,118680,50545,94790,29167,81161,11739,48991,5115,23373,2045,7999,309,977,2,0
경기도,김포시,운양동,2024,13553,683,89857,12412,225354,47320,361801,99378,368763,244304,228276,141826,185537,109791,178168,114860,186039,142780,186017,162692,174667,161284,202455,197770,247266,242259,234215,286483,196940,342675,136290,348107,111585,243939,104365,209929,87211,209452,43499,139002,17799,60127,3210,10873,233,840,2095,287
경기도,김포시,월곶면,2024,2742,518,4338,644,12792,10651,29333,55234,32568,52485,27808,22281,26147,21464,23078,22903,25045,23497,23714,20530,24840,19883,26075,24838,31490,26393,44755,31104,29305,27965,16177,24597,14333,21407,6241,13962,3100,10584,1051,7118,1211,4062,133,1178,2,57,5,0
경기도,김포시,장기동,2024,28418,4656,152376,25102,369927,99781,633212,220496,658635,483312,409540,309278,351436,231584,348942,233955,352072,260238,350496,306649,329667,307657,388796,363282,435439,472845,414931,532659,389267,589737,259841,550940,209219,388778,203159,335680,171536,306261,78707,206856,28545,89400,8404,16779,485,716,116,652
경기도,김포시,통진읍,2024,13592,1349,35584,4015,87515,29153,195192,134048,185075,175264,130143,92084,115977,85688,112524,89634,117384,97682,104314,90320,107836,101824,126807,116250,156925,135543,163261,168728,147430,179006,91270,145133,63593,113497,37895,83888,20072,65412,7621,41595,5389,22460,1885,5799,2,7,3,0
경기도,김포시,풍무동,2024,21067,3530,61331,12516,185373,40589,315830,83450,311662,159462,190334,104753,159088,93379,144201,89340,148774,107432,146704,123787,132837,132308,150582,161382,162441,197217,163333,223170,147986,260635,112676,292487,86103,185702,72561,150501,60270,136086,32592,93245,15038,41842,4250,8170,2,0,0,0
경기도,김포시,하성면,2024,2118,332,3208,1418,15355,13285,29769,41007,36561,53543,32572,24456,29454,22990,28606,26580,26191,23227,27501,23484,27460,23867,31185,27748,44002,32988,59589,36763,48876,35429,19152,25200,12018,16962,4639,12046,1711,7676,527,4342,66,2615,2,237,1,46,0,0
경기도,남양주시,금곡동,2024,9539,3907,57262,20003,113640,56070,225471,134151,272044,320997,197431,164303,168899,129536,170164,123589,176085,140910,167831,145778,159500,150838,194180,164672,218320,182180,208858,201475,222077,228293,103238,179670,74923,126333,62684,117777,45091,103147,20672,57074,8742,22588,2604,5826,318,1310,0,0
경기도,남양주시,다산동,2024,28512,7824,243333,68753,740932,245960,1650857,602907,1507064,976671,958037,670368,752531,519011,702810,514935,723349,569885,709385,635009,657495,642712,747203,768038,867828,920472,928275,1140406,934810,1410062,626864,1279183,480048,825227,470515,732851,348837,648316,152481,418419,44282,135017,7675,18848,754,1296,0,1
경기도,남양주시,도농동,2024,0,0,0,0,6,0,8,0,41,0,49,0,18,0,32,0,35,0,27,0,19,0,43,0,47,0,59,0,78,0,49,0,50,0,45,0,30,0,21,0,15,0,1,0,0,0,0,0
경기도,남양주시,별내동,2024,31020,2106,173725,35535,522160,188143,1193414,439283,1234371,854247,765449,535514,606693,449520,576455,419050,631251,502234,629605,535926,599798,533942,682318,649270,777458,778596,812083,914983,818832,1149636,538456,1026829,407410,667225,378494,593057,299276,530736,126591,341713,24729,107439,181,2966,0,7,7,0
경기도,남양주시,별내면,2024,8230,637,43821,8768,81078,29625,179274,60355,174056,102239,119840,70792,99945,63791,91629,60840,92983,67608,92790,71622,82085,73618,88960,90472,98218,111215,91918,123433,82691,150625,52004,146014,42948,104591,33935,88862,26338,86140,10141,55763,4117,19773,756,1736,0,0,0,0
경기도,남양주시,삼패동,2024,8,6,563,534,799,1926,1278,3549,1919,7334,1864,8905,1483,3831,1767,2937,2399,3210,2715,2937,3183,2784,3625,2973,4193,2980,5030,3289,6608,2946,5278,2395,6692,1824,2038,1705,825,1386,362,987,107,542,31,162,0,0,0,0
경기도,남양주시,수동면,2024,8,183,2325,968,7773,6331,20230,19488,22704,30313,21761,18834,21107,14353,17786,12419,16559,13431,19168,13174,16612,12807,21508,16575,21421,16781,24705,15587,16482,17102,9219,16107,6795,12670,4570,10389,1842,6574,702,1749,115,1482,164,75,0,0,0,1
경기도,남양주시,수석동,2024,659,8,1539,765,3649,3773,4688,8400,7313,16734,4844,12793,4106,7834,3905,5518,4917,5769,4996,6247,6352,5600,8764,5885,10177,7056,14418,8465,15283,9822,8197,10597,8075,8422,7209,7080,4786,6313,3501,5004,1751,3579,427,1325,0,0,0,0
경기도,남양주시,오남읍,2024,17380,4223,125786,30302,304682,120518,611344,259180,623107,410059,415584,248265,371031,241261,345790,240405,348223,285750,331401,287779,317157,309534,336468,357386,378386,436420,418374,522643,398602,543429,279047,514821,203234,379298,177008,326788,141863,313958,79561,189922,26908,80876,7155,15161,1335,3427,0,0
경기도,남양주시,와부읍,2024,20290,519,127209,23117,371873,128723,832101,304981,770976,503205,506459,317862,445020,290645,395460,281917,389254,299930,390487,326164,369596,340067,401725,429937,480037,489594,434077,609975,415809,653586,307867,670632,233877,417714,181871,382903,143966,347931,53780,205947,14965,68981,910,12969,0,40,0,0
경기도,남양주시,이패동,2024,1230,12,3159,1632,8911,10415,19044,19061,17468,25524,10636,13260,10706,11084,9758,8244,10703,9447,11339,7393,13692,8096,14736,9322,18290,10276,22130,10847,25808,13822,7718,9266,4095,5460,3036,5059,1528,4957,594,3346,27,813,1,20,0,0,0,0
경기도,남양주시,일패동,2024,312,652,986,3635,4508,12254,12470,31493,20778,63435,13850,22189,12915,16187,12909,14635,15150,14641,15985,13999,17480,13555,15490,13621,36761,16043,35034,15894,35561,17062,14603,14431,10285,10986,5304,8267,3366,7617,1529,4812,632,2096,153,592,17,93,0,0
경기도,남양주시,조안면,2024,232,5,4989,2482,11043,10228,26734,18308,28899,26287,22176,37828,21006,46707,23034,47840,23779,33129,29648,25906,41580,27904,50195,25677,45651,25834,39108,23430,26735,21640,16803,21930,10358,12158,6886,12161,2985,9345,1189,6306,13,120,0,1,0,0,0,0
경기도,남양주시,진건읍,2024,8438,2534,65282,28292,149860,94963,319397,227503,330761,331119,197544,164129,173833,131540,166081,131870,173546,141385,164248,134016,151054,145747,171829,161439,207669,197046,267591,255833,252721,294451,149040,254774,103897,161972,84969,138546,57650,120883,28697,75638,8526,26555,2390,5513,458,795,1,0
경기도,남양주시,진접읍,2024,38439,4875,171373,22246,426041,169565,872123,446886,999528,852542,640176,555197,562025,451134,562035,440825,636345,523000,615913,558973,559813,520502,661494,627739,758878,724778,792714,825543,688257,848563,419131,733238,317705,548391,279299,469972,205146,423587,89303,272794,23968,124791,6708,28955,751,5270,4,0
경기도,남양주시,퇴계원읍,2024,12069,2286,76228,25816,169378,68786,416598,145381,383142,263367,261568,146502,207718,144717,194339,133618,218219,149213,197485,159976,167906,167920,184286,196792,207789,246036,243691,310841,233592,351860,151172,310436,103301,205760,87326,173180,69174,173067,38277,96961,14033,38288,2515,8876,38,50,0,0
경기도,남양주시,평내동,2024,12160,2082,134512,28303,308652,76149,574007,179612,532983,323302,337370,218864,291785,189185,273148,196437,279324,239638,266578,242148,245171,270343,258370,295489,287941,361558,311410,489376,311340,528300,243655,535116,182356,321777,165089,269608,154875,252140,76143,159935,32820,68109,7485,14176,1872,2846,2,7
경기도,남양주시,호평동,2024,9272,1208,63789,8668,126800,21211,210247,58229,231846,169413,156447,92350,147751,95303,150045,106165,154788,116229,153454,132311,149148,134839,170501,156297,174909,190677,180398,207450,141284,222518,107647,238437,89089,171786,78124,147993,63386,147883,24848,101392,10366,49758,2358,9649,166,766,1,1
경기도,남양주시,화도읍,2024,17872,1163,180918,32996,520226,177717,957503,393826,921140,612338,645486,407762,564251,367794,521050,390060,531880,411623,502270,458166,479983,461742,540664,568966,580179,653599,550342,732929,516026,753482,381066,799781,280957,569049,240992,483380,178534,422447,69635,253959,28833,110193,5944,26401,1854,9552,35,93
경기도,동두천시,걸산동,2024,0,0,0,0,0,0,0,0,0,0,0,0,0,0,115,164,0,0,2,0,0,0,0,0,0,0,88,147,0,0,0,0,0,0,0,0,0,0,0,0,0,0,0,0,0,0,0,0
경기도,동두천시,광암동,2024,0,0,0,0,2299,807,3872,1897,5980,3465,4312,1376,3619,1944,3813,2042,3170,3076,3344,2887,3398,3115,3816,3888,2437,3482,3289,3673,2149,3041,1024,2460,848,1716,422,1738,226,2,0,0,0,0,0,0,0,0,0,0
경기도,동두천시,동두천동,2024,2016,819,16852,8162,41314,31057,76549,77433,92150,81403,72803,82425,63412,56827,61485,48305,67492,58648,70372,61519,66949,55033,83052,46985,90836,55337,74699,69544,71116,69051,37884,54180,26254,47555,16934,40361,14886,29244,7382,28763,2018,10478,89,1313,315,1632,28,432
경기도,동두천시,보산동,2024,1278,149,21291,5971,31127,19040,54236,36037,52716,39848,45008,24226,42537,24410,40965,25087,40416,23205,39011,30693,41152,32534,44993,36644,67303,44969,61692,54136,44906,63012,27604,61328,20472,44891,15457,32573,7272,24399,3361,18880,794,9050,139,548,31,302,12,117
경기도,동두천시,상봉암동,2024,1908,696,7152,7568,11843,13732,34694,28202,41189,44149,38330,56858,43941,97897,52062,119202,64412,112831,100295,97725,117563,85178,125070,61292,112377,53059,81070,45496,50157,35466,22173,25226,17453,21485,9059,12075,5142,9670,2044,6960,905,4273,29,410,82,323,183,490
경기도,동두천시,상패동,2024,0,0,316,24,866,598,3751,5856,3605,5444,3254,3136,2319,2389,2913,1934,2549,2666,3010,1854,3103,2056,2973,2224,3083,2802,4183,2910,3198,3130,1942,2436,831,2493,436,1071,23,328,2,0,0,0,0,0,2,0,0,0
경기도,동두천시,생연동,2024,3830,509,37732,10482,84304,38839,158628,96475,198194,254370,131264,111549,127503,115629,133298,116022,138482,114068,127796,121832,126662,122700,147231,128805,171601,141864,147228,153852,138220,158413,70240,116228,46757,89637,32229,66842,18151,51486,7118,28041,1308,15578,1125,1839,151,1251,118,709
경기도,동두천시,송내동,2024,1722,359,2832,607,6827,2884,22952,5790,23564,12646,12289,8586,10063,8680,9466,9215,10469,10428,11261,10184,9581,9927,9532,13197,9797,14360,10706,18177,9043,16300,5143,11245,4995,7973,3351,5883,1398,4142,639,1576,254,697,261,707,68,554,41,432
경기도,동두천시,안흥동,2024,0,0,0,0,368,535,158,1,1352,8097,0,0,2598,650,1057,775,419,201,1094,768,190,148,4123,787,1028,205,1204,686,279,166,356,821,31,123,0,0,0,0,0,0,0,0,0,0,0,0,0,0
경기도,동두천시,지행동,2024,4327,543,63052,13699,156106,42551,301509,104655,345920,202666,222052,131679,191413,124089,175364,130292,175850,134599,170176,159151,163823,181765,168678,212615,186778,254240,191806,307540,200203,333530,141997,263430,121812,185529,98536,143862,62409,121643,31620,74244,5424,49573,2840,2538,788,1846,317,1017
경기도,동두천시,탑동동,2024,0,0,0,0,533,391,2349,955,2012,5267,1261,1898,1568,3036,2047,2374,1700,1535,1389,1375,2733,2093,1597,1249,3188,1274,3343,1718,2398,1482,669,1460,937,624,291,358,36,19,0,0,0,0,0,0,0,0,0,0
경기도,동두천시,하봉암동,2024,98,312,1002,2259,1788,11595,3700,15031,6002,6325,4468,2558,3548,2044,2913,2422,3755,2311,3944,2395,3986,2430,5874,2384,9198,2967,11967,2928,10132,4308,5855,3408,4099,2268,2076,1430,583,1141,12,293,10,76,0,10,4,31,5,14
경기도,부천시,계수동,2024,3241,183,17061,625,55842,6226,112693,10088,85690,34458,45471,25577,33761,18616,29957,15091,32327,20809,31889,22841,27602,20648,32615,26121,45087,31670,40393,37526,35562,55315,23061,63521,15366,40087,12852,36564,10543,33567,4628,23535,1396,8028,25,140,0,0,0,0
경기도,부천시,고강동,2024,41393,8593,124437,31936,204411,68174,481496,110279,502757,203448,295241,139029,224889,128629,210374,138774,221584,160680,214538,175203,188059,188402,188943,246733,210153,299909,228541,347054,226781,458713,153342,411376,115044,278370,91980,257263,73565,238978,31737,138822,9356,49455,938,5404,12,10,1,0
경기도,부천시,괴안동,2024,52504,18237,132266,134519,229006,304917,468102,646658,613238,808581,404100,564058,300451,367388,300976,341909,355392,371255,353530,369535,353197,349027,402971,381656,507154,476091,557367,523332,704146,580043,613614,478532,397335,326545,361293,299242,318575,268263,195870,149707,50298,67354,8319,16290,149,138,5709,2201
경기도,부천시,내동,2024,5165,286,34846,25172,84792,91599,162752,311844,184332,386966,99262,97347,73900,58860,70497,55166,79150,61483,80244,69204,79808,61606,84996,71880,105460,83686,266939,109227,285392,146113,123697,105517,90594,81575,68393,69000,31374,57557,19539,34772,4447,11048,465,1693,0,3,0,0
경기도,부천시,대장동,2024,58,0,560,173,1086,3346,942,3387,1539,6401,1858,3528,2000,1993,1785,2225,2231,2145,2461,2291,2541,2066,2605,2175,3135,3218,4490,2639,3520,2541,1811,1911,3576,1504,1450,824,276,934,114,458,19,103,1,0,0,0,0,0
경기도,부천시,도당동,2024,11278,5553,60125,40077,110809,104463,228795,361445,265421,572759,163097,144647,141067,103438,135999,107025,150385,123505,157264,144412,161615,128967,168267,153949,214991,177662,394177,232084,388653,293163,181111,223998,148619,171793,101541,164183,66962,128979,24177,70328,7573,25589,1137,2391,3,9,0,0
경기도,부천시,범박동,2024,7055,411,44690,4703,122259,16384,241900,38119,202303,116165,139032,48968,106382,44661,98176,50237,94359,63059,91338,72697,82376,79640,93988,98226,112787,127357,95420,155863,84663,200977,60734,217340,45541,127911,34750,114259,27893,108650,10916,66970,1834,23835,15,248,0,0,0,0
경기도,부천시,삼정동,2024,89,0,19893,16300,55766,89604,110588,267903,125859,373643,75136,94306,65948,52927,64092,48828,73008,54756,75228,56690,73083,54634,84324,63319,107636,74924,263493,96963,313059,111607,108967,85137,83402,61591,54835,55790,26114,47399,12271,26998,1281,2469,8,223,1,226,11,0
경기도,부천시,상동,2024,34742,12698,245925,174823,650255,452352,1515381,1037027,1527309,1543062,872072,1139728,707455,828798,732330,820782,831670,879600,874448,924247,885263,879717,1063685,955168,1217464,1106486,1333370,1369688,1593462,1749222,1197432,1337019,942337,871600,911500,739204,809792,663152,380435,420894,93488,129022,8230,31429,1260,10809,44,2227
경기도,부천시,소사동,2024,1324,2498,9331,17889,19800,37869,45495,74916,86258,111102,75516,68621,60250,54413,57356,41677,53854,46387,50166,57152,53060,56566,66927,55734,75890,54941,84825,57908,62938,60541,43286,41489,30092,33973,26932,33503,28014,26984,14526,14204,2097,2213,0,1,0,0,0,0
경기도,부천시,소사본동,2024,60880,22644,496472,191409,666234,355721,1433337,619078,1418504,920393,964022,636139,766978,561748,713958,553406,780914,612698,747739,633555,681843,630399,735154,718462,851348,895911,901539,1053625,821767,1295077,579338,1067850,428981,724469,374493,670417,287148,592699,151934,373221,27613,86084,2508,6447,53,129,5126,1891
경기도,부천시,송내동,2024,51941,6996,437314,204349,910144,472665,2189145,945991,1946262,1754848,1189824,986798,905984,696112,883449,665485,917910,735271,886356,770722,828398,749253,910566,873708,1055006,1090948,1288025,1437779,1647224,1912353,1001502,1643874,717278,1042203,626807,929191,507225,798953,237534,483827,23335,93401,1662,6048,0,1,6492,553
경기도,부천시,심곡동,2024,25176,21813,107760,79551,191092,144557,481824,287575,558277,505328,337828,418996,272047,331671,275801,312649,302384,343881,323982,393258,322266,351858,377891,372840,429879,408987,477859,497418,522024,643720,394824,435093,308375,313394,299252,269788,255432,218647,138524,120374,37457,38019,7497,10078,251,347,6,4
경기도,부천시,심곡본동,2024,72317,16162,593821,163577,706457,382066,1596426,738914,1690181,1144945,1084620,958938,866738,891210,902126,878718,966080,1014997,973951,1078064,972983,1005744,1098102,1112970,1216493,1258747,1266245,1567692,1328699,1866748,1001377,1493308,769245,962312,700126,863575,569115,719438,301579,453402,53243,109456,7771,16525,545,879,9552,1367
경기도,부천시,약대동,2024,1794,51,17829,7934,35012,24813,76968,80409,94078,182819,54061,48534,43091,31927,41798,33217,46305,35189,45333,40089,42008,38442,48499,43890,52829,52390,90614,65561,112750,85627,46755,71159,32984,50570,27163,47005,16424,39325,5881,23117,735,4976,26,756,0,329,0,0
경기도,부천시,여월동,2024,16932,6730,61514,80732,111831,183609,256167,300187,324924,393844,206460,237984,169868,206107,169207,220735,177918,232100,204990,229286,209332,213844,232156,223783,249729,260938,297155,323148,359505,362070,257949,255098,194948,167057,188561,144108,152162,125831,67913,77692,14116,24791,2552,3800,40,138,9,21
경기도,부천시,역곡동,2024,14715,1412,385363,62717,663347,215667,1614056,394174,1659924,787702,988955,666694,698277,488793,646107,512164,686871,561157,681820,581759,601417,598339,643073,692396,727119,905795,767813,1151565,731834,1641036,514157,1304705,403948,783912,352680,749774,299515,639816,148352,412452,9424,54803,5,35,0,0,0,0
경기도,부천시,오정동,2024,7898,559,39427,8578,92927,62867,207632,168705,204821,216376,118311,86809,92036,60182,91510,58574,102075,68985,98036,77070,91578,77589,96213,94784,125404,112607,204428,153671,188075,189692,90615,153618,69936,110764,58585,90966,33782,84682,12002,49138,2301,12291,99,449,1,97,404,13
경기도,부천시,옥길동,2024,9833,376,56679,17374,161773,42987,361446,94787,320614,190114,190667,164313,150557,125371,144604,133559,157776,165340,166545,182696,166221,181239,185541,204163,220323,245650,235233,282452,240647,325931,176400,329893,140229,192577,137958,153775,128977,145109,41692,82758,6693,29998,392,1576,0,0,0,0
경기도,부천시,원미동,2024,23576,7300,70428,21895,117154,40519,278323,96054,271661,190320,162607,123308,129538,102068,124325,94841,134348,99397,126748,107310,115250,112740,120913,132305,129763,159553,151618,186797,153682,230233,95692,201978,70615,138601,59193,132541,38461,115330,19590,67252,5068,17768,773,3105,0,0,0,0
경기도,부천시,원종동,2024,34219,7474,219340,69512,342177,135723,780495,230984,790509,378841,459976,268275,371717,250774,352690,263907,382804,297618,366011,331722,337784,342553,350114,405291,402748,493727,437830,618483,456646,808301,320404,624740,250848,402737,215696,371054,174223,320966,91214,196413,21086,52816,2555,5965,12,16,0,0
경기도,부천시,작동,2024,1515,275,65793,48135,178114,135253,455218,302860,582306,444664,311896,240816,203758,183383,193229,205983,215905,212387,232170,208264,225291,185036,268100,216305,292747,278068,327581,353326,402509,507999,291575,369791,202520,242672,183395,219659,143044,188249,68349,101304,6915,20700,210,708,152,691,29,128
경기도,부천시,중동,2024,22700,6070,342972,180905,862123,420592,2103525,1025343,2242830,1955089,1243501,1461970,993879,1091195,1028206,1024641,1130132,1116006,1156528,1209545,1156813,1200059,1314690,1272773,1434300,1471929,1660323,1919259,1883140,2528738,1214550,1906871,1162136,1159676,1001618,985444,837879,863972,375078,525573,54950,154063,9617,27767,1005,6782,238,2235
경기도,부천시,춘의동,2024,10046,3142,111610,63260,229124,209629,535917,762548,645048,1274954,355560,561401,270317,308314,260272,250408,288783,267740,295986,277441,289900,254529,324051,265722,379136,310303,736352,393997,996277,524872,458351,404025,301429,268306,230343,235364,152909,194211,73633,117150,21690,48850,3754,5167,297,1515,44,367
경기도,성남시,갈현동,2024,0,0,1594,19636,4332,13875,9886,23292,12524,26565,7624,21067,8430,19901,9696,19662,9866,19955,9994,18898,9916,18251,9530,19541,10177,23004,10707,25063,10161,29708,5095,21857,3311,12740,2886,11015,1785,9259,849,5337,365,2003,47,398,3,33,0,0
경기도,성남시,고등동,2024,1934,281,14462,4310,58337,21685,147270,51665,162106,87374,96315,58003,61404,33341,55285,29762,53331,36626,55405,42738,53986,45709,55670,60790,64523,78582,96724,92837,85278,123453,41894,118272,34514,90698,28875,77452,17302,69208,7412,31792,2265,7695,43,58,0,0,0,0
경기도,성남시,구미동,2024,27850,1310,179627,81089,763395,639359,1733005,1250265,2000022,2121565,1515106,1527337,1290061,1115185,1238983,1046518,1226745,1084118,1229861,1147483,1220813,1129581,1407698,1231340,1433200,1322481,1641657,1563910,1737152,1904212,991155,1547807,792757,1068452,745545,948941,611115,901387,271185,491570,53901,151949,4523,14494,1718,4840,1493,1098
경기도,성남시,궁내동,2024,1,0,2277,1711,8529,6595,21615,14003,23922,30831,21025,16627,16109,9961,14484,10653,12954,11709,13124,12405,14850,13138,15077,16070,15504,18700,22167,21412,23693,23167,10769,24227,7736,19206,6014,16052,3898,15467,1320,5420,100,424,4,2,0,0,0,0
경기도,성남시,금곡동,2024,2349,1026,32815,37445,147776,150994,288671,359002,339993,480978,226271,398590,197699,322136,216072,308069,247585,284403,273491,277259,282308,291249,359654,344983,397511,362081,475051,396797,549551,392640,465684,249575,365519,183791,341687,160216,323436,167194,149536,80320,34276,29526,4411,4916,1189,1980,608,487
경기도,성남시,금광동,2024,48434,8194,251357,71673,494688,217579,1183019,564667,1414900,977117,821283,693738,552003,482129,520915,426150,585163,505089,543351,541741,512645,512184,621106,657671,759063,811479,770176,951327,822181,1254537,589292,970210,397698,656819,342405,596822,273763,514265,150647,289768,28466,76804,3300,5193,464,1620,1330,668
경기도,성남시,금토동,2024,449,1,1226,12345,5058,54522,14058,90764,21724,110163,14571,104193,8520,41394,11291,13475,11248,12736,10188,13635,14897,9490,31879,9132,67515,10281,53556,10632,42770,13436,21267,13857,11859,11450,6596,10945,3518,8851,878,5588,22,1101,0,4,0,0,0,0
경기도,성남시,단대동,2024,23714,6381,31379,23688,59095,56405,130839,152058,180852,226476,129136,107228,98088,72881,77477,73335,89198,84228,95981,82188,81330,81413,100768,92917,107609,112887,115830,126810,134417,137583,102000,82407,71269,55631,59618,44189,41759,34219,10084,10488,203,1271,506,732,194,184,267,4
경기도,성남시,대장동,2024,1348,104,13328,4230,72075,25280,133310,24903,110719,31719,80194,19834,58178,17474,51813,20620,48747,27543,49064,32813,44032,36452,55596,48669,60890,61266,52228,76316,40128,96904,26695,106675,17988,81088,17409,66178,13992,69250,8905,35527,3917,10287,2577,1893,1247,379,586,97
경기도,성남시,도촌동,2024,13617,1773,51500,11814,104028,29471,218916,52452,213626,101717,137462,57085,108267,54059,97791,60300,98667,71315,94831,79186,88670,88495,94733,114695,97312,147463,103680,159499,100323,189530,57674,163070,42059,118587,33807,106581,21376,102101,9240,57464,1626,17542,21,375,0,5,0,0
경기도,성남시,동원동,2024,2,3,409,1395,3601,6248,7144,13727,8016,30409,6502,11459,5564,8773,5539,7710,6423,7946,7313,7581,5973,8086,6215,9536,10796,11640,13728,11960,11655,12243,5616,9838,4513,6354,3721,6508,1367,5346,624,3343,245,1034,23,73,5,32,0,16
경기도,성남시,백현동,2024,4676,1501,91514,80316,429936,586395,1448936,2041063,1783563,3163684,1344407,2974948,800609,1464894,659437,880983,722500,790323,769828,757560,819381,720549,1044840,768603,1348512,913855,2405478,1191250,3053080,1397678,2317764,1006656,1677631,636395,1175105,562015,788835,562072,320074,291433,40811,83371,1823,4765,134,244,43,171
경기도,성남시,복정동,2024,6551,8596,42865,40494,145496,111375,418070,247155,497327,607224,293826,429629,220815,283588,222287,211047,281971,249380,262640,255111,274017,230039,339695,246711,408700,298492,437310,366656,442422,503007,238902,381826,203655,249700,200224,234009,169471,219389,82130,139561,25799,52686,5320,10397,594,1171,151,2545
경기도,성남시,분당동,2024,617,210,25141,14617,129990,27752,250721,72507,253810,106856,190654,71375,143395,63614,121682,54694,123353,68277,115149,77826,99213,89527,119836,107202,138863,131462,132236,144795,106832,192525,64727,200874,51993,162754,40161,143838,33481,145053,14754,82075,3063,17295,4,23,0,0,0,0
경기도,성남시,사송동,2024,174,4,478,618,2325,4200,5565,7925,6639,13457,6096,8287,4057,5095,4164,4003,5628,3540,6340,3575,6546,3556,8767,4498,10903,5162,11955,4734,8973,5360,4116,5284,7123,4113,2377,3722,1164,3230,503,1758,24,315,3,17,0,1,0,0
경기도,성남시,산성동,2024,9170,2449,76253,25635,155286,69130,405679,150745,450985,235218,247039,141246,174437,114633,149720,104941,146154,116712,139110,123193,124027,132405,139081,169931,146331,204040,150372,265440,132302,400881,81073,323049,57112,207858,46298,186191,32339,167911,11084,89168,2453,31025,636,671,130,144,1,0
경기도,성남시,삼평동,2024,472,298,50936,147922,122882,356159,317687,1455695,392005,2044889,279234,1586287,189055,688125,190816,264236,225061,262033,238939,263032,322382,236084,437247,269876,594889,349568,1308554,674764,1345989,676524,854405,402908,573717,233488,440697,195492,290189,167687,108808,80729,19062,14465,1360,2592,377,816,197,302
경기도,성남시,상대원동,2024,68281,13403,172600,121478,304656,331102,641692,837869,748502,1252319,442673,482996,350350,295901,344430,285295,376432,318318,377067,323427,375173,326480,430515,424760,552480,519252,977758,575421,1046313,647577,480781,495169,285449,355293,207853,319797,112967,249633,42613,122993,6390,35904,905,7061,445,750,410,502
경기도,성남시,상적동,2024,99,39,942,580,3011,5520,8596,11005,10953,19702,8967,24681,7834,20294,7201,12069,10441,12286,14774,10070,19077,8796,20380,9285,19307,9617,18720,12375,19326,13179,14975,10850,15080,8013,10430,6736,3488,5146,1419,2669,84,155,0,0,0,0,0,0
경기도,성남시,서현동,2024,8068,5048,146241,140752,445637,419640,1008533,1008593,1147660,1887565,881286,1520641,759652,1013303,781783,903518,867535,949545,931220,1027715,967359,1008588,1122177,1038991,1265165,1193945,1567911,1392643,1886385,1572234,1266261,1244189,1119914,823193,968879,678085,806969,629905,345176,348733,44239,90332,7027,11325,3569,3597,2029,2402
경기도,성남시,석운동,2024,0,0,339,553,709,1093,3651,2696,3357,6380,3536,3101,1919,1584,1597,1207,1616,1331,1769,1606,1857,1667,2153,1880,2915,1990,3978,2747,4677,3348,1364,4052,2335,2044,714,1761,196,1519,64,1301,0,2,0,0,0,0,0,0
경기도,성남시,성남동,2024,45783,30205,467960,313542,747161,631361,1665699,1253501,2075875,1854746,1453384,1410164,1095106,1195982,1112129,1231267,1246929,1246532,1269384,1271497,1255318,1242357,1421383,1422708,1651698,1538212,1621168,1700059,1656227,2123007,1195244,1519044,932590,1056264,888672,958995,727551,758941,394770,435295,68483,96715,15035,22143,5059,4776,4010,2843
경기도,성남시,수내동,2024,6180,1952,80912,72073,248763,200785,583665,552713,669924,1142641,483411,806890,390284,474794,394380,396665,446188,418886,476962,455022,503206,453029,567445,484892,662194,567561,874354,674334,1077668,746798,654408,622788,550883,426209,449329,373611,389036,375694,104805,185268,12157,52688,3098,7911,719,1889,385,690
경기도,성남시,수진동,2024,12414,9998,53388,34435,102102,53416,224683,81262,275895,162929,196778,143881,144106,133094,142912,139321,164484,151477,172505,161423,176706,172694,202248,219214,227612,233735,242719,230241,268465,263079,194929,199868,151265,163199,129438,182514,99287,137912,50039,61914,18361,27998,5751,9306,419,785,0,0
경기도,성남시,시흥동,2024,335,100,2715,12303,9879,50476,38802,143805,50085,229683,39836,191424,27740,74324,29033,37051,37830,34965,39456,32264,55403,26946,74683,28470,110978,38428,212370,46195,228826,47917,153005,35902,93825,25861,70032,21610,37427,15960,9569,9236,1382,2203,138,419,5,0,0,0
경기도,성남시,신촌동,2024,59,46,459,169,3643,3354,5229,6072,6675,6462,5252,4584,4224,3181,4089,2436,4646,3021,4565,3508,4177,3298,4561,4060,7298,5602,10486,6321,7409,7404,4317,7009,2219,4866,1443,4431,1461,4161,572,2587,110,787,0,12,0,0,0,0
경기도,성남시,신흥동,2024,83302,21587,308891,87417,574623,224845,1334468,421550,1534652,725764,873513,496909,637395,456227,613402,478463,649905,550122,633970,605614,613959,627755,686016,760365,774945,896622,827082,1027018,868334,1366415,544861,1045301,406308,667044,331328,587115,250386,514832,106768,288207,18475,85425,5444,10177,876,611,1948,116
경기도,성남시,심곡동,2024,105,5,788,210,7404,3388,19246,19083,22354,12116,12553,5067,11229,4722,11350,4762,14390,5587,11411,5959,11730,7793,17082,13682,37862,16414,18386,14558,20680,15547,9256,14415,6207,13619,4430,14300,2057,16387,1207,9382,276,2623,9,13,0,0,0,0
경기도,성남시,야탑동,2024,22622,33618,341293,300303,685194,648344,1686780,1470896,1982458,2582653,1352152,1660309,1029322,1179282,1037497,1081633,1121314,1149309,1142023,1225654,1200465,1156224,1464819,1331333,1663216,1486731,1914683,1710173,2283913,2114456,1381386,1523677,1100696,1029351,1029705,865736,800984,772336,343313,410067,49099,91111,5882,9305,3716,2578,1883,1278
경기도,성남시,양지동,2024,67441,5781,93212,12802,134294,30984,283093,57847,291980,77969,188043,56324,161320,43134,174472,45121,199868,49475,189189,50499,190352,49076,206201,55937,234837,61683,210428,74114,178778,76661,123259,41460,100877,30432,76564,23032,50140,16213,16551,5154,116,58,99,45,100,35,675,43
경기도,성남시,여수동,2024,1661,2294,12843,12003,45590,21143,134931,56460,160907,144143,92363,66427,63473,40698,60444,42015,62012,46076,65253,50444,65188,49736,74256,58507,81477,71113,105353,80950,144874,104514,62983,81450,57059,56365,53292,50157,28912,45012,10892,22409,1836,4935,114,919,3,23,0,0
경기도,성남시,오야동,2024,46,5,259,52,3304,1013,7726,3759,9506,5441,5429,5207,4521,3283,3853,2588,4132,2798,4492,3268,3966,3157,4188,4605,4524,5507,5723,5911,5838,7419,3131,6597,3998,4588,3278,4350,1228,3801,540,2237,130,584,2,4,0,0,0,0
경기도,성남시,운중동,2024,1520,296,27645,12785,95122,36992,231786,106883,223410,211283,164238,130603,125466,79746,115581,76791,119581,86175,117156,97771,111033,101063,137830,123005,164578,144343,179643,182335,181160,215302,110664,217181,90699,151354,83748,129245,62256,124004,26616,70485,7865,20965,2257,1833,1169,450,519,244
경기도,성남시,율동,2024,0,0,763,1,3155,3,7704,7777,9491,9832,7529,9247,7851,6002,8138,5053,7738,6792,9123,6268,10112,6766,12267,6318,12033,6045,24030,5901,9176,5969,7093,8495,6243,8086,4715,7250,2791,6090,614,2462,0,0,0,0,0,0,0,0
경기도,성남시,은행동,2024,1551,883,11741,9615,67350,38224,192275,77266,242419,220658,146091,260165,116313,186603,107548,184070,111821,205763,104027,213799,97935,203231,99849,238700,109845,293080,99042,317369,88054,385127,65719,319502,45132,220935,33620,205342,24486,192525,10796,111550,3570,35921,1509,10188,326,2337,131,615
경기도,성남시,이매동,2024,4837,7382,91354,96408,256370,186288,594264,472086,637526,646146,454682,374472,378767,287988,364965,276991,390384,301897,368673,331546,357644,319074,429084,370980,602930,436065,586169,537597,637664,634084,381343,512652,326878,357800,336652,315135,293394,321317,117607,162454,24264,42363,1791,6632,630,733,245,396
경기도,성남시,정자동,2024,10675,1841,123648,88404,468273,450772,1179092,1295280,1459342,2099237,1068095,1343377,777744,811705,741294,696794,791636,730483,812053,789358,785600,736147,979970,845800,1139446,1030514,1673202,1398015,1934091,1710846,1146495,1298398,902831,875081,896203,768257,959354,729905,290529,397826,58665,153722,6349,9990,2229,2625,1207,983
경기도,성남시,중앙동,2024,973,1119,31118,14592,83723,42612,185368,97826,225785,171976,137822,127696,120250,119212,133309,131024,153668,143266,160203,156887,169738,161587,220888,197646,286115,225438,262776,218536,288746,232190,230613,188913,185379,141619,177848,133975,151033,115892,82622,64694,23805,20304,7461,11467,960,2463,98,1728
경기도,성남시,창곡동,2024,11431,1410,34613,29106,142297,71664,298955,135213,317800,258223,211515,178970,166825,122463,152109,113855,163215,138548,159559,151950,149937,153100,186243,179364,202712,212357,189963,241008,201432,290746,141450,271771,115179,172249,122354,150203,104690,139220,32491,61811,7901,23317,3627,6834,549,439,733,915
경기도,성남시,태평동,2024,108624,25718,466020,129514,662824,283076,1360937,533139,1821979,1240548,1261145,925976,884368,792250,824989,729033,884182,830725,885493,829089,876795,832571,951933,967028,1100045,1094435,1144760,1230789,1014205,1512442,689493,1153690,528711,857819,458427,883540,368560,750653,177109,433729,10271,51187,2910,9570,646,2571,3464,1780
경기도,성남시,판교동,2024,943,86,21523,9242,90661,34920,223655,82904,235928,167162,159400,113195,129341,91536,115336,81328,129470,93249,126281,103785,117791,110861,139456,132491,163510,160977,182631,198016,159428,217682,100449,212267,77013,147452,74959,126642,69225,141292,27322,64637,4323,16578,1244,1211,560,357,310,190
경기도,성남시,하대원동,2024,15855,1247,61457,17592,107252,53970,234535,110014,297148,209233,179083,95892,132818,82615,125264,93614,133660,110221,138780,114564,127898,116969,158831,157052,178120,196367,170670,207301,177764,250901,114863,210198,92405,138771,77555,129062,45812,107402,13547,53917,3154,16876,843,4060,208,322,149,127
경기도,수원시,고등동,2024,7343,2545,28885,17665,71848,30512,130177,61377,137628,114926,80826,65668,58538,58640,57319,58925,58035,63969,55722,69029,47616,68491,51418,83331,85465,103046,73815,117871,54098,130155,39890,114478,28856,87951,23813,82097,17916,68996,9561,35552,4306,14172,617,2690,133,412,82,163
경기도,수원시,고색동,2024,10387,1524,62948,32296,164480,137314,332463,507725,323785,662224,184966,182710,136577,112750,143080,120188,157847,127309,147785,128087,145973,128739,170313,149637,223059,199611,455631,246681,481327,289275,208932,260234,190619,179900,131561,140054,80728,120277,33588,68872,10289,33473,571,1476,11,507,2,147
경기도,수원시,곡반정동,2024,354,2,26887,3801,52023,9472,96129,23941,107626,28077,70481,16555,54665,13309,46378,10979,47154,12904,48239,14535,42203,13829,43547,16798,46213,21243,49276,23480,49767,29006,34893,26283,28513,19229,25024,17493,21390,15260,5797,7020,42,2665,1,222,0,0,0,0
경기도,수원시,교동,2024,5160,1519,25841,8798,50356,19449,85057,36543,93365,80842,67549,78524,54455,68912,57914,71559,58776,71804,57438,80539,57640,74876,59912,78060,68673,89053,72376,93026,67266,97177,41212,74709,33082,56414,40817,54958,28731,42718,7259,24517,2599,10559,271,1508,46,1142,3,49
경기도,수원시,구운동,2024,2555,955,37792,13918,110610,35789,199976,60725,204724,110642,139469,94456,107732,82250,105467,88046,116375,99298,117012,101301,108691,99173,110585,117008,120278,146567,131269,170485,135232,202633,92986,180155,80225,133073,68182,117318,48263,109951,19724,58384,4751,18171,345,3388,0,6,0,0
경기도,수원시,구천동,2024,60,67,5632,5139,18214,17925,35221,32845,33816,56330,28962,54613,26263,55001,30015,59267,34699,58139,39719,55358,43308,51563,48196,47625,48109,46375,48182,44930,40915,41038,27099,28994,19498,22182,15830,20004,11525,17680,6459,10034,1510,2114,54,32,0,2,0,0
경기도,수원시,권선동,2024,9097,744,164570,47493,428812,145901,789555,263574,757131,486278,504183,336231,399862,278159,390736,282066,411169,318731,384266,352101,352174,356416,398778,442249,475997,540589,465001,631767,458471,812731,335408,716807,276850,529533,249186,458426,191137,428006,71470,260829,17211,93770,1952,19159,28,748,1,0
경기도,수원시,금곡동,2024,9491,548,57659,18285,186182,39540,301356,73475,294782,200838,203352,134865,180208,115925,175810,121826,181863,148012,176088,174395,163967,178081,178009,209010,211969,265497,206216,300254,194458,329835,142362,339462,123253,237071,121545,199571,103235,183457,45746,106887,7409,34158,431,5784,1,5,0,0
경기도,수원시,남수동,2024,0,0,5390,1368,9125,3671,9736,13437,10807,25739,8022,11440,6248,11586,6959,11928,9046,14295,10406,15607,11405,15419,14632,16695,16466,19198,16432,18712,14521,18479,9437,15262,10388,10427,9659,9145,5666,7133,1754,3958,507,1617,37,193,0,0,0,0
경기도,수원시,당수동,2024,1427,257,13179,2676,54501,7121,95843,20823,93178,35462,56342,18699,45463,16946,40264,20466,41605,27397,39915,29153,33732,30187,38587,41096,37369,55542,39298,64017,38013,82752,27052,83437,17835,57219,12948,48544,10327,46602,6547,29744,2065,6473,173,402,1,0,0,0
경기도,수원시,대황교동,2024,3,4,5660,2192,15272,6178,29482,10452,26259,12837,16447,5996,11420,4899,9940,4207,10241,5193,10057,5869,9271,6230,10431,7595,12581,10108,16664,12909,15321,19375,10036,16670,6068,10535,5398,9541,4065,7606,1951,3245,481,743,7,23,0,0,0,0
경기도,수원시,망포동,2024,3182,406,84887,39981,211206,77837,350658,142201,354855,228719,243592,165724,179979,111367,174300,115394,186304,133110,184273,151037,176323,151567,204365,188467,245973,242235,276430,282857,305963,321403,249325,283879,195553,206808,181281,183597,169435,182430,81474,106460,20968,47284,2977,6529,119,356,0,0
경기도,수원시,매교동,2024,4714,36,80633,26978,163793,52567,338180,116365,359715,237347,195238,116111,137881,93587,133245,102819,144788,118772,137215,118955,128804,129837,143169,150529,202820,199014,206926,263793,185707,333575,120063,249015,90935,181016,79306,154646,64415,134717,22042,68058,4289,13942,35,189,0,10,0,0
경기도,수원시,매산로1가,2024,62962,25377,440710,265439,817699,976936,1683619,1670108,1773650,1979201,1258345,1799136,1124283,1658027,1268308,1689622,1427004,1876675,1529911,1785331,1549055,1746998,1878100,1838014,2263826,2106057,2398818,2392567,2718032,2725993,2239404,2012882,2139199,1286493,1753485,1042309,1539474,789523,723170,440686,136408,146070,7414,7992,1719,3708,1225,1144
경기도,수원시,매산로2가,2024,2209,2327,17696,14217,33825,37181,59370,56102,77350,87054,61791,80569,41994,70197,42550,74707,46786,76795,49466,77815,47217,78946,48350,89060,55752,105576,64648,115157,69447,112003,43249,81618,36318,60224,35555,63459,30211,46900,14355,17249,5385,5668,400,751,104,730,8,54
경기도,수원시,매산로3가,2024,0,0,242,100,1492,507,3454,1288,4645,2646,2135,2263,1617,1487,1283,1267,1168,1540,1562,1568,2032,1731,1988,2029,2220,2629,2381,2849,2870,3492,1508,3375,1224,2494,1182,2224,1170,2112,295,1140,130,277,0,0,0,0,0,0
경기도,수원시,매탄동,2024,997,0,117015,56830,271782,102136,487632,207053,513876,403801,381536,279464,304729,205163,305487,206720,323512,221714,327210,244749,320105,250677,356952,290351,433350,354348,417963,397567,386367,455322,262131,401635,225604,316123,229859,298196,205168,282959,85823,154332,21144,56076,1051,4642,3,15,0,0
경기도,수원시,매향동,2024,1604,694,2817,1186,6885,2817,13131,7448,13026,18114,9543,9445,10416,11586,9908,13450,12325,15765,13659,15130,13108,14310,16848,16825,21886,17020,27484,15235,17175,16516,11100,12139,10070,8433,7672,6405,4220,3526,957,1922,119,497,2,6,0,0,0,0
경기도,수원시,북수동,2024,403,396,5832,7789,11425,20349,24068,67450,36907,126935,32673,59901,30300,66826,34319,83075,44834,100410,49467,108187,53183,104099,79877,110930,106569,116355,113388,110812,88178,102977,72740,71049,66843,42315,69466,35056,45834,25883,18606,13959,5029,4771,237,182,0,0,0,0
경기도,수원시,상광교동,2024,0,0,1,594,632,2211,1625,6902,2805,7590,4541,9105,7249,12885,11650,13855,17318,12559,22408,9982,22294,8088,19038,5979,13808,4201,11070,2823,7930,1816,4712,1396,2846,1262,1313,814,321,274,43,1,0,0,0,0,0,0,0,0
경기도,수원시,서둔동,2024,4894,3045,62219,61994,138308,180934,261389,290131,299422,326090,204387,255871,164264,218963,170194,212199,201861,240772,224108,229477,230061,215803,282576,231933,349600,269006,373754,273841,423327,281066,348018,197646,294398,136065,233313,113419,198997,94873,69547,39763,12104,10425,31,284,4,2,0,0
경기도,수원시,세류동,2024,12775,3493,98889,57697,195438,122452,358364,198710,379790,253810,275883,193047,204755,174604,193763,182992,199837,201242,194159,202408,180464,211549,193280,261297,213661,306697,224418,320347,234898,355990,172634,314782,126879,241738,112035,235181,82896,196100,40983,97221,12490,35108,634,3884,6,30,0,0
경기도,수원시,송죽동,2024,7304,1820,45099,17533,93932,38414,161621,55334,157980,102758,109439,81250,89780,75560,89844,79965,96213,91623,93945,101159,89615,105114,95625,125265,103365,153900,110040,179102,107336,217750,76333,241483,74039,170483,86518,144085,65299,125745,19415,77319,6098,32978,1613,4845,558,1954,214,403
경기도,수원시,신동,2024,0,0,563,1130,7213,8814,17546,19479,21229,38537,15534,16969,9567,9218,10164,9554,10966,9953,11940,10792,12400,10411,13491,11939,19336,13573,21626,15282,23632,15973,13482,12244,11341,9348,10800,11113,9744,10546,4081,4919,698,1797,20,74,0,0,0,0
경기도,수원시,신풍동,2024,894,321,7551,4578,11678,9132,14513,18708,17658,55205,17298,38353,14448,39503,18773,45308,25734,49109,28741,49195,37408,45762,53609,40079,65152,37921,74755,35770,70803,28152,57593,18279,61835,11138,55535,7921,28153,6418,6881,2204,925,642,7,8,0,0,0,0
경기도,수원시,연무동,2024,7483,321,26265,5554,46203,14000,76917,25008,105222,43707,80626,43871,73629,43650,74768,43405,79409,45334,81798,49513,77186,51584,80933,67942,87520,82851,85755,83858,69660,102483,52050,118288,38352,90605,31235,89232,19168,77484,7332,53990,2151,21768,472,3333,0,4,0,0
경기도,수원시,영동,2024,194,773,3565,4117,7999,8958,15769,13585,21576,29209,21770,39146,29873,48147,41787,55214,47738,54512,49811,48511,55040,46215,63234,46747,65351,46645,59407,34391,52950,30292,27867,21056,18414,15205,14833,16654,11633,14122,3842,5313,1115,2161,5,22,0,0,0,0
경기도,수원시,영통동,2024,17078,742,280013,158444,861861,453218,1839264,1072610,1764889,1700902,1055320,1012186,833261,732613,810850,710250,878930,789648,878331,841033,850932,817512,980618,958792,1152792,1163562,1447960,1552988,1656586,1991487,1020967,1684070,837978,1153944,789169,970929,758542,941484,298600,619208,51682,185623,3746,35173,51,510,0,1
경기도,수원시,영화동,2024,20589,6482,119130,49763,187153,89427,288391,165832,338141,332224,275295,228937,234825,218152,239275,254813,252016,279395,261266,296148,251275,289753,281009,320156,327334,360856,355108,369947,321861,380092,250301,315415,219246,225756,196971,204590,144759,166642,63650,88881,22033,33485,3404,3508,634,1172,434,314
경기도,수원시,오목천동,2024,4287,459,48131,20054,155775,74627,323583,168026,358488,316912,232221,183265,177195,128588,175173,128714,196323,151022,183886,164621,160872,147906,189932,186825,260967,243017,251110,250949,253293,337157,156856,236395,104030,157402,97334,139299,76009,142252,37397,76054,5077,14092,270,1783,2,333,0,165
경기도,수원시,우만동,2024,4428,811,87510,38710,212026,82136,349397,167212,367301,271968,285394,204812,244755,176842,240099,174032,242853,182871,238402,204232,227841,198789,260637,242108,301522,281458,285369,273902,240216,317759,164893,284354,130403,208631,130956,201517,93708,185908,39932,98858,10803,34218,882,4547,2,11,0,0
경기도,수원시,원천동,2024,6317,290,81691,63387,212340,146091,425324,318022,451042,509466,360036,396868,313314,312637,314482,289298,328501,291545,342254,320204,338313,298689,421270,313315,500324,356121,504653,395531,450349,473775,289578,430020,247930,326161,230280,309893,189298,287671,92682,171258,24404,62695,2929,7170,10,17,0,0
경기도,수원시,율전동,2024,3470,812,119410,39565,410243,197590,942543,356785,851470,545773,476279,376738,378663,313422,340673,308557,382022,306930,370726,349941,351544,328008,392075,393137,488284,491177,546913,682214,590175,947714,433365,773079,321511,491110,294465,439369,249634,386368,127419,254576,16196,56412,597,2570,0,0,0,3
경기도,수원시,이목동,2024,116,49,9837,4067,32419,16498,55896,87160,62961,142892,42926,33700,39547,21741,37235,23296,40192,26974,37787,28535,41715,28799,68538,33004,104637,42884,76625,55146,64835,67579,26974,64842,18338,42266,20708,40928,10941,40776,5253,23707,1565,8570,254,1201,62,298,4,75
경기도,수원시,이의동,2024,3368,717,79551,35744,385613,225574,1079918,607499,1050327,1109921,641186,718645,434760,402514,449088,392641,474183,402730,475209,481301,486560,383658,606508,437234,767536,534733,869815,737194,911922,1000576,598807,870201,540946,538811,473340,483381,353546,489000,131449,293788,24099,117368,2147,6264,7,6,1,1
경기도,수원시,인계동,2024,3432,96,159485,107486,349694,259990,751487,583086,822186,1279355,523395,998132,485881,648132,565804,575376,621770,623100,613048,690036,647391,619115,768218,652668,877109,744852,936614,937051,1067196,1142006,637971,893077,554656,637941,573326,504691,483378,454101,203273,272882,31281,73105,727,8772,4,103,0,0
경기도,수원시,입북동,2024,62,120,4143,639,25894,3181,52773,9331,50175,13568,28750,8733,22647,9592,21713,10512,19699,14879,20488,15972,18529,16378,18067,22228,19039,29433,19227,30278,21321,38575,13605,39958,7993,29955,5793,25668,4061,27533,2461,15716,323,751,2,0,0,0,0,0
경기도,수원시,장안동,2024,3004,1616,20578,12410,25384,24988,44947,51536,49806,76207,39868,39570,31142,36584,30535,42145,36009,48626,41550,52338,44054,50594,56474,50472,77028,52486,101509,52362,75182,44598,68468,29142,71076,19738,74903,17543,52665,14819,15164,5626,3022,1342,80,135,108,213,0,1
경기도,수원시,장지동,2024,7273,39,50019,13641,116676,35227,192896,48954,132453,52074,74098,36228,62655,36494,55921,39249,55730,44384,50676,42865,48291,46164,56598,55255,75997,74712,86955,96412,65687,153254,40096,118706,32089,86145,27828,80489,15827,59059,5566,36291,195,11443,5,12,0,0,0,0
경기도,수원시,정자동,2024,15544,1269,104006,17212,354646,63300,617916,140022,578844,331527,386483,267599,324469,236714,330737,212073,371971,247596,343872,301046,317440,283248,375086,336690,414050,413904,423867,475897,361687,531116,245933,524812,191869,341012,181161,291781,182975,271132,58043,157338,13288,51697,718,6376,1,2,0,0
경기도,수원시,조원동,2024,12287,1567,80807,19442,244960,39685,345840,77637,316993,197856,233999,129799,195273,118223,192453,128825,187359,157605,178079,176905,164503,176540,174401,218000,210387,286891,217508,310626,188654,332627,133617,288435,139015,201532,151197,183953,124767,157123,35777,79574,7384,21120,1997,2770,885,1106,466,223
경기도,수원시,중동,2024,0,0,1197,1693,1520,3179,4957,12447,6210,18164,4594,20845,4460,20454,4364,22985,4436,21152,4597,20750,4603,18709,5071,15395,5773,14768,6914,13005,5783,13341,3829,9830,2994,7865,4002,7028,3349,5413,879,3471,314,1541,2,84,0,3,0,0
경기도,수원시,지동,2024,2874,1527,26376,14528,58374,32517,93302,83191,113949,124514,125205,113800,147552,124082,171071,129359,162154,121341,149249,126603,173953,124020,205932,127330,215984,136074,209818,111724,152375,104644,73840,79676,50776,58714,45339,57940,35442,50507,10091,21742,2226,6702,12,70,0,0,0,0
경기도,수원시,천천동,2024,1502,322,24531,7066,121640,78341,240966,174146,230059,264452,153191,159291,131994,123972,133517,115434,153560,128995,153195,143142,137567,132111,169302,155429,203340,189964,223227,214294,212254,214764,157253,193339,116921,134230,109525,122158,93390,123630,41833,64860,6434,20224,154,1787,0,0,0,0
경기도,수원시,탑동,2024,10723,296,71004,10766,144200,40955,258496,77531,267174,168437,169990,102532,139029,93424,137388,99074,139387,112666,137142,116800,128686,119912,133576,152066,162150,201247,160106,218570,145145,250588,95661,201291,78909,155414,67873,144399,43915,122454,16915,58765,3080,21643,197,2346,0,21,0,0
경기도,수원시,파장동,2024,12776,2086,51883,13970,131917,35227,220510,72695,221179,145053,140666,101639,109085,81106,102784,84028,109530,86221,109424,92425,105353,95507,101680,120820,115685,146744,124398,170939,130176,211351,74788,213946,57905,142911,58367,129483,42424,125237,19571,63391,6520,26210,2474,4060,890,1437,428,553
경기도,수원시,팔달로1가,2024,627,147,2550,688,3655,777,4021,1930,4873,8518,4442,4543,4580,4939,4964,5836,5741,6497,6652,7019,6633,6180,8257,5726,9441,5936,9350,5553,9190,5394,7667,3749,6792,2014,6053,1676,4098,1108,812,438,382,217,146,110,0,0,0,0
경기도,수원시,팔달로2가,2024,1558,776,8277,8334,14836,16920,33393,36900,53320,86397,61275,121152,87174,145385,111728,169935,129816,177324,138682,162761,157192,142754,182114,128689,187230,118019,163264,96372,139861,78338,97743,52656,70027,33682,61636,27565,42754,22336,18907,11383,5484,4216,161,437,47,513,1,11
경기도,수원시,팔달로3가,2024,3944,1489,15727,5576,17196,10032,26374,26765,32882,50710,42749,65554,62227,83643,79922,103357,92677,105698,96906,105486,106830,89570,125720,81535,118630,71686,103326,59080,86613,49635,57428,35601,42576,23360,34737,16499,19106,8792,3937,4057,1721,2283,55,145,0,2,0,0
경기도,수원시,평동,2024,81,3,2118,5822,4897,23928,14856,31746,15018,44341,10472,35142,9166,26830,9488,24122,11812,26137,13560,25431,13566,23125,15252,24051,16859,26841,17563,30252,22054,31162,12628,18802,8723,12359,5120,11479,3338,8049,1910,3226,725,1540,33,61,0,0,9,0
경기도,수원시,하광교동,2024,718,871,1031,2740,3411,5304,5411,11519,6743,27665,7702,23828,9832,24403,14751,22876,17109,21935,18356,23265,17566,20328,19544,18155,22183,16109,17911,14106,12778,12771,11812,10301,10514,6381,8936,5606,6104,3659,2447,1609,583,861,224,34,48,14,33,52
경기도,수원시,하동,2024,2809,41,17074,9258,44420,28216,94345,61510,118786,159579,81192,162437,69701,99332,73907,74753,76149,75588,77498,85503,84366,82412,103855,90099,102280,101080,133931,111090,145656,123381,91599,109496,81328,77391,68944,62619,46364,54654,12666,31247,2169,11796,289,1045,8,7,1,0
경기도,수원시,호매실동,2024,10602,177,65657,7100,176748,32852,282581,76165,262779,172455,177897,100955,151882,76403,150691,80479,156205,94736,141118,108110,126058,109360,140752,127598,166484,169010,167335,190559,153312,213123,90322,212663,65119,155933,58495,135472,43284,124158,16037,72488,2527,27711,270,4840,4,368,0,202
경기도,수원시,화서동,2024,19973,3684,198944,57513,551295,199204,996648,402740,893836,578536,526301,443454,437381,447832,432128,550964,461109,627791,499614,668744,527271,634701,654475,681230,782245,737064,802301,820188,789352,1029819,638128,828884,478165,547781,438643,448562,370505,403046,92062,222583,10973,51993,781,4662,210,368,156,148
경기도,시흥시,거모동,2024,1280,27,35107,4689,60098,12364,121773,29814,112761,63332,73905,33295,60809,30928,53722,35584,52202,39328,55180,45144,51286,46702,54973,56072,61468,79805,62636,79111,53393,90342,31476,74770,28871,60386,21101,49378,16665,41164,6257,19641,3698,9527,1044,1816,1,0,0,0
경기도,시흥시,계수동,2024,180,250,5374,4581,21597,18404,28116,41809,29377,55843,22055,33513,15778,22512,16609,22671,20337,24199,21199,24257,22263,22063,27520,24142,29598,28081,46328,36608,50565,47367,36395,46608,26264,30323,24187,24296,16522,19948,7318,12289,954,2184,63,567,0,1,0,0
경기도,시흥시,과림동,2024,0,0,1723,3251,3523,25329,9460,53718,13009,65738,7791,16049,7993,10425,6491,8491,9206,7386,12393,6825,10434,6286,14851,6889,27174,8276,58822,11686,26011,9314,8843,7500,7251,7219,9910,6896,2219,4451,640,2232,71,439,0,0,0,0,0,0
경기도,시흥시,광석동,2024,958,21,32562,14282,83432,44797,188974,62871,155862,111227,93399,45682,71951,36215,67585,41528,65957,47671,62370,49072,56413,55661,64431,62328,86149,84709,93281,118095,101090,165545,46062,145787,36034,87175,28855,70978,20177,70765,8785,45757,646,9677,12,41,0,0,0,0
경기도,시흥시,군자동,2024,0,10,274,821,897,1585,1592,4705,3819,6818,2205,2676,1828,2401,1973,1960,2514,1947,3105,1776,2580,1757,2263,2019,3894,2547,3865,2754,3729,2402,1970,2202,2359,1273,1398,1210,776,1204,512,525,391,202,98,31,0,0,0,0
경기도,시흥시,금이동,2024,12,13,98,340,1693,3748,4229,13036,5784,11762,2526,4499,1444,2398,1779,2109,1756,1790,2395,2040,2559,1974,3327,2074,4798,2713,11555,3982,6032,3310,4175,4085,2480,1901,1322,1273,1349,1410,330,475,334,96,0,1,1,0,0,0
경기도,시흥시,논곡동,2024,936,328,6101,2839,13316,7991,31107,15604,34343,18037,19873,13193,15611,10870,15560,12198,15376,13176,15710,16165,14282,17366,16065,22168,17363,27373,21135,32356,17370,41645,13728,41230,9487,24676,8017,22213,6849,17086,4000,9430,1125,2537,216,452,53,67,0,0
경기도,시흥시,능곡동,2024,2590,26,44877,12795,147031,57119,266309,114945,233570,203214,134652,117194,111018,94471,116619,96499,131350,103916,120724,119885,113177,121194,131752,123595,158206,171212,173271,206903,176512,263040,127187,221440,98573,137503,93322,107223,73825,105841,37869,68223,6016,20071,359,2539,8,633,0,0
경기도,시흥시,대야동,2024,3882,241,77852,30478,200453,82463,427497,149273,403752,261949,212383,159335,173594,122024,165545,126789,182647,144154,168378,159295,158735,155112,178192,183991,213792,234237,225172,301728,233788,398119,152515,356237,118567,216937,97922,196832,77723,171322,36378,112743,5932,27110,88,1175,0,0,2,2
경기도,시흥시,도창동,2024,104,26,3252,1548,8178,9131,16615,15277,20112,24697,11870,12510,10619,5099,8783,4977,10058,5753,9975,5548,8803,6410,11094,7884,14833,9175,25841,12701,20567,14510,8650,13849,5526,10309,4324,7837,2087,6881,797,4186,199,1451,7,44,0,1,0,0
경기도,시흥시,매화동,2024,488,15,13530,2775,34499,8362,69051,24880,64866,57997,42673,17487,36668,16067,32810,17160,34829,21877,32041,25224,28702,25673,30549,31166,39740,39369,45016,44946,34868,62196,19746,52525,16563,40961,10212,35153,8265,37859,2323,17936,685,5286,43,178,0,1,0,3
경기도,시흥시,목감동,2024,247,268,11711,3481,27887,11792,40174,19700,38740,29990,28068,17491,23299,12959,21659,13388,21232,13787,21251,15605,20077,16519,21579,20732,25709,27221,31994,31240,30829,33246,19313,33913,15071,22529,12428,20052,10266,18226,5525,11990,3173,6909,2148,2718,485,365,0,0
경기도,시흥시,무지내동,2024,0,0,185,877,684,6966,2006,25242,2600,36502,2164,9697,2385,4613,3409,3502,3451,2695,6278,2745,4223,2204,7995,2315,18024,2840,23172,2534,12768,2261,9729,2616,4784,1989,3120,2047,640,1379,114,552,30,146,1,0,0,0,0,0
경기도,시흥시,물왕동,2024,0,0,150,714,773,3287,1411,7499,1938,12129,2116,14359,2165,7864,2244,8870,3408,8593,4925,6047,7066,4808,9621,4456,8233,5036,7422,5667,7143,5097,6567,4415,13039,3035,5450,2084,1697,1381,352,1029,70,334,0,1,0,0,0,0
경기도,시흥시,미산동,2024,314,45,26094,10632,58305,27158,118424,59734,129354,80355,76238,56860,58911,43821,56748,42876,61761,41426,58177,39764,62328,42070,54415,53576,60135,69923,79426,80926,78200,104602,46907,87900,29053,53021,23459,49630,15446,44482,8240,29786,2198,5926,258,232,0,0,0,0
경기도,시흥시,방산동,2024,0,0,94,309,308,2523,843,12007,2065,10631,1337,3677,1309,2347,1917,1751,1981,1976,1933,1765,2234,1536,3124,1731,4140,1982,7406,2298,5487,1782,1995,1297,1752,895,499,704,367,641,112,278,27,103,5,19,0,0,0,0
경기도,시흥시,배곧동,2024,5183,84,53819,3158,184150,29711,285788,72404,277346,194009,176215,140602,140883,104662,143088,126458,156527,143842,158868,165673,162680,180184,194606,197385,217454,253664,222867,266692,216793,308560,168999,319145,153517,214577,165369,182239,130220,165446,41147,112598,11165,49718,2160,9048,154,302,0,0
경기도,시흥시,산현동,2024,41,0,7420,983,28970,2766,52959,4576,69756,6705,24720,5496,19180,6315,17002,6740,17144,9844,17699,12501,16014,11452,15652,21111,16732,29219,17863,24537,14976,27345,11253,27322,6924,21209,5816,16297,4740,15300,1785,7834,131,963,0,1,0,0,0,0
경기도,시흥시,신천동,2024,3436,1129,140773,57452,277762,139635,597762,278365,559764,428669,332699,280998,281971,232257,295103,234828,334404,255817,299989,278847,277805,264073,302724,301245,355977,363413,390353,449435,409748,573993,290528,474927,205798,281625,165193,259053,134453,222416,72860,152331,13701,36374,665,2406,0,0,0,0
경기도,시흥시,안현동,2024,6,26,346,816,273,3541,548,6430,1032,11310,923,4022,940,2016,1101,2302,1324,2482,1772,2015,1796,1986,2593,2250,3042,3074,3870,3632,4480,4263,1598,3054,2037,2306,1592,1523,886,1417,168,1040,21,282,11,140,0,0,0,0
경기도,시흥시,월곶동,2024,1576,247,33407,9683,104584,57420,211013,96441,237118,131538,142625,110201,103396,113490,108743,120729,116258,125472,114716,119366,115302,109257,125238,123691,143443,150039,153461,177287,200660,216880,111910,150258,75698,112265,71362,108082,54932,92903,24725,51625,6350,15760,473,1562,0,6,0,0
경기도,시흥시,은행동,2024,4067,393,68664,11453,203162,37312,375800,81844,331413,221008,199761,108795,150639,87073,145192,93039,154436,114083,146406,130097,132393,135111,146425,156984,176329,201077,174000,241886,158656,290331,115911,310290,101948,199271,93889,157361,80388,140305,30737,92029,8817,34091,696,4340,0,0,0,0
경기도,시흥시,장곡동,2024,32,0,37665,4493,123194,15135,181538,37327,170516,110249,95183,55341,79190,46374,82371,49787,88489,58255,82733,73934,73139,79410,86927,88776,101261,118500,91362,143993,81060,165947,62227,168980,55279,108618,49740,86347,43441,77203,20742,55738,5819,20250,435,5009,17,303,0,1
경기도,시흥시,장현동,2024,507,1,23875,19681,101516,68713,164465,144455,206004,166009,97139,90088,76541,67818,74303,66043,82318,76998,86508,78611,86840,78596,97088,91530,125565,128522,136335,143240,174763,154359,148941,148969,90073,101132,77845,82085,72795,76461,44260,46518,10269,14592,373,1990,7,103,0,1
경기도,시흥시,정왕동,2024,12126,2443,340458,126361,745072,619525,1274951,1103772,1273167,1445743,840636,888709,724070,671095,734267,670744,784987,711567,793846,742890,793506,748747,946175,834006,1130509,936176,1363634,1144243,1377935,1341635,833632,1060708,657362,801481,526101,700762,365483,582392,143437,347583,32050,133025,1352,14218,17,749,0,0
경기도,시흥시,조남동,2024,1162,7,33985,8096,129718,38029,207683,65319,178453,151596,120714,67294,93709,56349,88780,58381,96292,71128,88068,80901,77323,85352,106329,108581,124807,135017,107071,164884,100879,196370,78343,209718,65790,142677,51651,117266,45007,103005,21857,65481,6046,19394,1282,3711,50,80,0,0
경기도,시흥시,죽율동,2024,0,0,3104,450,14042,1899,36598,8141,39828,5701,20193,5836,15068,5482,14080,7040,13675,9175,14476,12016,11487,10295,13086,19603,15952,25455,12269,20460,11871,27065,8646,24949,5151,17641,4408,17942,3270,15793,1386,6444,866,3282,171,779,0,0,0,0
경기도,시흥시,포동,2024,0,0,230,100,2549,3809,8267,12721,10516,13992,3594,6232,3346,4776,2734,5359,3280,5780,2835,6153,3334,7151,3131,7711,3511,9587,5430,9485,4397,10281,1630,6322,1956,5564,1161,5039,711,4500,269,2614,30,1601,0,275,0,0,0,0
경기도,시흥시,하상동,2024,0,0,8628,1896,29165,3800,52026,15849,44526,72255,31971,14240,26565,11375,25141,12298,27442,15517,32138,19025,24637,20527,32994,24249,52808,28902,47208,34580,22668,44064,15589,43946,12993,31776,10679,28687,9615,26279,4346,17939,1403,5986,125,788,0,0,0,0
경기도,시흥시,하중동,2024,7,4,13233,4095,34948,11594,53794,21453,65923,46549,45295,34285,36842,25056,38322,24320,39810,29823,35572,32209,35907,35073,35708,40635,40056,48664,42957,54649,36791,63805,23668,58292,18486,39533,16439,36438,11862,33102,6255,22174,2499,7671,404,965,0,0,1,0
경기도,안산시,건건동,2024,1762,147,54968,25676,136764,69204,275347,118925,253078,166697,156387,92802,128148,85896,114249,91181,122244,90100,113027,96467,110512,106239,113162,123950,135921,161107,135291,169108,141795,242394,86035,178918,67992,135879,48723,104199,32998,93653,14811,51363,2294,14461,529,854,190,198,0,2
경기도,안산시,고잔동,2024,12089,2633,300226,157953,819792,537661,1452470,959635,1343920,1721467,912086,1366298,835883,989296,911632,932538,1012913,1015432,992648,1120659,1023773,1072432,1169136,1075595,1310830,1214794,1501703,1500743,1596612,1861727,1105809,1441291,995684,953983,974255,796538,847073,674660,380136,469013,42775,131504,3609,7937,1260,3284,5,249
경기도,안산시,대부남동,2024,0,0,6,16,175,37,2225,666,1357,732,1389,492,1592,1156,817,1010,1387,249,736,873,664,491,425,1011,1284,519,350,904,285,443,394,451,228,385,84,212,40,205,16,4,0,0,0,0,0,0,0,0
경기도,안산시,대부동동,2024,0,0,1916,126,1525,1037,2408,3054,3948,5110,3466,5051,4339,3918,3035,2788,2975,3086,3340,3477,2750,3859,4322,3546,4169,4046,4577,3500,3124,2562,2488,1961,1495,1480,573,1359,226,1015,24,617,2,147,0,0,0,0,0,0
경기도,안산시,대부북동,2024,0,0,1215,866,2933,5150,6478,13576,12837,25532,9646,21531,12722,16406,11580,12883,11808,16125,14743,14619,13249,15535,18907,13444,21205,15083,23357,13165,14457,9537,19083,9626,21056,5617,5924,4876,2607,4768,714,2463,22,188,0,0,0,0,0,0
경기도,안산시,목내동,2024,36,0,3349,9293,4462,51160,10313,98809,9317,81887,3803,9990,3753,4855,3636,2995,6532,4008,9755,4918,12263,4469,11267,4170,21425,4954,49985,7405,30344,13470,17984,18988,17542,11233,6238,4847,2163,2800,838,1433,4,365,0,4,0,0,0,0
경기도,안산시,본오동,2024,25316,4586,278065,116872,572024,332271,1201600,593799,1163339,747853,726803,531017,570560,456415,529988,435581,569841,464346,548941,491349,507882,507724,552274,571751,642466,700301,717985,907199,760906,1180918,614750,985375,466799,706182,388295,615313,296403,507960,153466,334937,27517,103613,2184,8023,239,1684,2,32
경기도,안산시,부곡동,2024,2765,390,38857,6724,79132,18693,124682,49048,137204,123841,99051,40687,75693,38356,67980,39695,78653,51215,71212,52541,61094,52827,73948,70133,91605,79113,81198,93380,66546,117532,42750,113314,32369,79866,24767,72589,19137,59982,8712,39288,2907,12105,1460,3533,279,626,1,0
경기도,안산시,사동,2024,13423,679,153910,20533,367124,88022,694965,194960,644327,360623,413016,218398,335628,182558,304615,176815,326193,214321,331174,250285,292918,251466,322117,307238,356425,399264,372636,447305,355064,597590,221483,526022,167481,406868,144134,378486,111258,343196,53715,229172,7294,61144,1580,13592,116,2975,4,92
경기도,안산시,사사동,2024,251,67,2574,1311,5964,5171,14416,26921,18328,39872,12373,6860,9425,4289,10408,6133,8217,6502,11121,7492,7912,6012,7884,9484,8840,9344,23784,11333,20769,10958,9916,11410,8894,10683,2613,7843,728,4891,509,2624,169,426,2,1,0,0,0,0
경기도,안산시,선감동,2024,1,0,661,14,457,94,1377,2517,1868,1991,1681,3031,2583,3352,7353,2696,2465,1904,2381,3437,2782,3587,2748,2589,3056,2182,2223,1674,2752,1530,2060,935,1063,831,538,637,221,648,4,205,2,216,0,0,0,0,0,0
경기도,안산시,선부동,2024,17681,391,168850,37177,366025,116522,650278,196313,588481,380788,357223,264340,306465,232668,313963,236139,323218,262664,307346,287904,298416,297544,329593,341355,365055,397413,366544,506418,377320,662925,269295,508642,200640,346892,174539,295316,122401,233956,53833,138982,5196,31762,603,2783,162,1271,0,1
경기도,안산시,성곡동,2024,877,15,11939,20468,16090,91590,28730,166744,40469,132550,16405,27030,14579,11058,18998,8772,25485,9351,26089,11317,38450,10308,38867,11101,62013,14237,148724,22819,128878,28534,57900,36068,55926,25019,21496,12809,5257,8278,1004,4787,77,1453,0,25,0,0,0,0
경기도,안산시,성포동,2024,583,272,35849,21493,92272,32676,157953,67102,152575,122612,113729,90269,93759,78966,99803,80847,102166,87444,96491,95154,95739,94179,103714,106319,98876,116274,109823,130824,106491,152344,70693,138717,59985,98755,52280,80149,35980,63872,15255,33585,2839,7084,647,2176,196,749,0,0
경기도,안산시,수암동,2024,1735,46,10898,1195,20567,6410,28797,10385,34467,19027,25410,11235,19824,10334,18382,10591,19154,12124,21154,12366,17686,12852,17140,16485,21407,19906,29623,21536,19632,24952,11423,26132,8573,18202,6115,15415,3634,14628,2404,9159,1267,3767,702,920,178,163,0,0
경기도,안산시,신길동,2024,1283,63,55077,29290,98435,70539,175773,124131,160209,143255,110617,64776,89360,59665,82120,65635,84244,77186,83504,77382,79985,83974,85315,98467,95841,116673,126475,158114,111900,193932,70745,148902,51858,114913,35234,94320,21170,69694,9558,43509,912,10164,2,385,0,2,0,1
경기도,안산시,양상동,2024,0,0,131,22,247,661,562,2466,369,3593,833,758,463,479,269,308,114,185,545,500,239,475,493,319,1675,653,1756,202,1575,328,522,350,255,240,31,200,27,116,2,30,0,0,0,0,0,0,0,0
경기도,안산시,와동,2024,6388,712,58376,10778,105319,19209,169550,36058,178249,72404,111977,54403,93933,55261,83346,57421,81402,68960,79727,75505,75246,78044,70254,92658,77848,111115,78460,123455,65872,144243,51562,140241,32319,97322,24781,88033,17651,72011,8882,38051,1265,5579,338,1902,173,661,0,1
경기도,안산시,원곡동,2024,25294,433,271045,165264,484248,459957,753143,815785,731753,767597,536064,507941,460490,454328,449611,470338,486051,492425,515583,480833,516727,510142,543154,529498,643694,580859,920305,758251,996407,838983,631399,609386,509076,482772,336923,374757,199242,263380,83550,136586,7607,41774,157,2315,10,1027,0,9
경기도,안산시,원시동,2024,2810,46,20681,15788,46345,186390,76046,447619,76726,483570,32534,67209,26338,26249,28889,23773,41264,23700,43173,24627,56236,22517,71422,21689,123426,27714,421160,50383,351367,68127,141945,59003,125393,45781,44665,19535,15330,15294,4746,9688,238,3388,4,183,3,85,0,44
경기도,안산시,월피동,2024,2450,178,37155,3781,102264,18542,156608,36973,150501,70188,104674,43186,86253,41838,82767,43725,77421,52624,77564,57052,74262,61511,72890,71957,98866,93365,81013,95034,70216,118327,47662,126245,36099,99433,28963,81732,21312,68207,9821,43137,2141,8281,833,2284,271,511,0,1
경기도,안산시,이동,2024,3968,719,133626,54702,289431,137471,513380,246483,486100,440508,352847,324168,278595,266509,271422,217711,285416,247704,281161,244871,279840,251099,284850,274214,342946,343229,388578,430596,388194,556183,256327,423585,203383,308179,189349,272564,144001,230704,67377,148423,6253,36437,202,990,2,4,0,0
경기도,안산시,일동,2024,3326,714,24966,7017,47756,18608,102363,45389,102943,58394,67062,55606,52686,42122,51563,36478,55177,48198,54475,47072,50227,44736,57666,52876,54636,59635,59612,77302,54275,94646,32916,85443,23441,66375,19712,57656,15582,48897,5221,26078,543,2720,152,697,0,0,0,0
경기도,안산시,장상동,2024,154,77,1490,856,3918,6741,7750,19459,7324,41675,4932,6495,4559,4324,4575,4257,7771,5057,6373,4821,5285,4117,9250,5107,18606,6309,16144,6866,8647,8289,4503,7143,5013,4876,1206,4102,661,3576,241,2525,131,1040,80,277,21,56,0,0
경기도,안산시,장하동,2024,0,0,703,61,764,697,367,1082,695,1284,1589,544,823,296,777,201,41,103,880,280,597,171,1134,160,902,215,1200,212,2570,233,687,132,264,325,21,59,50,132,0,124,0,0,0,0,0,0,0,0
경기도,안산시,초지동,2024,11758,529,104296,50688,280924,196600,518682,351194,490856,443371,316639,276992,243807,210567,245018,203600,294281,239346,260100,243753,243507,239827,276278,272231,320879,310731,399718,406063,437079,506817,271253,412502,203428,289897,166033,246545,124576,214163,64064,148547,4271,43863,129,1942,9,538,1,178
경기도,안산시,팔곡이동,2024,724,165,6323,1744,14190,9674,26943,20787,30294,19363,20808,10009,15026,7963,15277,10767,14603,11553,14254,11734,13968,13491,12090,16243,13046,18613,20437,19542,18249,20195,9542,19443,7944,14107,4937,12079,1461,8318,967,5102,91,937,0,0,0,0,0,0
경기도,안산시,팔곡일동,2024,1,38,641,2217,3889,3534,12048,5023,9046,5087,6463,3725,4621,2707,3980,2640,5945,3117,5546,2889,4345,2591,4402,2837,5066,2987,5525,4025,5790,4479,4332,3894,2855,4082,2262,2923,1732,2337,1206,1679,36,357,21,134,0,2,0,0
경기도,안산시,화정동,2024,0,0,76,12,437,692,787,702,872,1639,1250,2145,435,1225,631,656,791,829,1149,594,710,741,904,633,966,927,1611,849,913,588,634,692,742,666,351,617,131,297,96,215,0,1,0,0,0,0,0,0
경기도,안성시,가사동,2024,25,0,1877,78,4357,2644,17199,12212,22241,16701,15433,11157,12711,11720,12566,13448,16049,16426,17949,14673,18927,13871,21530,18085,20223,19803,15120,21305,17327,15806,9026,12480,6955,12868,4685,9905,2890,8000,1165,5616,398,2452,5,9,0,0,0,0
경기도,안성시,가현동,2024,0,0,0,0,32,142,142,1827,363,1103,138,1191,115,1251,81,1258,170,1176,220,1269,196,1283,323,1494,209,2347,205,2697,170,2530,142,1563,191,1736,228,1629,311,1372,56,673,10,272,0,0,0,0,0,0
경기도,안성시,계동,2024,0,0,0,0,745,1117,2115,4759,2324,8933,1597,3051,1612,1969,1263,1805,2499,2335,3535,2323,4268,2374,5258,2718,10430,3487,7305,3327,2301,2886,1490,2056,2476,1569,1660,1449,102,143,0,0,0,0,0,0,0,0,0,0
경기도,안성시,고삼면,2024,0,0,0,0,1861,885,4152,2038,3769,1834,7731,3041,3082,1810,3450,3078,3825,2789,2380,2061,2252,2892,3245,3963,1834,1879,3751,5827,2300,2253,1130,2184,643,1958,380,1069,28,1172,0,0,0,0,0,0,0,0,0,0
경기도,안성시,공도읍,2024,4,0,31958,17362,124775,55434,267870,138777,355285,269921,220458,161588,174322,135715,165573,145941,188240,179278,184327,183105,171371,178998,207971,227212,231412,287718,245108,304246,231461,315613,163545,245144,137794,201648,129133,180971,119058,178427,56304,87741,10554,29244,57,138,4,9,0,0
경기도,안성시,구포동,2024,0,0,0,0,1,50,143,357,214,880,38,725,40,205,34,179,22,202,18,133,14,147,8,177,14,271,34,416,19,322,20,154,22,73,5,79,1,12,0,0,0,0,0,0,0,0,0,0
경기도,안성시,금광면,2024,0,0,0,0,7388,1350,30606,4720,28417,6653,22546,6898,14858,9100,15161,7001,13506,14253,12340,12700,8510,7900,9522,13678,8976,22759,8060,20410,7553,18048,3407,10816,2050,11852,1674,9561,572,6566,0,0,0,0,0,0,0,0,0,0
경기도,안성시,금산동,2024,0,0,0,0,1939,416,4380,2610,4987,8443,2652,3321,1796,2923,2594,2635,2251,3322,2618,3860,1698,3027,3755,3969,6347,4326,5026,7262,2982,3414,2577,2069,1654,1767,1375,674,1616,191,0,0,0,0,0,0,0,0,0,0
경기도,안성시,금석동,2024,0,0,0,0,381,189,1841,1051,3747,1130,3009,170,1152,345,2202,1116,1972,1175,1757,894,924,713,1151,1455,630,1650,903,1577,679,2371,223,1194,385,1271,94,672,30,469,0,0,0,0,0,0,0,0,0,0
경기도,안성시,낙원동,2024,0,0,295,0,1469,310,4440,2204,4865,4606,2129,3445,1540,2853,1670,3514,2012,2402,1471,1625,1576,1348,1957,1513,2507,1745,2057,2178,2129,2529,1158,1584,872,1108,560,798,214,702,1,508,3,395,0,1,0,0,0,0
경기도,안성시,당왕동,2024,0,0,2005,235,10132,1728,30806,14842,35443,31437,20472,11568,17403,11962,18691,13396,21002,17164,22128,16877,19290,16051,24486,22068,28388,27412,37071,26413,25769,24274,20823,13538,22016,9644,22283,5803,12105,3567,5674,1221,295,48,0,0,0,0,0,0
경기도,안성시,대덕면,2024,0,0,12018,3323,30309,12755,80890,45679,96129,55928,70112,47962,60863,41677,61487,43452,64615,52487,64308,55309,65802,54274,70114,66127,71821,76646,85420,88181,71291,83375,49107,71519,38388,62011,31288,57654,19224,50248,7064,25158,1366,9670,9,292,3,13,0,0
경기도,안성시,대천동,2024,0,0,2519,136,6597,1204,20560,17937,22360,23168,21625,27654,24337,26876,27414,23622,36822,21080,35299,22693,33360,20070,40529,17599,59600,18969,61825,22162,49932,16955,31457,9783,23868,5369,18370,2819,10100,1219,3606,306,54,65,0,0,0,0,0,0
경기도,안성시,도기동,2024,0,0,0,0,429,423,541,2344,676,7973,384,2972,1888,1586,646,1207,1105,1988,415,1759,521,1507,1115,1072,640,2164,931,1686,871,1551,461,707,247,494,330,346,33,47,0,1,0,0,0,0,0,0,0,0
경기도,안성시,동본동,2024,0,0,0,0,0,0,0,0,2,1,0,0,0,0,0,0,0,0,1,2,1,0,0,4,0,1,0,0,0,0,0,0,2,0,0,0,0,0,0,0,0,0,0,0,0,0,0,0
경기도,안성시,미양면,2024,0,0,629,2,6477,8259,22975,29237,21647,34163,18981,7573,10596,5477,15665,11003,10973,9373,11262,9277,12715,8577,9735,11952,17968,14865,29091,17783,16841,13573,7796,13268,6691,13259,2857,9355,462,3255,5,1361,2,512,5,0,0,0,0,0
경기도,안성시,발화동,2024,0,0,0,0,0,0,108,5,0,0,0,0,0,0,0,0,0,0,0,0,190,103,0,0,0,0,13,87,2,0,0,0,0,0,0,0,0,0,0,0,0,0,0,0,0,0,0,0
경기도,안성시,보개면,2024,0,0,0,0,2517,5531,17396,5991,13042,10104,11167,6382,9276,6279,11636,7570,6605,7537,5443,10538,7356,6271,4595,9588,7538,12417,8079,12238,6592,10583,3424,6557,2707,4277,1629,4024,845,3852,160,824,41,439,0,1,0,0,0,0
경기도,안성시,봉남동,2024,0,0,1318,1079,2359,2343,8060,8985,7650,25303,4677,8710,4898,6122,5735,6146,8040,5717,7784,4684,7264,3685,15681,3987,21080,4189,8519,5452,7893,4411,3114,3152,2371,2466,1591,2275,659,1675,398,1092,14,430,0,3,0,0,0,0
경기도,안성시,봉산동,2024,0,0,390,610,2448,3960,9137,9713,9031,19078,4678,9326,4547,6104,5050,5568,5140,5840,5769,6183,5084,5386,6301,5830,9598,6643,12665,8687,13578,7051,4975,4272,3732,2848,2022,2545,1150,1806,531,1009,28,370,0,1,0,0,0,0
경기도,안성시,사곡동,2024,0,0,0,0,94,648,560,800,1317,778,698,218,197,210,403,585,287,584,313,259,235,181,370,217,348,395,225,279,366,366,48,357,57,636,20,160,9,77,0,0,0,0,0,0,0,0,0,0
경기도,안성시,삼죽면,2024,36,0,1401,300,6166,2959,14790,10495,19219,16162,19211,18087,18096,10199,16419,13292,20258,12518,21008,13927,22050,11195,24172,14841,27292,18953,26239,18489,21927,19674,12480,17069,9918,16951,5509,16191,3886,17855,733,11247,190,8907,1,89,7,1,0,0
경기도,안성시,서운면,2024,0,0,0,0,2615,1520,8865,3532,10439,6924,10977,3545,6261,3545,4859,5995,6714,4672,7830,4695,6514,4702,6279,5876,6271,7239,8337,4194,6192,7544,2420,4008,2244,3541,754,2033,191,1770,0,0,0,0,0,0,0,0,0,0
경기도,안성시,서인동,2024,0,0,24,1283,2754,8797,7413,26588,10476,46526,8382,35921,12394,31095,13948,25771,19082,27776,19477,33281,17350,26543,21634,29319,26363,31721,27378,31898,24443,29552,15565,21650,13816,16665,9613,13814,7252,6838,1245,3794,263,1008,0,4,0,0,0,0
경기도,안성시,석정동,2024,1806,3,13421,7876,42957,19041,86410,85861,96837,161547,83267,148454,89088,110343,96554,110830,110033,113203,102394,117165,111604,109608,126612,120043,142808,131084,136763,139486,120454,133543,85226,97788,74881,77177,64413,65841,45240,59394,20436,42100,3385,21499,3,907,1,15,0,0
경기도,안성시,신건지동,2024,0,0,806,133,3074,1248,7690,9012,6501,5262,4381,2168,3285,2174,3570,2306,3249,3082,3081,2498,4096,2219,5131,2532,5809,3203,11222,5640,10561,3553,7237,3463,5565,2288,2935,1357,1397,827,618,400,17,30,0,0,0,0,0,0
경기도,안성시,신모산동,2024,0,0,0,0,353,399,4045,2564,185,850,71,169,84,278,44,183,18,337,33,433,59,618,37,592,39,776,159,785,348,948,125,989,28,336,24,304,9,215,13,170,0,1,0,0,0,0,0,0
경기도,안성시,신흥동,2024,0,0,0,0,2,0,4,0,7,0,2,0,3,0,11,0,11,0,3,0,7,0,14,0,4,0,2,0,19,0,6,0,12,0,2,0,0,0,0,0,0,0,0,0,0,0,0,0
경기도,안성시,아양동,2024,0,0,0,0,208,69,7707,1579,6211,1346,5076,763,1718,495,683,645,2121,1234,2192,1712,981,1232,1583,2581,1543,1615,1316,3735,1663,2254,918,1634,389,1122,465,524,16,133,0,0,0,0,0,0,0,0,0,0
경기도,안성시,양성면,2024,0,0,681,473,5117,4500,11695,8855,17202,18320,10072,5845,7164,5507,7860,6331,5852,5683,8196,7706,6105,3967,6515,5969,10691,11930,9682,7822,9347,10583,5167,8281,3678,5040,1711,4901,491,1842,163,667,28,113,0,0,0,0,0,0
경기도,안성시,연지동,2024,0,0,0,0,383,225,1877,3532,1935,11767,776,952,838,970,673,677,1374,1146,1080,918,1000,703,1750,1268,2695,1244,2521,1382,2066,960,2339,472,1428,212,1460,159,235,36,0,0,0,0,0,0,0,0,0,0
경기도,안성시,영동,2024,0,0,1648,886,6515,2510,14753,10288,9642,28901,7872,10906,6736,7818,7620,8055,10707,8615,11074,7819,10022,7003,18608,8387,21788,9009,18554,11127,13221,10756,7116,7896,5510,5986,4313,5330,3462,4293,1295,2299,65,923,0,0,0,1,0,0
경기도,안성시,옥산동,2024,0,0,2861,3019,7815,5655,26029,26122,26324,20091,17715,12211,11723,10709,11388,10338,10493,12622,11458,13005,10028,12263,10730,17057,12379,19557,18243,25397,15284,23987,11035,19121,10512,13072,6365,11048,4048,9977,1554,4520,198,1073,0,4,0,0,0,0
경기도,안성시,옥천동,2024,0,0,0,0,58,2,115,10,318,114,170,31,273,13,11,10,180,14,100,9,87,8,100,39,195,55,139,65,378,27,24,15,82,13,120,4,13,6,0,0,0,0,0,0,0,0,0,0
경기도,안성시,원곡면,2024,0,0,51,432,5437,3026,17211,10468,16377,13266,13636,10424,11379,6817,12550,7255,12891,7680,13411,8694,11899,8073,11178,10150,12720,11771,16620,14870,15103,13794,10484,14148,8202,11292,4494,10387,2042,8610,610,2941,0,0,1,0,0,0,0,0
경기도,안성시,인지동,2024,0,0,1,0,7994,3111,22800,20831,20822,25186,13929,21719,20008,20178,23828,16086,21548,14302,21967,17242,21816,17669,26537,14024,28075,20080,24737,23799,24829,17450,17831,8151,15284,7263,10760,4077,2082,501,0,0,0,0,0,0,0,0,0,0
경기도,안성시,일죽면,2024,0,0,1497,37,3630,2940,17145,13848,19977,22861,15615,9278,14700,10944,11658,11519,13608,10907,15833,14305,12220,12865,12935,13536,15945,14963,16842,15889,15528,17776,8830,11896,5894,8932,2809,7220,925,5306,420,1898,38,889,0,18,0,0,0,0
경기도,안성시,죽산면,2024,0,0,1117,266,6553,4505,22195,19828,23637,31663,23453,23885,22582,20726,21704,19902,22298,17051,23324,21302,20189,17910,26066,20303,27864,23335,26982,25794,26066,29740,18414,20669,12523,12781,9111,11154,4343,6696,1020,2542,226,968,0,1,0,1,0,0
경기도,안성시,중리동,2024,0,0,0,0,4203,550,17370,1430,19746,2195,9457,1126,7975,1601,4491,2984,8247,4051,8319,3642,6086,5365,6024,6376,5145,8128,6385,11671,4727,9223,3035,7279,1863,6004,1102,5824,78,30,1,0,0,0,0,0,0,0,0,0
경기도,안성시,현수동,2024,0,0,0,0,20,100,236,205,175,934,434,396,415,401,495,208,323,493,314,467,80,248,310,289,172,463,129,321,307,397,39,202,58,81,43,75,8,50,0,0,0,0,0,0,0,0,0,0
경기도,안양시,관양동,2024,17269,7301,343943,232592,1166160,807248,2733251,2147253,2868260,3963053,1767691,1854356,1352258,1161200,1275519,1071547,1373092,1126060,1372357,1253114,1353080,1205439,1558756,1379368,1827440,1676014,2602345,2179977,3317000,3013196,1820721,2336965,1336199,1448303,1271941,1333693,1001806,1177053,490351,677378,116623,207442,16363,26450,2257,8159,16,105
경기도,안양시,박달동,2024,2566,1682,104373,29913,210143,81335,410748,152716,457534,267197,293601,136328,235133,134075,213948,143973,231896,167612,228990,180376,203591,189033,212119,236730,268038,283531,282364,315589,241402,383118,153494,349709,112418,251089,89396,233935,67552,202410,31529,121341,13072,31544,6,6,0,0,0,0
경기도,안양시,비산동,2024,37713,4220,160275,81329,499903,247023,1051813,447150,1176123,817919,756585,655363,621601,526945,620703,524624,667925,581683,681803,644321,649147,619151,754326,722373,844357,850513,838155,948731,844083,1154607,569622,980575,459485,680294,412552,588847,298255,562710,127280,283441,27717,73239,5256,12451,1366,3594,93,234
경기도,안양시,석수동,2024,45164,15399,341172,154333,707303,382326,1613050,739479,1677781,1052638,1010738,710386,775677,606515,702530,547728,754335,596393,765043,608792,709240,616168,783396,754203,875030,909392,999000,1145216,1007374,1495258,679792,1167094,506410,791830,427297,741678,312833,653529,140696,367452,26555,70975,275,602,2,4,2462,158
경기도,안양시,안양동,2024,79446,33364,734676,378589,1543790,1129219,3368527,2265834,3498428,3757944,2250376,2481936,1874542,1989933,1938061,2033306,2138644,2084609,2179388,2230951,2208538,2127894,2524577,2348209,3053578,2645021,3280269,2997732,3333760,3701091,2194479,2825213,1704561,1910001,1490181,1652376,1170290,1398003,536186,797108,115472,194543,6768,14033,203,1548,14,232
경기도,안양시,평촌동,2024,13485,4554,84575,53528,292888,193456,617401,488724,626645,766715,399802,448468,310618,317351,290335,276637,327667,311441,323255,342206,309162,326415,350888,398802,411495,463359,503165,561426,555359,615886,357233,521442,281506,335723,262176,293195,312330,281152,75209,159029,17169,58715,2296,9609,350,1092,0,0
경기도,안양시,호계동,2024,24985,6345,282323,203358,1059485,723025,2426871,1592366,2334040,2393540,1415039,1682945,1162621,1293798,1188380,1258847,1358693,1356013,1402749,1499555,1397800,1452841,1617785,1604509,1858103,1882599,2104789,2317664,2449821,2897848,1785696,2184844,1532212,1310067,1327536,1147189,1280720,1020148,528875,544237,79753,156291,6495,13591,905,2341,18,96
경기도,양주시,고암동,2024,807,148,20618,4219,56662,12351,106012,23205,117899,69568,66148,30815,52551,23157,52895,24413,50849,31474,60085,36284,44144,30965,57882,39709,59661,47572,52560,54540,44166,60975,28908,55987,22317,44620,17466,40918,13522,37280,5241,23732,1246,8952,258,1514,4,151,0,0
경기도,양주시,고읍동,2024,8836,2182,22670,12841,54405,22782,81803,41130,80277,105830,57798,50994,54612,45469,52370,44620,54027,50856,49781,50296,45021,50322,45864,61575,50931,70530,50905,68954,44939,64477,26977,46087,21531,36351,19472,32691,15935,28179,7451,15171,2038,4043,627,651,0,0,0,0
경기도,양주시,광사동,2024,3978,285,23844,5478,43858,12033,80513,24900,107090,51345,70929,40337,59104,35644,60093,42127,65705,43146,64726,50210,64625,54263,72425,61661,75502,73370,77877,86425,76257,97395,54390,86967,46822,59893,42149,48253,35823,41383,17821,25014,6852,11185,1615,771,0,0,0,0
경기도,양주시,광적면,2024,0,0,8107,6777,30134,21690,83764,73483,99543,95598,63430,55240,53806,44810,51606,45921,51031,45227,52898,46453,54197,52864,59686,60980,72477,66621,85634,84805,87793,95095,50964,72228,38345,45902,23170,34930,11057,21893,5116,13942,2775,5351,115,874,0,0,0,0
경기도,양주시,남면,2024,0,0,1266,1808,9841,7176,30890,41213,26565,36547,20357,14426,18511,13241,17554,11709,22577,12996,20950,12587,19509,14027,21599,16717,28588,20363,33645,25271,31023,24865,16044,21799,11146,17613,5708,12927,2299,6964,1137,3098,424,264,0,0,0,0,0,0
경기도,양주시,남방동,2024,25743,18638,91432,73577,213051,213553,516327,451141,469382,432763,365478,337668,309038,281218,292040,276272,302416,294039,319069,294548,294635,273556,319512,295400,364177,332312,432640,414842,466021,439109,362857,362809,240089,254253,194879,188157,155957,175954,89274,93768,38801,43298,2619,1721,100,339,47,160
경기도,양주시,덕계동,2024,6683,464,106042,28314,288906,95836,500695,172280,504408,291004,285612,157058,239920,133150,216427,134298,206200,151176,198139,166342,186377,173886,212647,223794,234929,264875,244523,333162,225819,414699,151571,358770,109106,249666,90782,224251,70837,171288,32215,116669,10878,44887,3054,3962,862,1732,1179,732
경기도,양주시,덕정동,2024,7163,790,84996,49261,207293,165092,423508,314265,501865,496954,317784,305171,266862,234466,250928,229127,272938,254489,314452,280631,270967,264850,310630,303391,346904,335316,385919,396303,391043,459056,266294,353853,193233,240263,159303,217645,126580,171874,64359,119572,22815,57879,2253,8609,69,1288,72,0
경기도,양주시,마전동,2024,111,4742,290,7461,1614,22064,4003,53046,7513,66626,9502,33095,9343,23765,10336,19096,6609,16975,10626,18255,11679,15660,12515,15323,12024,15511,15168,14912,31748,13604,7790,8460,4689,6132,3581,5100,1900,3930,676,2493,399,1258,159,296,35,24,12,35
경기도,양주시,만송동,2024,9,30,9225,2024,26241,10785,57998,26674,77620,63356,52279,38596,44269,32574,40280,33170,45546,38168,45610,42920,45674,46699,58327,57331,67161,70509,73307,78447,59836,84480,47004,92039,38658,77662,34782,66128,32892,66262,21571,52129,11542,25757,1920,6040,0,0,0,0
경기도,양주시,백석읍,2024,8442,59,24738,5272,58367,31435,134508,65530,181818,152009,117973,71196,103862,65889,98002,64249,89647,63799,96681,76448,91053,79384,101385,100233,102734,108851,126249,125572,103483,132494,62194,115772,44568,87921,31075,69497,21339,58605,9244,37459,3692,20272,299,2893,0,0,0,0
경기도,양주시,봉양동,2024,64,4,1424,85,2402,2590,5079,15971,6908,22168,4861,5731,4058,3803,4058,3084,4277,2568,4803,3235,4812,3233,5229,4131,6018,4163,15923,7211,12137,5594,5295,4470,1964,4505,2900,2356,614,1046,113,175,37,82,17,50,14,20,5,5
경기도,양주시,산북동,2024,326,108,4162,1538,7008,6581,14602,13775,16159,23605,11470,12019,11357,10948,11985,10140,11183,11237,11891,12047,11796,10193,11114,10103,14352,10547,14758,11065,9865,11924,4612,11440,3146,7638,2855,7096,1507,5467,857,2941,428,1196,105,121,20,58,8,387
경기도,양주시,삼숭동,2024,13121,192,30722,5980,74945,13310,130591,42615,170524,128142,95284,49600,81502,40705,75658,44929,82656,53588,76877,60741,72517,69677,93939,89698,103707,108770,90082,117122,71842,122015,45136,114698,33492,88953,28228,74324,20239,66692,6830,43270,1977,22955,653,3974,0,0,0,0
경기도,양주시,어둔동,2024,112,2,245,1033,641,1283,1241,1979,1729,2302,1580,2723,2271,2372,1783,2156,2259,2053,2403,1822,2362,1757,2176,1825,2262,2131,2708,2186,1624,1923,1182,1329,646,1104,342,896,152,770,84,483,28,271,0,11,0,0,0,0
경기도,양주시,옥정동,2024,17459,1831,98771,11731,252173,43562,351676,99296,357694,202374,210417,120404,182693,108871,175038,114445,170217,131459,163276,150812,157798,172898,186857,209297,212801,255612,201256,313583,179952,337031,137399,349476,117152,275024,114452,207631,103661,186019,53915,137498,20087,67609,2118,14083,116,90,0,0
경기도,양주시,유양동,2024,0,0,1109,2691,2113,5990,2929,11063,3848,13455,4329,9884,4283,7788,4096,5709,5312,5371,6372,6242,6160,5549,7648,5622,7266,7023,7278,7149,9054,6891,3858,5778,2845,4179,1445,3252,801,2840,362,1429,209,728,11,64,0,0,0,0
경기도,양주시,율정동,2024,3007,185,4071,1622,17458,3244,23710,12383,24152,12409,16813,6454,12297,5685,11125,5762,11531,6836,9945,7291,9045,7842,11023,10406,11549,12932,12284,15219,12341,15867,6596,17511,3550,13385,3735,8573,2065,7432,1329,5583,753,2960,127,722,2,7,0,0
경기도,양주시,은현면,2024,4,4,249,3405,11902,19012,22374,46040,30534,89686,22378,79291,24053,37517,33465,25326,40129,23096,50440,38208,39260,28093,53139,19391,52596,20786,71298,22959,73772,27731,22608,23317,11189,18763,5675,12477,2217,7643,768,6097,609,108,34,20,2,7,1,2
경기도,양주시,장흥면,2024,4032,308,18744,5329,49495,30954,87381,75275,107812,92110,84192,69582,61022,60156,56899,59461,62575,53970,61304,54323,65544,51698,70187,62300,84924,74837,84899,75366,68241,71966,46042,75987,42187,58455,28776,44462,15886,38877,5931,23714,859,8111,28,60,0,6,0,1
경기도,양주시,회암동,2024,4,15,9,149,1059,1473,785,1548,1060,3225,865,1281,1228,1338,1143,1818,237,1342,885,946,1022,1671,882,1857,1443,2196,1238,2530,1160,2642,687,2809,289,1847,263,1167,254,759,44,560,21,190,4,49,0,24,0,0
경기도,양주시,회정동,2024,2489,860,7107,5848,21372,12091,49872,24179,68884,43701,37263,42059,32750,30440,31179,33315,36169,39051,39088,41973,38051,39285,45394,48464,46926,48855,52487,48903,53021,54523,35173,43283,25511,34498,30237,26585,10253,23766,3404,13201,2046,4406,1151,1355,788,1258,280,855
경기도,양평군,강상면,2024,0,0,0,0,711,103,11093,2409,8197,6050,5601,2682,5131,5201,3316,2626,1875,3854,4521,2636,2473,3819,3564,3308,3133,5826,2309,8058,2340,5300,1379,4004,484,2685,536,2223,292,845,0,0,0,0,0,0,0,0,0,0
경기도,양평군,강하면,2024,0,0,0,0,600,480,7295,2317,6082,2451,8049,4206,2237,1783,4041,1973,2810,3841,2274,2676,2328,1591,3598,5212,1248,629,2571,5814,1652,2945,1132,2258,872,3656,494,3941,18,2,0,0,0,0,0,0,0,0,0,0
경기도,양평군,개군면,2024,0,0,0,0,1058,834,5503,2581,10675,4380,3240,2786,2882,2794,5250,4805,2098,2958,3257,2538,3990,3478,3616,4352,3180,2850,3104,4076,1686,3498,2294,4850,1097,3405,595,3324,117,149,0,0,0,0,0,0,0,0,0,0
경기도,양평군,단월면,2024,0,0,0,0,231,41,7309,2412,2133,1851,3650,2285,3889,1219,183,12,1289,3540,2493,1242,1713,2690,1752,1244,1159,2042,1462,3145,908,2679,607,1566,166,927,87,587,23,0,0,0,0,0,0,0,0,0,0,0
경기도,양평군,서종면,2024,0,0,30,0,4649,527,17989,7561,23717,20553,12385,10361,13410,11173,6329,5612,13054,10671,9133,9724,8857,8128,14059,12295,13189,12928,12808,16653,8868,13824,9900,13391,1634,5920,1677,5018,63,2396,0,0,0,0,0,0,0,0,0,0
경기도,양평군,양동면,2024,0,0,0,0,406,62,5987,1820,4441,3877,1407,1192,2250,1981,2032,1603,1822,1518,371,1318,1959,1250,31,464,2716,2235,3084,3101,929,1548,815,1754,382,1188,124,122,0,0,0,0,0,0,0,0,0,0,0,0
경기도,양평군,양서면,2024,305,2,22165,3465,46716,18524,120393,52787,100553,91021,97062,86389,80933,75118,83552,88964,67938,66876,86982,77384,85151,69576,114093,71213,105456,80298,97252,99982,72508,87426,36419,77608,35807,70087,19881,57194,10775,42227,3161,25684,56,5336,0,19,0,0,0,1
경기도,양평군,양평읍,2024,2103,30,32098,1452,68275,28855,172603,82202,152618,171423,117227,100418,135335,108141,110597,137816,119253,110729,126396,90098,126727,112782,124243,114627,138464,122145,144142,162108,115491,146510,71668,106875,57200,100028,50255,69395,24686,51405,2919,54271,996,15443,6,16,0,0,0,0
경기도,양평군,옥천면,2024,55,2,7207,705,11806,3928,31051,11777,24078,17029,25637,17215,19473,13148,18925,17707,16337,14145,15259,12638,18916,16380,17135,15238,18763,20587,16961,26697,13541,24531,9227,17529,5245,15468,3588,17240,2202,8530,400,7981,28,1559,0,0,0,0,0,0
경기도,양평군,용문면,2024,5932,38,13548,80,31981,7240,79699,40610,90533,90892,71628,65325,74549,87213,65500,130778,93900,100359,98430,94774,112911,85018,127411,63363,118627,97595,85769,86524,56446,70718,34594,51725,18225,48476,13342,33000,4080,21133,34,19878,7,8912,0,21,0,0,0,0
경기도,양평군,지평면,2024,0,0,1,0,151,108,10966,4145,7958,10756,7245,4621,8683,8872,4209,2925,2946,3069,5522,6392,9482,6151,4254,4005,7403,3106,5842,6795,2932,5394,3651,6125,107,148,144,2042,110,739,0,0,0,0,0,0,0,0,0,0
경기도,양평군,청운면,2024,0,0,0,0,374,31,463,265,2822,2696,1208,186,2320,997,54,6,90,203,1031,1898,1588,1423,271,158,1383,589,93,169,2551,2948,88,53,154,476,144,309,7,5,0,0,0,0,0,0,0,0,0,0
경기도,여주시,가남읍,2024,0,0,1278,91,15291,7098,33931,25037,36670,36199,27194,20733,22913,16582,17312,12711,19537,18254,25376,22950,19958,21142,21601,21593,27155,28110,27382,26762,24724,28219,17509,27343,14127,22106,10120,15058,1300,6624,169,1795,116,1310,1,7,0,0,0,0
경기도,여주시,강천면,2024,0,0,0,0,32,212,5703,453,264,154,6291,2274,2577,189,2116,1740,2672,3062,1825,3097,2933,1038,1410,3083,2139,1632,1445,893,966,2408,79,1425,563,3866,17,14,0,0,0,0,0,0,0,0,0,0,0,0
경기도,여주시,교동,2024,116,2,26828,1096,69262,13981,138835,62598,141602,104893,117196,92184,99571,68349,93953,83911,93019,77089,104098,82243,109065,90686,122999,102020,129411,114037,124023,141979,99424,152345,68060,137434,49377,104280,34084,75286,14758,63112,6139,45073,1541,16575,0,0,0,0,0,0
경기도,여주시,금사면,2024,0,0,0,0,304,1,2703,246,3297,2864,5869,2273,2406,1357,2090,2435,1721,2643,2473,2159,1470,1618,2645,2244,1424,1765,1296,2905,523,1363,786,2575,861,1241,295,698,105,462,0,0,0,0,0,0,0,0,0,0
경기도,여주시,능현동,2024,0,0,0,0,0,22,41,1,502,709,130,4,151,39,12,91,4,230,250,108,3,239,86,28,0,292,412,51,885,222,37,140,2,58,5,24,0,0,0,0,0,0,0,0,0,0,0,0
경기도,여주시,단현동,2024,0,0,0,0,101,0,6,3,172,0,758,16,9,29,221,28,0,0,122,163,116,62,36,1,283,110,0,0,1,43,39,17,0,38,12,0,0,0,0,0,0,0,0,0,0,0,0,0
경기도,여주시,대신면,2024,0,0,0,0,1943,359,8534,4715,17593,20077,11580,5170,7837,7488,8153,5977,9719,6258,7403,9462,7841,5903,7088,6114,19451,10429,9211,8024,4952,8424,2420,5643,2919,4971,562,3644,51,738,0,0,0,0,0,0,0,0,0,0
경기도,여주시,매룡동,2024,0,0,0,0,0,12,3,302,214,406,120,37,3,189,0,20,46,160,194,378,77,513,258,8,237,534,309,1,9,422,21,4,1,133,0,0,0,0,0,0,0,0,0,0,0,0,0,0
경기도,여주시,멱곡동,2024,0,0,0,0,569,222,533,8,755,177,949,43,896,276,344,238,0,0,599,624,84,214,265,191,106,280,84,64,93,158,98,483,13,250,5,14,0,0,0,0,0,0,0,0,0,0,0,0
경기도,여주시,북내면,2024,0,0,0,0,627,13,4488,3592,6049,9359,7830,2155,2258,390,1241,3703,5091,3800,3772,900,1500,3379,3824,2433,8324,1445,2453,3516,2381,5017,991,1843,712,2445,221,759,0,0,0,0,0,0,0,0,0,0,0,0
경기도,여주시,산북면,2024,0,0,0,0,2524,16,4129,2306,2733,2286,4974,2364,2299,1631,1479,858,1964,1768,2496,1567,1259,1290,1771,1322,5274,3850,1705,2380,1756,2079,832,1241,320,2920,10,1139,6,1888,0,0,0,0,0,0,0,0,0,0
경기도,여주시,삼교동,2024,0,0,0,0,58,747,978,1727,2890,3345,1389,1124,1946,825,1100,1124,1109,1339,2061,1261,1098,1145,1038,1818,1287,1985,1338,1767,2032,1682,1090,1402,1142,1148,408,1283,68,25,0,0,0,0,0,0,0,0,0,0
경기도,여주시,상거동,2024,0,0,0,0,0,0,1185,26,619,4801,972,30428,629,11628,760,10670,1177,6027,1607,3132,2485,2290,2421,1674,3144,1795,5143,1616,7385,978,12071,841,16009,789,13741,353,0,0,0,0,0,0,0,0,0,0,0,0
경기도,여주시,상동,2024,0,0,263,1,731,996,2624,6810,6212,37457,4090,4865,4909,3477,7662,2957,8430,3883,13050,3869,8291,3215,21186,3653,20169,6401,22911,4808,14851,3095,9035,2659,8697,1632,4669,1220,834,497,16,42,0,0,0,0,0,0,0,0
경기도,여주시,세종대왕면,2024,11,0,2841,52,9138,2109,17409,11028,20001,12947,19507,11744,16819,11034,14161,13733,14276,15467,12400,9693,15337,14698,14913,13880,14897,16169,13406,13511,11508,19668,5336,12030,3448,12248,1550,6329,769,5235,267,3568,52,1051,0,1,0,0,0,0
경기도,여주시,신진동,2024,0,0,0,0,112,6,169,31,598,5,800,55,56,294,475,55,0,0,300,674,131,380,23,21,127,384,0,0,1,185,111,123,2,246,6,0,0,0,0,0,0,0,0,0,0,0,0,0
경기도,여주시,연라동,2024,0,0,0,0,39,146,189,195,971,210,299,113,696,295,267,154,2,83,340,461,437,558,263,284,252,473,418,522,250,336,124,425,49,140,48,259,0,0,0,0,0,0,0,0,0,0,0,0
경기도,여주시,연양동,2024,0,0,0,0,207,1,763,115,2528,42,56,271,10,184,1028,27,0,0,995,305,40,287,0,0,768,430,196,126,32,907,0,0,14,1417,105,3,0,0,0,0,0,0,0,0,0,0,0,0
경기도,여주시,오금동,2024,0,0,0,0,31,0,499,35,755,539,399,169,904,216,230,295,564,313,103,306,349,116,262,534,150,465,289,474,213,517,50,276,17,271,81,190,0,0,0,0,0,0,0,0,0,0,0,0
경기도,여주시,오학동,2024,0,0,0,0,1301,215,6430,1884,10124,4220,6005,3025,3633,2168,3664,3538,3694,3338,4323,4371,3124,3898,3653,6108,4215,10096,3193,10404,2460,6391,1930,4967,1504,3444,1028,3477,120,526,53,82,0,0,0,0,0,0,0,0
경기도,여주시,우만동,2024,0,0,0,0,219,2,24,23,195,3,218,21,0,37,221,21,0,0,85,224,38,92,0,1,67,126,0,0,2,76,21,52,2,65,4,1,0,0,0,0,0,0,0,0,0,0,0,0
경기도,여주시,월송동,2024,0,0,0,0,1199,40,4991,1046,10270,987,4081,965,3015,1512,3825,1800,52,698,1634,1311,3012,2769,3144,3284,1475,3578,1019,5756,929,4468,459,1844,296,2179,223,1350,1,0,0,0,0,0,0,0,0,0,0,0
경기도,여주시,점동면,2024,0,0,0,0,1929,1431,6647,5925,9401,12989,9591,4687,4964,4959,6822,5749,6969,6128,7137,5813,6604,6158,8164,6491,12859,7074,10449,8907,8461,7727,3541,5510,1872,4337,1340,3452,127,103,0,0,0,0,0,0,0,0,0,0
경기도,여주시,점봉동,2024,0,0,0,0,1541,1806,16758,6251,25041,12671,20088,7094,13884,7316,11594,6533,12456,7371,12935,7705,16477,10530,14226,11532,14994,15829,16792,16979,12379,18163,8755,14085,7436,14347,4613,14169,1133,407,0,0,0,0,0,0,0,0,0,0
경기도,여주시,창동,2024,0,0,133,17,1726,481,3823,3211,5968,5178,5276,4525,5109,2883,5590,3463,6399,2438,5088,3393,7382,3263,8882,3453,9615,4705,11014,4372,11983,4105,7520,2510,7608,1498,3989,1757,746,443,252,266,0,44,0,0,0,0,0,0
경기도,여주시,천송동,2024,0,0,0,0,973,661,3829,2785,11239,6925,4462,3979,2859,3388,3783,4176,4574,6347,4802,5367,4435,4235,5468,6304,5908,7954,5675,7221,4740,7242,3450,5334,3170,3256,2149,3178,491,678,96,25,0,0,0,0,0,0,0,0
경기도,여주시,하거동,2024,0,0,0,0,62,225,751,107,1123,231,21,173,1010,25,0,0,19,969,414,52,1,19,473,347,7,1,0,0,2,491,47,510,101,6,0,0,0,0,0,0,0,0,0,0,0,0,0,0
경기도,여주시,하동,2024,0,0,972,44,4868,1019,13684,10057,17644,29759,12517,16316,13020,14082,17394,11590,14574,10397,16600,12618,14605,12800,24785,12575,21471,13693,19719,15510,14138,12615,7232,11195,7469,8258,4335,8451,2790,3753,2225,3499,581,1516,0,0,0,0,0,0
경기도,여주시,현암동,2024,0,0,0,0,5638,664,15043,2470,34575,4524,13606,3619,6063,2232,10282,5774,9855,5823,8471,8381,8119,7102,5852,10264,8533,19743,6366,18990,4685,12672,3168,11553,2721,9510,2381,9321,641,2139,210,448,0,0,0,0,0,0,0,0
경기도,여주시,홍문동,2024,0,0,769,153,7701,4335,28190,35402,44093,75740,32007,73929,35415,63001,35407,49506,37950,48625,38480,60566,43867,60934,50281,67916,54865,69611,61436,79280,60605,53591,40683,38210,44330,24620,20779,21721,5086,5614,1006,2958,74,1125,0,0,0,0,0,0
경기도,여주시,흥천면,2024,0,0,0,0,997,13,6211,2088,4870,3843,8137,2193,2879,1807,4011,3602,2830,2887,4162,3355,2115,2580,2788,3241,3756,3630,2865,4169,1902,2787,1260,4761,684,2558,362,1870,62,549,0,14,0,6,0,0,0,0,0,0
경기도,연천군,군남면,2024,0,0,0,0,778,2695,4355,1993,5576,2756,5675,3858,4413,4051,3829,2892,3632,4358,4690,3496,4067,4303,3288,3068,3440,3752,3331,4426,1933,4113,1040,3009,680,5175,95,1519,80,298,0,0,0,0,0,0,0,0,0,0
경기도,연천군,미산면,2024,0,0,0,0,399,140,1625,287,2352,2116,2926,643,836,948,2930,1768,689,734,359,896,1415,979,876,2057,1312,888,661,1797,1335,840,245,1161,134,2025,24,488,0,0,0,0,0,0,0,0,0,0,0,0
경기도,연천군,백학면,2024,0,0,791,109,1823,478,5570,1488,3442,3319,3655,2306,4003,2474,2724,2975,2189,2404,2766,2703,2358,2288,2504,2627,2848,2302,2234,3600,2395,2315,1118,2837,1116,2726,577,1823,20,1035,0,0,0,0,0,0,0,0,0,0
경기도,연천군,신서면,2024,159,2,1518,10,2622,1449,9634,4229,20639,7857,12247,7000,9039,8918,8314,11125,7253,11433,11705,10239,12765,8961,10702,9778,8771,8069,11128,10982,6574,8783,5090,11035,4418,9731,817,3269,492,2084,13,1183,3,287,1,209,2,50,0,0
경기도,연천군,연천읍,2024,1488,637,5801,1376,13411,10908,34288,24933,70356,77427,51548,51816,43975,59754,47522,76219,61566,75188,74803,65692,78968,56153,77115,48615,74777,48312,61045,47493,46402,40520,22419,34724,14628,23529,9326,17245,4819,12053,1580,6949,103,3537,67,940,253,24,117,159
경기도,연천군,왕징면,2024,0,0,0,0,4,197,2559,182,1107,673,3310,1621,1208,815,1083,828,326,926,1547,2885,714,429,538,1179,452,883,488,1474,582,557,173,895,116,902,9,417,1,2,0,0,0,0,0,0,0,0,0,0
경기도,연천군,장남면,2024,2,0,0,0,0,0,469,139,609,307,251,67,390,287,49,74,156,163,1,152,401,517,79,131,0,33,210,646,28,77,3,76,62,161,0,43,0,20,0,22,0,25,0,22,0,0,0,0
경기도,연천군,전곡읍,2024,1776,240,8687,1987,31679,18046,67151,37165,105562,96917,71351,66677,67599,60140,62549,60349,68828,64862,68655,65520,71081,66941,69772,59286,79193,76314,72617,81422,64851,84805,46999,62077,42925,40517,26070,31188,13112,24162,5452,14271,685,9973,231,882,458,80,372,214
경기도,연천군,중면,2024,0,0,0,0,0,0,274,349,277,60,0,31,16,165,1,0,623,775,238,90,202,105,125,27,843,378,27,0,152,361,4,29,3,6,0,0,0,0,0,0,0,0,0,0,0,0,0,0
경기도,연천군,청산면,2024,209,28,883,462,4828,4372,16560,14216,18055,12002,12912,9629,13175,9218,9112,9240,8450,10343,10896,10092,9991,8820,9988,9831,12220,12391,15178,10709,9771,9914,5878,10811,4808,7861,1347,4979,536,2644,261,1290,85,999,12,48,52,25,26,13
경기도,오산시,가수동,2024,0,0,2388,906,10553,5225,17026,12521,18410,22229,12080,7087,8672,6285,7307,7546,8104,8203,9389,9770,9779,9975,11298,14988,11214,19789,11201,19326,7866,19524,5312,20653,3326,16485,2334,14500,1421,12451,380,6007,101,2183,3,127,0,0,0,0
경기도,오산시,가장동,2024,0,0,80,698,315,2650,1407,12461,2318,17809,1158,4308,1468,1639,1087,1135,1627,1055,2268,2648,3420,1844,4889,3358,5794,2587,7458,2087,8979,3640,4918,4194,3090,2354,1155,1787,253,51,0,0,0,0,0,0,0,0,0,0
경기도,오산시,갈곶동,2024,3993,34,21504,1331,62186,11746,96509,19711,111892,24244,61725,17519,51611,15662,45665,17134,43897,20660,38326,22075,35377,24642,36681,29740,37032,40387,42494,43500,41041,51763,25597,46903,18214,38335,17398,32465,9983,26586,3972,18658,811,10006,32,3168,4,671,0,0
경기도,오산시,고현동,2024,414,12,7949,248,17052,2249,31515,3614,34259,11034,22611,3713,18594,3084,15205,3466,15306,4109,15408,4760,15123,4913,13916,7514,14250,8396,15886,8345,12703,9672,7686,7497,7296,6770,5330,5729,1608,4159,34,2786,23,1179,0,115,0,0,0,0
경기도,오산시,궐동,2024,2419,132,29654,3383,72534,22342,132964,43278,137235,83824,97481,74410,80574,61311,73435,59178,70270,65609,77594,68684,71918,69537,80978,84238,89039,100123,84462,116006,80894,127500,51167,114982,41510,94065,36483,88450,21622,63176,6565,26995,1193,6424,34,104,0,0,0,0
경기도,오산시,금암동,2024,144,0,19735,3799,79568,13307,129083,30612,145737,82228,84064,36333,70772,33869,66658,40066,67164,49509,71209,61500,63695,65186,69998,78961,88036,112871,78341,116803,65388,125066,47279,113399,40024,88030,31202,73419,29447,69779,9997,37230,1879,10460,46,190,0,0,0,0
경기도,오산시,내삼미동,2024,247,83,3707,757,13209,3560,27484,9266,27115,23330,19930,11622,16601,6920,14619,7968,16130,9594,16618,11700,14676,11874,15229,14186,22519,20090,24314,21436,19467,24198,10650,23486,10186,17270,10442,16502,10118,17632,2391,6709,600,3576,9,19,0,0,0,0
경기도,오산시,누읍동,2024,0,0,12068,1380,29809,6556,56616,12108,93096,12785,38813,10566,32075,10329,28421,13964,26503,17385,26963,19384,24454,20694,25976,39803,29938,46861,31263,41115,24082,35979,16348,34015,11835,28819,9386,25592,5277,22019,1161,11182,67,3758,1,345,0,0,0,0
경기도,오산시,두곡동,2024,49,0,1908,0,3646,795,7372,2686,7365,3132,5224,1128,3924,861,2559,1091,2351,929,2799,740,2461,1014,2858,1509,3177,2032,4489,1591,2215,1746,1416,1403,978,1040,416,757,141,669,2,207,0,40,0,1,0,0,0,0
경기도,오산시,벌음동,2024,0,0,23,294,91,351,360,746,560,1170,449,778,364,623,256,296,454,349,411,352,597,351,520,462,348,466,520,597,515,818,269,331,238,337,71,225,40,143,12,11,0,0,0,0,0,0,0,0
경기도,오산시,부산동,2024,268,22,13656,2374,44841,9980,76311,26072,77517,49476,48567,20296,36052,16767,33626,19527,35601,22705,34833,29153,30103,28151,33827,46058,45208,58491,39776,54574,33443,63338,23713,61124,18150,48250,15094,39642,8279,34789,3286,22273,1349,4503,4,90,0,0,0,0
경기도,오산시,서동,2024,0,0,2378,6,15427,1342,26485,3333,37051,3487,16037,2275,13421,3872,11381,4930,6652,5705,10645,7509,8704,8610,9105,14300,8991,15982,7796,14701,5629,12299,4583,12779,2670,10312,1536,9867,974,8293,22,3136,2,319,0,0,0,0,0,0
경기도,오산시,서랑동,2024,0,0,0,0,275,1,322,169,90,140,467,116,145,83,0,0,409,145,433,121,245,233,287,266,102,305,1,1,90,346,80,412,69,225,18,148,2,35,0,0,0,0,0,0,0,0,0,0
경기도,오산시,세교동,2024,3384,236,37923,42170,102598,98970,178460,164224,196787,267771,121153,99301,91384,72814,88986,78514,98789,82776,109057,93082,99785,89229,129909,99856,175985,149228,184657,175767,200398,190262,121287,167926,98375,121552,92953,106160,71271,96904,31329,51256,3335,9488,63,25,0,0,0,0
경기도,오산시,수청동,2024,7079,702,55805,21028,141176,62174,257431,116246,227334,225544,149807,109581,120408,99833,117564,101980,121530,101920,132923,121018,121987,115178,154816,123940,188227,167919,196776,209231,195172,258291,113121,206296,93428,137919,88011,121658,61235,100556,27280,58702,6083,13967,122,350,0,1,0,0
경기도,오산시,양산동,2024,4,0,6500,1253,24575,3491,60821,9367,61785,45268,29811,53606,30693,47485,29978,23287,42171,62134,36076,27940,54494,28213,74001,40994,53880,44180,53690,43422,60138,44289,34459,41557,18543,33375,17148,32183,13503,35198,2823,18509,270,8593,13,2436,6,831,0,0
경기도,오산시,오산동,2024,10053,824,123007,43842,347955,261246,580581,607069,598715,583018,448697,462994,417901,404769,431618,385975,459248,404956,451644,423714,463129,421234,536501,489525,636213,589652,698858,624509,730032,688278,517579,527391,409396,403902,316777,334220,220054,250434,90854,160266,12365,42338,553,9404,35,759,0,0
경기도,오산시,외삼미동,2024,268,247,19093,1555,79568,21077,147488,39363,75643,32948,42835,19773,32984,15445,31236,18848,30300,19952,27741,21807,27096,24901,33122,38231,30368,44670,35238,50046,42438,78086,23803,83294,17718,41080,10852,30373,7173,35492,2306,21009,370,15654,28,100,17,41,0,7
경기도,오산시,원동,2024,6474,1601,34770,24613,125561,103734,213932,207236,231981,336886,149061,203472,133789,175843,135269,162049,139927,159573,143300,178888,138375,174336,185644,192741,209058,229550,207597,245061,206481,261629,157039,213315,137942,160416,122230,130409,76924,101600,29632,56152,8256,23266,658,4501,40,441,0,0
경기도,오산시,은계동,2024,12,2,1475,101,5162,643,12587,1286,12084,3694,7474,2160,5196,2121,5173,2797,4913,3338,5355,3619,4788,3329,4377,5504,5146,8276,5180,6260,4663,7260,3268,8260,2673,6979,2103,5919,1038,5704,373,2720,171,1187,3,15,0,0,0,0
경기도,오산시,지곶동,2024,0,0,3608,224,12242,3230,36106,12309,23602,11596,13220,4168,10287,3681,7975,3610,7448,4941,8992,6837,9268,7379,8255,12194,7864,18503,9438,19129,8677,15603,4911,15956,3490,12418,2081,11956,1357,10276,497,4107,0,3,0,0,0,0,0,0
경기도,오산시,청학동,2024,0,0,1469,1617,5760,4529,10507,25522,9248,117326,6670,19302,7633,13009,11017,8360,18553,9774,21126,9937,19536,7644,50070,8107,65311,8940,41281,7845,18754,11406,9263,8163,7790,6524,5626,4904,2440,3389,679,1677,122,836,1,10,0,0,0,0
경기도,오산시,청호동,2024,381,4,4533,23,7485,807,16625,4542,30464,10337,11351,9572,9938,8470,8910,11059,9065,12071,8329,12740,7303,13042,9271,22351,8342,28399,7776,24707,6721,25056,4330,23338,3264,20735,3475,18587,468,18691,145,11856,56,6264,9,624,0,0,0,0
경기도,오산시,탑동,2024,0,0,18,0,229,0,870,1,522,0,378,0,207,0,137,2,149,3,296,1,158,2,149,2,131,2,164,6,48,2,111,1,88,0,21,0,0,0,0,0,0,0,0,0,0,0,0,0
경기도,용인시,고기동,2024,0,0,606,5,3967,1293,6275,3601,8220,6979,7009,8110,6823,5200,6193,5722,5150,5570,6943,5083,7386,7030,6890,7362,7453,7226,8127,9372,4198,6413,4266,6222,4268,5125,2493,4790,1195,3321,730,2681,56,1307,0,0,0,0,0,0
경기도,용인시,고림동,2024,0,0,316,76,27733,5440,60455,24898,75379,63296,36322,11485,31805,14533,32854,15655,28359,18278,27417,22088,32483,23405,35641,28702,39855,42238,40562,36774,29159,40281,19814,39943,13998,24221,12061,25358,6940,16298,1230,2016,1,0,0,0,0,0,0,0
경기도,용인시,고매동,2024,0,0,9817,704,32778,13001,52818,25223,54711,42645,39790,39857,30845,17911,31261,23378,26714,20696,27489,19598,30784,24391,36010,29471,35748,36928,44967,35229,37015,38215,31714,42991,21381,36790,27023,27049,8406,26263,3578,15690,902,7507,3,998,0,501,0,1
경기도,용인시,공세동,2024,0,0,16054,1204,42562,15712,95009,32657,90914,48468,63519,29791,56224,27755,48707,28486,45222,30464,46398,34704,42878,38185,48321,52833,48639,66277,53771,65736,50301,71734,32283,64671,22426,54585,20201,50064,14157,43135,7066,28833,1395,9750,0,0,0,0,0,0
경기도,용인시,구갈동,2024,3752,198,116131,40420,412747,203819,831658,501736,913749,910850,565141,482918,443365,390943,448376,429540,459938,400180,479276,463414,502639,444865,537485,501032,649430,594134,789456,756277,800494,969988,575399,815990,456759,551681,419366,452201,361119,446705,197812,295917,41793,72200,2440,5917,2,0,0,0
경기도,용인시,김량장동,2024,12,1,69477,24252,144361,88583,316998,231991,362299,425698,256811,324358,246425,280692,285035,297494,309244,288628,296633,295326,309217,299956,348696,313541,420008,340346,377180,364989,371155,368660,266966,291560,214145,215935,189371,176468,123528,146161,49010,101726,8308,42412,408,8295,1,14,0,0
경기도,용인시,남동,2024,479,0,4690,130,12332,3004,22745,9799,25847,32779,17094,26894,15409,18983,16880,15780,19549,17969,18913,16592,23160,15769,26415,17487,29971,18911,26132,21522,22863,24573,14747,20548,13496,21105,10354,18490,7769,19256,1986,16686,417,11183,104,3593,1,38,0,0
경기도,용인시,남사읍,2024,53,0,2129,501,11415,7172,22818,21968,23943,30689,21837,18981,16218,9568,15051,10941,15139,11911,12831,13224,16290,13119,14696,16552,20840,20149,18957,18184,18290,16193,12003,17859,8490,14250,6312,12908,3134,8205,679,2802,145,952,18,310,3,135,0,2
경기도,용인시,농서동,2024,0,0,2856,14319,9315,32486,19359,22170,15553,32294,10836,14299,10139,7199,11877,5738,12178,6430,11686,6147,13469,6082,17584,6921,26046,9437,37999,12614,26046,10840,18219,9085,8333,8144,9379,7509,4730,5582,1478,3050,304,1163,104,214,0,2,0,0
경기도,용인시,동백동,2024,0,0,48128,5157,186205,21162,310520,51912,311452,132895,197063,73882,165086,66900,158939,77470,155824,92828,148508,109935,135664,117270,162449,153487,175067,204543,161452,217105,139179,226886,107454,231146,85222,177343,79399,149161,77648,148133,36372,110202,9724,44913,696,6173,0,0,0,0
경기도,용인시,동천동,2024,0,0,56514,12148,258539,120230,673393,296033,757894,476786,537301,299287,351306,185779,289885,171400,281754,195257,265717,202645,246056,229986,273600,276432,306194,360624,374738,438834,443420,637140,283937,579029,185292,392580,155985,349954,131477,354730,73662,210494,16170,61704,8,52,0,0,0,0
경기도,용인시,마북동,2024,1978,43,64094,25283,242425,130379,515087,280127,563898,367660,359996,222360,289559,178028,264727,180326,253756,197498,242657,209521,239708,227080,267640,275097,313717,333088,361502,435338,370086,536435,268285,463753,193576,331319,150579,268813,134145,272941,80990,175200,11945,36318,1242,3642,0,0,9,0
경기도,용인시,마평동,2024,0,0,3295,176,28311,8160,40252,35870,48293,60717,27952,43312,22554,34817,26832,27632,28596,27540,29477,27384,30578,23931,44883,30240,48775,37203,43460,34665,34607,38757,22626,30213,19566,25753,14837,18585,10203,19824,1780,8882,46,2225,18,695,0,0,0,0
경기도,용인시,모현읍,2024,858,1,23197,5547,72013,24174,144344,73043,148388,128664,86446,72357,85556,71028,80033,66739,92330,71248,93311,63726,99723,71096,124538,96030,126554,115551,123564,121527,96694,116347,55517,106967,44114,90513,39155,82012,30834,73710,7416,50297,2601,28375,370,4300,1,3,0,0
경기도,용인시,백암면,2024,0,0,2368,867,7450,7124,28581,25229,24617,34173,23601,20289,19033,17188,17076,16670,16941,17546,20017,20056,17179,16880,18599,16312,23005,20336,24374,24007,23498,21866,14517,16464,9343,12141,6661,10120,2478,6134,365,3401,13,861,0,0,0,0,0,0
경기도,용인시,보라동,2024,0,0,30268,4264,106871,22754,176466,53660,169638,129330,133151,73144,111480,68507,103246,71770,99299,76586,99245,83924,93618,92174,108190,108877,119683,140591,122808,150979,111030,174782,71617,166427,58881,123205,59268,103605,47881,96849,25351,67734,5773,23358,444,2324,143,729,0,0
경기도,용인시,보정동,2024,937,10,36510,13019,186197,89627,389068,173636,429338,350586,294072,215165,242736,172457,229014,177484,230136,203185,232469,232257,227699,244399,254573,302382,304207,383539,321146,415345,310407,477622,202139,409857,180825,295378,180653,237677,177202,231714,91545,154432,23012,36461,1842,2082,9,500,2,1
경기도,용인시,삼가동,2024,6,1,22021,10261,78717,52388,161730,114322,224474,281819,133398,172670,114378,116664,139967,130738,146029,137619,137629,135106,155172,109788,157648,126924,189281,151444,150900,156897,185756,167070,97675,145745,78081,108056,66579,92051,56563,83718,17299,45626,3161,13356,855,2278,3,11,1,1
경기도,용인시,상갈동,2024,504,9,52270,27811,168748,94570,354064,228945,400195,262578,259376,173176,184131,128931,174839,135019,163109,129197,160440,152983,150425,147378,185901,175401,215783,220961,247348,276338,269990,343474,178568,268157,128015,203251,110054,186245,85161,158367,48927,92638,8612,18179,180,384,15,50,0,0
경기도,용인시,상하동,2024,152,2,48127,13075,147777,49543,266003,103548,323704,146544,206704,82545,162780,77455,148899,94463,148069,111301,145939,117378,132900,124662,144762,161792,147885,204116,161083,237016,144257,259119,85872,235921,67202,191790,60223,153168,45864,150568,23330,96349,5253,34278,681,3690,0,2,0,0
경기도,용인시,상현동,2024,1418,109,80978,23198,366896,140614,776142,265228,837395,482201,570737,325573,412213,239750,368488,223150,383055,272628,358018,305318,336707,326215,386635,387827,439823,480437,494392,579335,511042,790964,311110,705225,234121,490103,226425,411516,185776,420946,84515,259030,17392,100032,334,5284,9,45,2,1
경기도,용인시,서천동,2024,54,0,8328,1146,30541,7103,61937,13923,64148,50362,45844,28839,39183,33243,38710,30944,34704,29035,42652,35303,39505,35162,41179,37727,48382,41911,54861,53778,39940,63239,24242,62252,16506,48823,13904,43674,11957,45222,3967,25722,925,8246,241,1692,3,17,0,0
경기도,용인시,성복동,2024,8,3,102465,17444,423275,156271,1019081,357456,1129401,501830,779425,353313,587209,328053,519756,358546,504363,392504,499398,427756,457295,446377,512119,571324,568041,658698,585689,821000,567144,1065932,419025,931389,317692,631830,296640,573993,263542,640548,139428,353195,33482,122658,311,1455,0,1,0,0
경기도,용인시,신갈동,2024,1300,10,62715,18129,226660,77179,447395,157164,473400,249914,321972,187772,244681,155486,234190,163528,222192,174392,219528,204366,207568,208350,239538,238350,267329,277494,258760,351816,248901,472488,181726,399607,130214,287843,109703,247040,88516,243200,53499,155292,14569,40252,2584,4841,535,445,0,0
경기도,용인시,신봉동,2024,0,0,41460,3489,140372,27408,250182,49231,265750,123408,191315,71769,181077,66836,162663,80400,159524,94471,153918,105679,139606,124900,156391,155288,181957,180970,173943,193164,122376,228196,83504,251930,72825,194598,58324,158861,47718,175561,27690,114547,6288,44194,45,694,0,0,0,0
경기도,용인시,양지면,2024,0,0,1438,176,29438,18710,55342,34903,70562,64406,44856,36890,37323,24599,37148,26415,38418,32983,39815,32374,37784,33571,40351,39504,45167,52594,48060,56374,47053,54283,31240,52400,29175,40659,24227,36329,14521,26416,3999,16682,52,869,0,0,0,0,0,0
경기도,용인시,언남동,2024,0,0,15306,976,67402,10265,103786,21215,115192,46982,82361,37651,68331,35712,64351,36454,63090,38459,62794,44535,61141,49009,64150,61364,64199,77471,61711,83561,53778,84953,35346,93068,26651,71924,22057,62683,17957,58617,11450,40488,2489,14822,275,327,0,0,0,0
경기도,용인시,역북동,2024,2,0,35471,7373,99404,25692,183942,69805,222212,185348,135472,120745,104679,91915,121412,103034,132469,132475,126271,130051,139359,127967,157437,157769,193868,189419,175889,217203,161445,226435,134439,192520,120601,140363,123970,111201,108016,100323,46742,73662,8077,25873,1085,5956,1,39,0,0
경기도,용인시,영덕동,2024,2057,455,70905,29108,221202,81782,398738,200589,387105,341765,277412,198971,228549,147844,208946,133175,213285,154089,213884,173793,189927,174724,225436,221044,244852,266650,319929,317058,330913,405832,188518,396133,147169,280918,124126,241338,98882,233796,48896,153076,15103,54376,1179,4891,0,2,0,0
경기도,용인시,운학동,2024,0,0,0,0,2297,468,4452,1147,2150,1521,764,786,3505,1441,1467,1514,2348,1900,1250,896,722,1684,1962,1100,1880,2888,2033,2810,1109,2715,350,1411,934,1801,152,1632,201,1091,113,19,0,0,0,0,0,0,0,0
경기도,용인시,원삼면,2024,0,0,1099,59,4395,4544,21543,12928,19306,18570,16465,13139,10653,7121,11415,9599,10711,9003,12352,10342,11158,9624,9388,10190,14826,15544,15697,14665,11496,12234,8599,12132,5877,8008,3144,9255,1382,5488,263,2192,47,406,0,0,0,0,0,0
경기도,용인시,유방동,2024,5,0,29091,5739,67949,22724,134924,61102,185113,145337,97242,49012,81202,49161,78985,58297,83506,65322,78044,61953,72051,63666,90466,84732,103074,101984,119717,109896,91628,123207,49994,102639,37953,82513,32005,77471,20608,66305,10097,41430,1993,13849,197,854,0,3,0,1
경기도,용인시,이동읍,2024,3,0,5925,3977,33864,16986,79996,45502,79572,66915,51937,35461,47079,25109,45331,29448,40964,34076,41698,36489,35929,33166,41639,45276,51854,53409,60561,65745,54776,74700,32079,58426,29873,52962,17759,41157,11844,37592,4102,15031,1967,6318,280,2349,128,1137,0,0
경기도,용인시,죽전동,2024,21115,70,116352,45640,534623,327322,1181526,691173,1248861,1078182,847874,809315,679275,682102,668583,645125,707316,649403,725465,675511,771214,689543,907681,763215,1043641,880405,1162165,1019112,1162355,1251620,858133,1064935,761684,749320,540312,661751,456102,676812,219148,429544,40837,162870,2037,7389,9,1112,9,8
경기도,용인시,중동,2024,10,4,37942,19948,117645,62639,240032,163389,304420,334871,192441,191149,180555,149755,191019,150746,192180,175217,185630,192478,185263,193353,239079,221948,272874,271399,293962,301883,253972,305265,157676,263148,123802,192054,110776,153524,88503,144068,36334,90141,6596,31360,897,4943,1,5,7,6
경기도,용인시,지곡동,2024,0,0,5782,553,18330,5922,36508,11362,33632,21707,18401,9267,16275,8007,13928,8464,13087,9509,12979,9790,12003,10448,11737,14434,14040,23163,13688,18919,15832,22641,5986,20104,5103,17917,4452,13068,2442,14271,1054,10460,499,4489,42,357,19,110,0,0
경기도,용인시,청덕동,2024,44,0,21193,748,50262,10839,92382,34179,94317,69572,73714,25660,63870,20296,53793,23478,49480,30664,48460,34902,40288,40530,59303,53101,68063,64058,58582,69888,51032,78517,25578,73761,16819,59689,12156,50461,8680,44333,4350,30852,714,10492,85,150,6,0,0,0
경기도,용인시,포곡읍,2024,2434,160,50785,11376,137012,57220,286950,178011,376857,409415,211245,294878,192744,256209,197844,217024,187154,206423,187225,193636,180486,199259,226013,226600,293940,256987,346645,290975,359925,296550,289563,261797,228010,209121,205314,177502,148749,157384,40113,97561,7293,37767,1206,2625,3,7,2,0
경기도,용인시,풍덕천동,2024,3,1,126810,34625,508802,204498,1201990,442709,1353519,710480,928485,563626,648246,460536,601288,464160,620611,528589,607343,597218,578538,608512,660350,707183,752157,865758,801163,1115034,755412,1304550,582135,1148957,474162,756863,473532,648031,562766,630195,247351,380289,69293,117340,200,694,0,0,0,0
경기도,용인시,하갈동,2024,74,0,3064,915,17578,6284,23836,18336,23016,41317,17503,31022,18052,25879,23164,17382,23105,17956,24531,21732,27400,16878,29496,16838,36704,18274,36942,20674,29977,21715,19045,20068,15464,16389,12826,12908,12156,12724,4681,10184,1548,5100,161,1141,0,16,0,0
경기도,용인시,해곡동,2024,0,0,0,0,367,58,1565,241,1655,470,468,427,1403,261,816,501,881,1275,476,529,981,1042,568,732,564,899,914,800,326,913,107,520,150,542,35,261,20,416,21,4,0,0,0,0,0,0,0,0
경기도,용인시,호동,2024,0,0,0,0,162,9,277,15,2,0,0,0,174,96,0,0,115,79,0,0,83,201,3,1,55,262,26,3,56,98,0,0,8,33,0,0,0,14,0,0,0,0,0,0,0,0,0,0
경기도,의왕시,고천동,2024,1496,1007,12001,14413,50080,54208,122543,114732,121074,214647,71436,92401,59399,66248,69117,63012,82377,69673,75996,69313,74015,67111,89043,76458,112453,89627,142747,104456,176249,130264,85122,104426,58195,68479,50416,59691,35388,49881,14756,26708,3329,7429,1368,3134,95,78,2,6
경기도,의왕시,내손동,2024,2849,373,26284,18523,103470,68183,231883,82559,272656,201278,168114,125140,147386,104263,138702,100265,160135,124569,148852,131742,142701,132643,209002,182798,240382,198355,190860,212462,150599,257654,97415,236199,78074,170306,64835,156418,50673,156820,19872,77482,2870,17492,200,1107,21,154,0,0
경기도,의왕시,삼동,2024,11257,430,104852,49354,252002,196685,565581,501398,568025,473237,290654,205084,216393,147171,205173,155421,218024,171266,202213,183366,199093,174049,231557,223263,315311,274895,448647,358536,413367,525527,241101,365094,171005,249222,135511,213737,97785,179448,36268,112779,2983,25162,157,4012,8,202,7,3
경기도,의왕시,오전동,2024,11782,1175,55873,26629,184042,93038,371481,249976,446348,387307,261867,160318,213017,121937,201700,124741,216626,157752,211629,169625,196281,179827,232634,217573,264283,258774,315370,292947,317408,352199,207807,325666,127336,251649,101021,221555,68362,226223,28317,113153,4658,24019,1018,4703,2,21,2,1
경기도,의왕시,왕곡동,2024,3467,2495,33075,24250,91258,75197,173576,129475,203201,176175,160782,119961,110438,85853,104512,83994,112061,91717,104491,92668,98080,88686,112158,102848,129543,122298,154947,148220,167125,178463,141211,177910,96545,122009,82838,110841,68778,100851,38666,57754,13696,19653,2947,3704,383,766,73,178
경기도,의왕시,월암동,2024,1017,25,4158,1259,5602,4259,11802,15829,12550,46751,7899,23529,5758,18334,6981,9205,6758,13370,5598,13367,6620,9389,8814,9452,9937,9335,16458,10567,21924,12672,5741,9419,4495,6488,3404,6081,2376,5008,227,3295,30,1619,13,987,0,121,1,0
경기도,의왕시,이동,2024,795,627,1857,3655,5836,17110,13064,69685,16564,72928,11759,23778,9744,9268,10147,8955,12396,9901,12151,8986,13153,8096,15190,10635,26076,13757,68497,16392,50118,15272,18179,12500,15070,9900,7345,8209,5458,7813,2097,3723,319,1136,71,520,1,16,0,0
경기도,의왕시,청계동,2024,4,119,24042,15647,68888,41757,144152,84941,156258,101514,129952,91083,99539,75819,90636,70270,101366,79895,99910,82443,95661,79985,108943,98717,118585,115049,115706,124614,104743,141113,89059,135586,77165,112383,68139,103855,56858,100706,24619,46782,1164,3645,0,0,0,0,0,0
경기도,의왕시,초평동,2024,0,0,0,0,633,487,829,628,1020,1668,1120,1143,1079,1051,967,951,1336,1052,898,787,209,546,2132,1280,55,35,1216,1068,1088,528,320,805,438,314,330,242,20,167,0,0,0,0,0,0,0,0,0,0
경기도,의왕시,포일동,2024,625,139,19874,10251,95531,52669,233646,103584,248085,274166,164872,131915,133808,77737,123933,66428,121795,87011,125832,101669,119836,102124,143760,120702,153628,141447,177719,148866,252900,183433,106278,177561,72055,126234,61135,120544,42606,116279,15813,62875,1395,9640,0,0,0,0,0,0
경기도,의왕시,학의동,2024,5,2,6578,2415,29496,15886,61852,22176,57755,35676,40372,58842,31140,37803,27744,40701,30254,35150,32399,37920,35809,38096,44032,48022,46544,52028,49483,57217,49673,72709,36676,72717,43867,52118,59890,47483,11767,46894,3810,28098,680,2724,66,148,0,0,0,0
경기도,의정부시,가능동,2024,12794,2237,162771,47801,261475,107684,536383,251409,569835,592128,388562,301462,347497,233389,335880,241568,342339,259278,342641,290964,309038,273931,357524,325394,424837,375307,438430,432623,350874,517454,230023,457387,174773,326911,146947,271759,103346,246473,47519,138333,13475,52745,628,2122,117,137,315,98
경기도,의정부시,고산동,2024,581,283,21392,4730,55964,16458,105109,34561,100461,105913,65890,45533,53683,32460,50437,33078,51698,39100,48982,41898,50486,44080,64375,52018,67627,60497,64110,69868,54101,77359,30069,82680,21105,57637,19785,47437,15192,44162,6023,25791,1989,8228,388,851,0,0,0,0
경기도,의정부시,금오동,2024,13542,5005,53271,28547,132006,85056,256987,190089,303324,254643,234535,208348,214184,174966,215223,158824,209760,178326,198198,202195,208918,197374,247680,202713,251673,212517,285525,236213,238566,252729,150265,211307,116049,156566,113127,138825,101077,118432,32130,62943,12837,33594,3211,10944,1777,4349,502,212
경기도,의정부시,낙양동,2024,16759,896,47750,4787,113259,18361,219122,53936,295106,158314,154062,68411,127118,63114,116524,65216,118465,80934,116844,91133,109527,97087,129654,131001,149447,154987,137817,171508,118427,199427,78493,186686,60848,141880,50837,118755,43759,119535,16814,78066,6382,33842,2411,12337,252,2514,11,74
경기도,의정부시,녹양동,2024,4848,3644,80464,21046,126801,53515,272647,111998,268706,177118,179025,110378,152398,84253,144247,101402,151448,110414,143608,124000,131656,119367,144432,147939,154324,172145,167913,203882,171765,240385,103490,216332,79029,150371,66717,118351,48796,118619,21379,69306,6659,25319,797,824,192,343,90,251
경기도,의정부시,민락동,2024,14956,1104,55398,4898,165601,36835,287831,88151,304687,294403,186327,162939,165106,144059,166801,145786,178375,161578,181836,185292,181095,186405,226984,227746,254177,268273,241513,310191,258389,311417,180937,311787,159580,220208,139768,176790,137938,167090,45809,110442,13011,47171,4234,13238,562,2148,9,31
경기도,의정부시,산곡동,2024,45,77,29846,1581,72410,12554,150672,19096,149467,33283,75643,24161,56147,22357,51346,26230,50886,31528,51819,41377,45489,45852,47213,63252,57486,77532,53484,89889,49799,100213,36243,124414,28453,80411,24598,63311,21177,61755,7885,37926,2425,13081,379,935,0,0,0,0
경기도,의정부시,신곡동,2024,47597,5685,218713,78824,498944,142601,935248,264410,1136671,633477,698908,387575,596253,358720,576649,391283,579256,455473,558236,481627,503874,497269,561362,600495,574581,688672,584132,829880,536991,914997,349617,816412,269662,592936,242246,507732,204329,476782,90632,285547,27536,126693,4356,29117,927,8934,17,126
경기도,의정부시,용현동,2024,28020,1832,79305,35152,185462,80599,361162,176205,490113,467102,318970,214831,262928,171076,247566,180835,269641,209670,257184,226960,230135,220521,268883,264832,299515,311742,321084,366424,340677,422977,175308,357539,130878,253575,105861,220680,91377,196540,41547,115713,10091,46645,1428,7097,0,11,0,0
경기도,의정부시,의정부동,2024,58480,13754,239173,138781,610168,356377,1084122,625532,1230114,1408897,830130,1312301,795309,1114296,892236,1136188,1007772,1171194,1058320,1260481,1120640,1179277,1259383,1152028,1333582,1207373,1465657,1339839,1520152,1483931,1026588,1178966,892806,749620,733254,631055,599354,530824,295003,330359,76596,163338,11354,23667,2190,3208,2168,4457
경기도,의정부시,자일동,2024,0,0,69,787,229,2602,614,6006,1087,9328,855,6975,851,3419,699,3093,1223,2673,1512,2651,1666,2572,2043,2531,2661,2885,2532,3153,2254,2661,1619,2002,3709,1207,1243,1018,502,818,261,468,110,101,0,0,0,0,0,0
경기도,의정부시,장암동,2024,2377,1565,45168,29541,141567,96908,317509,177181,231489,149559,130655,99275,86149,80753,76423,84404,84260,85764,91177,74121,92399,68960,98366,78731,101378,94146,106365,111758,105488,145622,74007,145160,49114,100034,38777,77626,28757,74127,12272,43400,3340,15522,270,2398,17,263,0,0
경기도,의정부시,호원동,2024,55128,12260,375713,150531,732000,316584,1502282,580894,1550922,998992,1012340,723644,868630,643838,838969,717613,846600,718808,836322,722827,788275,761481,803644,863150,849385,1002950,886755,1174724,772979,1406428,537989,1223274,410888,789921,351403,668089,278837,597647,135316,352675,34139,153067,5802,15296,1127,2526,689,3771
경기도,이천시,갈산동,2024,0,0,319,24,2050,455,8514,2349,15203,9053,8251,3040,5537,2507,4275,3958,3798,3884,4969,5031,4937,4818,5530,7069,6692,8925,8603,11132,5396,10342,3690,7776,3392,6414,2261,4900,1595,2398,123,854,35,172,0,0,0,0,0,0
경기도,이천시,고담동,2024,0,0,0,0,644,32,1089,2156,2791,2004,1490,776,484,609,947,282,318,455,885,542,523,939,1246,632,986,1156,1232,666,766,1366,679,870,358,2228,163,733,83,210,1,0,0,0,0,0,0,0,0,0
경기도,이천시,관고동,2024,88,0,1575,323,9413,3492,30498,27942,40911,76501,26246,40472,33622,33654,41186,27455,46078,24766,49714,30664,44976,27652,60867,29583,76716,32222,62008,32504,46448,28441,32332,20618,24682,14197,19131,10360,5352,4020,705,1486,70,325,0,3,0,0,0,0
경기도,이천시,단월동,2024,0,0,0,0,856,79,2627,811,2901,1638,2608,967,1427,1113,1459,1044,1058,1408,1485,1008,1097,1678,897,1673,982,1832,1268,3701,1355,2156,923,2013,413,1535,243,1246,26,822,0,0,0,0,0,0,0,0,0,0
경기도,이천시,대월면,2024,0,0,238,28,8212,616,29237,10767,26024,13886,16237,6407,13154,6055,9304,7125,11672,9402,10745,9643,8622,9924,10096,13877,10555,14746,11557,19466,8483,20257,5278,19032,4952,14519,1771,10329,514,5942,102,510,8,144,0,0,0,0,0,0
경기도,이천시,대포동,2024,0,0,0,0,338,173,2779,784,3356,1203,1715,343,1088,560,1149,439,1054,689,1333,604,554,999,1100,701,1378,1791,1216,2428,1445,1249,733,1234,286,1429,131,1159,4,811,0,0,0,0,0,0,0,0,0,0
경기도,이천시,마장면,2024,0,0,2891,392,22891,8983,45770,40640,62560,59104,40294,27488,37289,21933,35152,21536,35950,30364,38302,29966,34242,31861,47421,37813,49143,44018,48756,51697,54174,55682,29705,50160,25416,43396,18825,36715,12805,28042,2938,16114,596,6390,2,36,0,0,0,0
경기도,이천시,모가면,2024,1,0,101,26,2257,364,9476,3286,9300,6870,9827,3739,4659,3529,4458,3501,6471,6417,5707,4834,3505,6352,6150,5663,4001,5454,5472,11177,6725,6792,3901,7721,3018,4441,720,5374,83,2878,0,2,0,0,0,0,0,0,0,0
경기도,이천시,백사면,2024,0,0,0,0,6917,137,33430,13404,41497,21752,28576,8829,15909,7338,14515,11032,16041,12083,20582,15527,16422,16921,14539,20601,17034,28718,15858,24152,18175,25309,7590,23991,3816,18120,2462,16518,861,4466,1,0,0,0,0,0,0,0,0,0
경기도,이천시,부발읍,2024,383,2,17533,2907,82277,51897,241254,176266,230309,207743,148360,91187,118337,78123,120103,88063,116696,94285,121031,103414,119720,102496,135312,120157,178179,171312,218888,206301,184721,197253,128413,166578,95442,142620,65293,118973,37651,84977,12039,51887,3623,21801,0,0,0,0,0,0
경기도,이천시,사음동,2024,0,0,401,219,1443,464,10370,5699,9890,31489,7928,8249,4858,4222,4485,3452,4349,5544,6506,5461,4937,5399,7508,6754,6119,8917,6690,8107,5653,9426,3751,8440,3643,5034,1876,4681,500,2403,270,582,47,35,0,0,0,0,0,0
경기도,이천시,설성면,2024,0,0,553,189,1886,708,5524,3791,8237,6174,8850,4030,5447,3602,4870,3944,5440,4874,6048,4797,5378,4665,8123,5292,8145,5713,7930,5629,6742,6501,2348,6145,1649,3476,825,3484,261,2133,5,44,0,0,0,0,0,0,0,0
경기도,이천시,송정동,2024,38,0,1420,80,10607,642,30323,6208,67383,21073,23857,6953,19860,8109,18684,11062,21111,14948,21131,16978,19141,17706,23931,23687,21813,33084,18616,34330,18888,32192,11605,37017,7930,26521,6655,24060,2646,15728,904,5350,279,3465,0,10,0,0,0,0
경기도,이천시,신둔면,2024,19,2,10159,743,45601,8063,94631,52472,91093,73812,63181,54177,50000,31805,39655,28682,44742,34863,41728,35953,39279,32952,42807,41585,53088,51161,68199,64137,55027,80612,30475,73985,22157,54027,14785,48989,7393,37209,2335,20123,170,5379,4,557,1,241,0,1
경기도,이천시,안흥동,2024,0,0,1003,188,1689,459,12423,7531,14041,29764,7487,3947,6418,3557,5919,3764,5583,4083,7470,5011,5401,4453,13317,6424,12246,7473,18467,9202,7105,10439,4538,7679,3899,7118,2779,5152,1467,2841,782,1250,249,323,0,0,0,0,0,0
경기도,이천시,율면,2024,0,0,0,0,118,16,1614,576,1704,840,3208,1115,899,669,631,813,1227,1260,819,914,333,518,680,1036,692,630,948,1254,522,627,231,611,181,878,55,328,5,7,0,0,0,0,0,0,0,0,0,0
경기도,이천시,율현동,2024,183,1,11801,2582,54890,34258,153442,116388,161083,150306,108737,90397,95590,81022,93064,84049,93488,85382,94975,86452,97964,87510,101625,94006,128894,113754,141008,135974,159131,157545,101044,129539,80063,98955,57506,70519,32076,55625,11101,26522,2871,13814,0,22,0,0,0,0
경기도,이천시,장록동,2024,0,0,0,0,720,33,663,96,1368,766,1114,378,544,500,688,499,607,529,708,582,781,491,506,860,447,793,542,1227,940,1197,411,1085,289,563,217,359,9,210,0,0,0,0,0,0,0,0,0,0
경기도,이천시,장호원읍,2024,448,4,1339,116,5977,2725,23721,13136,20982,27377,16904,21176,17449,18250,16553,14033,18180,14878,18799,17366,19018,17467,19805,15982,21523,17283,23384,21967,19675,21904,13379,17614,8701,12040,5352,10178,1158,6415,130,3878,47,2663,6,716,0,0,0,0
경기도,이천시,중리동,2024,106,9,6478,1444,28174,16712,76082,80636,84995,169751,63306,112411,59644,92009,65893,81018,66460,77978,67422,88592,72781,87617,83977,84253,101371,105327,116658,108136,119427,125281,81135,96281,72482,61919,67603,49185,28502,29115,4955,18492,2066,13737,4,232,0,0,0,0
경기도,이천시,증일동,2024,62,0,44,154,244,964,5835,5193,7934,10038,3066,6210,2917,4985,2882,4458,2957,5217,2655,5500,2970,5948,3032,6295,5231,8222,4565,8301,5354,8201,1412,7349,1447,4767,1031,4222,417,2147,44,1066,70,359,0,2,0,0,0,0
경기도,이천시,증포동,2024,10,0,1807,15,11767,928,30706,15184,40936,33125,24153,17355,19665,13969,21166,16248,22460,18908,23389,21361,20538,20476,27453,26419,27809,32379,27534,37121,25544,35546,19277,30735,16804,23586,14015,19019,4878,11306,241,7339,69,4694,0,19,0,0,0,0
경기도,이천시,진리동,2024,0,0,71,130,1935,2301,3478,5886,4820,15525,2810,4496,1962,2793,1849,3599,2324,3047,2542,3484,2345,2746,3047,3291,4758,4704,7933,4927,4437,5697,3092,3619,2966,3081,2187,2022,641,850,136,121,14,87,0,1,0,0,0,0
경기도,이천시,창전동,2024,33,2,4137,280,19439,9660,42871,34575,61143,110795,39110,61503,35299,49163,41751,45871,46213,45907,45882,55050,48928,50793,59517,56751,72299,60471,84075,60072,77466,59278,68648,43674,58417,27835,49811,19903,21494,11016,2023,5252,270,3029,0,10,0,0,0,0
경기도,이천시,호법면,2024,0,0,131,107,5947,2090,17667,11441,13414,16099,9959,22424,9226,10593,6134,10806,7544,9744,6638,8548,8879,9098,8323,8978,10380,9855,11690,13334,19270,14193,8955,9113,14497,9504,8443,8580,710,3915,143,1612,67,852,0,3,0,0,0,0
경기도,파주시,검산동,2024,383,48,5610,189,9519,2839,27602,12623,38246,14274,16719,5781,14573,6033,14038,7562,13520,9235,15098,10030,14766,12251,12640,19853,13743,22030,22787,21662,18491,19652,8373,16751,6000,20048,5108,14204,2610,13520,1197,7859,382,3851,68,676,0,351,0,118
경기도,파주시,광탄면,2024,1244,1505,9019,4702,25375,17539,56578,58646,52880,63004,43578,39161,40016,35419,41082,38785,44194,38750,44422,39417,41348,35943,48877,40249,53281,43971,69226,61292,61647,62658,33134,46270,26557,38700,16379,27880,8207,17972,3546,10675,1686,4087,88,475,0,0,0,9
경기도,파주시,교하동,2024,212,1,966,715,1879,9181,3357,18053,5747,17701,3014,8624,2152,6252,2277,5453,2514,5170,1983,4965,2679,4726,2855,6663,3460,6851,4480,8633,4301,7740,2110,5968,1063,3414,1414,2826,712,2236,278,1232,283,838,62,427,3,161,3,90
경기도,파주시,군내면,2024,0,0,0,6,285,16,3174,1341,1371,482,951,516,330,189,256,177,240,691,603,203,182,130,821,352,575,341,444,517,495,671,93,812,50,405,9,115,27,612,0,0,0,0,0,0,0,0,0,0
경기도,파주시,금릉동,2024,644,50,5778,4230,12206,7952,26451,17741,27919,44980,21449,35123,22091,28772,23623,28137,32219,27442,32828,24458,29966,22984,34685,23255,32918,25301,33090,28384,27627,29868,16093,21582,14319,16823,12094,14560,10102,13548,3847,7540,1531,2392,243,1368,31,551,242,115
경기도,파주시,금촌동,2024,5308,194,134371,22871,399277,194663,772008,394895,743062,643360,490281,424598,434353,372213,457559,371996,477942,411433,466941,427963,454379,428569,506522,484097,580271,588855,632860,689095,691253,746269,441865,625789,376208,424983,302502,392508,247008,338995,104686,216309,30383,77228,2340,11932,289,3329,2583,1190
경기도,파주시,다율동,2024,1637,15,15376,2423,50221,11798,79313,31637,78924,43187,49697,24543,33725,21306,33686,22648,32788,27598,31827,32497,27578,33377,37195,42534,35542,51647,35939,59411,32777,67869,22174,68875,16414,53025,14707,45190,13039,45424,6131,28821,2180,13964,385,4210,12,1152,5,596
경기도,파주시,당하동,2024,358,0,5886,1411,15980,4630,22608,3250,21023,4216,10490,3625,7216,3117,7503,2997,6305,4712,5982,3929,5590,4324,5631,7405,7672,9170,6725,9566,5772,11589,4416,11436,2546,10488,2454,7588,2016,6984,818,5672,253,2418,21,920,0,56,0,0
경기도,파주시,동패동,2024,7682,303,80657,17964,197772,43857,312828,100776,316151,215892,217774,115997,184737,94269,183880,99206,190502,120825,182315,138737,161797,140005,205309,182118,230911,227427,236615,266764,196581,296780,132404,282532,102677,205794,91183,183090,86237,182333,40859,115027,14106,42533,3374,10264,50,1986,9,806
경기도,파주시,맥금동,2024,77,31,493,151,1476,1619,2689,4800,3612,14872,4442,4172,3632,3904,3241,3307,2355,3104,3227,3638,2826,2884,4421,4402,4713,5046,8623,4444,7401,5084,3017,3781,2386,3753,1864,3104,827,2106,427,1034,384,1008,171,227,0,134,0,57
경기도,파주시,목동동,2024,11019,582,98166,15800,257990,38081,364328,72065,355035,157826,234703,95856,188645,82376,181815,89848,186838,117040,173828,138071,150480,129230,190894,179955,209935,231937,212495,271684,179577,272480,132034,257490,107486,194880,105059,165927,114696,161505,47992,112319,20226,49316,2587,12451,71,2813,15,703
경기도,파주시,문발동,2024,0,0,9560,6634,24090,24488,43933,64307,48690,118928,35360,77347,31263,42786,35090,42779,37457,42664,40950,40886,39532,39691,50057,39929,60376,45322,94458,52594,107800,63664,62914,60241,40191,44012,40325,42485,18957,33502,9360,22383,585,7478,54,1386,0,0,0,0
경기도,파주시,문산읍,2024,18073,1298,64783,22021,188054,101640,372358,239691,435351,409290,289547,229068,251743,237740,265564,247347,276291,246276,266220,259864,267385,238093,310781,310215,330985,333269,378548,383162,343860,385658,221403,326409,186511,239508,147026,188158,108978,172763,49150,110055,1473,35436,5,2364,6,1180,0,3
경기도,파주시,법원읍,2024,3429,64,8836,1397,29998,17981,55461,49135,50451,52525,37849,31903,35656,28006,36628,31653,36124,32639,33873,30597,32609,30952,38892,36650,47620,42088,60246,47081,49087,52928,28982,40136,21232,31123,14859,24054,9004,18890,2766,11245,381,3637,11,236,0,0,0,0
경기도,파주시,산남동,2024,0,0,887,21,1262,236,1843,585,2045,3605,2510,661,2520,563,1855,803,2040,370,1710,1110,1191,1154,1604,619,2744,1322,3159,1067,2839,675,1656,923,1356,546,852,627,452,710,346,327,51,38,24,5,0,0,0,0
경기도,파주시,상지석동,2024,0,0,2013,1251,6410,3184,15394,9177,20730,12615,8031,4156,6564,4158,5044,2360,5392,3401,4638,4643,3782,3911,4573,6364,5491,10211,9712,8809,7226,12095,2944,8669,3573,7957,1425,7876,1458,6059,550,4824,99,1296,0,0,0,0,0,0
경기도,파주시,서패동,2024,0,0,1169,489,1963,2205,2957,5354,4727,10928,3761,14954,3369,8420,5025,7980,5325,6937,6164,5922,8902,6189,12092,5751,10449,6046,14675,6810,17412,7954,13601,9407,16805,7076,15633,5931,3143,4651,1087,4037,67,1348,2,42,0,0,0,0
경기도,파주시,송촌동,2024,0,0,42,30,62,1,334,570,984,647,902,239,402,506,530,295,5,13,73,293,732,395,4,18,437,456,742,536,58,597,505,425,2,22,59,112,53,151,0,0,0,0,0,0,0,0,0,0
경기도,파주시,신촌동,2024,0,0,66,602,924,1962,1931,5865,1474,12750,1090,2941,1103,670,821,1024,1215,961,1262,945,1011,581,2167,794,2066,1198,6391,1570,7964,1877,1067,1086,1782,1136,1452,1028,618,716,117,174,0,7,3,5,0,0,0,0
경기도,파주시,아동동,2024,988,314,16741,23825,39582,56454,86597,111541,132514,119719,70092,87020,55782,78426,55627,80907,60248,87733,60835,86256,63164,77859,71743,100715,88045,119362,99268,138056,110266,122052,74486,83384,60996,60813,55180,54003,44118,40319,20035,21687,3499,8641,447,3057,54,916,629,166
경기도,파주시,야당동,2024,9548,634,172556,29340,560068,205286,962993,289344,912840,434422,521372,303973,401683,242988,380722,263175,395907,308976,371983,323526,342841,374841,382750,428257,473691,639341,511818,803166,483534,1029971,343605,909403,301432,568601,306230,497094,277089,439572,158547,323075,39393,114079,5087,17556,960,3603,349,1230
경기도,파주시,야동동,2024,1040,14,5892,896,11196,3799,28758,19723,36271,109122,19107,10310,16613,8224,19079,9518,23100,12403,21494,15013,20882,16282,62491,23596,64122,26652,40456,24569,17029,26177,9587,21830,7433,19494,4422,17375,2883,17029,1807,9573,492,4470,93,617,8,222,1,40
경기도,파주시,연다산동,2024,95,0,90,120,103,439,711,3496,909,6029,309,1218,874,664,581,414,636,561,1069,648,651,500,762,432,1208,684,2354,581,4823,649,2054,532,444,411,532,284,103,178,1,150,1,57,0,27,0,0,0,0
경기도,파주시,오도동,2024,7,0,2147,257,2489,896,2429,2699,3521,3233,2277,865,2073,474,1780,614,1919,569,1639,1054,2082,1210,2273,1308,3533,1646,3948,1468,5000,1564,1843,1895,735,1546,561,991,463,1400,271,933,71,331,0,4,0,0,0,0
경기도,파주시,와동동,2024,5638,993,48196,27002,154517,146313,252486,229614,273707,297944,169980,176499,128532,130114,134247,132711,152482,147200,150011,154262,131835,132697,193014,189202,232168,243700,250811,260907,262098,283134,215287,250953,139911,188105,132937,169632,115276,166616,61021,107389,12945,42110,2101,14036,175,2301,31,771
경기도,파주시,월롱면,2024,1165,121,12277,5896,29174,47144,57566,145520,82316,223071,63105,91691,50192,52039,55350,40663,70339,59575,73687,48490,68639,40771,113762,60616,151362,67368,183925,73863,176894,72897,69794,52374,64870,59981,47705,52133,21154,42073,6382,26332,1394,10262,139,581,57,212,0,0
경기도,파주시,장단면,2024,0,0,0,0,0,0,61,365,177,99,5,17,2,4,1,5,0,6,42,76,29,52,65,0,374,7,8,0,8,0,0,0,0,0,0,0,0,0,0,0,0,0,0,0,0,0,0,0
경기도,파주시,적성면,2024,847,29,1158,468,6952,8308,20462,13695,25620,21657,18586,17813,17568,16138,15327,14722,18034,19875,15972,15645,16037,15538,19323,18558,20151,20416,24705,27681,16130,19809,12225,14472,10023,11362,5484,7700,4145,4937,564,2004,213,1019,0,1,0,0,0,0
경기도,파주시,조리읍,2024,4431,585,44593,15750,111071,53653,202251,122468,244047,191183,150152,101214,137700,90732,135042,92704,139743,109634,128720,115168,118625,113982,138103,141847,172520,174376,186287,187830,173336,201033,93837,155203,72995,126245,63128,108854,47301,101518,24934,61864,10579,23968,2768,5781,1029,2003,3188,1118
경기도,파주시,진동면,2024,0,0,0,0,0,0,719,93,0,0,65,123,0,0,0,0,2,0,44,19,0,0,210,8,3128,79,116,132,19,48,10,49,0,0,1,35,0,0,0,0,0,0,0,0,0,0,0,0
경기도,파주시,탄현면,2024,5,0,14011,3493,24860,14478,43897,41692,55035,65618,36386,49461,35160,39030,34877,37133,34398,37012,36954,36823,39800,34065,57517,44348,57584,44048,63283,45018,59913,50559,33539,39495,33540,37230,28563,32300,10737,28853,3727,18479,727,8630,20,184,0,5,0,0
경기도,파주시,파주읍,2024,4681,2272,24796,9960,51855,34122,110293,106187,130791,157355,85081,76989,78081,62832,76118,59093,76538,64813,75196,64448,74499,61320,96881,75528,125957,90020,146276,103966,112188,102825,61267,81365,47111,70983,34768,54225,20584,42957,8061,27357,3612,11301,107,714,26,156,242,7
경기도,파주시,파평면,2024,1423,247,2469,397,6336,3072,10715,7331,10295,7019,9766,5605,9869,6840,6632,6624,7037,7766,8140,7621,6267,6291,8041,7668,8475,8984,8468,10279,7596,11480,3898,8848,3072,8868,1327,5494,559,4798,119,2655,28,572,0,0,0,0,0,0
경기도,파주시,하지석동,2024,0,0,0,0,0,0,99,50,137,125,132,66,16,52,210,32,0,0,33,93,122,62,33,132,0,1,210,58,19,157,69,109,1,3,1,32,0,0,3,3,0,0,0,0,0,0,0,0
경기도,평택시,가재동,2024,0,0,301,129,3553,1168,10877,3679,13243,5569,5316,3028,4973,2167,4772,1935,4387,2375,4317,3683,5037,3065,4617,5405,6222,8949,7223,8356,4655,6048,2638,6231,2404,6588,981,5198,794,5046,75,1651,0,0,0,0,0,0,0,0
경기도,평택시,고덕동,2024,0,0,20325,19744,77983,83337,116644,96626,126920,125126,64891,63339,56488,45594,68917,48799,67138,52347,63722,53714,74969,59074,105819,79966,134796,125375,161699,150412,113178,123278,97623,103997,77269,87534,72388,67593,45002,47632,12925,20329,902,6982,169,3744,15,265,0,0
경기도,평택시,고덕면,2024,0,0,6948,4831,34511,22731,73643,20909,67577,24344,41146,17078,35178,16556,33980,20169,32325,23074,30740,25400,30915,24170,34444,32997,38945,48885,46412,56347,36131,48512,26037,42805,17854,37019,13270,32013,7930,23545,1623,7427,60,1184,45,675,7,47,0,0
경기도,평택시,군문동,2024,0,0,1343,945,8374,2941,9986,4511,11129,6263,7853,6482,6202,5469,5724,5138,5555,5709,6642,4926,6557,5207,6120,6576,8245,10477,8448,13895,9286,9182,7056,5685,5876,4638,5789,3949,4193,2497,1352,655,1,0,0,0,0,0,0,0
경기도,평택시,도일동,2024,0,0,49,281,521,543,966,2307,2107,6386,1248,2724,1664,1756,1619,1584,1555,1626,1390,1347,1663,1388,2380,1116,3010,1630,2899,1410,3511,1912,1297,1425,864,1343,412,1363,298,1032,46,305,4,114,1,38,0,0,0,0
경기도,평택시,독곡동,2024,0,0,3489,757,11740,3000,31131,5695,34746,8293,18494,7406,14387,6426,14293,7945,14311,9043,12934,9414,11986,9505,12119,15508,12649,21025,13713,17981,12346,18998,7280,15331,5826,11762,3853,11050,2359,9089,507,2186,0,0,0,0,0,0,0,0
경기도,평택시,동삭동,2024,0,0,18578,2611,70162,16751,141140,60979,140483,161294,94159,50670,76787,41599,74925,44719,76371,57167,76843,67214,70845,69224,114334,91994,135023,124927,105432,152260,97562,136984,67512,124685,55866,103029,51059,89530,42839,86441,12333,31138,689,7149,64,2531,0,0,0,0
경기도,평택시,모곡동,2024,0,0,711,3065,1332,13697,1348,31222,2456,19020,1297,5617,1484,3560,1296,1815,1730,2470,1852,3762,2427,5352,2814,3832,4047,2787,13983,3957,9499,2831,4809,3871,5805,2380,1647,1431,663,1292,54,269,0,0,0,0,0,0,0,0
경기도,평택시,비전동,2024,7726,1282,57386,11538,161092,49588,313355,189146,352325,538178,256234,232848,233115,177536,243213,175248,267935,196854,245513,213918,251266,211919,334501,249754,429394,327899,361784,336041,326336,316219,219862,249590,204740,190112,193617,156117,154246,132922,26236,56699,3587,17967,39,5993,0,1,0,0
경기도,평택시,서정동,2024,1056,31,75979,57698,223180,145030,381689,288616,424075,437647,309389,253387,282054,215203,277189,214132,307294,253576,286340,265289,288137,265238,343865,323659,446287,419432,590480,467960,436594,451483,278664,376502,232033,294350,189751,228027,120029,203542,51735,130678,2235,18091,100,2064,0,2,0,0
경기도,평택시,서탄면,2024,825,4,1248,3148,4711,6355,7447,15075,10977,19482,7388,7227,7519,5612,5896,5563,6679,6343,7183,7253,6935,7290,6488,9408,7205,9403,12719,12072,10960,9901,5268,8231,3940,6483,1604,4641,330,3739,152,2268,5,306,0,30,0,0,0,0
경기도,평택시,세교동,2024,1663,39,34127,12089,73260,27993,163120,77030,176797,95017,115203,63637,96068,55984,91627,57190,89098,68579,82807,74453,81008,74886,85414,96941,98546,134795,119456,153378,88609,140740,60554,128100,45806,101739,33186,88222,23509,82829,6807,34167,1312,10592,2,21,0,8,0,0
경기도,평택시,소사동,2024,0,2,1776,3355,12453,12447,39806,26669,44431,47623,28321,53486,22646,41641,24180,29850,24234,30297,24202,35075,23714,33391,28780,38245,33927,48841,34846,55484,30767,53274,21159,40489,16284,30150,15980,28685,16507,27168,7243,11741,1490,4966,2,19,0,0,0,0
경기도,평택시,신대동,2024,0,0,522,155,2288,1693,6086,6767,7502,9505,6669,5525,5358,5537,5313,6155,5787,6168,5256,6250,5474,5752,6176,6527,6836,8584,10621,9699,8172,9610,4232,6916,3591,5782,3112,5320,2852,3835,1378,1969,79,163,0,0,0,0,0,0
경기도,평택시,신장동,2024,1273,25,68990,12626,124769,60680,215908,122245,225942,179797,173469,105917,145167,91482,147898,97780,146990,106250,147557,110063,135219,120684,159003,142464,186841,169848,185295,209497,183276,225643,125884,200255,89725,159446,69530,133958,45554,109590,20034,85030,765,6467,0,1,0,0,0,0
경기도,평택시,안중읍,2024,0,0,14037,1777,69384,33079,118737,77893,137285,162514,90854,80709,79558,66172,81007,67657,87333,70191,83538,78857,79773,74850,91640,89067,124385,110375,120170,131804,98899,124048,64588,90135,58848,73172,53106,66809,35259,49275,9501,24475,313,3294,12,2,0,0,0,0
경기도,평택시,오성면,2024,0,0,3995,453,10652,5270,22740,14601,27857,20799,19709,12092,18393,10965,12965,11457,13774,13302,15250,12454,13469,12164,13123,13504,16853,16573,20729,18140,15346,19559,9398,18020,6373,14598,6615,12315,2913,11842,640,2701,3,8,0,0,0,0,0,0
경기도,평택시,용이동,2024,5711,223,25896,2697,69632,26044,234652,61191,271760,135724,142067,94826,106131,72406,108332,76366,118020,95141,129873,103249,118073,101248,156183,122751,184504,166973,168744,172312,164674,164477,118969,133987,88395,103795,78429,92812,74447,101467,21628,40001,4631,12035,17,59,0,0,0,0
경기도,평택시,월곡동,2024,0,0,0,0,136,218,751,12,65,255,1275,149,770,8,19,389,949,4,24,443,493,7,11,604,314,734,3,106,329,455,98,191,13,316,61,3,3,530,0,0,0,0,0,0,0,0,0,0
경기도,평택시,유천동,2024,0,0,1,0,492,226,1491,316,418,365,2422,492,1020,297,442,1014,855,824,307,306,678,461,571,788,520,990,780,733,256,719,535,503,72,634,90,871,14,144,0,0,0,0,0,0,0,0,0,0
경기도,평택시,이충동,2024,0,0,7083,2956,40264,13639,105154,58555,128667,192381,76222,63858,63301,47806,61926,47666,62070,54378,66043,63968,62950,65407,81248,86178,129464,106933,108506,105355,72714,107420,52717,86901,45465,67343,37292,53856,24556,40633,4811,13636,212,2139,23,820,0,0,0,0
경기도,평택시,장당동,2024,0,0,3461,20150,13991,49942,38187,85118,42915,88922,30836,37889,27584,32853,30616,26365,34573,30807,40490,33791,43878,32032,68160,36123,90275,44054,114741,53088,81351,48618,51122,43984,47861,36044,30412,29730,15094,23506,4420,9641,339,3936,11,1151,0,0,0,0
경기도,평택시,장안동,2024,0,0,315,147,6070,2977,17944,20691,34816,101929,12879,31862,15394,16394,20438,11921,18751,15294,18172,13261,22674,12134,67086,14115,68843,14680,33990,17968,21392,16002,11252,12633,10051,13045,5567,9805,2047,7272,207,1423,0,0,0,0,0,0,0,0
경기도,평택시,죽백동,2024,1,0,3104,298,17333,4696,54272,12373,71753,42716,35278,26816,28749,14651,27862,16439,26968,21202,29548,24722,29734,23804,39001,34031,38412,48048,33188,47786,34245,43993,20394,39457,18909,30070,15697,26885,8807,25482,1951,8990,137,2542,0,0,0,0,0,0
경기도,평택시,지산동,2024,0,0,5767,2210,30162,9068,71154,25870,88349,51603,54011,49089,44583,47272,45446,48557,47282,50627,47221,51383,44154,55204,47810,70444,53709,79797,51633,70912,48758,75407,31380,60854,24367,51594,18514,45525,10906,34420,4649,17073,258,7490,49,1708,0,0,0,0
경기도,평택시,지제동,2024,1172,6,60024,98838,151953,195196,268869,290570,256275,220704,163214,154956,133783,119063,136834,134306,163337,141814,129242,125614,141293,130321,191024,158340,219518,213441,349168,265133,258850,247020,244823,210521,174980,145815,147580,136425,142142,117291,61422,61906,3107,12155,15,3206,3,495,0,0
경기도,평택시,진위면,2024,1736,128,19385,11697,47502,61908,120249,199727,134485,241399,79198,86153,63846,62550,65105,52842,57481,48711,65471,50320,69196,54464,108264,68828,121373,84041,179674,99816,190584,108909,91952,83075,55437,55498,37640,51094,24368,33284,9973,17022,1338,5147,286,565,0,0,0,0
경기도,평택시,청룡동,2024,0,0,1,88,181,500,566,1454,580,3833,639,1660,448,858,453,955,690,715,861,931,912,648,805,856,944,962,821,806,1257,826,815,641,2499,599,1430,410,179,503,0,53,0,0,0,0,0,0,0,0
경기도,평택시,청북읍,2024,21,2,7043,1224,26950,20114,53910,40202,74371,78624,36937,23548,32360,18351,35048,22730,28988,23920,32250,31797,32810,31093,49370,45659,63798,59922,57499,57779,46776,64094,27683,43799,22118,40323,14545,31824,12205,30071,2766,12649,1183,3488,12,1,0,0,0,0
경기도,평택시,칠괴동,2024,0,0,1073,171,3537,2963,9107,5737,11554,9652,8101,3420,5334,2777,7136,3107,5438,3355,6318,3865,6000,4181,9363,5037,9415,6941,10792,7964,9991,8464,5608,7906,3791,7821,2826,6497,1702,5499,600,3982,138,1701,43,574,0,0,0,0
경기도,평택시,칠원동,2024,0,0,3061,1126,14461,4371,30690,7785,35370,11570,19436,6081,15046,5421,13250,7450,12465,11119,12918,11114,10531,11759,12279,16746,12780,22718,11699,26306,12108,22580,8215,20467,5839,19158,4846,15271,2827,14669,607,4326,0,0,0,0,0,0,0,0
경기도,평택시,통복동,2024,696,283,20187,11551,53351,42933,94028,96360,107681,133046,94856,143430,101812,138467,119176,137223,130064,134223,136990,122031,142281,114163,161098,115233,174307,129199,166734,124213,153201,104919,114102,68486,92275,51158,70685,44832,46578,31100,13221,9700,446,1519,1,2,0,0,0,0
경기도,평택시,팽성읍,2024,0,0,21662,11520,54176,26120,104007,58596,110926,97560,87188,51391,80103,54557,76000,56077,80203,60516,78588,65166,73470,66372,82574,82177,103859,100100,95057,113488,73741,113054,52194,97480,39847,74797,29190,65361,18171,56069,6005,20684,1,0,0,0,0,0,0,0
경기도,평택시,평택동,2024,4427,665,134437,73675,260162,294937,520816,550571,605878,735135,523576,734038,477664,627528,489013,646829,536228,665713,566420,633012,598743,664453,672084,691858,792811,813269,915459,900079,875232,891846,710917,598966,695173,475084,551982,362126,431165,282751,220540,142248,24021,37367,30,33,8,4,0,0
경기도,평택시,포승읍,2024,0,0,8227,279,26940,17483,71270,42222,81248,56811,43791,23968,38912,20794,33157,24694,36849,26624,34264,31546,35116,31166,38765,38015,46543,50750,45903,60065,46567,56140,27362,41379,25318,42154,15628,35740,9044,27731,1231,16237,33,676,2,3,0,0,0,0
경기도,평택시,합정동,2024,439,186,7793,9582,27804,31559,59594,114464,78415,249172,60983,106677,55796,88493,57804,84912,72151,92242,63880,105654,64733,100821,118641,117788,186873,147394,142745,164514,100232,152603,58409,111120,54798,89162,61028,77284,66701,66321,15534,44535,3958,12231,1,19,0,0,0,0
경기도,평택시,현덕면,2024,0,0,69,498,5808,3565,10520,1930,11657,3165,8483,2441,6755,4009,5347,2618,4696,4691,4013,3259,5787,4064,3488,5114,5033,7374,3931,6845,3484,4409,2055,3237,1230,3050,773,2194,328,1695,2,4,0,0,0,0,0,0,0,0
경기도,포천시,가산면,2024,99,3,2852,648,12555,13289,23955,41015,26587,33664,22605,14377,16937,11118,22156,11977,17953,13758,22642,16604,19036,15939,20334,18733,26001,21903,35038,26968,40732,26356,19785,27871,11385,21649,6187,13686,1812,8959,412,4319,39,590,0,2,0,0,0,0
경기도,포천시,관인면,2024,0,0,0,81,1389,630,2768,861,2948,1478,1746,1030,2409,3048,885,835,1192,996,254,309,1785,2193,1218,1269,1276,904,536,516,888,1807,734,1598,143,89,6,1,1,0,0,0,0,0,0,0,0,0,0,0
경기도,포천시,군내면,2024,40,0,196,168,4352,1476,11041,15208,15881,16037,9280,8786,10677,6423,8525,6451,6578,4664,8404,7762,9192,6580,9828,7506,8503,9054,8516,9047,11054,9755,4363,5604,2329,8029,1176,2887,232,772,45,709,29,346,2,101,0,44,0,0
경기도,포천시,내촌면,2024,752,143,3649,729,8387,8510,23411,34834,25393,30627,21591,18852,20516,16237,18333,15635,17603,16041,20484,16722,18689,16456,20066,17457,24148,20656,29996,23165,33942,26029,18797,21066,11335,15233,6325,10873,2047,6279,922,3734,63,2445,22,1063,5,235,4,0
경기도,포천시,동교동,2024,68,3,820,196,2203,3129,3900,14252,5279,37042,7037,16137,8548,9282,13437,8122,12876,11782,14919,7537,17624,5619,20392,5637,19176,6877,18689,6329,23570,6785,8934,7269,4811,6893,3249,6168,1653,5520,737,4463,26,2486,10,350,1,141,0,0
경기도,포천시,선단동,2024,3677,352,10612,1931,32774,11840,79062,31074,107356,70025,57722,95259,53302,52306,63494,56781,65002,44488,67014,52173,73178,40361,92725,51363,89237,60085,95879,66879,69719,77032,44556,59225,33790,50387,30303,49096,20106,36187,10322,24361,2635,11987,638,4589,102,2442,1552,1195
경기도,포천시,설운동,2024,197,45,1613,465,3265,3008,11728,9463,10340,13888,7186,10263,6420,6723,7101,7285,7107,8943,8459,10078,8175,9708,8544,9900,9081,10065,13368,10866,15740,13032,9995,12367,6359,9522,5341,8216,2866,6569,2272,5534,602,4212,164,1373,20,837,182,304
경기도,포천시,소흘읍,2024,6874,706,42518,13924,128583,75384,294255,208459,302376,316595,217183,202742,199391,177379,200135,185786,214643,188906,209422,198553,207999,208394,233198,225135,255881,262232,288933,297624,295936,336061,204876,273159,171272,193146,136011,152613,87988,124955,46556,82753,16753,34242,5235,9615,1394,4218,2517,1410
경기도,포천시,신북면,2024,1101,11,7399,1284,19376,16787,47008,39896,52861,52088,32584,19310,35667,23586,28056,20918,28927,26565,28230,25283,29245,24080,31514,28479,33182,33271,42980,37334,33796,37938,16827,30696,12179,24654,6151,18401,2701,13882,985,7546,141,3798,16,1303,0,0,0,0
경기도,포천시,신읍동,2024,3650,113,12569,4156,41122,20663,93903,58731,106369,146626,81171,84156,80625,75729,78545,71394,82244,71069,83114,75197,79285,72812,88722,79826,101922,84139,105294,95019,102545,102072,63152,71608,50205,57820,40841,45780,24141,39811,10212,25925,2540,15242,472,5848,3,764,0,0
경기도,포천시,어룡동,2024,932,101,2698,493,9193,3624,14892,10789,19682,17203,14478,8662,11689,6920,10621,7379,11408,7894,10767,8262,9468,8499,10286,11319,9915,13401,14211,14233,18502,16680,8155,13623,6355,12425,4835,9432,3537,7662,2034,5467,364,2705,111,901,3,37,0,0
경기도,포천시,영북면,2024,803,6,975,93,5535,180,15764,7283,20572,15787,13889,7691,12101,12435,11419,11828,8479,9985,9261,9144,11430,9603,11332,9676,14051,11483,10682,9696,11172,14661,7592,10105,3942,7281,3667,6187,496,4090,103,2456,78,2447,1,61,0,0,0,0
경기도,포천시,영중면,2024,0,0,1306,287,3208,3285,11388,5657,13546,7995,9038,7125,10621,7736,8989,7031,6694,5377,6921,7051,7083,8058,6050,6778,7924,8692,8059,8486,6666,10984,4326,8429,3218,7000,1897,4774,1301,4729,120,2636,74,1435,0,0,0,0,0,0
경기도,포천시,이동면,2024,65,0,1859,184,3574,651,8683,2190,14923,9332,9564,8962,7830,6626,5709,5198,5635,5639,6410,5270,5274,5558,6062,7201,7353,8843,7752,7691,6303,8851,3775,7850,5064,7665,2264,4360,99,2712,36,1610,22,1012,6,196,0,2,0,0
경기도,포천시,일동면,2024,0,0,4072,203,8651,3633,19283,8772,27330,33465,22054,19104,17910,16104,17028,17130,17164,15955,15834,16495,16053,17690,17982,18266,20801,20143,21158,23591,18598,23297,14083,17239,13678,12332,8365,9310,1914,4726,680,3252,316,1815,10,42,0,0,0,0
경기도,포천시,자작동,2024,112,136,691,452,2311,2897,4926,14045,11713,14541,5589,7130,4070,4043,4073,4120,4964,4340,4918,3652,4281,4079,4200,5184,7816,6035,12419,7038,13075,6562,3713,7143,2486,8771,1635,3657,1428,2901,268,1426,87,601,24,147,1,1,0,0
경기도,포천시,창수면,2024,0,0,3,190,1231,609,3697,2601,4338,1693,3953,1949,3885,2333,2652,2445,2530,2134,2161,3189,2660,2308,2160,2756,2626,2973,2447,3225,1797,2770,717,1889,396,2137,42,353,0,14,0,0,0,0,0,0,0,0,0,0
경기도,포천시,화현면,2024,0,0,429,620,1282,1311,6830,3746,6767,3523,4533,3007,4137,2467,4706,3067,2513,2223,3624,3047,3332,2322,3685,5188,3198,4783,3492,3960,3514,4573,2069,3662,931,3207,437,815,37,342,0,0,0,0,0,0,0,0,0,0
경기도,하남시,감북동,2024,1304,692,3900,4199,7743,17771,20019,34216,23820,57189,21883,43503,19323,21265,27698,24264,23904,18408,27459,17740,34262,21475,25154,20005,28045,23855,40375,29008,41175,39766,19140,42421,16878,23963,27315,19390,15393,15564,6539,9716,542,1454,0,0,0,0,0,0
경기도,하남시,감이동,2024,623,18,21246,882,101062,10479,222761,30459,196031,79442,116313,37449,81399,29394,73890,32198,78301,43080,79737,51255,72871,56536,75969,72167,91503,85068,80741,108603,72133,136786,48170,158737,34349,96622,32239,84092,28271,84026,12040,49900,3019,17249,90,361,0,0,0,0
경기도,하남시,감일동,2024,1353,138,13960,3108,42186,16040,111166,29055,115076,37370,57358,23191,39413,18246,36252,19588,33152,23603,30043,27518,27916,32756,29959,40573,34022,48824,35406,65010,31483,98321,17685,102772,11914,60893,11078,54105,7348,52471,3935,32361,375,7903,18,30,0,0,0,0
경기도,하남시,광암동,2024,565,1154,604,1196,2058,3770,5358,16874,4514,20790,4154,8743,3438,5521,3264,4212,4542,3287,4784,3342,5650,3170,5335,3672,7105,3344,13902,4662,12799,4655,4397,3043,2317,2231,1956,2510,833,1612,264,784,19,196,3,5,0,0,0,0
경기도,하남시,교산동,2024,0,0,232,319,104,1151,738,1372,1105,2431,672,1769,664,963,752,1101,1105,1447,1267,1695,1346,1796,1558,2454,1315,2887,1952,3262,2201,4152,993,4727,904,2955,792,2397,156,1725,79,1479,31,432,5,29,0,0,0,0
경기도,하남시,덕풍동,2024,25095,3172,155299,18440,370702,120026,756106,257836,813824,606938,546726,381075,453879,336116,430453,328718,451698,327412,436312,393403,409480,383460,450777,488482,520919,559356,530192,572022,548822,773977,302524,669333,233287,438653,206458,411181,138773,382077,56250,215258,12644,90382,1434,7905,299,3342,350,1190
경기도,하남시,망월동,2024,15032,793,167603,21574,481992,150522,1269877,365761,1260116,586150,696862,495765,524903,389271,489241,389225,524628,433101,518731,447290,488311,499698,555124,533576,586061,686638,626873,893283,671387,1215373,477129,1167448,394682,691920,392158,570792,346117,512411,145113,315229,39626,106908,3329,7565,547,2047,184,680
경기도,하남시,미사동,2024,35,0,99,0,516,1167,2215,2099,1869,5625,1866,5978,1963,4876,1621,4621,2041,3281,3054,3104,3208,3046,4777,2812,4519,2396,3621,2242,3910,2475,1984,1949,1744,1772,1933,1256,757,847,82,472,2,227,0,51,0,0,0,0
경기도,하남시,배알미동,2024,0,0,0,0,168,30,1,45,39,155,266,78,0,73,3,31,192,97,78,127,4,137,288,153,11,24,8,7,85,66,9,67,7,70,16,1,0,0,0,0,0,0,0,0,0,0,0,0
경기도,하남시,상사창동,2024,0,0,9,0,277,1562,730,4677,739,3601,1236,2109,626,1519,696,708,836,953,1573,715,1685,709,1138,535,2681,366,2107,407,4349,728,703,373,291,287,1539,441,46,245,2,31,0,0,0,0,0,0,0,0
경기도,하남시,상산곡동,2024,19,2,1055,1600,1056,3287,3680,11795,6121,19099,4177,5447,3864,4606,3971,4395,5105,4068,4591,3299,4985,3695,5713,3475,7592,3739,11689,4220,8877,3567,3027,3229,3073,3676,915,2260,566,1887,283,1355,89,480,2,37,0,15,9,12
경기도,하남시,선동,2024,3627,184,30057,2771,101041,9826,173034,21355,147459,74350,106161,31282,77750,23813,67965,26086,67635,34945,66205,40005,58642,44996,69663,59308,79804,72486,72419,89241,64615,124183,38769,139386,27506,96910,23762,88121,23636,89658,11463,54196,4933,20601,1605,4408,283,1908,54,641
경기도,하남시,신장동,2024,25524,2484,41204,13983,79992,39832,181783,89940,223107,193239,154221,204404,132655,164860,136166,165852,145157,174547,148460,178893,153372,178848,180022,192388,201237,205651,209297,216138,232610,238271,179742,170254,165791,124614,153427,108656,124380,92120,26856,47094,6303,18652,1866,5465,108,1697,94,1135
경기도,하남시,창우동,2024,7599,182,62100,4444,141541,51338,356276,108609,331398,221159,214665,168586,179051,155595,156731,147929,168951,174680,171757,164711,169242,159683,202279,201215,222745,190970,221411,240828,213916,278307,136812,246416,114375,165996,94558,147469,73281,128761,20503,84175,3877,39282,177,2140,19,795,9,706
경기도,하남시,천현동,2024,922,80,3444,3816,7330,5983,18830,17677,25782,28001,16631,15771,13333,12094,12746,11975,13792,11967,13789,11884,14094,12017,15269,13701,17438,15328,21540,17274,21861,20323,11116,15929,9686,12162,6823,10736,4168,9974,1946,5728,537,2500,127,932,3,259,0,106
경기도,하남시,초이동,2024,980,1421,4360,6360,16498,21894,29631,49603,36852,61016,21659,31257,16686,22574,14836,21226,17186,23041,17465,21787,18052,24339,18137,26842,24223,32673,27334,41532,33577,51342,23040,36047,13461,21273,12457,20466,10351,16949,4837,9062,1589,3202,51,448,0,2,0,0
경기도,하남시,초일동,2024,0,0,0,0,202,904,3137,5394,3778,6459,1741,2457,1321,593,1548,1362,1228,645,1581,1282,1269,1395,1566,1277,2779,2800,2497,1598,2706,2164,773,1797,244,833,181,1142,152,855,19,371,0,0,0,0,0,0,0,0
경기도,하남시,춘궁동,2024,38,393,1720,3306,4035,7909,6913,19477,11531,38645,8607,28114,9133,18571,12800,21240,17634,14701,15463,12247,17380,10410,16802,10530,16450,9946,20393,11577,24001,11162,9998,8826,11315,5707,6774,5012,2455,3911,821,1547,197,354,5,12,0,0,0,0
경기도,하남시,풍산동,2024,8661,5486,40238,23624,116980,72352,223584,165889,234428,383212,145088,185864,109819,106236,105345,89564,113838,102246,115719,109476,117781,107615,136679,123578,169942,144201,246114,175113,319492,217063,141799,206997,101105,141351,87488,127487,71367,123081,28464,70577,8206,27603,1442,6351,335,1581,470,467
경기도,하남시,하사창동,2024,0,0,0,0,91,15,577,173,420,397,391,679,317,235,241,172,280,133,425,99,394,69,551,112,1015,67,751,65,1520,115,268,73,96,31,176,7,14,0,0,0,0,0,0,0,0,0,0,0
경기도,하남시,하산곡동,2024,848,11,1685,1750,6354,8799,13206,28655,22353,43135,15516,14920,11789,11256,11982,9327,13790,10658,12990,9688,13757,9322,15346,10621,17416,13067,31118,15451,29282,12951,7638,10251,5853,9087,3128,7747,1819,6728,907,3730,371,1278,3,430,3,221,5,117
경기도,하남시,학암동,2024,1621,91,23942,7171,104773,29833,234026,52195,237597,130959,127023,76394,98702,61862,91920,66674,100950,85110,97454,97916,96270,98472,131056,127699,144601,148058,128539,165906,122131,215495,96983,223447,81053,140656,74769,117473,71052,117834,18906,58048,2913,17018,88,218,1,0,0,0
경기도,하남시,항동,2024,0,0,0,0,31,531,37,3825,336,1973,165,1548,70,744,57,505,102,565,95,281,140,308,319,432,409,373,120,315,292,496,89,444,28,453,27,189,6,213,1,77,0,0,0,0,0,0,0,0
경기도,화성시,금곡동,2024,0,0,502,609,592,1060,1975,2189,2063,5299,1737,2077,1250,1769,1415,828,2016,1857,1266,1047,1665,1199,969,1070,1748,2472,2436,1904,2384,1793,1170,1336,725,633,945,760,4,23,0,0,0,0,0,0,0,0,0,0
경기도,화성시,기산동,2024,28,0,5622,923,36251,8261,55041,18761,72954,44671,43284,16943,37739,12313,35458,15603,33933,20132,35219,20694,31512,24824,39098,31682,49039,37964,48492,42001,39288,54648,23985,51323,18417,37220,15383,33063,12807,31309,6141,19111,1290,5388,576,2015,218,784,24,71
경기도,화성시,기안동,2024,704,6,11676,1096,32856,5305,64216,11747,61343,17279,35922,9575,30498,8784,26222,10452,24243,11150,22838,10900,19999,14594,22273,18825,22016,25176,23813,23864,19919,25780,12534,22795,8507,16362,7971,15636,3305,12218,1300,935,0,2,0,0,0,0,0,0
경기도,화성시,남양읍,2024,3871,903,47939,17669,149426,79310,262022,143217,280743,252282,203662,176534,184525,150973,189610,149902,197154,161121,179646,164547,180173,170931,201239,199410,228437,245049,223031,261740,205152,262813,133612,209747,120531,170408,85200,125086,51464,90792,18384,67308,4804,25081,12,610,0,0,0,0
경기도,화성시,능동,2024,447,24,37313,5636,136142,30630,229554,77365,237289,123445,158300,73249,125221,62998,114925,65435,122237,85099,114228,87926,103066,95694,126733,134071,131465,156360,134236,177807,115326,215696,78678,204367,62299,160164,57564,144097,42799,137097,16406,70920,5357,20728,1856,3438,1169,1677,116,203
경기도,화성시,마도면,2024,437,72,5303,2873,13630,15692,22531,30029,31531,30805,26293,15294,23247,13366,24348,14144,22387,17226,18870,16351,21805,17243,19882,17254,25003,19358,33030,22405,31268,23523,11920,20041,10654,22424,7297,16262,3446,10069,851,5776,320,2322,0,0,0,0,0,0
경기도,화성시,매송면,2024,220,26,17512,10255,70303,57963,134448,103032,141361,117320,94801,84553,83665,73672,84544,76272,79426,75951,81760,81743,77565,75208,89720,87631,118330,123622,116904,114458,121144,140026,71491,100754,44068,66047,33798,57028,23813,47977,11794,26559,2552,6189,173,93,75,15,3,0
경기도,화성시,목동,2024,714,281,36222,4328,99777,15736,177673,40740,137893,97011,94633,37411,78126,33170,74678,38408,78015,49135,75644,60816,72962,71088,98282,97283,107353,117223,96320,129643,76098,143406,62354,162199,44863,121102,39967,93500,35105,95010,17075,58620,9066,26774,4166,5264,2557,1502,47,277
경기도,화성시,반송동,2024,5142,60,82150,15381,295550,115614,512446,212730,484879,399705,343224,291244,296720,231029,286163,227163,316237,274287,303791,300340,282738,307439,344500,374881,393159,459730,400575,566579,376328,614900,310932,569817,312815,401284,333887,322128,324819,317566,103254,215491,24120,91811,7944,15428,4602,5467,525,751
경기도,화성시,반월동,2024,250,3,51128,68358,140169,179178,229247,209827,231551,250881,157138,171900,124662,108092,128528,87201,136800,97490,141577,101932,147891,106055,168290,132804,216019,161223,304526,188474,241299,222696,189257,200577,146714,160910,136301,147343,94240,140038,40663,73535,10364,27487,1588,4707,144,643,0,3
경기도,화성시,반정동,2024,745,20,3034,3606,20394,9795,23342,15073,27926,23167,12621,9421,11382,7155,10713,8009,9088,10339,9764,11418,7832,10532,9836,16298,18829,20657,18042,21676,15899,30328,7439,26904,4578,19994,3167,17121,3557,15331,1377,9336,198,3685,66,592,0,2,0,0
경기도,화성시,방교동,2024,0,0,968,1380,2667,11823,5314,56552,8278,64115,4875,11621,4537,5622,5484,4283,6199,5557,6886,5798,6917,4824,9450,6025,12450,6955,44097,8535,48622,10142,12253,10533,12944,8447,5227,6787,2587,4847,215,1608,57,754,4,163,2,52,1,26
경기도,화성시,배양동,2024,0,0,11,13,1147,453,1493,735,885,1214,944,524,775,648,802,638,584,640,840,558,730,868,1002,1090,1334,1421,860,1310,772,1665,564,984,343,660,266,571,193,497,0,0,0,0,0,0,0,0,0,0
경기도,화성시,병점동,2024,2175,902,76578,65058,294068,208726,515139,362556,495131,433750,333138,324366,250137,270567,250169,266533,282459,286747,286372,295118,280803,296732,338079,383603,413383,428520,426679,437246,421430,437653,329460,361829,241133,257406,224090,232103,164253,188282,73791,84499,14265,17253,2464,4172,1329,1210,12,197
경기도,화성시,봉담읍,2024,6697,84,119526,41223,377943,147760,655376,315502,658890,594135,448355,479330,392041,354586,412095,332324,449711,372792,439310,381010,443601,374261,566080,442789,610962,528912,575515,588659,461473,624654,300283,597976,243001,435339,211154,370737,152636,333964,75286,224491,22207,72309,2907,12918,937,1531,84,191
경기도,화성시,비봉면,2024,405,274,7476,6959,19417,21743,32541,62497,39360,96896,31600,29702,30595,24179,29653,23519,29081,24228,27388,24439,26749,24895,41229,30035,72003,34348,48704,36418,38737,44517,17640,41403,14391,30518,7884,24686,4042,20034,1836,12669,600,5686,4,157,0,0,0,0
경기도,화성시,산척동,2024,514,15,54245,5537,172637,35205,253622,81953,214224,134877,147182,74129,116869,56065,118864,61447,123355,71165,119838,80459,120138,89877,172098,110664,199371,132206,177713,150185,150061,159864,118822,170406,109316,126463,102138,97415,88358,82987,23885,45215,10788,24824,7673,5658,4497,1687,25,331
경기도,화성시,새솔동,2024,1629,6,13755,230,39515,7024,78597,18819,88961,62324,45660,21768,39409,18331,36367,18100,38457,25544,35680,32075,34542,31008,43992,40073,50968,52122,49822,57827,40435,58329,27159,54794,20720,43307,19192,36648,19970,36598,5603,23604,115,7540,19,2030,4,340,0,38
경기도,화성시,서신면,2024,1664,237,3809,88,8760,7134,19605,18736,23642,20011,23247,17434,23022,21693,22625,22246,22858,21722,21904,22446,22650,21215,26471,23898,25544,23259,27228,23249,22347,22275,14712,18499,11400,16417,6011,13184,2349,8432,963,5265,215,1974,2,60,0,0,0,0
경기도,화성시,석우동,2024,250,135,27295,31649,89198,145596,144564,244450,169307,333733,122146,182213,106624,125276,112315,95163,126290,97719,117268,111448,137711,93539,196089,102484,205949,119036,269735,161387,238717,184639,158047,172183,130206,129981,106964,118152,91972,108214,37801,67541,12458,31912,5069,13840,2770,7476,453,1551
경기도,화성시,송동,2024,7,0,3024,1158,21852,13285,36691,35762,41149,77606,24316,48397,22017,39803,23806,43939,25504,51733,24906,60237,26170,61460,47853,73658,53007,88535,47969,105022,46959,125366,42759,126356,38821,90563,39321,70719,29453,61868,7677,47261,3291,22837,267,4696,97,1179,11,181
경기도,화성시,송산동,2024,0,0,6754,1542,21266,8232,38837,11474,35948,23804,22147,19663,19629,17891,24768,18762,28753,20554,19055,19687,20090,20535,23291,23680,20969,34348,18470,32680,12850,34559,8350,32910,5148,24832,3840,22845,2473,17993,1106,8759,87,712,13,90,0,0,0,0
경기도,화성시,송산면,2024,2025,26,5552,1826,23095,16091,34142,38128,40169,52195,33288,31714,34188,29993,33575,30356,32448,29501,29717,25196,27106,26546,37974,28699,43870,32312,38230,38968,32353,34507,22071,28001,15726,22034,10042,16478,6181,13283,2078,7092,865,3382,0,0,0,0,0,0
경기도,화성시,신동,2024,889,106,4942,1022,13335,3134,22565,5508,18478,5266,13631,2970,10203,3149,8415,3983,8889,5216,7269,5828,8589,7378,9089,9185,11985,15104,11433,14869,8223,18271,4124,17134,2929,13376,2176,13352,1283,8984,696,4503,517,2460,178,640,5,17,0,0
경기도,화성시,안녕동,2024,210,1,26363,5416,77932,25224,136682,62350,116911,100732,82364,61489,68843,42799,70879,47804,69916,54606,69714,56291,66522,57446,76023,78212,79578,98048,87985,99731,75260,100989,48990,86149,40448,68102,30476,60414,15739,46395,7347,25226,2589,9741,416,2073,30,351,0,0
경기도,화성시,양감면,2024,0,0,673,2086,6699,6693,12992,13037,12645,10515,12861,5790,14125,5754,11825,5897,11444,7555,13017,9344,10436,9000,11878,8486,11911,11956,15569,11183,12858,10699,8757,8644,5260,9135,2664,6731,891,4718,341,1208,21,30,0,0,0,0,0,0
경기도,화성시,영천동,2024,0,0,54265,16328,162331,82691,303209,237201,269906,408629,203729,205198,157860,113389,146739,97788,156589,110349,160712,126608,171550,128655,245118,161284,271997,192844,339615,241510,339107,279307,188536,277034,146630,205085,125570,175137,109413,170163,49295,112085,20378,48087,9369,8338,3984,2514,551,406
경기도,화성시,오산동,2024,845,455,42196,15748,182596,107670,396917,250704,342184,271332,200526,254698,180443,198394,180308,165201,195809,174935,193258,210945,193144,181905,259292,241095,317563,281533,330012,365121,359087,442479,278913,396188,296162,259998,189749,242493,157034,224417,59339,127481,19467,56045,6824,13002,1914,1636,202,271
경기도,화성시,우정읍,2024,0,0,4111,591,25614,10951,47937,34596,48104,29815,38948,27321,41794,27339,36660,27924,36029,27336,32458,27466,30430,31337,33742,35084,35468,40421,35536,40060,29755,39196,19715,31386,16721,28651,9143,21910,3745,12063,2252,9103,396,2649,0,9,0,0,0,0
경기도,화성시,장안면,2024,4,0,2213,947,19989,11536,42556,31391,41309,35689,35760,20523,33438,18460,30177,24169,30529,24069,29428,24375,28446,22960,30483,29548,31689,29695,36898,34487,28597,27388,21718,29447,15749,23276,9537,20205,1873,9357,928,6282,155,1659,0,1,0,0,0,0
경기도,화성시,장지동,2024,510,10,27915,3479,102439,28903,159115,51188,127446,109918,73650,44339,60996,33113,56529,33378,52707,41272,50863,43852,50896,46469,74113,62817,85996,75025,71711,91260,59154,107550,44882,122565,36842,85197,30930,69620,26026,65053,14780,44834,7107,24188,2971,5559,1506,1438,1,274
경기도,화성시,정남면,2024,0,0,2623,4563,26012,25272,33897,46548,38315,51021,31224,51844,30861,31150,29831,24181,33928,24009,34370,25039,34509,23458,41989,25256,49520,27147,52713,34880,42075,35476,27555,34872,22857,28366,10674,20108,3028,13259,1177,4185,185,430,0,0,0,0,0,0
경기도,화성시,중동,2024,0,0,30,0,57,103,181,219,395,1205,297,498,436,780,342,428,396,353,543,1433,664,597,598,618,722,708,379,315,325,892,175,568,1266,842,412,306,64,260,4,367,1,317,0,0,0,0,0,0
경기도,화성시,진안동,2024,41152,1068,148957,79069,483165,276049,896484,528184,831505,678805,603752,455394,514080,379466,490700,393411,544966,436271,471615,423555,472511,456009,567597,550795,651008,658601,735162,836984,755242,963943,534669,797683,412147,587666,366477,482421,278791,444389,117897,266430,29497,115987,4030,13554,1629,6796,31,1545
경기도,화성시,청계동,2024,760,199,39424,7267,139187,37206,251262,71441,240891,105114,144452,85021,115666,72794,111450,70932,111576,84327,114354,98096,106500,99952,125424,135961,135059,184362,135125,207652,120239,185014,105372,178873,98640,131961,84299,111919,79856,119601,32810,72935,13532,31345,5420,5396,2466,1328,156,147
경기도,화성시,팔탄면,2024,0,0,7107,2737,26686,23419,46922,60335,59098,55614,43456,26801,46462,23542,34958,21234,37203,21411,38022,24967,41846,22591,43779,32052,49939,37885,66651,37106,62536,49090,33223,46248,27586,37798,11647,27630,3935,15487,890,8573,213,2633,1,0,0,0,0,0
경기도,화성시,향남읍,2024,235,69,56673,21922,200371,110709,329449,243036,337309,340590,256833,229182,247826,210129,248542,217281,247797,219658,262749,251932,264358,265496,324118,311634,341454,346982,367678,406952,339468,402429,249145,321840,194195,251464,152023,194619,92401,139637,41685,96518,12203,36973,3939,5338,1926,2136,765,804
경기도,화성시,황계동,2024,0,0,199,0,930,30,2310,343,256,303,1849,404,132,402,796,94,842,631,165,413,821,503,103,756,423,59,843,685,145,383,228,499,126,242,20,222,0,0,0,0,0,0,0,0,0,0,0,0
