발생량_10시,시군구,발생량_09시,도착량_01시,도착량_17시,발생량_14시,도착량_10시,도착량_08시,발생량_23시,도착량_18시,발생량_12시,발생량_07시,발생량_22시,발생량_00시,시도,도착량_19시,년도,발생량_20시,발생량_04시,도착량_16시,도착량_20시,발생량_05시,도착량_14시,발생량_02시,도착량_22시,읍면동,발생량_08시,발생량_06시,도착량_02시,도착량_05시,도착량_03시,발생량_03시,발생량_11시,발생량_21시,도착량_00시,발생량_19시,발생량_16시,도착량_21시,도착량_23시,도착량_09시,발생량_18시,도착량_07시,도착량_15시,도착량_11시,발생량_01시,도착량_12시,발생량_13시,발생량_17시,도착량_13시,발생량_15시,도착량_04시,도착량_06시
0,거제시,744,0,40,443,0,25,0,24,278,185,126,0,경상남도,0,2023,2,0,38,35,0,3,0,8,고현동,671,0,0,0,0,0,0,290,0,7,3,40,0,3,375,13,0,24,0,57,580,417,50,0,0,0
151,거제시,419,0,84,375,5,8,0,29,184,450,60,0,경상남도,4,2023,116,0,67,25,0,29,0,50,덕포동,431,61,0,0,0,0,205,308,0,83,232,45,0,45,142,2,4,30,0,27,467,378,67,30,0,11
10696,거제시,10627,0,3242,6727,3677,2326,109,2844,6689,9309,1974,0,경상남도,1811,2023,2951,0,3714,765,927,3357,0,468,사등면,12332,3916,0,50,0,0,6819,1602,0,2687,7440,470,7,2098,4392,1564,3152,3903,0,3800,7934,6469,3892,5206,0,1020
0,거제시,2982,0,522,1405,0,138,0,118,841,1166,832,0,경상남도,3,2023,21,0,421,286,0,21,0,65,연초면,3098,1,0,0,0,0,10,1080,0,98,26,270,0,24,1740,198,0,363,0,480,1807,1632,269,1,0,2
191,거제시,11159,0,1125,5859,4,239,0,105,3952,4463,3583,0,경상남도,33,2023,69,0,1017,615,0,88,0,38,옥포동,12433,5,0,0,0,0,88,4386,0,3439,134,792,0,66,8295,546,1,740,0,881,7115,8051,469,37,0,157
2176,거제시,2559,0,231,2673,198,80,36,70,683,313,233,0,경상남도,60,2023,217,0,162,91,0,159,0,37,장목면,1980,319,0,0,0,0,770,303,0,684,1108,74,2,58,1577,55,192,325,0,323,2336,1766,180,1363,0,14
0,거창군,1,0,0,1,0,0,0,0,0,0,0,0,경상남도,0,2023,0,0,0,0,0,0,0,0,가북면,0,0,0,0,0,0,0,0,0,0,0,0,0,0,0,0,0,0,0,0,0,0,0,0,0,0
1,거창군,2,0,0,8,0,0,0,0,0,100,0,0,경상남도,0,2023,0,0,0,0,0,0,0,0,거창읍,6,0,0,0,0,0,3,0,0,0,2,0,0,0,1,0,0,0,0,0,0,3,0,5,0,0
0,거창군,1,0,0,0,0,0,0,0,0,2,0,0,경상남도,0,2023,0,0,0,0,0,0,0,0,남상면,0,0,0,0,0,0,3,0,0,0,0,0,0,0,0,0,0,0,0,0,1,0,0,0,0,0
0,거창군,1,0,0,0,0,0,0,0,0,3,0,0,경상남도,0,2023,0,0,0,0,0,0,0,0,신원면,0,0,0,0,0,0,3,0,0,0,26,0,0,0,0,0,0,0,0,0,0,0,0,1,0,0
372,고성군,1238,0,0,18,0,0,0,0,300,1085,0,0,경상남도,0,2023,1,0,0,0,0,0,0,0,개천면,1275,624,0,0,0,0,332,0,0,0,174,0,0,0,32,0,0,0,0,0,234,27,0,189,0,0
4197,고성군,6485,0,47,2203,13,9,0,13,2879,5207,1,0,경상남도,16,2023,426,1,0,47,0,16,0,0,거류면,6295,378,0,0,0,0,1421,44,0,770,3340,0,0,95,546,10,0,0,0,1,3990,1577,87,898,0,24
18478,고성군,14951,0,114,10243,49,0,0,12,19798,18184,0,0,경상남도,0,2023,4831,0,47,12,10,3,0,0,고성읍,20203,1838,0,0,0,0,17596,2390,0,6126,15422,15,0,9,4179,0,0,4,0,6,18923,11843,16,12360,0,0
19,고성군,1310,0,0,11,0,0,0,0,731,523,0,0,경상남도,0,2023,0,0,0,0,0,0,0,0,구만면,2232,6,0,0,0,0,649,0,0,5,166,0,0,0,0,0,0,0,0,0,47,76,0,230,0,0
993,고성군,1640,0,0,475,0,0,0,0,651,2885,0,0,경상남도,0,2023,0,0,0,0,0,0,0,0,대가면,1125,185,0,0,0,0,396,0,0,6,303,0,0,0,78,0,0,0,0,0,540,159,0,291,0,0
2115,고성군,3346,0,0,904,0,0,0,0,1615,6231,0,0,경상남도,0,2023,3,0,0,0,0,0,0,0,동해면,3335,527,0,0,0,0,929,3,0,32,614,0,0,0,188,0,0,0,0,0,961,266,0,524,0,0
354,고성군,877,0,0,396,0,0,0,0,134,1187,0,0,경상남도,0,2023,0,0,0,0,0,0,0,0,마암면,2001,0,0,0,0,0,557,0,0,5,25,0,0,0,21,0,0,0,0,0,304,61,0,157,0,0
678,고성군,1191,0,0,327,0,0,0,0,445,1987,0,0,경상남도,0,2023,4,0,0,0,0,0,0,0,삼산면,996,125,0,0,0,0,566,0,0,26,154,0,0,0,173,0,0,0,0,0,330,1,0,279,0,0
1226,고성군,1759,0,0,1197,0,0,0,0,519,1163,0,0,경상남도,0,2023,0,0,0,0,0,0,0,0,상리면,1864,6,0,0,0,0,927,0,0,0,358,0,0,0,103,0,0,0,0,0,68,351,0,86,0,0
1767,고성군,1206,0,0,841,0,0,0,0,870,561,0,0,경상남도,0,2023,32,0,0,0,0,0,0,0,영오면,1696,283,0,0,0,0,1032,34,0,9,818,0,0,0,471,0,0,0,0,0,981,825,0,456,0,0
633,고성군,94,0,0,343,0,0,0,0,94,1196,0,0,경상남도,0,2023,0,0,0,0,0,0,0,0,영현면,1925,155,0,0,0,0,304,0,0,1,74,0,0,0,5,0,0,0,0,0,185,81,0,232,0,0
1703,고성군,2765,0,59,744,109,28,0,136,760,2551,23,0,경상남도,20,2023,347,0,106,23,898,84,0,2,하이면,2185,191,0,0,0,0,881,50,0,152,749,8,0,54,495,19,73,110,0,76,1117,662,46,796,0,15
206,고성군,216,0,0,176,0,0,0,0,17,124,0,0,경상남도,5,2023,16,0,0,1,0,7,0,0,하일면,407,138,0,0,0,0,28,0,0,12,0,0,0,0,7,8,0,0,0,0,270,17,15,0,0,4
2114,고성군,2157,0,0,1532,0,0,0,0,1889,2658,0,0,경상남도,0,2023,254,0,0,0,0,0,0,0,회화면,1986,8,0,0,0,0,981,34,0,1651,1490,0,0,0,255,0,0,0,0,0,1071,2213,0,1058,0,0
1,김해시,32,0,17,4,4,1,0,0,0,1,1,0,경상남도,3,2023,0,0,2,0,0,1,0,0,강동,39,2,0,0,0,0,71,3,0,5,4,0,0,21,4,0,8,9,0,0,12,8,5,4,0,1
29814,김해시,35071,0,10433,29019,6615,7580,4204,10790,30853,38020,14368,370,경상남도,8223,2023,16774,0,9421,6856,3805,8521,0,7245,관동동,42488,13419,0,662,0,0,28553,18088,171,20308,32860,7191,2186,7069,29688,4576,8777,7368,0,8636,31009,32407,8387,30062,0,2232
65783,김해시,69682,156,43391,67202,31734,143917,5120,41655,65241,86430,17486,502,경상남도,28401,2023,37699,5310,36601,21919,20048,29541,6,15317,구산동,93626,43670,261,7169,3,1,65643,30524,1813,49535,99587,20466,7996,44348,136289,83172,31202,31224,7,32020,63409,151127,30997,75178,10,31706
10423,김해시,12903,0,4559,9392,1656,2585,1454,4591,10633,18628,3913,681,경상남도,2908,2023,5678,0,3382,2106,4751,2254,0,1557,내덕동,23149,6401,0,218,0,0,9825,4505,136,6924,13733,2244,597,1736,10840,3262,2800,1963,2,2249,10183,13738,2315,12464,0,1698
117497,김해시,126932,12,96021,134674,69143,142041,7123,105989,138989,109347,72702,1694,경상남도,81700,2023,130508,1895,93197,32815,15677,93174,0,11562,내동,139572,44794,0,55668,0,0,105053,180301,1052,95179,171378,16070,7049,80266,168738,106485,94818,85626,11,112896,140056,173899,103896,151416,9,117121
7338,김해시,9211,4,973,8221,2159,2743,7,820,7070,9616,188,3,경상남도,1077,2023,1607,0,1423,450,29,2719,0,82,대동면,7549,3343,0,1,0,0,5102,899,3,2494,6568,244,8,1434,4695,1569,1356,1272,0,1431,4182,8703,1546,7398,0,418
14372,김해시,15861,48,7573,12999,5390,6096,723,7164,19588,23047,3507,13,경상남도,4537,2023,7763,1287,7446,3546,4664,5595,1,1881,대성동,21849,13510,87,675,0,0,15244,8730,166,10663,46323,2981,754,5507,19176,4884,6333,5673,0,5464,14205,23089,5743,24124,96,1855
27662,김해시,29069,0,12796,30808,6434,7125,7009,12188,31037,27147,20192,1121,경상남도,11781,2023,22014,0,12460,9291,4069,9856,0,9621,대청동,32323,15624,0,254,0,0,27150,23427,201,25506,45772,9627,3663,6655,40115,3503,9941,7330,0,8271,30369,42142,8415,40231,0,2858
13183,김해시,15760,37,8882,14754,6596,5965,2039,8077,15683,24061,5055,1031,경상남도,6706,2023,11934,343,7342,4404,4341,6846,0,2275,동상동,23545,7822,0,1621,0,0,13869,10116,681,12589,23110,3576,898,5618,21976,3787,7948,6033,24,7789,15797,23621,7760,17456,3,1980
921,김해시,1092,3,334,1207,367,609,35,336,957,1222,159,32,경상남도,180,2023,833,0,351,124,79,432,0,61,명법동,1338,227,0,8,0,0,1106,344,6,1072,1333,106,22,263,1676,579,422,381,3,471,1284,2450,463,1224,0,182
28522,김해시,27341,0,18749,30897,15695,16017,3185,19293,32109,38840,15487,122,경상남도,12527,2023,22776,0,19336,9556,5072,15250,0,4622,무계동,34513,19815,0,1447,0,0,29584,23138,43,31169,40877,8615,1238,14448,42706,15031,16832,15632,0,16068,31436,39960,15871,35250,0,9661
7005,김해시,7394,1,5626,9070,5630,6676,1469,4673,9001,8454,4147,412,경상남도,3027,2023,8185,7,5341,2654,1973,4996,0,1124,봉황동,9908,6571,0,780,0,0,8391,6665,62,8215,15811,2150,453,6367,12934,3729,5381,5231,4,5133,9662,14619,5845,12603,1,2738
42981,김해시,52429,0,13555,39284,9170,12095,5314,12164,44969,70552,18579,509,경상남도,9234,2023,23843,0,12678,6799,5032,11230,0,4563,부곡동,70739,22869,0,392,0,0,41988,21249,279,31388,45932,5989,1442,10112,40928,9745,13026,10177,0,10097,39921,49388,10322,42101,0,2983
137428,김해시,127336,319,132290,163890,109906,145418,13382,130712,152091,144067,63520,549,경상남도,91287,2023,113790,3512,120061,69355,31467,104046,21,43551,부원동,143907,83091,478,18022,0,0,146217,99256,2746,133660,203282,62320,22791,116025,231208,121012,110017,108772,16,103770,148751,249766,107718,182934,414,67985
13513,김해시,13338,77,18445,16840,10699,41412,2324,20499,15639,18006,6004,125,경상남도,12357,2023,17720,130,15144,8154,2903,9515,11,4304,불암동,19561,9846,34,6256,0,0,12914,13813,379,29773,37434,6089,2800,12308,51786,94966,10184,9689,11,10134,17464,96407,10016,20907,21,28615
162930,김해시,186420,79,352900,189739,155481,201214,41787,364207,204507,347269,92343,194,경상남도,165383,2023,136557,13948,217351,140720,100729,177360,1,95432,삼계동,356731,199211,1,10004,0,0,180853,115446,9246,177910,236674,156224,34480,169808,277134,121897,194200,153512,1,176768,192543,268187,190925,219096,47,43872
23781,김해시,28495,0,5590,19527,3512,3963,3209,5746,25914,32706,9650,384,경상남도,5369,2023,11050,0,4968,3907,5271,4470,0,4091,삼문동,33573,13348,0,120,0,0,23584,11911,34,12891,32768,4246,1369,3017,19989,1762,4632,3838,0,3744,20798,28344,4082,30181,0,1058
86129,김해시,97030,90,23582,85519,12597,10631,7839,25565,98171,131349,24280,1225,경상남도,18609,2023,45357,1534,20751,13501,35610,16608,0,9129,삼방동,140079,65491,0,703,0,0,86067,38858,1227,54072,128060,12915,3796,11412,83961,5015,19144,13225,37,15921,95573,109398,15630,96227,9,2449
125281,김해시,144958,315,237196,119109,91325,151332,33654,239621,129681,241350,65205,437,경상남도,103619,2023,94367,2778,145250,86692,37191,95762,7,46319,삼정동,252644,113750,292,16181,0,0,129181,82911,1839,118004,165116,78114,17789,99072,192899,108376,112128,88918,18,98473,129827,184418,98703,137348,14,37263
281,김해시,11942,0,1471,1696,529,1597,21,749,8425,4469,157,2,경상남도,1328,2023,2519,2,1778,913,0,930,0,561,상동면,4955,3703,0,0,0,0,6294,508,2,347,592,423,2,758,8064,1653,1114,786,0,1116,2596,8576,1013,8882,0,759
6530,김해시,9352,0,1134,436,440,1455,47,1001,6281,7829,594,0,경상남도,2019,2023,2172,0,1294,1094,4,1494,0,491,생림면,7532,5193,0,36,0,0,2891,611,0,1814,7961,1063,3,878,6016,849,1425,1041,0,1440,9531,8600,890,10326,0,577
51891,김해시,36494,181,36396,74210,43017,24019,3463,33713,67933,37185,14827,1158,경상남도,22565,2023,40855,1462,38709,15171,12939,39423,7,5326,서상동,31805,26169,249,3832,0,0,62842,27908,807,51530,88533,9462,2460,35078,72704,16163,39097,45777,46,40500,63972,77018,42216,81514,174,7911
217,김해시,203,0,58,385,179,217,0,25,301,157,4,0,경상남도,15,2023,61,0,92,8,0,114,0,3,수가동,250,37,0,0,0,0,146,16,0,91,926,23,0,163,436,92,59,139,0,141,370,580,116,370,0,14
11710,김해시,13509,0,6518,18211,6671,6088,840,6354,14521,16064,4848,8,경상남도,4743,2023,29486,1,6884,3764,2623,6381,0,1688,신문동,21846,8256,0,896,0,0,12750,29885,3,32704,42621,2996,676,6627,38273,3696,7075,7004,0,6720,17042,38355,6390,39929,1,2241
20073,김해시,22501,36,11324,22087,7013,34077,2005,12040,22945,31881,5182,155,경상남도,7676,2023,21519,423,10378,5423,6614,7178,2,4091,안동,34376,14097,29,2808,0,0,20025,9402,373,30779,47448,4940,2416,9469,46700,55849,9019,7601,6,8046,26945,90194,7858,26331,102,16376
57372,김해시,62315,132,19071,61147,12916,11297,8016,21689,63021,68019,27665,1604,경상남도,16072,2023,43938,1679,18131,13489,14812,14874,0,10685,어방동,97306,33843,88,1204,0,0,56326,41569,1483,52769,76429,13325,4867,11590,72872,7307,15908,12579,83,14807,61011,93165,13640,67032,155,2827
120837,김해시,135248,37,92756,134762,58897,118807,18776,95405,137778,191884,77456,7047,경상남도,65412,2023,118362,3143,83260,59299,39062,65968,0,39905,외동,192678,80447,0,6832,0,0,125010,102617,3373,132814,212413,51289,23519,65811,218018,82112,71650,59875,95,63747,138264,237287,67336,162500,146,35610
717,김해시,542,0,188,789,139,526,24,227,736,1215,125,0,경상남도,196,2023,3629,0,205,188,271,193,0,73,유하동,1157,291,0,15,0,0,748,283,0,1022,1091,127,14,208,2254,1840,195,171,0,239,1163,4134,187,783,0,322
38496,김해시,44909,0,13705,38942,7674,7280,7198,14170,43680,53534,28435,7,경상남도,11809,2023,34378,0,12224,7950,6055,10193,0,5684,율하동,58880,22606,0,789,0,0,40871,40079,0,36563,58070,7148,2154,8606,48965,3797,12163,8297,0,9645,41056,49971,10030,50581,0,1863
461,김해시,849,0,82,474,65,84,7,51,456,1154,25,0,경상남도,179,2023,48,0,111,32,192,52,0,42,응달동,865,317,0,0,0,0,222,83,0,192,734,64,7,108,240,113,125,40,0,127,495,319,69,1027,0,85
812,김해시,754,0,107,827,106,330,16,182,528,1204,58,0,경상남도,247,2023,213,0,172,120,84,136,0,68,이동,1408,726,0,1,0,0,645,161,0,353,621,115,18,93,511,168,210,159,0,159,943,567,133,796,0,72
11515,김해시,13636,0,3039,12773,1457,1690,2195,3060,12570,18083,12449,0,경상남도,2567,2023,10754,0,2901,1932,1945,2309,0,1555,장유동,18509,5960,0,276,0,0,11274,11659,0,10780,19505,1766,427,1327,12767,527,2696,1826,0,2256,12848,12548,2380,19681,0,363
15831,김해시,16150,2,29616,23318,21742,46636,2313,28320,19588,26064,8067,112,경상남도,18766,2023,25110,300,24500,12096,5565,20281,0,7223,전하동,26016,10682,0,3093,0,0,16798,12558,826,24202,33296,10421,4121,23428,46094,37214,22626,20761,0,21214,20216,56876,21990,26626,6,17454
24654,김해시,27262,0,6231,23828,4131,6885,2201,7039,25533,34126,7362,0,경상남도,6313,2023,19763,0,6179,4745,3242,5317,0,2933,주촌면,33257,15270,0,555,0,0,24485,8570,0,25884,32287,3221,636,4515,31655,10684,5284,5020,0,4419,25497,47740,4973,28255,0,3390
30730,김해시,33418,148,33623,31349,18587,38859,12501,30446,34368,39108,17922,1204,경상남도,21689,2023,29088,484,26630,16697,9925,18951,21,13510,지내동,49868,17948,111,6791,0,1,30918,25318,960,40553,47897,15773,8727,20924,59538,41398,22868,20029,24,20633,32835,72929,19847,38065,7,16234
9898,김해시,13574,0,4654,11846,2258,2997,2,3880,12042,13399,767,0,경상남도,4567,2023,5915,0,4436,3345,2,3050,0,781,진례면,16906,8818,0,0,0,0,11142,2167,0,7404,12616,1604,1,3319,9262,5164,3993,3139,0,3419,8890,17912,2513,9473,0,929
59629,김해시,63953,0,24585,52181,17722,21273,1752,21055,56654,90899,12015,0,경상남도,18568,2023,29660,3,22686,12095,10776,19205,0,5720,진영읍,80862,55967,0,757,0,0,60332,24622,0,45237,60181,9396,994,16994,53566,17071,21884,17043,0,18775,51803,66734,17053,64154,0,12553
2981,김해시,2735,1,1515,4832,1236,2801,402,1292,3757,4952,1415,244,경상남도,993,2023,3485,20,1208,677,897,1416,0,455,풍유동,4223,1596,0,58,0,0,3415,2056,35,4961,5427,599,138,2079,9173,1466,1177,1247,1,1365,5052,9719,1417,5145,15,495
19459,김해시,20451,0,5909,14140,3662,3424,142,4712,16407,14753,1009,0,경상남도,4544,2023,9777,16,5355,3359,538,3735,0,1365,한림면,17214,12110,0,927,0,0,17067,3169,0,12715,21179,1924,48,5143,22677,8915,4561,4662,0,4894,15484,32830,4137,14402,6,4185
1331,김해시,2559,0,239,2135,180,395,24,279,1241,1571,358,0,경상남도,149,2023,395,0,249,172,253,223,0,70,화목동,2956,803,0,52,0,0,2219,281,0,839,2216,121,1,372,1981,680,452,323,0,180,2108,3830,267,2928,0,239
7992,김해시,10239,0,2455,6782,1391,1506,106,2006,6547,14846,1137,0,경상남도,1456,2023,2094,0,1593,825,2105,1813,0,539,흥동,12548,4826,0,124,0,0,6669,2009,0,3824,6066,1037,106,1790,5660,925,1776,1434,0,1680,7418,6369,1728,6591,0,574
74,남해군,579,0,0,138,0,0,0,0,283,1403,0,0,경상남도,0,2023,18,0,0,0,0,0,0,0,고현면,54,11,0,0,0,0,362,0,0,33,82,0,0,0,68,0,0,0,0,0,99,529,0,93,0,0
683,남해군,1268,0,0,663,0,0,0,0,577,1307,0,0,경상남도,0,2023,138,0,0,0,0,0,0,0,남면,1350,52,0,0,0,0,840,4,0,446,680,0,0,0,344,0,0,0,0,0,729,722,0,516,0,0
3040,남해군,3387,0,0,3274,0,0,1,0,2737,3790,0,0,경상남도,0,2023,7210,1,0,0,7,0,2,0,남해읍,4917,457,0,0,0,3,2936,2,0,2021,6136,0,0,0,7351,0,0,0,6,0,3334,4002,0,2783,0,0
325,남해군,1850,0,0,625,0,0,0,0,752,1184,0,0,경상남도,0,2023,298,0,0,0,2,0,1,0,미조면,1763,671,0,0,0,0,1296,4,0,507,1759,0,0,0,697,0,0,0,0,0,713,877,0,1115,0,0
1297,남해군,1095,0,105,1034,66,40,0,52,1002,3082,0,0,경상남도,0,2023,204,0,3,0,163,0,0,0,삼동면,4208,1109,0,0,0,0,1970,0,0,779,1394,0,0,0,995,0,114,92,0,0,1473,1897,77,1338,0,28
243,남해군,584,0,0,480,0,0,0,0,348,2083,0,0,경상남도,0,2023,48,0,0,0,0,0,0,0,상주면,782,6,0,0,0,0,649,0,0,202,835,0,0,0,288,0,0,0,0,0,665,320,0,384,0,0
292,남해군,1271,0,0,345,0,0,0,0,650,1681,0,0,경상남도,0,2023,50,0,0,0,0,0,0,0,서면,1288,107,0,0,0,0,392,0,0,23,407,0,0,0,222,0,0,0,0,0,397,76,0,483,0,0
286,남해군,676,0,0,390,0,0,0,0,523,1463,0,0,경상남도,0,2023,59,0,0,0,0,0,1,0,설천면,38,712,0,0,0,0,302,2,0,32,102,0,0,0,108,0,0,0,0,0,46,977,0,385,0,0
537,남해군,1598,0,0,832,0,0,0,0,958,2812,0,0,경상남도,0,2023,515,0,0,0,3,0,0,0,이동면,2531,35,0,0,0,0,608,0,0,347,2373,0,0,0,1536,0,0,0,0,0,965,2157,0,1257,0,0
3359,남해군,406,0,180,69,246,604,0,124,2325,3166,0,0,경상남도,0,2023,1,0,19,0,1476,0,0,0,창선면,5441,635,0,2,0,0,511,0,0,43,2091,0,0,0,149,5,163,148,0,21,3010,2674,182,393,0,42
26032,밀양시,28973,0,0,22584,0,0,843,0,28638,24614,13120,0,경상남도,0,2023,16009,0,0,0,2689,0,0,0,가곡동,43883,7208,0,0,0,0,20685,10938,0,25538,30275,0,0,0,29443,0,0,0,0,0,27537,40619,0,32331,0,0
9519,밀양시,9825,0,0,7118,0,0,103,0,6500,10523,588,0,경상남도,0,2023,1904,0,0,0,74,0,0,0,교동,18337,1785,0,0,0,0,7739,1583,0,3398,9205,0,0,0,6631,0,0,0,0,0,7348,7488,0,8077,0,0
28,밀양시,17,0,0,4,0,0,0,0,52,24,1,0,경상남도,0,2023,4,0,0,0,0,0,0,0,남포동,24,22,0,0,0,0,0,0,0,2,0,0,0,0,9,0,0,0,0,0,25,20,0,9,0,0
20045,밀양시,17453,0,0,20030,0,0,395,0,19096,20969,2823,0,경상남도,0,2023,6625,0,0,0,20,0,0,0,내이동,29244,6298,0,0,0,0,20847,5585,0,12727,37251,0,0,0,26492,0,0,0,0,0,20650,27681,0,28352,0,0
6588,밀양시,4005,0,0,9489,0,0,702,0,6910,2575,2256,0,경상남도,0,2023,4530,0,0,0,8,0,0,0,내일동,4648,1338,0,0,0,0,7725,4633,0,5428,11959,0,0,0,10506,0,0,0,0,0,8377,14135,0,11263,0,0
966,밀양시,3653,0,0,622,0,0,0,0,879,4952,0,0,경상남도,0,2023,0,0,0,0,0,0,0,0,단장면,10,33,0,0,0,0,456,0,0,400,2281,0,0,0,112,0,0,0,0,0,2657,2277,0,480,0,0
3145,밀양시,2771,0,0,1763,0,0,0,0,1549,4326,0,0,경상남도,0,2023,5,0,0,0,0,0,0,0,무안면,4734,952,0,0,0,0,1851,0,0,928,2484,0,0,0,1204,0,0,0,0,0,1889,2351,0,1103,0,0
1794,밀양시,2774,0,0,519,0,0,0,0,1496,3937,3,0,경상남도,0,2023,95,0,0,0,0,0,0,0,부북면,365,484,0,0,0,0,828,82,0,370,1425,0,0,0,1212,0,0,0,0,0,1952,986,0,1850,0,0
1524,밀양시,9,0,0,29,0,0,0,0,220,2479,0,0,경상남도,0,2023,0,0,0,0,0,0,0,0,산내면,3,6,0,0,0,0,899,0,0,0,333,0,0,0,0,0,0,0,0,0,0,1275,0,695,0,0
395,밀양시,2337,0,0,519,0,0,0,0,604,3534,14,0,경상남도,0,2023,0,0,0,0,0,0,0,0,산외면,744,335,0,0,0,0,843,2,0,228,839,0,0,0,673,0,0,0,0,0,902,1097,0,975,0,0
3165,밀양시,1799,0,0,2743,0,0,159,0,2419,3162,879,0,경상남도,0,2023,561,0,0,0,0,0,0,0,삼랑진읍,2728,112,0,0,0,0,2727,188,0,456,1803,0,0,0,2396,0,0,0,0,0,1387,4047,0,4173,0,0
15100,밀양시,13489,0,0,16543,0,0,2015,0,13473,27875,9226,0,경상남도,0,2023,12369,0,0,0,315,0,0,0,삼문동,23494,3729,0,0,0,0,15246,12212,0,12447,24221,0,0,0,21893,0,0,0,0,0,13752,23242,0,20521,0,0
3179,밀양시,6288,0,0,2558,0,0,1,0,2653,7868,41,0,경상남도,0,2023,685,0,0,0,0,0,0,0,상남면,6986,1099,0,0,0,0,2481,124,0,1419,1334,0,0,0,5196,0,0,0,0,0,2754,2311,0,2243,0,0
405,밀양시,3145,0,0,909,0,0,0,0,159,2394,0,0,경상남도,0,2023,12,0,0,0,0,0,0,0,상동면,1541,338,0,0,0,0,1368,30,0,172,1070,0,0,0,171,0,0,0,0,0,642,716,0,335,0,0
887,밀양시,1401,0,0,463,0,0,0,0,385,1311,0,0,경상남도,0,2023,107,0,0,0,0,0,0,0,청도면,567,197,0,0,0,0,578,0,0,72,1222,0,0,0,370,0,0,0,0,0,548,358,0,23,0,0
0,밀양시,651,0,0,0,0,0,0,0,178,39,0,0,경상남도,0,2023,0,0,0,0,0,0,0,0,초동면,289,525,0,0,0,0,0,0,0,95,0,0,0,0,34,0,0,0,0,0,201,0,0,0,0,0
655,밀양시,1075,0,0,774,0,0,0,0,485,733,0,0,경상남도,0,2023,0,0,0,0,0,0,0,0,하남읍,822,0,0,0,0,0,6,0,0,269,837,0,0,0,80,0,0,0,0,0,445,1239,0,128,0,0
0,밀양시,0,0,0,0,0,0,0,0,0,70,0,0,경상남도,0,2023,0,0,0,0,0,0,0,0,활성동,0,137,0,0,0,0,0,0,0,0,0,0,0,0,94,0,0,0,0,0,0,0,0,0,0,0
2431,사천시,2196,0,112,1862,165,145,0,96,2079,1535,9,0,경상남도,49,2023,485,0,107,39,4,184,0,0,곤명면,3464,1266,0,0,0,0,2302,309,0,400,1776,9,0,240,591,423,132,274,0,119,1579,1120,157,1659,0,2
684,사천시,355,0,3,465,59,17,0,14,189,1554,0,0,경상남도,5,2023,3,0,27,0,3,70,0,0,곤양면,398,528,0,0,0,0,972,0,0,110,237,0,0,13,443,64,19,90,0,10,367,294,46,374,0,21
15,사천시,86,0,0,16,0,0,0,14,73,370,0,0,경상남도,0,2023,0,0,0,38,0,8,0,0,궁지동,0,27,0,0,0,0,0,0,0,0,0,0,0,1,2,0,0,0,0,2,4,0,0,22,0,0
354,사천시,487,0,15,330,25,10,0,7,263,422,5,0,경상남도,5,2023,36,256,9,3,158,20,0,0,노룡동,318,340,0,1,0,0,285,13,0,92,337,3,0,26,222,10,25,17,0,15,379,175,42,488,0,8
60,사천시,39,0,9,3,11,3,0,1,40,114,0,0,경상남도,0,2023,0,0,4,0,88,1,0,0,늑도동,1222,2,0,0,0,0,281,0,0,0,48,0,0,2,3,0,11,14,0,4,65,120,12,2,0,0
831,사천시,541,0,24,192,65,35,0,18,598,444,0,0,경상남도,21,2023,41,0,75,17,69,52,0,0,대방동,1027,411,0,3,0,0,342,75,0,42,399,21,0,37,215,7,117,48,0,69,171,485,19,325,0,20
640,사천시,1026,0,5,195,4,1,0,7,219,796,0,0,경상남도,3,2023,4,163,6,0,476,8,0,0,대포동,121,437,0,0,0,0,127,0,0,75,62,0,0,5,108,5,7,1,0,0,331,115,6,54,0,2
1767,사천시,1340,0,233,1565,277,306,0,67,2092,1178,15,0,경상남도,30,2023,553,0,148,30,85,154,0,1,동금동,947,275,0,0,0,0,1896,226,0,416,1971,21,0,265,1043,181,131,207,0,222,1010,1538,144,1794,0,18
638,사천시,675,0,41,712,87,82,0,42,572,1574,3,0,경상남도,18,2023,636,0,68,26,36,48,0,0,동동,1056,382,0,7,0,0,400,102,0,305,1041,13,0,59,626,44,47,33,0,54,470,560,63,625,0,14
0,사천시,0,0,0,0,0,0,0,0,0,3,0,0,경상남도,0,2023,0,0,0,0,16,0,0,0,백천동,0,178,0,0,0,0,0,0,0,0,0,0,0,0,0,0,0,0,0,0,0,0,0,0,0,2
6213,사천시,6227,0,780,4443,1029,891,0,723,5135,9320,161,0,경상남도,304,2023,2287,11,1264,194,2053,774,0,8,벌리동,7011,4010,0,288,0,0,5117,1431,0,2418,7544,110,0,966,5102,1011,700,690,0,957,3802,4513,573,6953,0,285
201,사천시,380,0,11,36,6,3,0,9,225,421,0,0,경상남도,3,2023,6,0,105,8,346,11,0,0,봉남동,24,25,0,0,0,0,149,1,0,4,97,1,0,35,50,1,2,8,0,17,177,184,2,75,0,1
7399,사천시,6868,0,641,4283,528,378,0,610,4480,21181,467,0,경상남도,230,2023,2137,0,661,380,1740,337,0,105,사남면,10492,2837,0,22,0,0,5241,1228,0,2426,6662,205,0,456,4873,513,666,571,0,551,5914,5319,547,5494,0,169
32,사천시,39,0,1,12,0,0,0,3,11,27,0,0,경상남도,0,2023,1,0,3,0,4,0,0,0,사등동,36,0,0,0,0,0,17,2,0,2,2,0,0,3,2,1,0,2,0,2,12,22,7,3,0,0
6674,사천시,4903,0,1348,6802,852,1617,0,711,7202,9348,534,0,경상남도,652,2023,5566,11,672,285,847,1060,0,74,사천읍,9358,3232,0,83,0,0,6981,8451,0,7189,11585,145,0,1319,12440,1461,971,985,0,808,6944,13619,807,12879,0,955
2585,사천시,2736,0,182,1229,202,374,0,75,1915,4141,5,0,경상남도,15,2023,159,1,213,24,192,69,0,1,서동,2904,3185,0,176,0,0,1914,38,0,386,1349,7,0,178,531,564,75,86,0,136,937,859,100,1389,1,246
20,사천시,65,0,0,103,3,49,0,11,535,386,0,0,경상남도,8,2023,0,0,9,0,0,14,0,0,서포면,685,544,0,0,0,0,233,0,0,142,44,0,0,6,201,44,14,7,0,100,169,180,22,284,0,5
1023,사천시,835,0,88,1696,199,109,0,58,1986,587,8,0,경상남도,44,2023,335,0,160,39,104,136,0,0,선구동,713,396,0,3,0,0,1582,169,0,447,2043,22,0,106,1015,38,84,70,0,108,803,1068,83,1927,0,5
2473,사천시,3885,0,194,2603,220,236,0,190,1994,2759,53,0,경상남도,106,2023,644,108,260,83,836,277,0,6,송포동,3963,947,0,6,0,0,2159,371,0,1180,3824,32,0,137,2448,130,249,204,0,199,2965,3190,270,2498,0,25
209,사천시,234,0,10,135,13,3,0,9,109,198,4,0,경상남도,8,2023,34,0,5,4,111,7,0,0,신벽동,210,143,0,2,0,0,138,19,0,25,73,2,0,7,142,5,6,12,0,19,130,73,9,115,0,9
330,사천시,1106,0,13,389,11,18,0,16,366,1039,0,0,경상남도,5,2023,65,0,15,5,828,16,0,0,실안동,910,461,0,0,0,0,234,25,0,40,94,3,0,8,161,11,14,15,0,19,66,129,2,104,0,8
0,사천시,0,0,1,0,0,0,0,0,78,127,0,0,경상남도,0,2023,0,0,0,0,48,0,0,0,와룡동,18,3,0,0,0,0,0,0,0,0,15,0,0,0,3,0,2,0,0,0,0,18,0,41,0,0
1024,사천시,1556,0,208,624,66,48,0,103,452,1722,53,0,경상남도,53,2023,104,0,75,47,209,118,0,1,용강동,3286,1699,0,60,0,0,1405,90,0,375,446,112,0,70,379,72,102,132,0,119,1080,745,103,751,0,10
5529,사천시,7050,0,490,4560,745,824,0,387,6360,11006,19,0,경상남도,159,2023,1581,3,540,121,2808,475,0,2,용현면,8047,4084,0,32,0,0,6248,1980,0,1946,17474,55,0,535,7393,216,646,622,0,673,5527,6929,633,10538,0,237
8,사천시,75,0,0,29,0,0,0,0,38,44,0,0,경상남도,0,2023,1,0,2,0,90,1,0,0,이금동,1,9,0,0,0,0,16,0,0,1,82,0,0,1,10,0,1,1,0,1,149,2,0,48,0,0
12,사천시,381,0,0,13,0,0,0,0,52,317,0,0,경상남도,0,2023,2,0,0,0,126,0,0,0,이홀동,16,6,0,1,0,0,64,0,0,10,29,0,0,0,8,2,0,0,0,1,42,24,0,13,0,0
4481,사천시,4816,0,1039,3163,653,436,0,768,4323,13092,402,0,경상남도,487,2023,2423,0,892,448,982,841,0,112,정동면,8174,1819,0,204,0,0,4324,1094,0,2373,5579,109,0,613,5538,794,1081,932,0,597,4536,4225,601,4832,0,498
506,사천시,693,0,127,824,151,43,0,109,531,606,21,0,경상남도,44,2023,213,0,127,54,241,149,0,1,좌룡동,740,273,0,10,0,0,517,111,0,224,752,49,0,100,697,25,140,148,0,180,648,681,127,1182,0,9
1234,사천시,1607,0,148,716,56,82,0,197,697,1290,23,0,경상남도,147,2023,410,8,115,59,521,90,0,1,죽림동,1255,759,0,1,0,0,889,233,0,262,675,50,0,46,524,61,94,52,0,67,925,724,83,711,0,50
509,사천시,1078,0,15,456,43,53,0,79,100,913,0,0,경상남도,31,2023,14,0,26,0,0,49,0,0,축동면,2001,313,0,0,0,0,259,1,0,26,212,1,0,36,849,389,54,43,0,6,792,817,77,466,0,1
421,사천시,284,0,21,131,24,18,0,21,225,246,1,0,경상남도,4,2023,26,0,16,4,226,21,0,0,향촌동,238,84,0,0,0,0,137,26,0,65,67,1,0,36,50,6,26,22,0,34,157,104,10,158,0,4
1,산청군,413,0,38,449,0,0,0,0,401,288,0,0,경상남도,69,2023,0,0,0,0,0,33,0,0,단성면,0,2,0,0,0,0,0,15,0,64,0,32,0,3,0,0,0,0,0,28,0,348,0,0,0,0
7642,산청군,8818,0,0,4490,0,0,0,0,7033,13262,0,0,경상남도,0,2023,1,0,0,0,0,0,0,0,산청읍,11985,247,0,0,0,0,6829,0,0,92,6949,0,0,0,11017,0,0,0,0,0,6596,9167,0,5370,0,0
301,산청군,324,0,10,138,16,6,0,16,285,467,4,0,경상남도,5,2023,27,0,18,6,0,7,0,7,신안면,605,476,0,0,0,0,97,46,0,56,146,10,0,12,209,7,21,8,0,5,272,364,11,168,0,2
15076,양산시,18526,0,2370,14300,1492,2885,392,2858,18880,28621,2759,24,경상남도,1885,2023,6665,0,3244,1453,352,1736,0,502,교동,25058,10879,0,9,0,0,15027,7002,5,8418,49754,1124,76,1412,19433,2429,2517,1349,0,1641,19714,29228,1778,33765,0,507
44886,양산시,59443,164,13338,43244,8050,12521,2279,13389,47705,92419,10523,532,경상남도,9866,2023,26389,0,14177,5811,6859,8999,1,3523,남부동,82751,25293,0,362,0,0,40825,24448,285,33707,65083,5371,1662,8917,55099,12180,12053,8131,283,9691,47717,61123,9285,52180,0,3624
6102,양산시,6206,92,3741,5282,3271,6477,738,3782,5279,8119,669,317,경상남도,2201,2023,2378,0,4114,1272,1050,2626,0,658,다방동,8328,4992,0,515,0,0,6118,1784,153,4297,7188,1015,370,3662,10073,3989,2866,3071,348,2619,5503,7632,3067,5369,0,2295
134703,양산시,131204,520,68048,133161,59551,52923,11237,60094,142950,150143,26519,3303,경상남도,43516,2023,61432,2255,73299,24513,15882,64170,0,10965,덕계동,167934,46119,0,891,0,0,146317,45043,2096,82479,163600,20006,6602,54868,131424,39678,67609,61730,489,59336,132435,154203,58304,145914,59,11004
287305,양산시,338252,274,219672,294632,179949,229646,29685,249266,310451,352478,60354,3465,경상남도,153549,2023,123802,196,221633,120170,38822,189543,1,82785,동면,455996,127387,1,9699,0,1,286318,99779,8337,187738,353936,110251,47173,166087,335263,127215,199843,169471,985,188740,290860,358322,182002,303436,1,81803
895,양산시,1159,0,191,1569,519,660,0,99,1424,413,0,0,경상남도,38,2023,0,0,262,0,0,385,0,0,매곡동,1811,0,0,0,0,0,1459,0,0,344,1249,0,0,259,1038,290,369,621,0,475,0,1586,0,1231,0,0
1911,양산시,842,0,208,3369,203,323,0,247,3648,561,0,0,경상남도,186,2023,488,0,218,96,0,187,0,0,명곡동,814,76,0,0,0,0,2334,302,0,691,5039,80,0,366,1744,160,209,218,0,409,2256,3500,214,3434,0,23
28494,양산시,28194,85,6584,23990,5146,5546,2474,6397,25092,42409,5732,566,경상남도,4161,2023,11365,0,6447,2764,5571,6008,0,1995,명동,35585,7289,0,105,0,0,26590,8578,334,14068,25803,2055,1102,5597,21753,1889,6312,5307,6,5022,22431,30100,5707,26071,0,1027
682196,양산시,717424,65,743598,762236,427293,608978,104997,800413,768296,797242,300197,3781,경상남도,529107,2023,486512,3265,676395,389639,121747,561782,3,250294,물금읍,963269,269250,33,6710,0,0,745480,454601,41632,607597,1024543,312947,145016,464603,998689,298598,602831,481234,10,535761,774808,1058553,571267,918069,15,233101
52348,양산시,45790,266,29509,66727,35421,29273,4368,28272,70168,52328,13176,1588,경상남도,17180,2023,29441,0,32258,12496,6493,30786,0,7015,북부동,56936,20185,0,2683,0,0,62697,23969,1029,39738,101157,10295,2968,32413,76025,23386,31914,31577,716,29984,62993,76816,29224,87123,0,8175
38108,양산시,47402,329,17951,38251,7850,11624,4732,18461,40288,70803,13672,959,경상남도,12754,2023,33308,0,14100,9793,8675,9508,0,6929,북정동,64928,20719,0,1169,0,0,36594,24031,937,35470,49259,8704,2986,8415,56280,12307,13001,8959,575,10945,41934,73153,10536,48631,0,6437
721,양산시,1,0,11,0,76,0,0,184,0,195,0,0,경상남도,33,2023,712,0,0,221,0,0,0,0,산막동,0,0,0,0,0,0,0,0,0,8,0,0,0,9,2254,817,200,0,0,0,0,1,0,2156,0,0
85222,양산시,82872,323,25493,92536,28032,19483,6471,20001,103481,86906,17196,1630,경상남도,13853,2023,48452,0,27882,9382,13069,28098,0,5496,삼호동,98901,31518,41,386,0,0,88748,30111,1172,60089,130675,6574,3067,24488,91961,12520,27812,27799,7,24797,89232,136400,23629,114684,0,3175
43127,양산시,45841,188,10222,30846,8359,11294,1677,9757,37206,53003,4583,2038,경상남도,6778,2023,13194,0,9391,6053,5586,7993,0,2413,상북면,61087,24032,0,217,0,0,34686,8450,592,16543,38956,3862,766,7775,29733,7750,8900,7952,204,9387,35735,43948,7847,36710,0,2483
50275,양산시,55155,162,9261,33232,6157,5775,496,8619,41075,69503,2617,84,경상남도,6439,2023,12694,0,9497,4902,12092,7198,1,2336,소주동,75859,18791,0,9,0,0,44191,5735,601,17050,32761,3337,1292,5142,30565,4753,8508,6950,42,7245,37713,38668,7500,33872,0,927
30015,양산시,35269,141,11715,24040,9050,9974,1886,11060,27677,42369,4696,354,경상남도,7819,2023,11228,0,12406,5867,3963,9691,0,2452,신기동,42871,16222,0,777,0,0,28498,8455,268,16955,43389,4174,766,8419,28479,8678,11801,8599,171,8596,28068,35456,9872,31980,0,3851
13259,양산시,14054,0,2173,11795,1702,2364,0,2607,9640,34316,6,0,경상남도,1617,2023,2522,0,2572,1101,3229,1979,0,229,어곡동,15651,6676,0,43,0,0,12086,1451,0,4499,12825,824,0,1402,11223,2653,2266,2084,0,1551,10781,12003,2007,11143,0,1327
3494,양산시,4991,22,746,4291,1133,756,149,628,3484,3529,520,32,경상남도,553,2023,1987,23,992,363,585,729,0,189,용당동,3683,1197,1,18,0,0,3242,903,36,3380,6346,320,97,905,4685,1401,766,831,1,983,3618,9830,836,5413,0,159
4188,양산시,7065,0,1159,7107,1124,2536,0,960,2846,5895,86,0,경상남도,323,2023,330,0,1606,9,1,1614,0,33,원동면,13894,1332,0,56,0,0,16073,25,0,1488,814,39,0,2655,3084,965,780,1828,0,1279,4393,7666,1016,7960,0,320
585,양산시,357,0,367,1606,147,735,0,222,1437,1305,17,0,경상남도,213,2023,1294,0,185,144,16,139,0,3,유산동,854,872,0,159,0,0,728,490,0,2681,2718,69,0,186,6521,1418,132,194,0,127,1849,5992,160,1611,0,676
5124,양산시,5328,0,540,5665,472,850,66,488,4818,8063,512,0,경상남도,306,2023,1166,0,494,242,458,436,0,33,주남동,6341,1068,0,0,0,0,5223,1285,0,2335,7027,78,1,930,6313,663,456,528,0,491,4276,10861,354,5325,0,298
16946,양산시,18243,50,3677,18868,3237,3498,757,3120,18462,28553,1899,253,경상남도,2819,2023,5351,0,3994,1917,2705,3393,0,1170,주진동,29464,6810,0,61,0,0,18147,3674,177,7365,17325,1379,630,4223,13649,2008,3642,3998,26,3677,19714,17185,3719,17269,0,599
341460,양산시,350741,300,442565,415776,273444,353613,58281,489733,419383,404983,160058,2336,경상남도,322995,2023,278577,3423,386188,209714,64730,332841,0,139812,중부동,494353,144165,34,2743,0,1,374164,257556,37868,343673,530602,172444,74215,302669,538281,203382,346411,285345,1214,301863,408926,579239,333221,475552,19,106486
103310,양산시,107540,406,26146,79894,15622,11049,5303,23403,87080,131418,12914,1263,경상남도,19358,2023,30644,4043,27241,12938,15553,22075,1,5988,평산동,137982,35943,3,282,0,1,99155,21154,1132,41147,78169,9582,3077,11368,63587,8309,25193,19242,531,20281,81803,75830,20540,78853,1,2327
26252,양산시,23887,328,13383,38885,14776,14355,5355,11321,35902,23860,7542,1494,경상남도,7542,2023,15647,1,13432,5699,10685,12516,0,1852,하북면,29900,14029,1,101,0,0,26391,10588,645,18439,44120,4123,914,13526,31483,9292,11989,15251,39,12145,36511,38356,13441,35448,0,6388
542,양산시,1,0,9,0,57,0,0,50,0,434,0,0,경상남도,10,2023,210,0,0,10,0,1,0,0,호계동,0,0,0,0,0,0,0,0,0,1,0,0,0,33,999,109,73,0,0,0,0,1,0,499,0,0
710,의령군,106,0,0,0,0,0,0,0,1010,1235,0,0,경상남도,0,2023,0,0,0,0,0,0,0,0,가례면,1304,179,0,0,0,0,561,0,0,330,8715,0,0,0,346,0,0,0,0,0,56,2401,0,37,0,0
188,의령군,1295,0,0,208,0,0,0,0,670,611,0,0,경상남도,0,2023,1,0,0,0,0,0,0,0,궁류면,16,0,0,0,0,0,1,0,0,284,141,0,0,0,57,0,0,0,0,0,273,310,0,359,0,0
79,의령군,373,0,0,0,0,0,0,0,27,160,0,0,경상남도,0,2023,0,0,0,0,0,0,0,0,낙서면,223,19,0,0,0,0,34,0,0,0,67,0,0,0,88,0,0,0,0,0,80,0,0,3,0,0
125,의령군,2,0,0,65,0,0,0,0,0,551,0,0,경상남도,0,2023,0,0,0,0,0,0,0,0,대의면,0,0,0,0,0,0,246,0,0,0,0,0,0,0,320,0,0,0,0,0,209,78,0,1,0,0
4,의령군,0,0,0,0,0,0,0,0,0,0,0,0,경상남도,0,2023,0,0,0,0,0,0,0,0,봉수면,1,0,0,0,0,0,0,0,0,0,0,0,0,0,0,0,0,0,0,0,0,0,0,1,0,0
729,의령군,354,0,0,492,0,0,0,0,1162,2171,0,0,경상남도,0,2023,23,0,0,0,0,0,0,0,부림면,360,92,0,0,0,0,406,0,0,160,760,0,0,0,642,0,0,0,0,0,334,1408,0,223,0,0
805,의령군,1299,0,0,245,0,0,0,0,40,2535,0,0,경상남도,0,2023,0,0,0,0,0,0,0,0,용덕면,861,43,0,0,0,0,547,0,0,168,1301,0,0,0,494,0,0,0,0,0,1811,258,0,32,0,0
204,의령군,179,0,0,148,0,0,0,0,253,486,0,0,경상남도,0,2023,15,0,0,0,0,0,0,0,유곡면,123,397,0,0,0,0,276,0,0,21,104,0,0,0,18,0,0,0,0,0,84,402,0,51,0,0
1372,의령군,1496,0,0,2136,0,0,0,0,1619,4895,0,0,경상남도,0,2023,25,0,0,0,0,0,0,0,의령읍,7086,264,0,0,0,0,1980,0,0,835,2818,0,0,0,2001,0,0,6,0,0,1923,3423,0,1268,0,0
532,의령군,369,0,0,98,0,0,0,0,98,1643,0,0,경상남도,0,2023,2,0,6,0,0,0,0,0,정곡면,265,3,0,0,0,0,176,0,0,53,395,0,0,0,12,0,0,0,0,0,156,199,0,70,0,0
692,의령군,218,0,0,301,1,3,0,7,162,713,0,0,경상남도,0,2023,0,0,0,0,0,60,0,0,지정면,11,0,0,0,0,0,1,0,0,55,117,0,0,34,293,5,0,0,0,0,112,11,1,319,0,0
186,의령군,0,0,0,63,0,0,0,0,0,876,0,0,경상남도,0,2023,0,0,0,0,0,0,0,0,칠곡면,11,0,0,0,0,0,259,0,0,0,0,0,0,0,14,0,0,0,0,0,102,308,0,25,0,0
37,의령군,1221,0,0,112,0,0,0,0,534,334,0,0,경상남도,0,2023,44,0,0,0,0,0,0,0,화정면,166,62,0,0,0,0,118,0,0,106,6,0,0,0,140,0,0,0,0,0,66,297,0,245,0,0
91562,진주시,99145,0,41749,114058,23453,32111,4517,42738,119287,121072,81001,0,경상남도,26713,2023,95230,1,39521,24568,8761,25944,0,13071,가좌동,175445,31247,0,563,0,0,88885,93262,0,109308,202869,20567,2019,26193,180596,27527,30773,20260,0,30191,120001,188387,27982,148298,0,6988
19308,진주시,20409,0,7178,22616,4358,6115,1228,6417,23314,27485,13691,1,경상남도,3263,2023,20365,0,6226,2592,1902,5786,11,1718,강남동,37949,7933,0,113,0,0,22227,19882,0,20479,28850,2231,299,4564,34388,2539,6007,4711,0,5060,22797,39068,5512,28064,0,844
7378,진주시,8138,0,3906,11162,2226,2924,247,3121,12599,9221,5281,0,경상남도,1295,2023,19652,0,4424,934,1380,2877,0,732,계동,11984,2410,0,278,0,0,7983,6697,0,14098,27506,778,17,2263,20080,2306,3969,2989,0,3220,13616,21386,3325,17274,0,934
3993,진주시,5166,0,315,3262,281,436,0,372,3281,5379,214,0,경상남도,165,2023,646,0,237,124,2,291,0,51,금곡면,3299,4021,0,1,0,0,2689,442,0,868,3707,158,0,344,2470,263,204,266,0,241,2885,3761,308,2373,0,63
27048,진주시,38761,0,3492,22947,1365,2273,838,3556,25241,77096,7335,0,경상남도,1944,2023,10303,0,3136,1564,2377,1887,0,1114,금산면,49641,16675,0,164,0,0,25417,8805,0,13403,27995,1552,48,1405,25181,1803,2084,1488,0,1861,28094,26516,2009,22781,0,188
2846,진주시,2674,0,1348,6392,1005,1550,398,1214,6163,2283,2234,0,경상남도,727,2023,4798,0,1362,597,711,1322,0,142,남성동,3761,826,0,111,0,0,5569,4842,0,4907,8309,424,38,803,7517,465,1419,1114,0,1200,5345,7328,1219,7859,0,309
11297,진주시,10244,0,6502,11003,3061,6119,74,6028,13249,16716,2899,0,경상남도,3193,2023,5794,0,5105,2594,906,3172,0,1787,내동면,20936,3030,0,9,0,0,9455,6203,0,8432,13342,2472,145,3510,16240,3133,4748,2478,0,4014,11178,16451,4013,13294,0,489
7228,진주시,11306,0,335,3154,470,210,0,333,5337,9521,252,0,경상남도,390,2023,885,0,423,374,31,355,0,42,대곡면,5742,4387,0,2,0,0,4706,540,0,1495,5893,202,0,502,3208,301,314,373,0,292,4840,4646,375,4775,0,268
49656,진주시,49863,0,27304,84030,23907,36297,2008,19114,69431,39345,28105,0,경상남도,8960,2023,48583,0,27861,6275,1615,26520,0,2463,대안동,61587,16179,0,1864,0,0,60754,44092,0,59167,114741,4876,389,25839,102306,28793,28854,26343,0,25567,75492,116846,25401,104638,0,16474
0,진주시,1975,0,9,1174,0,43,0,161,1003,1524,1,0,경상남도,95,2023,54,0,127,45,41,143,0,0,대평면,2395,1930,0,0,0,0,1864,47,0,362,1028,19,0,16,526,2,4,131,0,4,366,1747,0,443,0,2
9116,진주시,10245,0,9927,14769,6791,7903,859,8600,13183,7107,8577,0,경상남도,4309,2023,14914,0,8335,3136,445,8604,0,1570,동성동,14953,2712,0,473,1,0,11844,12995,1,14035,19890,2562,293,6853,23975,4917,8174,7193,0,7653,15626,25120,8132,18457,0,2070
7901,진주시,11716,0,1762,8110,897,1443,292,1756,9236,17449,2764,0,경상남도,982,2023,4068,0,1387,595,725,1153,0,357,망경동,22203,5523,0,0,0,0,7763,3679,0,4630,7573,704,70,1153,9901,497,1393,1086,0,1185,9948,8178,1189,7543,0,346
8050,진주시,13330,0,300,4934,405,282,0,507,6232,9629,183,0,경상남도,275,2023,1090,0,316,160,11,527,0,39,명석면,12454,5949,0,2,0,0,6414,801,0,1550,6014,113,0,362,4470,356,384,477,0,460,7138,5793,733,4514,0,233
15068,진주시,17218,0,3181,15660,2230,4302,369,3006,16177,26827,1989,1,경상남도,1785,2023,6840,0,3162,1881,207,2263,0,802,문산읍,26566,7974,0,123,0,6,12435,5509,0,7959,20260,1736,42,3025,21470,3288,2406,1829,2,2313,13578,24178,2150,14421,0,705
63,진주시,4746,0,87,608,1,5,0,56,2165,18,0,0,경상남도,14,2023,45,0,13,23,0,30,0,13,미천면,1487,4371,0,0,0,0,1307,39,0,98,530,19,0,130,1285,0,64,52,0,43,27,66,8,1812,0,7
2963,진주시,2307,0,4507,7498,3184,6505,479,4013,5064,1133,4353,1,경상남도,2088,2023,9124,0,4537,1458,573,3771,2,676,본성동,2257,660,2,223,0,0,4394,9894,0,8916,11006,1179,178,3349,14329,2499,4614,3403,0,3571,6554,14682,4079,8866,0,996
14811,진주시,16137,0,4159,16350,3849,2837,617,3430,15154,18295,5312,0,경상남도,2035,2023,8879,0,3748,1540,444,3308,0,1005,봉곡동,27628,8781,0,84,0,0,17525,7037,0,12249,20494,1297,245,2889,17044,1542,3799,3931,0,3469,16652,19989,3404,18076,0,1101
2493,진주시,2165,0,386,1418,389,718,0,434,2116,2814,64,0,경상남도,278,2023,278,0,318,154,2,484,0,50,사봉면,4665,1103,0,3,0,0,1432,163,0,429,1935,188,0,224,1058,291,451,293,0,288,1576,2209,303,1996,0,398
114251,진주시,137374,0,73217,132136,42749,60180,6697,70863,140952,137615,52933,3,경상남도,39725,2023,84257,0,64627,29809,8952,49231,5,25471,상대동,227083,44795,3,1912,3,2,121357,78378,5,107300,219827,33500,2124,48197,194459,41193,56517,43697,2,47981,135352,212206,48206,174274,0,12874
35612,진주시,45214,0,6778,38491,3571,6726,1657,6619,56906,55271,11675,0,경상남도,3642,2023,23561,0,6527,3004,6932,4521,0,2036,상봉동,74591,20691,0,232,0,0,41138,22547,0,26127,86702,3116,352,3386,60784,2685,5784,4194,0,4729,48937,72428,4988,56470,0,852
8028,진주시,8342,0,2450,8646,1098,1807,69,2000,8080,16762,1806,0,경상남도,1309,2023,4756,0,1485,1230,267,1309,0,479,상평동,18147,3333,0,18,0,0,6948,3275,0,7671,8805,1094,43,1097,14157,1923,1258,977,0,1085,7944,18918,986,8556,0,728
3579,진주시,5409,0,195,2309,61,21,0,118,3268,6427,0,0,경상남도,151,2023,369,0,142,159,0,195,0,0,수곡면,5831,642,0,0,0,0,2267,217,0,815,2785,95,0,162,2636,68,162,81,0,153,1989,5464,100,1926,0,0
86,진주시,136,0,145,164,78,186,0,54,119,110,29,0,경상남도,24,2023,41,0,66,16,40,85,0,5,수정동,348,47,0,37,0,0,124,19,0,85,175,22,0,149,422,158,107,86,0,139,215,285,92,163,0,95
63421,진주시,71406,0,13126,64364,7435,8091,3293,12553,66388,80708,24053,2,경상남도,8318,2023,40860,0,11869,5885,8689,9462,5,4346,신안동,121592,27653,0,98,1,0,64659,37441,0,49584,87508,5846,1050,6935,81866,2375,10940,7700,0,8282,71709,85744,8902,94677,0,1166
10478,진주시,11970,0,6159,14149,3898,5329,948,5172,14383,15509,7651,0,경상남도,4190,2023,14326,0,6502,2756,628,4380,0,1700,옥봉동,22512,4566,0,150,0,0,12728,13106,0,14134,18493,2352,231,4402,22294,5254,5020,4265,0,4510,13993,23802,4938,15997,0,1789
114,진주시,124,0,20,96,22,10,1,45,168,217,16,0,경상남도,20,2023,104,0,33,25,13,54,0,19,유곡동,213,152,0,0,0,0,241,45,0,59,123,33,0,13,90,5,37,89,0,46,145,92,95,79,0,44
694,진주시,1382,0,61,1312,84,298,0,39,626,432,19,0,경상남도,23,2023,92,0,91,17,0,147,0,4,이반성면,2560,588,0,0,0,0,916,49,0,301,885,18,0,52,743,10,109,110,0,112,683,1525,118,878,0,4
25310,진주시,30041,0,4322,22143,2071,2167,331,3923,26469,37402,3777,0,경상남도,2026,2023,11589,0,5801,1527,3437,2874,0,1302,이현동,51079,13835,0,86,0,0,26296,11202,0,15972,62799,1539,174,2117,32027,1227,4024,2352,0,2837,26487,30393,3208,40329,0,783
12973,진주시,17046,0,7877,17621,4931,4118,1385,6200,15447,20672,8537,0,경상남도,3585,2023,13797,0,7354,3121,2161,5990,6,1348,인사동,28893,5759,0,287,0,0,14424,12753,0,15439,22585,2229,177,4214,24804,2801,6540,5371,0,5278,17105,24224,5650,19089,0,1175
7214,진주시,7051,0,1519,4933,1773,1657,0,785,6351,8463,289,0,경상남도,662,2023,1531,0,1714,432,6,1371,0,76,일반성면,7225,2115,0,7,0,0,5461,1106,0,1977,7541,476,0,1193,3356,1863,1130,1085,0,1054,4300,6559,1036,5298,0,491
31471,진주시,29864,0,10019,43511,9816,14191,1229,7656,35312,18386,11132,0,경상남도,4194,2023,19290,0,11148,2838,1541,9884,0,1791,장대동,34307,7964,0,820,0,0,39060,16754,0,23940,51329,2339,176,10893,43017,11857,10187,10330,0,9869,38263,53692,10260,50194,0,5495
4276,진주시,4188,0,956,3780,371,475,82,919,6180,6784,2050,0,경상남도,586,2023,2618,0,1584,384,27,543,0,373,장재동,6908,1306,0,244,0,0,5614,2537,0,2769,18764,375,19,423,7657,398,1078,581,0,518,6298,11265,633,8687,0,483
9005,진주시,17916,0,1369,12451,745,1671,0,1914,10080,27859,2348,0,경상남도,1878,2023,10678,0,2579,683,1600,1095,0,586,정촌면,26933,6458,0,2,0,0,13431,5923,0,10371,14032,647,8,496,15576,2260,1175,900,0,816,11970,23160,821,9875,0,432
20639,진주시,23329,0,5477,20800,2881,3902,1266,5245,22808,26946,8391,0,경상남도,3108,2023,11908,0,4991,2334,1705,4115,0,1501,주약동,47351,6502,0,171,0,0,22788,10617,0,15879,24901,2100,144,2486,31414,2243,4421,3923,0,4005,22354,30938,3942,21884,0,508
4227,진주시,2375,0,2527,12414,1487,769,1178,2337,8385,1434,9846,0,경상남도,1401,2023,15270,0,2474,826,74,2429,0,308,중안동,2399,528,0,10,0,0,6162,14229,0,16210,21179,694,76,1158,26875,372,2786,1781,1,1955,10193,25737,2227,16836,0,103
512,진주시,693,0,16,1,21,51,0,14,8,733,0,0,경상남도,7,2023,52,0,26,11,0,0,0,0,지수면,1080,471,0,0,0,0,748,19,0,6,286,11,0,12,65,7,31,25,0,0,849,155,38,502,0,4
2446,진주시,2362,0,254,1567,247,97,1,458,1416,3089,150,0,경상남도,201,2023,571,0,192,129,18,468,0,15,진성면,2361,844,0,4,0,0,1553,397,0,1554,2349,83,0,371,2696,460,275,134,0,116,2214,1667,366,1701,0,147
6608,진주시,8029,0,482,3373,282,684,0,651,6620,17190,366,0,경상남도,444,2023,1519,0,415,249,14,311,0,395,집현면,12173,6273,0,0,0,0,3710,549,0,1744,4127,358,0,430,5357,578,410,326,0,290,5502,4035,359,5385,0,311
51387,진주시,57045,0,21275,53010,11263,22452,3921,22106,59361,115313,50815,0,경상남도,11366,2023,50959,0,22355,10047,3408,13338,0,8902,초전동,129409,17513,0,790,0,0,50755,62852,0,51508,104219,10617,394,12153,105004,15802,16881,11336,0,13441,60428,96857,14353,78833,0,3239
45659,진주시,49327,0,16896,57288,7669,16980,7903,16011,53008,83146,51386,6,경상남도,9286,2023,63862,0,13090,7433,1576,10752,0,4721,충무공동,92745,18213,1,635,2,6,46043,75691,14,65989,92926,6654,333,8109,128379,12244,11867,7609,6,10541,57895,105737,11213,82833,0,2353
70134,진주시,60243,3,23998,82161,18439,24275,7447,25482,79722,34629,63093,8,경상남도,13362,2023,59999,0,24795,10461,4153,20110,10,7890,칠암동,74559,13645,0,374,0,2,80951,59545,1,69852,126798,10082,1239,18210,127600,12389,22100,18787,0,18942,75440,134068,20289,108962,0,6009
3444,진주시,3185,0,1232,7375,993,1737,90,1103,9196,2741,1270,0,경상남도,660,2023,4558,0,1409,514,441,1430,0,280,판문동,3973,1585,0,4,0,0,5432,5326,0,3511,42802,449,52,981,10874,1386,1258,1018,0,1034,9864,27729,1362,25044,0,286
85483,진주시,99174,0,23664,90011,9552,10704,6009,23469,102884,158400,61543,6,경상남도,14172,2023,81411,0,27586,10841,14191,14083,14,6537,평거동,219050,35299,0,132,0,0,83462,84351,5,100426,150696,10544,1921,8362,152452,5887,19350,10734,0,14140,98905,145340,13820,110703,1,1526
3939,진주시,3376,0,3447,6895,1813,3054,736,2698,7913,5763,2368,0,경상남도,1264,2023,14617,0,2797,940,176,2717,0,664,평안동,6816,1680,0,130,0,0,4723,4382,0,8472,24431,871,129,1696,12124,1721,2880,2205,0,2422,7994,13160,2324,14380,0,321
57924,진주시,70600,0,12976,55227,5736,6974,5373,14942,65581,99604,29651,0,경상남도,8812,2023,42159,0,11098,7357,7807,8027,0,7270,하대동,141114,33163,0,381,0,0,51383,44811,0,42332,111777,8301,601,5146,81820,3223,9394,6214,0,7278,65023,89744,7587,87901,0,1245
249,진주시,0,0,2,0,0,1,0,0,3,144,0,0,경상남도,0,2023,30,0,1,1,0,0,0,1,하촌동,242,0,0,0,0,0,0,0,0,6,10,0,0,0,0,0,0,0,0,0,153,127,1,0,0,0
17467,진주시,22235,0,4285,17288,2081,3636,498,4740,16803,27824,6040,0,경상남도,2783,2023,11601,0,3665,2666,2079,2598,0,1638,호탄동,40414,7774,0,574,0,0,14955,8937,0,12523,22792,2288,228,2165,20034,1498,2839,2039,0,2820,19813,21357,2627,18791,0,529
126,창녕군,176,0,0,56,0,0,0,0,191,388,0,0,경상남도,0,2023,0,0,0,0,0,0,0,0,계성면,250,58,0,0,0,0,84,0,0,13,117,0,0,0,71,0,0,0,0,0,94,74,0,59,0,0
79,창녕군,121,0,0,178,0,0,0,0,64,141,0,0,경상남도,0,2023,0,0,0,0,0,0,0,0,고암면,122,0,0,0,0,0,45,0,0,27,91,0,0,0,11,0,0,0,0,0,65,48,0,67,0,0
55,창녕군,32,0,0,46,0,0,0,0,16,143,0,0,경상남도,0,2023,0,0,0,0,0,0,0,0,길곡면,107,1,0,0,0,0,81,0,0,4,19,0,0,0,61,0,0,0,0,0,12,8,0,22,0,0
359,창녕군,631,0,32,313,6,85,0,5,555,533,0,0,경상남도,0,2023,24,0,24,4,0,20,0,0,남지읍,741,32,0,0,0,0,356,3,0,59,405,1,0,1,327,5,0,67,0,0,415,590,0,336,0,0
33,창녕군,147,0,0,39,0,0,0,0,33,200,0,0,경상남도,0,2023,0,0,0,0,0,0,0,0,대지면,78,3,0,0,0,0,24,0,0,19,77,0,0,0,46,0,0,0,0,0,57,69,0,68,0,0
181,창녕군,183,0,0,80,1,0,0,0,123,466,0,0,경상남도,0,2023,0,0,0,0,0,0,0,0,대합면,293,34,0,0,0,0,132,0,0,1,175,0,0,0,173,0,1,0,0,0,201,86,0,91,0,0
79,창녕군,53,0,0,22,0,0,0,0,97,166,0,0,경상남도,0,2023,0,0,0,0,0,0,0,0,도천면,197,2,0,0,0,0,76,0,0,17,20,0,0,0,92,0,0,0,0,0,87,138,0,65,0,0
468,창녕군,505,0,0,207,0,0,0,0,346,653,0,0,경상남도,0,2023,0,0,0,0,0,0,0,0,부곡면,866,46,0,0,0,0,247,0,0,80,402,0,0,0,262,0,0,0,0,0,259,298,0,218,0,0
21,창녕군,1414,0,1,48,0,0,0,0,0,502,0,0,경상남도,0,2023,0,0,0,0,0,0,0,0,성산면,49,35,0,0,0,0,576,10,0,21,19,6,0,3,19,4,1,2,0,0,403,55,1,138,0,0
912,창녕군,1309,0,0,578,0,0,0,0,1226,1578,0,0,경상남도,0,2023,0,0,0,0,0,0,0,0,영산면,1424,73,0,0,0,0,689,0,0,171,1216,0,0,0,840,0,0,0,0,0,962,1076,0,793,0,0
88,창녕군,31,0,0,34,0,0,0,0,30,129,0,0,경상남도,0,2023,0,0,0,0,0,0,0,0,유어면,59,0,0,0,0,0,11,0,0,2,23,0,0,0,18,0,0,0,0,0,30,13,0,22,0,0
695,창녕군,928,0,0,409,0,0,0,0,589,1021,0,0,경상남도,0,2023,0,0,0,0,0,0,0,0,이방면,1051,35,0,0,0,0,659,0,0,90,753,0,0,0,425,0,0,0,0,0,680,583,0,535,0,0
115,창녕군,144,0,0,43,0,0,0,0,74,137,0,0,경상남도,0,2023,0,0,0,0,0,0,0,0,장마면,71,0,0,0,0,0,91,0,0,29,82,0,0,0,90,0,0,0,0,0,70,143,0,44,0,0
17634,창녕군,21776,0,1,11912,0,0,0,0,18357,26189,0,0,경상남도,0,2023,46,0,0,0,0,0,0,0,창녕읍,28513,1423,0,0,0,0,14250,0,0,2610,19204,0,0,0,11568,0,0,1,0,0,14701,14535,0,13581,0,0
16421,창원시,20540,0,9590,18861,4553,5205,3411,10651,18754,23980,10057,66,경상남도,6956,2023,14468,20,7939,5918,1704,6171,0,4923,가음동,33764,11812,0,135,0,0,17066,12897,328,16627,31025,6175,2255,4671,24183,3572,7536,5246,0,6137,19335,26247,6133,23626,0,2548
14137,창원시,14800,0,9488,15341,3723,6406,1646,10389,14410,25917,6797,14,경상남도,6301,2023,14974,0,7557,5575,3903,4707,0,3494,가음정동,28188,12436,0,441,0,0,15013,11508,34,18736,23058,4850,1068,4986,32729,11734,5663,3837,0,4587,17550,35368,4783,16799,0,5543
502,창원시,1673,0,252,632,43,8,53,11,328,381,6,0,경상남도,9,2023,131,0,9,0,3,18,0,0,가주동,931,54,0,1,0,0,1245,4,0,68,354,9,2,35,417,12,56,51,0,21,431,456,28,1060,0,3
10851,창원시,9236,0,2138,7352,1222,1218,230,1776,11466,12525,2412,21,경상남도,1933,2023,5684,1,2327,1295,2665,1484,0,770,가포동,12797,5219,0,47,0,0,8630,4820,27,6206,29677,937,354,1273,9873,2226,1694,1277,0,1520,9481,16083,1697,13822,0,752
57707,창원시,62127,0,13887,56292,12433,9217,4930,11204,62703,69447,13288,151,경상남도,7694,2023,28270,0,15687,6617,10120,13582,0,3907,경화동,74624,33595,0,892,0,0,61019,23928,50,33986,86194,4925,1572,10106,58732,5202,14341,12669,0,13670,65846,68941,13693,72449,0,4063
2623,창원시,3390,0,84,3208,73,79,243,114,3531,5529,1701,0,경상남도,50,2023,1815,0,114,81,449,117,0,35,광화동,5447,2405,0,1,0,0,3180,1685,0,2006,4629,73,6,71,3840,72,155,79,0,119,3335,4735,94,4949,0,119
10152,창원시,14461,0,1835,9746,907,942,708,1947,12184,21624,2299,24,경상남도,1219,2023,5396,0,1596,931,2249,1134,0,607,교방동,18262,10021,0,57,0,0,9321,5823,13,6739,17535,992,285,933,11644,574,1507,1104,0,1140,12991,13489,1237,14558,0,451
10532,창원시,11620,0,562,7615,1244,838,52,417,7367,9190,661,0,경상남도,422,2023,2071,11,973,199,4173,874,0,138,구산면,14324,4461,0,12,0,0,10241,1126,0,3235,11553,330,22,1323,5066,313,937,1631,0,983,8345,8070,947,12024,0,123
98621,창원시,117387,0,29403,92997,20458,31431,10168,27604,99090,134456,28497,76,경상남도,16747,2023,45956,0,28009,13061,20618,21292,0,9220,구암동,150340,68687,0,2077,0,0,95848,43035,17,61799,153780,12705,3065,26321,115076,26850,22178,20540,0,22610,102091,133308,23406,120744,0,13908
263,창원시,670,0,217,772,92,49,282,315,413,284,700,0,경상남도,211,2023,1636,0,124,227,16,138,0,79,귀곡동,189,350,0,24,0,0,241,2264,0,1428,1363,163,1,60,737,62,143,99,0,104,515,1042,120,1245,0,10
1119,창원시,1436,0,93,1119,174,51,276,134,769,724,292,0,경상남도,118,2023,800,0,170,69,13,155,0,54,귀산동,572,836,0,23,0,0,749,634,0,641,1379,47,4,71,715,25,139,128,0,92,931,836,126,1009,0,14
252,창원시,250,0,52,303,6,1,32,6,240,126,66,0,경상남도,35,2023,100,0,13,17,0,13,0,13,귀현동,347,25,0,0,0,0,187,89,0,211,329,19,0,4,232,4,21,6,0,7,670,339,2,360,0,1
12201,창원시,12685,0,1186,9993,735,717,2110,1827,10925,20381,5259,0,경상남도,1010,2023,5875,0,1227,823,2849,1110,0,546,남문동,17962,10207,0,54,0,0,10159,6437,0,6642,15306,643,203,684,10859,408,1116,900,0,910,11201,14307,1032,11432,0,373
177,창원시,1080,0,0,1,15,0,0,0,0,0,0,0,경상남도,0,2023,0,0,169,0,0,14,0,0,남빈동,0,0,0,0,0,0,4,0,0,0,9,0,0,12,0,0,20,14,0,7,0,0,16,0,0,0
43758,창원시,52203,0,28670,54521,21840,29343,13856,30088,54225,58630,37626,526,경상남도,20046,2023,51312,0,25810,17012,3218,22325,0,10779,남산동,64681,29563,0,686,0,0,48145,48842,252,64093,80014,16084,4127,24260,85241,32350,24744,23036,0,24525,53412,88917,24159,63138,0,19584
95483,창원시,71906,0,26015,138075,44160,31492,6221,16482,116654,48340,20146,124,경상남도,8213,2023,51703,0,34667,6888,5394,40232,0,3846,남성동,67292,23114,0,3150,0,0,113489,33758,40,52744,142094,5079,1527,37080,88469,23342,40959,43450,0,40087,117664,113453,36118,150149,0,13173
56917,창원시,78491,0,5525,47672,3803,6021,3153,5875,55875,85654,14354,15,경상남도,4246,2023,25651,15,5460,3234,17968,3846,0,2878,남양동,117659,45127,0,473,0,1,53097,18789,8,33503,56921,3139,923,4736,58725,4852,4438,4045,0,4294,56300,65054,3749,48778,0,3357
6179,창원시,5239,0,2961,8325,966,2642,388,2295,7055,8840,2072,2,경상남도,1361,2023,7643,0,1893,1387,932,1010,0,494,내동,8114,6635,0,281,0,0,5543,3305,4,7878,19963,757,162,1410,14355,2700,1150,1008,0,1101,6661,24036,1114,14994,0,1467
215859,창원시,255541,0,84046,208593,47405,61795,33687,83230,255534,315994,95288,272,경상남도,51389,2023,141000,1,78882,39466,37221,53716,0,33222,내서읍,339117,121714,0,4154,0,0,222233,130073,355,158821,319864,42190,13420,52396,262117,44224,60064,49397,0,55591,248215,324389,58602,250556,0,19238
72,창원시,62,0,11,0,2,0,0,5,21,13,4,0,경상남도,0,2023,5,0,1,1,16,0,0,3,대내동,0,0,0,0,0,0,0,0,0,0,0,0,0,0,5,1,2,0,0,6,30,41,4,12,0,0
43389,창원시,60879,0,11831,43146,5168,6231,8431,16594,49572,81905,23888,322,경상남도,9494,2023,32243,0,11056,7594,12035,7581,0,6646,대방동,103203,29120,0,185,0,1,42905,30236,255,35573,56736,7824,3036,5523,50517,3585,9845,5522,0,7043,46130,56769,7148,51821,0,1520
11882,창원시,12724,0,1024,8633,703,720,58,889,10454,15612,1342,0,경상남도,1059,2023,4393,0,982,799,1276,1076,0,415,대산면,16072,10170,0,1,0,0,9569,3702,0,5266,16349,523,251,824,8589,443,905,837,0,766,8911,19068,842,8015,0,372
8191,창원시,10751,0,1602,7962,843,2540,623,1794,10379,18051,2004,0,경상남도,996,2023,7212,0,1644,780,1230,1122,0,690,대원동,15573,7801,0,146,0,0,9216,5965,4,6550,28806,874,307,1127,17011,1840,1452,1020,0,1145,11113,19805,1346,12952,0,1838
115,창원시,164,0,3,126,14,0,0,8,120,170,0,0,경상남도,0,2023,0,0,4,0,0,0,0,0,대장동,196,243,0,0,0,0,77,0,0,0,110,0,0,4,57,9,9,17,0,24,0,22,0,55,0,0
457,창원시,411,0,21,268,3,3,5,28,285,78,44,0,경상남도,13,2023,69,0,26,13,13,27,0,13,대죽동,71,45,0,0,0,0,63,70,0,173,114,21,5,10,77,1,29,11,0,25,79,264,46,147,0,2
8,창원시,1,0,81,20,92,52,2,85,9,0,5,1,경상남도,72,2023,16,0,113,56,0,117,0,54,대천동,2,0,0,0,0,0,17,5,18,10,8,63,57,72,24,11,92,85,0,68,9,16,96,7,0,0
1590,창원시,1530,0,33,1698,17,17,87,16,1711,4255,957,0,경상남도,13,2023,1367,0,18,7,293,56,0,3,대흥동,1678,1560,0,2,0,0,1511,1327,0,1412,2369,5,0,13,3236,4,32,9,0,16,2020,2739,23,1807,0,1
4001,창원시,5299,0,872,7010,824,1002,150,639,4934,5317,964,9,경상남도,476,2023,3354,59,1380,394,2527,958,0,198,덕동동,5284,3347,0,8,0,0,4594,1933,8,3123,7307,314,82,765,4998,652,1446,833,0,894,5345,7211,922,6680,0,341
5377,창원시,6902,0,1547,4896,1028,687,534,1763,5865,7580,1480,14,경상남도,1178,2023,3559,0,1450,744,1118,1219,0,594,덕산동,8031,5708,0,19,0,0,5566,2354,4,3257,7494,643,252,903,5795,470,1391,1154,0,1280,5803,6323,1288,8081,0,263
1335,창원시,1360,0,1358,1439,487,1010,141,1008,1586,2009,376,0,경상남도,631,2023,1329,0,1372,382,315,704,0,172,덕정동,1340,553,0,232,0,0,1445,745,0,1625,4099,223,65,817,2935,1494,1009,530,0,932,1185,6697,804,2415,0,521
74032,창원시,95974,0,21155,71704,11003,14197,16614,22952,77992,128850,41782,212,경상남도,13717,2023,60047,0,19395,10005,18100,13559,0,9610,도계동,135771,51306,0,1040,0,0,70312,56789,68,61780,103583,10327,3400,12245,96764,10624,15393,12083,1,13184,79961,101812,13151,86524,0,4029
14409,창원시,10255,0,3833,25938,4970,3740,5321,3306,17677,10757,12104,123,경상남도,1823,2023,17774,0,4659,1727,1609,5091,0,2076,동성동,10600,4903,0,1867,0,0,16894,16511,15,14920,26570,1996,755,4213,21988,2597,5156,5417,0,4930,20788,24286,4901,28334,0,1721
60273,창원시,60275,0,12125,48242,9876,7879,1431,11033,53067,102747,12853,0,경상남도,8152,2023,24450,1,11967,7418,6698,10189,0,4502,동읍,82879,36914,0,138,0,0,52976,18167,0,30897,69511,5646,514,8919,50370,8773,11445,9184,2,9492,47749,67245,9426,62117,0,3788
39522,창원시,48217,0,47852,44471,37625,57192,7639,47999,45671,47141,24073,117,경상남도,30000,2023,38633,0,46264,25686,5868,32770,0,16586,동정동,60773,20634,0,5165,0,0,41505,31268,14,37779,55353,23208,3791,46345,64119,47537,36171,35251,0,36982,43841,62106,36376,47131,0,22956
720,창원시,265,0,1172,1013,409,1230,63,1039,1605,265,470,1,경상남도,527,2023,529,0,759,468,3,364,0,136,두대동,471,225,0,11,0,0,1269,912,0,616,2305,216,52,602,2560,353,463,411,0,464,1321,2649,437,1682,0,132
4139,창원시,4693,0,587,4206,309,964,550,699,4085,6057,1343,21,경상남도,442,2023,1707,31,749,381,681,639,0,322,두동,8872,3412,0,51,0,0,3335,1178,5,4163,15130,468,151,562,6919,522,494,370,0,505,4958,7737,453,7402,0,158
2772,창원시,3180,0,1421,6176,1094,1354,223,1434,4134,2543,992,1,경상남도,786,2023,2846,0,1513,816,408,1456,0,466,두척동,4137,1947,0,244,0,0,3854,1892,1,2633,5833,776,150,914,3978,729,1383,1220,0,1315,4231,10008,1601,7619,0,432
10434,창원시,10062,0,1673,10106,1333,1332,767,1296,9989,17405,2451,0,경상남도,1055,2023,5307,0,2019,677,1704,1400,0,487,마천동,18339,6075,0,24,0,0,9511,3787,0,6761,11432,678,425,1497,10438,683,1653,1366,0,1692,9934,12657,1211,10363,0,377
34,창원시,17,0,4,12,2,1,0,2,16,4,0,0,경상남도,3,2023,1,0,6,0,0,8,0,0,명곡동,2,19,0,0,0,0,16,4,0,4,4,3,0,0,7,0,6,8,0,4,12,3,2,14,0,1
1095,창원시,2603,0,114,1538,72,207,9,112,1714,1495,93,0,경상남도,49,2023,571,0,96,76,372,108,0,15,명동,2521,662,0,2,0,0,1741,348,0,670,1104,38,4,55,1992,334,133,171,0,129,1269,3573,99,2686,0,22
89020,창원시,102148,0,33976,96960,23625,33666,17555,34480,101433,107148,45526,273,경상남도,20185,2023,60930,0,33550,17509,17779,26912,0,14542,명서동,116890,55231,0,2803,0,0,95478,57565,165,71214,156466,16335,6348,27509,132535,27654,29041,24187,1,24328,103203,154287,27136,122474,0,10744
4808,창원시,5145,0,595,5398,795,703,158,592,10214,5188,2036,14,경상남도,417,2023,6613,0,712,421,1068,621,0,342,문화동,6266,2315,0,12,0,0,6194,8547,10,2781,21989,484,162,777,13976,199,669,730,0,622,8811,17156,705,26134,0,80
308,창원시,312,0,167,227,58,474,1,103,383,386,104,0,경상남도,117,2023,182,0,98,99,2,117,0,57,반계동,174,55,0,2,0,0,326,156,0,176,522,69,9,37,574,121,153,86,0,104,320,867,107,907,0,14
43308,창원시,52972,0,10866,42275,5238,6445,8038,10715,49408,60493,21041,45,경상남도,6284,2023,31330,0,9355,5089,8164,6983,1,4520,반림동,85942,28045,0,767,0,0,43457,31688,20,42309,66230,5147,1933,5554,68655,3200,7897,6094,0,7387,46057,70740,7407,53653,0,1753
39305,창원시,41762,0,19561,55942,11486,16577,11120,18662,52791,48572,39807,283,경상남도,12828,2023,46722,0,17015,9120,8941,12758,0,6499,반지동,64144,28165,0,1563,0,0,42061,52823,98,54112,86082,8113,2880,11738,92887,11298,14970,11085,0,13183,55811,107003,13846,69105,0,6900
63655,창원시,78226,0,23496,61450,14821,17081,9942,21577,64205,83058,25074,194,경상남도,13141,2023,37378,0,22812,11072,20296,16716,0,9620,봉곡동,100067,41639,0,2639,0,0,63623,33760,90,44514,79713,11350,3906,15887,70487,10331,20323,15374,0,16841,66253,91223,16982,68456,0,5607
7699,창원시,12325,0,450,3242,381,256,308,584,5842,10310,897,0,경상남도,523,2023,1608,0,611,553,2335,238,0,407,봉림동,8104,4688,0,531,0,0,5399,1604,0,2209,5443,394,362,316,4638,301,556,304,0,505,5465,3621,562,5272,0,55
15880,창원시,18220,0,8287,20759,4090,9819,1402,6514,20084,24710,5148,4,경상남도,4094,2023,21847,0,5263,3468,4793,4614,0,1794,봉암동,32605,11229,0,1469,0,0,18021,9058,1,26801,40207,2575,527,4642,42925,9986,5107,4008,0,4320,21734,82238,4589,32962,0,3713
10325,창원시,8779,0,3765,19206,4113,2838,1066,3044,16748,7709,3296,26,경상남도,1449,2023,6677,0,4603,1132,3376,5412,0,760,부림동,10679,5791,0,1080,0,0,12891,5269,3,9016,21650,834,385,3390,19940,1153,5392,5190,0,5098,19090,20790,5262,21539,0,775
93658,창원시,98320,0,13781,81773,10089,9836,8628,12869,87647,130655,34003,0,경상남도,9661,2023,46290,0,12240,7391,16479,11048,0,5957,북면,120499,54770,0,421,0,0,81309,43038,4,50584,100413,7670,1816,8581,82106,6587,11473,9639,0,10015,86266,100609,11420,88359,0,3870
5767,창원시,5501,0,924,4192,1518,1546,268,909,11229,6035,653,2,경상남도,481,2023,3314,0,1145,404,1026,968,0,283,북부동,5421,3058,0,140,0,0,5103,3760,1,3279,19283,467,80,1146,5991,1105,925,838,0,1194,5535,14039,810,8164,0,503
9,창원시,14,0,65,18,45,24,1,67,31,21,9,3,경상남도,67,2023,19,0,58,52,0,43,0,14,불모산동,15,4,0,0,0,0,40,40,3,20,31,30,7,49,31,16,55,70,0,42,19,46,67,59,0,9
50038,창원시,51879,0,14771,69400,10764,18254,15251,15638,61190,47016,38119,958,경상남도,10474,2023,43517,0,14638,7684,8271,13116,0,6450,사림동,63636,22378,0,585,0,0,54169,46502,84,54026,110525,9355,2796,12330,106847,7541,13661,12529,0,13411,66107,116688,13353,90124,0,4323
62159,창원시,82162,0,13333,65365,10707,16172,7705,13473,67581,100067,25687,174,경상남도,8363,2023,42369,0,13735,6676,21339,11279,1,5525,사파동,126467,51539,0,1068,0,0,61809,33166,82,50516,94572,7384,2067,12825,91060,8716,12096,11062,0,11285,67698,90465,12092,75960,0,5432
9104,창원시,12051,0,3898,8745,1630,2428,1045,4858,11469,19666,3695,66,경상남도,3121,2023,5161,0,3788,2183,3416,2262,0,1881,사파정동,25661,6414,0,106,0,0,9744,4586,43,6859,13037,2365,746,2044,10741,1464,2895,1872,0,2378,9537,12582,2167,9802,0,609
76544,창원시,86051,0,30689,93445,19643,22417,17520,28613,95794,104226,51164,293,경상남도,16488,2023,101406,0,28131,12397,22138,22780,0,8208,산호동,110962,52093,0,2711,0,0,82102,74450,90,85465,124312,10675,3164,18598,133425,17632,24398,21191,1,23445,93822,140956,23030,106534,0,9280
13269,창원시,17736,0,4212,13142,1450,3175,1078,3582,15046,18146,3058,4,경상남도,2408,2023,11058,0,2736,2232,3244,2009,0,1298,삼동동,18009,8753,0,728,0,0,14986,6828,0,12721,38217,1477,545,2159,23477,6655,2391,1717,0,2199,16997,28116,2217,27644,0,3038
7843,창원시,8049,0,1575,8842,823,996,1241,1675,10289,13108,4356,635,경상남도,1354,2023,6032,0,1273,1020,1209,1119,0,793,삼정자동,11392,2186,0,4,0,0,8976,4682,122,7117,15216,1026,435,843,15315,629,1040,853,4,1026,8584,19760,1015,12469,0,242
84246,창원시,80375,0,55124,142465,33522,32765,60549,57510,124232,90691,149743,2474,경상남도,36151,2023,168228,0,53223,27177,18004,44329,0,23346,상남동,102979,46770,0,1531,0,0,106544,157900,716,155285,204187,28382,11724,33751,211179,15323,47879,36986,0,40078,134406,202388,43140,182198,0,6930
12,창원시,5,0,0,22,1,0,0,0,10,0,0,0,경상남도,0,2023,0,0,0,0,0,2,0,0,상복동,0,0,0,0,0,0,19,0,0,0,15,0,0,4,0,0,0,1,0,2,19,0,5,8,0,0
48867,창원시,58675,0,20726,47281,11385,14733,6658,21129,55088,72546,17531,58,경상남도,11986,2023,31441,0,18892,10694,11580,13314,0,7460,서상동,81304,30696,0,2496,0,0,48982,26777,12,33972,64445,10594,1869,12990,64897,10347,15968,11630,0,13151,51504,62065,13095,53005,0,5170
13831,창원시,12796,0,6816,18137,8235,8516,1269,6481,18853,16654,5553,52,경상남도,3968,2023,9011,0,6452,3730,2762,6816,0,2537,서성동,15391,6221,0,731,0,0,15985,5825,26,9264,20338,3351,831,7908,19435,5029,6764,7176,0,6504,15846,21070,6770,19660,0,2622
354,창원시,190,0,104,471,108,78,5,107,1299,58,9,0,경상남도,27,2023,26,0,324,13,5,98,0,18,서중동,79,8,0,8,0,0,682,26,0,47,2725,23,4,77,186,45,167,132,0,141,623,1088,112,1045,0,13
54758,창원시,55828,0,19446,69780,12500,10750,19619,20129,73600,66743,53573,405,경상남도,12947,2023,61384,0,18113,9702,11473,14434,0,9046,석동,64994,35193,0,787,0,0,61536,64668,133,68493,105809,9696,3463,11404,94294,5773,16086,12940,0,13851,73089,105812,14672,90966,0,3625
137086,창원시,145326,0,65727,142993,52362,71369,27567,62290,154894,153962,62757,968,경상남도,36313,2023,101417,1,62469,29444,26661,50296,0,19898,석전동,188107,71908,0,10082,0,0,145562,98723,162,116112,189734,27675,7768,58168,203982,50965,53874,51161,1,51022,141164,193056,51471,151289,0,26793
2185,창원시,2110,0,547,2327,522,621,164,511,4335,2223,512,0,경상남도,405,2023,2771,0,715,348,374,538,0,199,성내동,1636,429,0,25,0,0,3137,2090,0,2046,8684,291,101,362,3703,263,494,432,0,620,2694,6364,485,4297,0,347
328,창원시,224,0,100,2386,86,489,31,325,1171,934,74,0,경상남도,196,2023,1733,0,90,24,16,106,0,16,성산동,1507,713,0,0,0,0,585,363,0,2911,2310,25,3,151,4450,643,146,96,0,110,868,7280,101,1754,0,434
29094,창원시,35220,0,26644,37491,12012,24327,5797,28545,36710,49818,16733,245,경상남도,19660,2023,36257,1175,21321,14968,6469,16450,0,11252,성주동,57170,22606,0,1728,0,0,31827,25794,119,48503,54873,13366,4451,14705,66401,23615,17998,13261,0,15178,35124,80126,15763,45297,0,14190
389,창원시,374,0,40,287,26,50,8,49,314,434,34,0,경상남도,25,2023,75,0,44,14,3,38,0,5,성호동,532,469,0,0,0,0,395,87,0,110,285,12,3,36,262,29,47,38,0,45,340,252,51,302,0,2
18009,창원시,22977,0,5832,16057,2101,2392,515,5228,19050,27604,4057,0,경상남도,3502,2023,8205,0,4425,2988,1584,3050,0,1596,소계동,26253,14742,0,251,0,0,16556,8613,0,11279,24078,2072,361,2157,20638,1651,3474,2456,0,2675,19601,27146,2630,15619,0,745
57512,창원시,70735,0,34847,59132,23001,29977,11752,30667,61593,98533,37347,132,경상남도,18788,2023,47058,0,28361,15419,13488,21920,0,12841,소답동,96688,40528,0,4123,0,0,59682,46449,20,51916,68515,16785,2755,25990,80679,24310,25331,21226,0,24931,66483,80012,24810,60841,0,11054
88,창원시,146,0,26,86,21,10,16,14,38,18,25,0,경상남도,10,2023,37,0,22,19,2,31,0,45,속천동,31,5,0,0,0,0,57,95,0,47,77,32,8,8,67,1,36,15,0,36,79,144,14,61,0,0
54,창원시,74,0,330,105,114,93,14,330,69,22,70,0,경상남도,194,2023,208,0,409,160,0,190,0,91,송죽동,42,8,0,3,0,0,30,76,5,207,129,156,53,115,205,58,380,122,0,151,64,144,171,74,0,39
11,창원시,860,0,0,244,1,0,0,5,30,8,0,0,경상남도,0,2023,0,0,3,0,0,5,0,0,수도동,571,80,0,0,0,0,306,0,0,0,137,0,0,7,181,0,5,8,0,0,4,8,5,3,0,0
61,창원시,36,0,1504,89,1191,1441,26,1693,92,22,39,48,경상남도,951,2023,74,0,1653,572,7,1322,0,349,수성동,49,29,0,68,0,0,66,55,30,77,97,501,141,1303,204,1281,1324,1331,0,1332,92,153,1470,120,0,775
1945,창원시,2066,0,836,2944,444,643,502,844,5537,2437,1741,5,경상남도,565,2023,2925,0,1012,551,214,599,0,619,수송동,3566,1225,0,16,0,0,2310,4254,17,3226,9675,596,310,453,8380,649,823,525,0,592,3673,11316,781,5072,0,228
1438,창원시,1562,0,332,1219,224,121,54,352,1240,4206,236,0,경상남도,293,2023,537,0,282,223,1333,308,0,121,숭인동,3099,1943,0,5,0,0,1409,479,0,766,1843,155,50,142,1231,101,329,256,0,473,1233,1786,315,1223,0,50
52022,창원시,53000,0,20804,87022,17168,23479,45515,21311,80472,50574,133040,156,경상남도,14684,2023,130812,1,20021,12165,17808,18544,0,14185,신월동,68511,30055,0,1051,0,0,65251,134403,91,110588,136857,14911,6837,18598,149898,8912,18820,19424,0,19233,82164,140016,19237,112584,0,4908
32207,창원시,40192,0,22822,33423,6334,13567,3354,17004,33200,73634,11152,4,경상남도,12117,2023,37309,0,13070,8903,10803,8101,0,4297,신촌동,54448,30275,0,3660,0,0,30607,16689,0,48444,52850,6903,1438,9163,57537,22026,10270,6819,0,7855,33475,93696,8001,37094,0,10368
4206,창원시,4089,0,955,7036,836,848,424,892,5905,4693,3641,5,경상남도,574,2023,4985,0,1180,511,1001,1223,0,325,신포동1가,3956,1942,0,19,0,0,4809,5053,2,4754,10132,433,71,639,10521,285,1185,902,0,1188,6616,9202,1207,7460,0,373
1429,창원시,1264,0,568,2432,774,643,129,483,1807,1109,510,1,경상남도,336,2023,1518,0,625,251,368,758,0,201,신포동2가,1749,287,0,75,0,0,1860,509,1,1436,2664,198,53,1018,2553,201,719,809,0,657,2032,2858,716,2713,0,54
1153,창원시,79,0,0,1774,193,0,0,0,1550,0,0,0,경상남도,0,2023,0,0,62,0,0,348,0,0,안곡동,0,0,0,0,0,0,1664,0,0,0,775,0,0,79,0,0,255,178,0,225,1772,0,225,1885,0,0
957,창원시,1569,0,302,1380,178,315,1019,262,1215,3171,756,0,경상남도,278,2023,1215,87,234,198,347,253,0,128,안골동,3696,1479,0,81,0,0,964,859,0,970,1645,104,72,260,1503,77,220,183,0,203,1031,1804,211,1169,0,80
11519,창원시,16951,0,661,8126,238,343,75,903,8088,23162,1508,1,경상남도,732,2023,2675,16,740,609,3021,520,0,560,안민동,25447,7226,0,2,0,0,10044,1957,35,4355,9731,642,276,194,7853,260,633,333,0,454,11136,9898,436,10054,0,509
217,창원시,164,0,220,357,160,112,19,123,390,78,36,0,경상남도,130,2023,75,0,178,114,1,164,0,56,양곡동,128,39,0,17,0,0,286,52,0,116,376,67,14,138,158,169,127,158,0,156,337,293,147,303,0,53
97380,창원시,111309,0,40183,103762,23456,32308,24306,37288,111194,153015,68419,292,경상남도,20677,2023,94804,0,35086,17133,23914,26442,0,9215,양덕동,160186,64974,0,5230,0,0,104498,97115,95,103051,141548,13019,3692,26529,159569,34269,29500,24940,0,26937,109595,179822,26047,117561,0,16124
26133,창원시,29122,0,12483,23743,6820,8460,1058,10883,31892,33188,7306,8,경상남도,6910,2023,12570,0,11557,5425,7627,7798,0,3927,여좌동,33613,16842,0,1041,0,0,27643,15797,29,15383,64150,5144,809,6371,33223,7406,8256,7206,0,8206,28526,42609,7918,39404,0,4381
3292,창원시,1762,0,352,2580,299,401,40,342,2892,1982,132,0,경상남도,202,2023,522,0,376,233,110,413,0,248,예곡동,3244,513,0,9,0,0,1471,651,0,623,2699,261,30,334,1879,249,369,374,0,428,1515,1581,462,1829,0,80
18197,창원시,18572,0,6216,23911,7121,6485,5714,5866,19293,16663,12881,68,경상남도,3416,2023,15884,0,5935,3048,3724,6399,0,2498,오동동,21616,7687,0,605,0,0,19445,19957,33,15689,26248,2757,1292,6791,27492,3585,6702,6890,0,6480,19090,26092,6017,28265,0,2295
22574,창원시,26832,0,4543,19863,2966,2802,1352,3756,29161,25617,8186,54,경상남도,2410,2023,12629,0,4652,2262,4359,3593,0,1764,완월동,31447,13400,0,57,0,0,21599,19213,22,14746,65014,2060,569,2687,39187,2580,3893,3456,0,3149,28693,33493,3807,30768,0,855
7626,창원시,8859,0,4435,9203,2132,4993,878,4632,9307,13912,3267,4,경상남도,2871,2023,10089,0,2905,2357,1740,2085,0,944,외동,11752,4541,0,477,0,0,8180,4957,29,10902,15568,1212,362,3149,21286,4681,2192,1804,0,1912,7752,20452,2197,11916,0,2646
3089,창원시,3647,0,3338,10043,2802,2292,2659,2700,8137,2742,5809,0,경상남도,2103,2023,5215,0,3756,1791,385,3883,0,427,용동,9405,283,0,30,0,0,14405,20783,1,14023,19081,879,110,2198,15560,1436,3005,2880,0,3382,13479,9134,2266,16986,0,443
40153,창원시,41991,264,10402,47989,7190,7936,10620,10586,48354,92376,24468,24,경상남도,7970,2023,33670,2313,8964,7349,10672,8689,0,5184,용원동,56173,50246,0,967,0,0,44537,31756,420,40444,60044,5414,3145,7154,53815,5786,8715,7992,2,7484,43639,56751,7695,60041,31,3967
52784,창원시,53793,0,29338,87780,19666,27633,22937,31106,75408,64243,77696,112,경상남도,18461,2023,98383,0,26305,15305,13967,21782,0,11789,용호동,70388,31161,0,2098,0,0,61412,96549,51,89358,127013,14483,3844,22804,142652,15801,24822,20977,0,22559,76889,125071,21908,108108,0,7839
20972,창원시,24952,0,4398,16907,2508,3718,1016,3753,18991,26121,7019,10,경상남도,2847,2023,8869,0,3807,2010,5134,3074,0,1673,우산동,30868,10627,0,72,0,0,19902,8285,155,11209,19092,2031,670,2649,21115,4292,3408,2980,0,3100,18744,25184,3137,17755,0,822
1721,창원시,1037,0,656,5909,681,4856,230,711,4117,5073,683,0,경상남도,627,2023,14926,0,507,212,493,412,0,89,웅남동,3542,1837,0,277,0,0,1731,2516,0,16218,11160,179,101,1424,22552,5480,482,336,0,438,3226,35089,317,5979,0,2685
441,창원시,777,0,68,1065,41,38,15,64,540,89,12,0,경상남도,78,2023,707,0,66,78,9,98,0,21,원포동,732,283,0,3,0,0,1199,302,0,651,867,82,4,44,1003,67,59,61,0,63,697,1367,126,692,0,30
10268,창원시,9391,0,3801,9429,3519,3258,1308,3850,11134,7729,4782,83,경상남도,2662,2023,6892,0,3722,1916,1277,3789,0,1475,월남동1가,7451,3843,0,298,0,1,11131,8243,59,6212,16010,2086,607,3703,11528,1293,3813,3709,0,3202,9172,14259,3325,17658,0,1043
8229,창원시,8566,0,381,9013,528,401,1274,360,10305,9654,4883,0,경상남도,278,2023,6553,0,353,163,1334,384,0,149,월남동2가,11702,3514,0,88,0,0,9968,5981,0,6997,11008,199,85,541,10143,172,463,539,0,369,8889,15252,354,13252,0,85
28126,창원시,34833,0,12530,31596,9323,12223,3352,10790,31242,39764,13680,58,경상남도,6983,2023,22330,0,12189,5871,7963,9908,0,3912,월남동3가,47172,19013,0,1356,0,0,29388,21442,122,21775,33021,4645,1417,12096,35427,10058,10192,9477,0,9289,30670,37919,9501,30078,0,5343
4654,창원시,4254,0,4076,5610,3825,4417,1500,3257,4847,3326,1971,0,경상남도,1965,2023,2776,0,3495,1562,268,4003,0,1650,월남동4가,4538,1229,0,426,0,0,5294,2447,2,3081,6082,1015,876,4326,5329,3294,2804,3372,0,3023,4695,6041,2695,4822,0,1796
5098,창원시,3653,0,1467,11781,859,1903,4812,1321,8727,4584,5644,0,경상남도,838,2023,6594,0,1358,667,666,792,0,389,월남동5가,3892,1763,0,9,0,0,7221,6591,0,6930,15414,588,179,998,12383,993,1244,1083,0,1168,9931,15396,1252,12842,0,311
64029,창원시,86216,0,12072,47357,6506,12762,4200,12731,56056,129149,14272,313,경상남도,9239,2023,23735,928,13644,6156,18124,7842,1,5073,월영동,156908,46476,0,979,0,0,55506,20221,241,34276,56589,6912,2438,6476,55684,11704,10011,6688,0,8382,57275,60902,7691,48180,0,4694
200,창원시,209,0,205,970,121,157,20,195,506,473,167,2,경상남도,110,2023,669,0,249,68,15,240,0,37,월포동,169,37,0,2,0,0,367,426,1,433,1129,63,21,173,615,130,297,176,0,162,704,807,220,1030,0,23
25551,창원시,24243,0,6353,27579,4612,2938,4099,6101,29445,29589,13829,120,경상남도,3858,2023,17653,0,6053,3100,7786,5215,0,2645,이동,31866,16761,0,238,0,0,29099,16502,76,18456,30114,2896,1112,3677,27118,904,5474,5074,0,4950,29181,30246,5438,30614,0,1196
13536,창원시,19061,0,2483,10569,1250,1301,801,2377,13559,23517,1820,27,경상남도,1809,2023,4365,0,2139,1450,3892,1554,0,1072,자산동,25172,12659,0,24,0,0,12737,4088,45,6989,13599,1266,355,1239,10777,667,2001,1386,0,1711,13905,13107,1818,13055,0,399
62070,창원시,66315,0,10379,56618,6502,5318,8209,10352,65473,108035,22974,40,경상남도,8014,2023,34765,0,9689,6538,10373,8569,0,5086,자은동,84411,47696,0,729,0,0,58900,29986,20,41183,87380,5859,2587,5308,60315,3418,9475,7186,0,7872,62814,71570,8066,88251,0,1642
19311,창원시,22162,0,6545,24178,4415,6168,3429,4756,23442,60577,13956,28,경상남도,3745,2023,17953,0,6164,3272,2718,4758,0,1783,장천동,31884,14435,0,479,0,0,20274,17972,9,20351,30582,2592,674,4361,30802,4215,5240,4290,0,4369,21578,36199,5075,24821,0,2705
429,창원시,845,0,39,291,49,82,3,44,481,663,36,0,경상남도,9,2023,128,0,45,5,52,46,0,5,제덕동,1500,343,0,0,0,0,479,60,0,87,234,9,4,27,406,17,49,43,0,43,381,605,41,291,0,20
2000,창원시,1993,0,393,2007,402,172,47,210,2745,1303,120,1,경상남도,134,2023,2542,0,566,106,125,279,0,56,죽곡동,2032,950,0,4,0,0,1901,438,1,1717,2687,78,19,148,2959,701,432,275,0,311,1753,4333,261,2735,0,125
27438,창원시,30954,0,7014,30878,5069,4290,7661,7214,30458,40875,20049,68,경상남도,4676,2023,25448,0,6936,3707,3954,6333,0,2768,중동,39504,14738,0,613,0,0,28885,24107,15,26872,37556,3512,1149,5416,43365,2207,6400,5901,0,5765,31718,40286,6109,33497,0,843
4968,창원시,6078,0,2600,6879,1880,1880,751,2729,6282,6980,2319,37,경상남도,1757,2023,4847,0,2553,1257,2638,2400,0,1040,중성동,6165,4197,0,86,0,0,5572,3579,40,5221,8011,1195,580,1804,8224,577,2481,2283,0,2727,7232,8409,2677,7143,0,312
57442,창원시,61671,0,50666,88066,31550,49295,23061,51188,80012,95286,60619,705,경상남도,30071,2023,88960,0,40778,24518,11551,32966,0,15258,중앙동,88568,47064,0,4210,0,0,68029,88672,289,90467,156594,19316,7399,35601,180115,35136,36104,30726,0,31329,84304,152571,32405,115280,0,22469
9597,창원시,10884,0,2212,9127,2021,1781,1063,1849,9719,9680,2641,46,경상남도,1011,2023,5242,0,2103,890,2823,2114,0,566,중앙동1가,14281,6115,0,160,0,0,9682,5223,13,5874,9746,778,229,2068,9655,759,2046,2195,0,1918,10351,12044,2008,8879,0,325
35583,창원시,38572,0,6581,33657,5952,4379,4778,5648,34106,44754,11043,213,경상남도,3178,2023,18143,0,6735,2521,8797,6377,0,1837,중앙동2가,59357,20296,0,344,0,0,34099,17013,37,22144,37138,2809,625,5961,38114,2181,6747,5656,0,5165,33504,40634,6142,34054,0,1310
54468,창원시,56018,0,18541,59510,17541,19780,10466,19143,59714,61470,33682,509,경상남도,11802,2023,42262,0,18185,9994,11957,18090,0,7072,중앙동3가,71582,31894,0,1289,0,0,56806,39409,141,41917,79382,8762,2602,17183,90124,11434,17054,15878,0,15436,60303,84156,17744,68246,0,6485
1705,창원시,1846,0,1395,2205,439,419,376,1269,2299,8377,893,2,경상남도,929,2023,1642,0,1128,688,302,671,0,683,중평동,5367,667,0,16,0,0,1840,1063,7,2529,3177,605,335,615,3542,548,877,517,0,724,2048,3602,761,3169,0,407
37993,창원시,43423,0,7615,28528,10606,9146,1291,6812,37841,36007,5248,0,경상남도,4712,2023,13553,0,8843,3582,9274,8477,0,1663,진동면,41716,15617,0,44,0,0,35172,11991,0,17596,43856,3125,532,12486,30714,8204,7300,10173,0,9503,30963,39112,7360,37273,0,2182
8756,창원시,8838,0,542,8346,1048,1469,39,209,7933,6206,376,0,경상남도,720,2023,956,0,570,364,1394,454,0,184,진북면,13807,3226,0,9,0,0,6336,507,0,2128,7750,347,23,655,1855,1259,494,700,0,761,2518,5929,492,2857,0,241
9788,창원시,12899,0,153,3851,382,450,36,246,3097,7273,174,0,경상남도,251,2023,801,0,363,78,536,212,0,64,진전면,5298,4980,0,1,0,0,3494,872,0,1854,4817,107,24,832,1285,54,241,246,0,591,8466,4310,560,3386,0,231
22361,창원시,22289,0,12824,36790,9366,13590,8694,11420,31618,22506,22162,44,경상남도,7551,2023,35768,0,12406,6198,3119,10190,0,3561,차용동,30267,8346,0,1833,0,1,27556,31431,10,40852,46124,4725,1365,10089,54755,11213,11744,8949,1,10084,31281,56427,10078,41058,0,5260
1,창원시,0,0,0,16,0,15,0,0,5,20,1,0,경상남도,0,2023,206,0,0,0,0,0,0,0,창곡동,84,1,0,0,0,0,0,43,0,166,0,0,0,0,162,24,0,1,0,0,9,557,0,111,0,3
109,창원시,71,0,22,209,18,12,0,21,180,43,152,0,경상남도,25,2023,103,0,20,23,170,34,0,13,창선동,158,35,0,0,0,0,136,112,0,123,399,6,0,15,228,9,27,20,0,23,152,324,16,231,0,5
856,창원시,712,0,1520,1004,578,642,145,1601,820,1149,261,0,경상남도,1394,2023,534,0,1433,1031,83,877,0,796,천선동,980,502,0,16,0,0,878,370,0,672,955,800,424,535,1044,533,1145,625,0,716,956,1107,845,1181,0,320
9503,창원시,14562,13,1847,8412,1204,1028,2017,2246,8382,23121,3727,0,경상남도,1400,2023,4006,933,1542,1314,2440,1516,0,849,청안동,25444,12264,0,76,0,0,9172,3954,2,4373,8118,1014,404,1248,6813,588,1565,1356,0,1409,7957,8080,1480,8464,0,476
638,창원시,687,0,388,592,459,201,79,363,457,715,471,0,경상남도,221,2023,315,0,456,143,24,485,0,140,추산동,1107,140,0,40,0,0,458,205,1,339,545,150,133,337,650,66,469,511,0,594,919,629,471,494,0,44
47612,창원시,37447,0,27117,62567,22593,20672,6361,23388,63557,27103,20278,95,경상남도,14167,2023,33291,0,30177,10391,6354,25240,0,6520,충무동,35755,14924,0,1804,0,0,56315,33457,87,40561,83550,10189,2241,20601,69849,13024,26944,22850,1,24505,60482,78512,23953,76785,0,8648
2354,창원시,2444,0,421,2889,460,399,74,406,3165,2821,450,0,경상남도,380,2023,857,0,522,227,459,479,0,85,태백동,2901,1184,0,38,0,0,2741,1028,0,1347,2601,139,42,352,2360,645,495,481,0,451,3163,2778,546,2629,0,207
18776,창원시,22582,0,4788,23383,3086,4144,2352,4444,23110,31663,7532,2,경상남도,2991,2023,11407,193,4454,2249,5843,3568,0,1536,태평동,37187,14494,0,376,0,0,20312,10099,60,13507,24654,2070,758,2819,23935,3730,3629,3385,0,3364,22534,28933,3851,24521,0,2138
2273,창원시,1805,0,252,3454,363,256,392,189,3488,1287,1759,0,경상남도,144,2023,3146,0,291,123,211,315,0,76,통신동,1917,1446,0,9,0,0,2753,2448,0,2621,3935,105,23,335,4282,62,311,302,0,258,3386,4331,321,3768,0,16
6162,창원시,2701,0,2380,20470,2189,3669,2935,2302,11071,1517,10151,305,경상남도,1434,2023,9156,0,2850,1067,1499,2175,0,977,퇴촌동,1847,2484,0,72,0,0,10612,11428,15,11898,34275,1621,357,2447,27565,851,1905,2956,0,2281,15593,37240,2399,21508,0,547
106297,창원시,125256,0,71066,125576,41225,61654,21125,67563,128553,161793,64335,157,경상남도,41695,2023,147756,0,62600,33340,22662,44095,0,23927,팔용동,192998,70889,0,7059,0,0,109843,92656,28,152884,196223,32391,5748,46433,225329,63344,48516,40376,0,46383,124850,282789,48756,148117,0,32127
558,창원시,533,0,1376,764,991,985,104,1336,706,87,263,1,경상남도,900,2023,556,0,1049,775,3,1120,0,725,평안동,208,19,0,11,0,0,761,507,2,619,650,862,401,1119,856,609,971,990,0,1141,758,770,1344,772,0,588
2260,창원시,3416,0,617,2795,494,387,96,528,3073,3931,546,2,경상남도,341,2023,1198,0,595,263,933,455,0,258,평화동,3626,1977,0,17,0,0,3156,937,2,1489,2851,226,65,473,2226,171,519,454,0,485,3800,4111,527,2720,0,96
28016,창원시,34036,0,5555,27093,3937,5018,2645,4931,32715,54583,8575,67,경상남도,3459,2023,13487,0,5467,2771,5488,4203,0,2094,풍호동,44645,20885,0,149,0,0,28538,11180,25,16795,32881,2921,869,3726,27760,3018,4780,3749,0,4233,29348,32505,4060,31290,0,2018
159965,창원시,163477,0,91712,215314,65172,63012,69573,85800,213389,149280,168003,845,경상남도,54830,2023,206517,1,90593,42408,38426,72877,1,26961,합성동,173673,77933,0,10728,0,0,188270,210505,101,225850,312869,38518,8865,63269,301522,39839,78191,65738,0,71262,213965,331654,74910,258244,0,25834
84552,창원시,82166,0,41585,120923,27304,33447,30158,40942,111038,89617,101544,1365,경상남도,28177,2023,115614,121,41452,21805,18432,29353,0,15452,해운동,108025,40378,0,2668,0,0,99200,126984,616,117711,176481,22783,6659,29454,166145,21340,35247,27460,0,29559,115307,181244,30682,155093,1,10472
1283,창원시,1606,0,115,995,119,180,53,118,951,1978,172,0,경상남도,189,2023,500,0,140,89,741,123,0,32,행암동,1616,1218,0,19,0,0,1173,463,0,665,1245,85,12,84,877,322,124,97,0,89,944,2450,144,896,0,55
20387,창원시,24736,0,1958,17118,1840,1473,663,2008,18572,32295,5497,4,경상남도,1444,2023,8623,44,2476,1254,5897,2979,0,931,현동,34161,11280,0,58,0,0,21877,8409,201,12727,23254,1277,678,1315,18729,1547,3490,2614,1,2942,19734,21029,3051,20387,1,475
0,창원시,18,0,6,9,0,0,0,0,6,26,6,0,경상남도,11,2023,0,0,1,1,0,3,0,0,화영동,1,33,0,0,0,0,8,6,0,18,0,1,0,1,0,27,2,4,0,3,0,5,0,15,0,3
3726,창원시,2064,0,1474,6103,1609,1650,788,1182,5643,564,2517,2,경상남도,709,2023,3745,0,1663,507,62,1817,0,328,화천동,894,795,0,32,0,0,4890,3049,0,4098,8026,440,110,1236,6354,1577,1841,1754,0,1729,5546,7637,1923,7190,0,939
30285,창원시,38938,0,11294,27146,8707,12812,2215,12390,30509,37675,6692,16,경상남도,6604,2023,14481,0,11843,4699,7029,9460,0,3141,회성동,48238,18656,0,871,0,0,29897,11079,3,19388,33013,4609,926,10637,37641,6955,8806,9538,0,10001,29869,38380,9573,28531,0,3075
72416,창원시,88899,0,15177,69502,12356,12424,8696,15239,76314,106684,23308,87,경상남도,9832,2023,38086,0,16611,7485,22761,13659,0,4677,회원동,117569,51305,0,1162,0,0,71661,34208,130,45037,92413,6791,2561,11454,80110,6930,14650,13658,0,13358,81911,89187,13992,76256,0,2791
63089,통영시,76252,0,18871,82650,18785,16143,116,18708,76260,164645,20927,1,경상남도,10721,2023,53702,1890,22623,8243,15085,20455,0,2649,광도면,113738,25022,0,1078,0,0,77485,48164,0,64015,110937,5255,879,16834,94284,12607,20772,19524,0,21341,87075,102060,19182,88739,6,4966
920,통영시,1254,0,337,601,126,84,0,269,770,809,46,0,경상남도,177,2023,135,0,161,48,271,127,0,29,당동,1529,843,0,7,0,0,1046,77,0,405,609,56,0,190,538,55,183,98,0,143,725,606,111,479,0,19
21520,통영시,21041,0,3684,21125,3340,3108,504,3272,18406,26532,1945,0,경상남도,2122,2023,6279,3,4376,1463,4851,4280,0,535,도남동,29920,10499,0,221,0,0,20866,4540,0,8883,26520,1378,99,2314,15138,1055,4061,3674,0,3814,18795,23054,4335,21708,16,414
5855,통영시,7685,0,260,5303,743,1242,6,202,4835,9266,71,0,경상남도,196,2023,234,0,485,104,199,629,0,24,도산면,9587,4294,0,21,0,0,1891,199,0,532,5734,65,0,1054,1124,709,311,582,0,712,4779,4533,335,4629,0,467
18836,통영시,19302,0,5556,18970,4364,5961,294,4133,22759,14254,2749,0,경상남도,2392,2023,8986,58,5988,1975,3161,4551,0,716,도천동,27100,7283,0,1374,0,0,19336,7480,0,12178,56435,1721,20,4118,22401,2845,5098,4584,0,4005,19957,53121,4097,39035,6,1880
356,통영시,768,0,207,425,313,193,0,246,877,762,108,0,경상남도,148,2023,370,0,328,97,4,246,0,14,동호동,1584,234,0,8,0,0,653,224,0,203,1066,32,0,372,360,55,259,295,0,233,486,405,240,1007,0,51
2,통영시,2,0,208,1,3,17,0,51,3,71,0,0,경상남도,0,2023,0,0,14,0,0,0,0,0,명정동,5,0,0,0,0,0,23,0,0,0,27,0,0,22,1,37,28,41,0,40,0,2,0,5,0,0
56626,통영시,45668,0,25430,68595,22644,17184,5892,19738,65599,53212,31406,0,경상남도,12224,2023,63784,323,26340,8312,4949,23126,0,3566,무전동,60209,16790,0,1130,0,0,57707,60923,0,75436,113215,6719,308,21518,110234,9571,22258,21180,0,18395,60873,115217,19907,89100,52,3341
12065,통영시,7580,0,4906,15572,10883,2832,3,2807,13871,3656,1217,0,경상남도,1762,2023,3387,10,7323,945,504,9649,0,312,문화동,3678,1390,0,312,0,0,15417,2266,0,4622,15047,669,41,8333,10216,1331,9875,11715,0,9560,12837,15154,8611,17107,11,619
34737,통영시,44532,0,5826,30663,3811,3621,782,4950,29054,52411,3648,0,경상남도,2865,2023,9659,30,5918,2801,10712,5145,0,1112,미수동,64427,21180,0,275,0,0,32341,6466,0,13189,30825,2139,300,3300,26058,2390,5955,4076,0,4282,35059,30619,4598,27177,10,1169
25412,통영시,26457,0,7977,25238,5963,4055,595,6337,26430,23792,4596,0,경상남도,3967,2023,9764,0,8340,2757,5790,6923,0,980,봉평동,35182,10795,0,297,0,0,28777,9358,0,14740,57218,2072,61,4005,30286,3147,8095,7205,0,6923,28027,35978,6705,36649,2,1265
60776,통영시,50386,0,31087,67470,23772,16464,1263,19613,70551,48024,18743,0,경상남도,9570,2023,32564,1192,28719,7124,7221,26519,0,2272,북신동,58841,19910,0,951,0,0,63933,31775,0,38117,83652,6428,127,23368,71812,7872,26188,24265,0,20791,58375,83628,23795,76895,8,3352
953,통영시,3127,0,11,396,394,419,0,27,298,2667,0,0,경상남도,0,2023,0,0,100,0,0,224,0,0,사량면,847,220,0,0,0,0,1774,0,0,0,185,0,0,75,30,70,15,70,0,173,1385,408,30,895,0,0
12569,통영시,17483,0,1183,10366,2040,1638,109,868,9541,17467,554,0,경상남도,723,2023,1376,195,1322,345,6325,2134,0,128,산양읍,21214,7441,0,222,0,0,11148,918,0,2576,15829,408,73,2063,6658,728,1560,1732,0,1615,11657,13190,2182,14962,0,593
38529,통영시,42114,0,10421,31149,21730,29048,95,7083,30468,39379,2992,0,경상남도,3908,2023,7985,314,17238,3108,6944,15455,0,1151,서호동,44395,28195,0,10438,0,0,35750,6330,0,12338,34662,2720,197,25635,24151,27370,16717,17883,1,14659,27098,31158,14386,32347,257,22805
182,통영시,423,0,0,298,0,0,0,0,477,271,0,0,경상남도,0,2023,0,0,0,0,0,0,0,0,욕지면,159,33,0,0,0,0,738,0,0,0,241,0,0,3,0,0,2,4,0,0,78,25,1,305,0,0
26011,통영시,27435,0,3232,20987,4064,3772,325,2532,18700,63917,1488,0,경상남도,1451,2023,7169,6,3723,774,7271,3269,0,352,용남면,45775,9567,0,141,0,0,23612,5078,0,10026,51734,1026,13,3066,23331,1756,3572,3134,0,3208,26685,36889,3698,22083,0,745
13243,통영시,17036,0,1447,9191,1073,1355,23,1580,12466,15470,1333,0,경상남도,1068,2023,2443,0,2375,671,3214,1200,0,433,인평동,23434,7139,0,28,0,0,12444,1898,0,4826,40139,746,2,1024,11161,830,2051,1228,0,1398,12778,13726,1294,32980,0,195
7030,통영시,9603,0,1577,8337,1329,1642,0,1520,7933,14336,597,0,경상남도,614,2023,2694,0,2102,791,910,1478,0,153,정량동,19282,4309,0,28,0,0,8405,2149,0,3701,8247,409,0,1779,7854,948,1915,1931,0,1589,8320,7782,1344,8483,0,579
22633,통영시,14523,0,4882,25239,10447,3404,402,3122,26624,4334,2268,0,경상남도,1315,2023,7195,0,6459,966,1500,9160,0,356,중앙동,7457,2829,0,116,0,0,23629,5532,0,9418,24854,590,37,8300,19149,935,7986,9720,0,8123,20960,22208,8281,24301,0,623
2423,통영시,3088,0,816,2201,798,757,72,784,2261,5192,415,0,경상남도,406,2023,770,7,697,211,755,879,0,134,태평동,5127,1760,0,76,0,0,2044,550,0,979,2231,215,16,825,1880,410,758,727,0,733,2065,2251,639,2146,0,172
1259,통영시,1232,0,6,83,24,1170,0,16,267,2792,13,0,경상남도,0,2023,55,10,19,8,1231,28,0,0,평림동,4450,622,0,9,0,0,1165,0,0,1,511,0,0,347,353,157,19,18,0,86,2776,469,594,428,0,46
2980,통영시,5225,0,141,3806,749,335,0,37,3663,4240,0,0,경상남도,0,2023,0,0,310,0,357,644,0,0,한산면,3005,2298,0,145,0,0,3815,0,0,0,1965,0,0,1539,414,501,495,629,0,662,4679,2200,706,3075,0,71
14322,통영시,11871,0,8426,18641,10048,5192,924,7308,16517,6605,5177,0,경상남도,4599,2023,11680,331,10412,3529,717,10028,0,900,항남동,8380,3420,0,397,0,0,16354,9940,0,11849,22903,2817,114,8632,20324,3904,10186,10356,0,8386,16217,23699,9486,20933,13,3520
465,하동군,981,0,0,163,0,0,0,0,57,1161,0,0,경상남도,0,2023,0,0,0,0,0,0,0,0,고전면,276,260,0,0,0,0,190,0,0,10,44,0,0,0,19,0,0,0,0,0,138,672,0,30,0,0
243,하동군,790,0,0,286,0,0,0,0,182,1276,0,0,경상남도,0,2023,0,0,0,0,0,0,0,0,금남면,209,3,0,0,0,0,615,0,0,29,292,0,0,0,62,0,0,0,0,0,346,816,0,81,0,0
21,하동군,695,0,0,17,0,0,0,0,109,918,0,0,경상남도,0,2023,0,0,0,0,0,0,0,0,금성면,95,180,0,0,0,0,296,0,0,15,19,0,0,0,30,0,0,0,0,0,297,262,0,81,0,0
0,하동군,0,0,0,0,0,0,0,0,0,0,0,0,경상남도,0,2023,0,0,0,0,0,0,0,0,북천면,0,0,0,0,0,0,0,0,0,0,145,0,0,0,3,0,0,0,0,0,202,1,0,0,0,0
3059,하동군,1804,0,0,452,0,0,0,0,1731,1983,0,0,경상남도,0,2023,1,0,0,0,0,0,0,0,악양면,5474,745,0,0,0,0,10,0,0,274,485,0,0,0,8,0,0,0,0,0,973,1738,0,1863,0,0
58,하동군,928,0,0,1,0,0,0,0,458,495,0,0,경상남도,0,2023,0,0,0,0,0,0,0,0,양보면,5,3,0,0,0,0,190,0,0,26,61,0,0,0,10,0,0,0,0,0,103,21,0,163,0,0
61,하동군,573,0,0,294,0,0,0,0,364,1417,0,0,경상남도,0,2023,0,0,0,0,0,0,0,0,옥종면,582,17,0,0,0,0,134,0,0,21,52,0,0,0,169,0,0,0,0,0,468,229,0,122,0,0
168,하동군,1943,0,0,385,0,0,0,0,844,2167,0,0,경상남도,0,2023,2,0,0,0,0,0,0,0,적량면,410,30,0,0,0,0,256,0,0,4,712,0,0,0,134,0,0,0,0,0,248,24,0,90,0,0
41,하동군,732,0,0,360,0,0,0,0,523,105,0,0,경상남도,0,2023,0,0,0,0,0,0,0,0,진교면,1049,1,0,0,0,0,29,0,0,176,256,0,0,0,64,0,0,0,0,0,657,166,0,70,0,0
1564,하동군,136,0,0,352,0,0,0,0,1136,1874,0,0,경상남도,0,2023,0,0,0,0,0,0,0,0,청암면,62,10,0,0,0,0,313,0,0,29,730,0,0,0,14,0,0,0,0,0,275,581,0,282,0,0
8766,하동군,8129,0,120,7026,369,348,0,162,5989,8142,0,0,경상남도,206,2023,554,0,337,20,2,278,0,0,하동읍,5998,503,0,0,0,0,12211,11,0,4174,7698,2,0,292,7544,217,155,217,0,245,9263,6609,167,6679,0,21
1824,하동군,2602,0,38,780,0,11,0,10,969,1757,0,0,경상남도,5,2023,22,0,4,2,0,2,0,0,화개면,1126,937,0,0,0,0,3070,0,0,377,2567,0,0,22,1314,0,23,20,0,1,2338,3222,18,2786,0,3
356,하동군,1001,0,0,63,0,0,0,0,116,1146,0,0,경상남도,0,2023,0,0,0,0,0,0,0,0,횡천면,487,15,0,0,0,0,496,0,0,8,154,0,0,0,78,0,0,0,0,0,844,157,0,441,0,0
7834,함안군,11962,0,1759,8428,1215,1947,5,1272,6814,12992,2,0,경상남도,305,2023,5390,0,979,724,0,1014,0,176,가야읍,12112,4134,0,0,0,0,9114,2468,0,5864,11947,197,0,1229,10761,1862,490,934,0,706,12170,13335,1132,8288,0,92
2916,함안군,2237,0,232,2112,54,25,0,202,2391,601,0,0,경상남도,207,2023,268,0,126,138,0,192,0,0,군북면,3372,0,0,0,0,0,1463,177,0,387,2799,0,0,71,1351,15,141,97,0,259,1351,5144,145,1961,0,0
1536,함안군,1964,0,135,1472,189,63,5,106,309,2851,0,0,경상남도,41,2023,702,0,82,70,0,154,0,33,대산면,3591,1528,0,0,0,0,3167,201,0,1029,6601,0,1,24,137,407,153,63,0,55,1825,2626,112,2351,0,151
1707,함안군,576,0,11,784,29,12,0,119,282,2484,0,0,경상남도,3,2023,11,0,38,76,0,9,0,0,법수면,2297,40,0,0,0,0,828,103,0,339,1118,1,0,26,37,13,32,4,0,22,1001,754,18,34,0,4
1959,함안군,1517,0,125,1212,270,78,1,180,1257,1290,4,0,경상남도,105,2023,182,0,47,46,0,92,0,94,산인면,3121,806,0,0,0,0,1720,669,0,863,971,20,0,162,1559,81,148,209,0,115,1812,2532,187,1259,0,14
490,함안군,431,0,6,139,6,3,0,7,603,868,0,0,경상남도,1,2023,10,0,11,1,0,2,0,0,여항면,518,14,0,0,0,0,103,35,0,60,210,2,0,12,95,1,29,3,0,10,82,65,5,509,0,0
1348,함안군,1872,0,78,554,20,17,0,33,362,1085,19,0,경상남도,23,2023,47,0,29,24,0,62,0,0,칠북면,1298,793,0,0,0,0,838,1,0,278,1089,107,0,44,661,38,16,12,0,118,780,1650,24,511,0,5
6421,함안군,5375,0,196,3025,125,258,3,266,4653,8646,25,0,경상남도,273,2023,1514,0,269,228,0,146,0,144,칠서면,9856,1265,0,0,0,0,3259,5427,0,3673,7691,93,4,268,5453,422,195,71,0,155,5363,9779,94,5244,0,18
27002,함안군,35081,0,2426,21559,1319,1741,623,2338,31749,49663,4587,0,경상남도,1833,2023,12746,0,2403,1660,132,1937,0,892,칠원읍,42044,12713,0,0,0,0,27618,9835,0,15050,28705,1338,225,1120,23669,1320,2049,1415,0,1913,23164,30168,1635,24964,0,212
707,함안군,743,0,41,971,51,7,0,16,731,1341,2,0,경상남도,46,2023,25,0,30,31,0,66,0,0,함안면,1135,1,0,0,0,0,86,19,0,178,426,2,0,14,208,19,31,66,0,5,145,528,41,850,0,4
216,함양군,108,0,0,147,0,0,0,1,164,693,0,0,경상남도,0,2023,1,0,1,0,0,2,0,0,마천면,88,1,0,0,0,0,173,0,0,78,94,0,0,0,90,0,0,1,0,1,293,64,0,88,0,0
834,함양군,544,0,0,311,2,0,0,0,451,1751,0,0,경상남도,0,2023,20,0,0,0,0,0,0,0,백전면,1095,98,0,0,0,0,576,0,0,26,303,0,0,0,105,0,0,0,0,0,759,340,0,347,0,0
426,함양군,344,0,0,298,0,0,0,0,124,1249,0,0,경상남도,0,2023,8,0,0,0,0,3,0,0,병곡면,100,3,0,0,0,0,269,0,0,48,160,0,0,1,69,1,0,0,0,0,256,70,4,167,0,0
288,함양군,491,0,0,518,0,0,0,1,247,846,0,0,경상남도,0,2023,45,0,0,0,0,0,0,0,서상면,681,145,0,0,0,0,236,0,0,92,504,0,0,0,752,0,0,0,0,0,316,573,0,605,0,0
849,함양군,846,0,2,423,0,0,0,2,638,2053,0,0,경상남도,1,2023,8,0,1,0,0,0,0,0,서하면,1070,174,0,0,0,0,390,0,0,123,232,0,0,0,263,0,0,0,0,0,371,257,0,284,0,0
536,함양군,1462,0,0,502,0,5,0,1,320,1156,0,0,경상남도,1,2023,21,0,0,0,0,1,0,0,수동면,2028,4,0,0,0,0,1042,0,0,214,645,0,0,1,343,0,0,1,0,1,30,365,0,368,0,2
1080,함양군,1381,0,2,1086,2,3,0,1,1441,1908,0,0,경상남도,3,2023,84,0,1,0,0,1,0,0,안의면,837,380,0,0,0,0,918,0,0,552,2503,0,0,0,840,0,3,3,0,3,1355,1945,0,1275,0,0
334,함양군,591,0,0,827,0,0,0,1,232,1067,0,0,경상남도,5,2023,41,0,1,0,0,2,0,0,유림면,988,30,0,0,0,0,296,0,0,45,37,0,0,0,326,0,0,2,0,0,669,180,2,321,0,0
446,함양군,782,0,1,535,0,0,0,0,479,1849,0,0,경상남도,0,2023,34,0,3,0,0,1,0,0,지곡면,917,15,0,0,0,0,623,0,0,126,668,0,0,0,312,0,1,1,0,1,697,276,0,409,0,0
6856,함양군,7970,0,21,7231,19,8,0,17,9627,8503,0,0,경상남도,13,2023,132,0,19,5,12,22,0,0,함양읍,8555,1735,0,0,0,0,7220,0,0,4702,11187,0,0,17,8946,2,22,19,0,14,8298,12428,28,8349,0,0
466,함양군,525,0,1,399,0,0,0,0,491,2218,0,0,경상남도,0,2023,5,0,3,0,0,0,0,0,휴천면,931,28,0,0,0,0,356,0,0,59,63,0,0,0,53,0,0,1,0,0,459,161,0,208,0,0
0,합천군,0,0,5,258,0,0,0,0,4,1345,0,0,경상남도,0,2023,0,0,0,0,0,2,0,0,가야면,0,0,0,0,0,0,314,0,0,0,1,0,0,0,0,1,0,9,0,0,0,503,0,142,0,0
0,합천군,0,0,0,0,0,0,0,0,0,0,0,0,경상남도,0,2023,0,0,0,0,0,0,0,0,대병면,0,0,0,0,0,0,0,0,0,0,0,0,0,0,0,0,0,0,0,0,0,7,0,0,0,0
0,합천군,0,0,0,0,0,0,0,0,4,7,0,0,경상남도,0,2023,0,0,0,0,0,0,0,0,대양면,7,0,0,0,0,0,0,0,0,0,0,0,0,0,0,0,0,0,0,0,0,0,0,0,0,0
1,합천군,5,0,0,0,0,0,0,0,4,0,0,0,경상남도,0,2023,0,0,0,0,0,0,0,0,덕곡면,7,0,0,0,0,0,3,0,0,0,4,0,0,0,0,0,0,0,0,0,0,0,0,0,0,0
126,합천군,0,0,0,1,0,0,0,0,33,41,0,0,경상남도,0,2023,0,0,2,0,0,0,0,0,묘산면,276,1,0,0,0,0,5,0,0,0,10,0,0,0,10,0,0,0,0,0,23,0,0,30,0,0
0,합천군,0,0,0,0,0,0,0,0,0,0,0,0,경상남도,0,2023,0,0,0,0,0,0,0,0,봉산면,0,0,0,0,0,0,0,0,0,0,0,0,0,0,0,0,0,0,0,0,0,1,0,0,0,0
0,합천군,5,0,0,4,0,0,0,0,0,0,0,0,경상남도,0,2023,0,0,0,0,0,0,0,0,쌍책면,1,0,0,0,0,0,0,0,0,0,0,0,0,0,23,0,0,0,0,0,0,11,0,2,0,0
31,합천군,0,0,0,61,0,1,0,0,2,387,0,0,경상남도,0,2023,0,0,0,0,0,0,0,0,야로면,81,0,0,0,0,0,84,0,0,0,695,0,0,0,99,0,0,0,0,0,8,19,0,98,0,0
1,합천군,0,0,0,0,0,0,0,0,0,0,0,0,경상남도,0,2023,0,0,0,0,0,0,0,0,용주면,1,0,0,0,0,0,3,0,0,0,0,0,0,0,0,0,0,0,0,0,0,0,0,0,0,0
0,합천군,7,0,0,0,0,0,0,0,2,0,0,0,경상남도,0,2023,0,0,0,0,0,0,0,0,율곡면,0,0,0,0,0,0,0,0,0,0,0,0,0,0,0,0,0,0,0,0,0,0,0,0,0,0
145,합천군,75,0,0,97,0,0,0,0,94,85,0,0,경상남도,0,2023,0,0,0,0,0,0,0,0,청덕면,176,10,0,0,0,0,74,0,0,19,98,0,0,0,72,0,0,0,0,0,48,75,0,87,0,0
0,합천군,10,0,0,0,0,0,0,0,0,2,0,0,경상남도,0,2023,0,0,0,0,0,0,0,0,초계면,0,0,0,0,0,0,0,0,0,0,0,0,0,0,0,0,0,0,0,0,0,0,0,1,0,0
368,합천군,14,0,0,6,2,1,0,0,85,7,0,0,경상남도,0,2023,0,0,12,0,0,1,0,0,합천읍,494,389,0,0,0,0,2,0,0,0,920,0,0,0,11,0,1,0,0,0,349,0,2,50,0,0
21,거제시,9268,0,536,5806,3,208,1,216,3574,3034,2156,0,경상남도,17,2024,117,0,394,255,0,83,0,100,고현동,8715,3,0,0,0,0,36,3308,0,96,48,312,2,68,5029,131,2,223,0,556,6730,6009,522,6,0,0
237,거제시,388,0,57,456,7,10,0,21,166,98,44,0,경상남도,7,2024,178,0,39,20,0,55,0,13,덕포동,480,242,0,0,0,0,163,359,0,69,256,34,0,24,205,7,9,29,0,30,377,270,31,84,0,2
11566,거제시,11377,0,4142,7044,5308,3273,142,3727,7242,8771,1993,0,경상남도,2095,2024,2802,1,5352,1162,880,4483,0,423,사등면,13059,3728,0,116,0,0,7772,1976,0,3005,7066,855,6,2755,4289,2284,4411,5397,0,5456,8221,6683,5249,5980,0,1911
0,거제시,1637,0,148,711,0,40,0,26,408,355,74,0,경상남도,1,2024,5,0,81,60,0,13,0,10,연초면,1334,0,0,0,0,0,30,192,0,212,21,91,0,11,528,57,0,85,0,95,841,617,81,2,0,0
1491,거제시,9614,0,826,5834,20,177,0,123,3150,3560,3126,0,경상남도,57,2024,311,0,697,500,0,129,0,85,옥포동,9661,16,0,0,0,0,344,2608,0,3041,483,613,0,79,7340,485,2,535,0,590,6423,7346,371,51,0,74
2271,거제시,2450,0,158,2311,159,113,31,61,789,732,162,0,경상남도,67,2024,199,0,165,43,0,169,0,20,장목면,1896,337,0,0,0,0,1001,233,0,793,1324,29,14,60,1297,19,148,340,0,249,2129,1794,204,1424,0,12
10,거창군,10,0,0,10,0,0,0,0,8,18,0,0,경상남도,0,2024,0,0,0,0,0,0,0,0,가북면,6,0,0,0,0,0,2,0,0,2,18,0,0,0,5,0,0,0,0,0,7,8,0,4,0,0
33,거창군,33,0,0,28,0,0,0,0,22,110,0,0,경상남도,0,2024,0,0,0,0,0,0,0,0,가조면,136,0,0,0,0,0,39,0,0,25,93,0,0,0,54,0,0,0,0,0,46,73,0,47,0,0
77,거창군,105,0,0,129,0,3,0,0,136,326,0,0,경상남도,0,2024,1,0,0,0,0,2,0,0,거창읍,226,2,0,0,0,0,86,0,0,15,103,0,0,0,47,0,0,0,0,11,69,135,0,103,0,0
2,거창군,17,0,0,25,0,0,0,0,16,27,0,0,경상남도,0,2024,0,0,0,0,0,0,0,0,고제면,16,0,0,0,0,0,16,0,0,11,3,0,0,0,3,0,0,0,0,0,16,15,0,9,0,0
7,거창군,16,0,0,14,0,0,0,0,4,14,0,0,경상남도,0,2024,0,0,0,0,0,0,0,0,남상면,21,0,0,0,0,0,17,0,0,1,2,0,0,0,7,0,0,0,0,0,14,18,0,4,0,0
0,거창군,5,0,0,8,0,0,0,0,3,4,0,0,경상남도,0,2024,0,0,0,0,0,0,0,0,남하면,18,0,0,0,0,0,7,0,0,0,0,0,0,0,4,0,0,0,0,0,10,1,0,0,0,0
17,거창군,37,0,0,24,0,0,0,0,16,24,0,0,경상남도,0,2024,0,0,0,0,0,0,0,0,마리면,28,0,0,0,0,0,24,0,0,5,42,0,0,0,24,0,0,0,0,0,16,43,0,29,0,0
26,거창군,16,0,0,16,0,0,0,0,38,52,0,0,경상남도,0,2024,0,0,0,0,0,0,0,0,북상면,35,0,0,0,0,0,13,0,0,7,37,0,0,0,67,0,0,0,0,0,18,11,0,10,0,0
10,거창군,21,0,0,14,0,0,0,0,5,23,0,0,경상남도,0,2024,0,0,0,0,0,0,0,0,신원면,13,0,0,0,0,0,52,0,0,10,42,0,0,0,7,0,0,0,0,0,22,12,0,13,0,0
22,거창군,21,0,0,23,0,0,0,0,28,20,0,0,경상남도,0,2024,0,0,0,0,0,0,0,0,웅양면,47,0,0,0,0,0,16,0,0,28,26,0,0,0,28,0,0,0,0,0,12,31,0,14,0,0
15,거창군,35,0,0,25,0,0,0,0,36,93,0,0,경상남도,0,2024,0,0,0,0,0,0,0,0,위천면,27,0,0,0,0,0,35,0,0,44,32,0,0,0,20,0,0,0,0,0,35,78,0,39,0,0
11,거창군,32,0,0,15,0,0,0,0,15,25,0,0,경상남도,0,2024,0,0,0,0,0,0,0,0,주상면,24,5,0,0,0,0,14,0,0,5,5,0,0,0,25,0,0,0,0,0,15,30,0,7,0,0
365,고성군,1208,0,0,237,0,0,0,0,426,1417,0,0,경상남도,0,2024,0,0,0,0,0,0,0,0,개천면,1165,520,0,0,0,0,348,0,0,0,237,0,0,0,66,0,0,0,0,0,317,46,0,121,0,0
4726,고성군,6354,0,61,2262,36,15,0,18,3014,5703,0,0,경상남도,8,2024,436,0,0,36,0,39,0,0,거류면,4995,293,0,0,0,0,1182,139,0,1200,2978,0,0,71,423,47,0,0,0,0,3491,1519,78,864,0,43
19835,고성군,15523,0,72,10538,31,0,0,17,21235,18192,0,0,경상남도,0,2024,4717,0,71,7,29,0,0,0,고성읍,18512,2496,0,0,0,0,19132,2244,0,5838,15627,10,0,9,3236,0,0,0,0,10,18851,11410,31,13416,0,0
39,고성군,1286,0,0,15,0,0,0,0,782,512,0,0,경상남도,0,2024,1,0,0,0,0,0,0,0,구만면,2649,1,0,0,0,0,739,0,0,0,99,0,0,0,5,0,0,0,0,0,43,117,0,325,0,0
951,고성군,1679,0,0,559,0,0,0,0,711,2831,0,0,경상남도,0,2024,0,0,0,0,0,0,0,0,대가면,1099,275,0,0,0,0,481,0,0,11,342,0,0,0,149,0,0,0,0,0,496,291,0,416,0,0
2481,고성군,3381,0,0,1055,0,0,0,0,1677,6977,0,0,경상남도,0,2024,5,0,0,0,0,0,0,0,동해면,2839,869,0,0,0,0,710,7,0,93,697,0,0,0,305,0,0,0,0,0,849,414,0,539,0,0
264,고성군,1005,0,0,388,0,0,0,0,160,1436,0,0,경상남도,0,2024,1,0,0,0,0,0,0,0,마암면,2217,2,0,0,0,0,644,0,0,5,26,0,0,0,23,0,0,0,0,0,251,262,0,131,0,0
724,고성군,1346,0,0,352,0,0,0,0,527,2163,0,0,경상남도,0,2024,8,0,0,0,0,0,0,0,삼산면,1074,182,0,0,0,0,593,0,0,44,120,0,0,0,207,0,0,0,0,0,387,1,0,288,0,0
1463,고성군,1976,0,0,1098,0,0,0,0,675,1008,0,0,경상남도,0,2024,1,0,0,0,0,0,0,0,상리면,1831,7,0,0,0,0,1206,0,0,0,517,0,0,0,265,0,0,0,0,0,87,285,0,14,0,0
2027,고성군,1326,0,0,994,0,0,0,0,996,1012,0,0,경상남도,0,2024,16,0,0,0,0,0,0,0,영오면,1784,442,0,0,0,0,1176,0,0,24,905,0,0,0,407,0,0,0,0,0,873,1444,0,579,0,0
784,고성군,64,0,0,397,0,0,0,0,132,1212,0,0,경상남도,0,2024,0,0,0,0,0,0,0,0,영현면,1831,343,0,0,0,0,289,0,0,0,113,0,0,0,4,0,0,0,0,0,221,174,0,344,0,0
2163,고성군,3075,0,78,772,139,149,0,148,1039,3150,57,0,경상남도,46,2024,350,0,102,37,1030,75,0,0,하이면,2228,13,0,0,0,0,923,66,0,172,942,39,0,38,598,24,105,105,0,76,1066,751,82,812,0,44
384,고성군,287,0,0,233,0,0,0,0,16,283,0,0,경상남도,3,2024,118,0,0,5,0,11,0,0,하일면,414,126,0,0,0,0,39,0,0,1,0,0,0,0,32,9,0,0,0,0,283,21,9,0,0,1
2316,고성군,2684,0,0,1602,0,0,0,0,2103,2707,0,0,경상남도,0,2024,301,0,0,0,0,0,0,0,회화면,2028,14,0,0,0,0,1323,26,0,1844,1985,0,0,0,402,0,0,0,0,0,853,2836,0,1457,0,0
7,김해시,48,0,4,1,0,1,0,2,0,46,1,0,경상남도,2,2024,2,0,2,0,0,1,0,0,강동,64,7,0,0,0,0,109,0,0,7,3,0,0,4,3,1,2,7,0,0,15,25,7,21,0,1
31109,김해시,37397,0,9227,31233,5990,5609,4191,10929,33208,41491,14078,404,경상남도,8287,2024,17384,0,8738,6603,4199,7321,0,6874,관동동,45173,14787,0,317,0,0,29743,16934,249,21890,35777,6960,2469,5415,31903,2950,8287,6115,0,8242,32321,33400,7474,35904,0,1359
75244,김해시,85726,6,63875,65171,25759,37064,6189,71662,73811,107732,19719,506,경상남도,45920,2024,34501,6775,50644,33648,25434,36277,4,26266,구산동,115351,54212,324,1759,0,0,74684,30640,4372,42330,81858,31292,15782,24538,67598,17640,42025,30691,35,32997,67623,75687,35117,73190,9,9177
10877,김해시,14096,0,4778,10040,2090,3155,2240,4879,11169,18870,4669,1047,경상남도,3038,2024,6676,3,4001,2382,4788,2859,0,2331,내덕동,24676,7238,0,433,0,0,9911,5026,216,7904,14760,2426,1042,1945,11264,3318,3206,2282,3,2878,10456,14476,2736,11728,0,1619
64840,김해시,68360,0,66457,80021,36169,78761,10738,66969,84232,88622,47437,1606,경상남도,45918,2024,62143,3408,57471,30327,22532,45673,0,22634,내동,102572,40323,0,3344,0,0,72670,60866,2821,64978,126723,28198,14872,39754,108687,25631,49179,39468,0,41683,77099,109564,46321,104807,6,10261
4202,김해시,6099,0,470,2471,1703,2484,16,335,5155,4751,34,0,경상남도,587,2024,828,0,721,148,40,1696,0,9,대동면,5145,2957,0,19,0,0,2425,631,2,1211,1629,103,7,1012,1712,757,542,503,0,915,694,5445,729,4074,0,302
12722,김해시,15728,0,6099,10772,4433,5018,550,5819,16980,18832,2900,14,경상남도,3277,2024,6944,942,5914,2936,6005,4550,1,1734,대성동,18181,14140,103,1120,0,0,12839,8193,186,8803,38701,2585,851,4348,18289,2918,5424,4254,0,4583,13523,21385,4584,23902,20,1207
28422,김해시,30823,1,14794,34743,7520,8923,9065,15543,34642,32885,23304,1671,경상남도,13400,2024,25666,0,13922,9680,5031,11500,0,10604,대청동,34195,15663,0,271,0,0,30000,26556,362,29294,51301,10350,4426,8401,46769,4077,11380,8774,0,9491,33293,48304,9024,47248,0,2935
9540,김해시,11817,20,9790,13394,7474,5670,2549,9299,15004,22625,5282,1035,경상남도,7269,2024,13338,0,8274,4153,5022,7419,0,2278,동상동,20453,8208,0,1612,0,0,12016,9147,550,13747,24298,3558,1343,5629,21157,4191,9082,7165,37,9733,14705,23460,9050,17259,0,1576
1112,김해시,1204,0,371,1216,275,357,49,315,1010,1119,123,14,경상남도,221,2024,1170,0,445,159,47,544,0,61,명법동,1447,610,0,39,0,0,1024,491,5,1212,1809,99,12,365,1490,1171,402,483,0,415,1385,2615,523,1302,0,115
28823,김해시,31290,0,20143,32651,16397,15081,3287,20602,34118,37155,19011,443,경상남도,13718,2024,25201,4,21001,9962,5554,15367,0,5422,무계동,35741,22266,0,1978,0,0,30755,26310,23,34960,43652,9558,1576,16273,43455,14097,17144,16009,1,17098,33921,44549,16447,37824,0,8305
7731,김해시,7279,0,5873,10079,6848,7194,2219,5407,9779,8955,5287,617,경상남도,3595,2024,9034,6,5727,2860,1910,5711,0,1678,봉황동,10005,6298,0,749,0,0,8976,6857,59,9157,15640,2395,544,7764,13773,4739,5876,6113,15,5698,10041,15518,6595,12885,0,2634
42481,김해시,52740,0,14282,40114,9804,11250,5836,13650,46429,71268,19137,651,경상남도,10478,2024,25004,0,14223,7764,5255,11649,0,5021,부곡동,68131,26346,0,309,0,0,42240,21928,499,34222,50141,6399,1553,11099,43271,11416,12794,10344,0,12009,40416,50100,11216,43781,0,3441
164404,김해시,148848,2,181266,214975,149540,238081,17680,170087,191474,173456,81490,500,경상남도,119030,2024,140605,4025,167899,91157,41214,145402,76,56189,부원동,166359,100209,399,20707,0,0,183753,123856,3599,167517,251810,80731,25704,156453,315673,126283,153726,152360,1,144332,187924,298974,150198,234796,446,73649
11500,김해시,10777,32,22080,17250,11419,19062,1741,19712,13544,15647,5029,100,경상남도,15963,2024,12186,52,15286,8618,2219,10979,3,5942,불암동,14886,10511,23,6835,0,0,12188,11022,371,20079,32806,8379,3307,11814,36083,25297,11942,12338,0,11147,15464,52632,9312,20477,9,17077
135178,김해시,149306,3,172950,124081,60794,88560,17124,187361,146545,228495,53575,315,경상남도,126024,2024,73377,10596,139584,100862,41096,84987,0,81295,삼계동,263627,87470,0,5366,0,0,136892,63443,14367,88453,158919,90127,51875,59535,146880,50975,114689,56978,0,70971,131922,172605,80092,140935,34,25374
25412,김해시,31436,1,5910,22198,3644,5182,3583,6617,26742,34457,11094,671,경상남도,5706,2024,13171,12,6113,4559,6098,5000,0,4475,삼문동,37491,14938,0,117,0,0,25389,12811,89,15032,36929,5048,1666,3652,24098,2118,5540,4277,1,4649,22908,29413,4449,32155,9,1062
69527,김해시,81003,133,22342,70846,11887,10348,6743,24647,83679,103292,22387,1338,경상남도,18454,2024,38583,0,18818,12693,29823,15065,0,8370,삼방동,110309,53993,0,793,0,0,70014,34156,1089,47185,115034,11278,3369,10598,72816,4800,16735,12409,49,15169,80517,96463,14084,97162,0,2233
76576,김해시,80081,37,75132,83059,54068,77954,7204,74066,88023,110514,26202,420,경상남도,52015,2024,48525,2863,57845,39763,28660,45313,9,31521,삼정동,112511,45674,316,5305,0,0,79009,42837,2932,59675,118363,35951,20500,47371,101663,40679,46794,42545,9,47379,85473,135929,46149,100310,32,18990
386,김해시,12534,0,1798,2075,741,1456,15,1047,8677,3990,171,0,경상남도,1692,2024,2833,2,2192,1318,0,1248,0,614,상동면,5014,3914,0,0,0,0,7042,463,0,299,690,718,1,1034,7731,1472,1185,828,0,1385,2590,9412,1284,9130,0,613
6890,김해시,9648,0,1248,572,532,1413,111,1061,7820,7444,649,0,경상남도,2325,2024,2603,0,1616,1460,136,1975,0,688,생림면,6790,4521,0,277,0,0,2822,895,0,1934,7282,1112,10,875,6308,1289,1639,1209,0,1842,10271,8314,938,10443,0,1385
54957,김해시,38781,11,40028,83134,46024,25858,4003,39527,74490,41483,17554,1298,경상남도,27071,2024,45973,2033,43949,17101,15112,44464,6,5548,서상동,33676,32335,171,4025,0,0,69774,33046,707,57551,95484,10425,2614,38069,79042,14711,43000,50123,54,47372,69998,86441,47446,88342,89,8816
219,김해시,233,0,91,464,209,279,0,34,416,177,3,0,경상남도,20,2024,72,0,72,7,2,120,0,7,수가동,296,21,0,0,0,0,244,44,0,178,963,14,0,511,435,102,71,149,0,124,470,906,176,457,0,61
13726,김해시,15784,0,7357,21606,7024,7063,1060,7533,16274,19449,5811,6,경상남도,5534,2024,29997,4,8433,3913,1915,7844,0,2071,신문동,26876,10277,0,436,0,0,14556,29862,1,32932,45589,3222,782,7265,39468,3820,7658,7268,0,7614,18644,39131,7117,39004,2,2602
25479,김해시,30760,48,20015,25677,10045,54447,2487,24147,29913,49176,6639,87,경상남도,13214,2024,29449,492,14971,8732,8573,10326,5,6836,안동,52025,17886,31,4503,0,0,25156,12344,662,44986,53986,7995,5262,12701,65263,135358,11697,10390,5,11447,27756,145810,10627,38207,11,35026
50153,김해시,55049,123,17703,51848,11639,9272,5736,19686,53453,63014,24758,1732,경상남도,14957,2024,34943,0,16468,11640,12618,13754,0,8747,어방동,82056,32188,86,1000,0,0,49546,31193,1538,45099,70733,11839,3432,9802,61356,7118,14753,11115,95,13666,52286,80557,11744,60157,0,2056
141933,김해시,155279,22,140606,151061,72926,124408,29462,153601,163146,241241,90748,8145,경상남도,103350,2024,134324,5943,117059,75403,50982,89000,0,55970,외동,234703,100482,0,9491,0,0,147281,119315,6779,154775,235028,64449,35256,79559,221530,64897,100572,77255,83,84729,159473,232810,92371,188059,45,34125
1012,김해시,745,0,407,1243,190,594,47,275,1010,1711,136,0,경상남도,249,2024,4830,0,294,235,361,252,0,118,유하동,1046,328,0,29,0,0,756,283,0,1723,1612,246,27,250,2487,2202,216,236,0,336,1269,5134,275,1114,0,333
40125,김해시,45032,1,14689,39383,8927,8330,8053,15288,45265,53563,30452,12,경상남도,11947,2024,37231,0,13612,9192,6279,11832,0,6121,율하동,53782,24965,0,668,0,0,40674,41214,2,38327,58669,8344,2826,9049,50262,4249,15067,9259,0,11749,41463,55948,11547,52989,0,1920
630,김해시,732,0,94,361,57,54,14,46,420,752,17,0,경상남도,44,2024,82,3,88,27,34,65,0,12,응달동,932,382,0,0,0,0,360,87,0,153,646,35,7,128,262,90,175,56,0,111,698,384,60,902,0,115
510,김해시,511,0,136,634,134,143,6,141,493,1212,41,0,경상남도,158,2024,376,0,159,108,12,112,0,70,이동,1191,577,0,3,0,0,464,89,0,258,525,93,6,107,442,116,175,122,0,118,735,434,97,745,0,88
14031,김해시,14955,0,3717,15383,2013,2109,3210,3657,14062,21208,14483,11,경상남도,3336,2024,13478,0,3511,2469,2354,3281,0,2302,장유동,20958,6759,0,246,0,0,13048,14655,6,14418,20625,2454,554,1753,15179,980,3492,2309,0,2799,15038,15192,2987,20120,0,494
32661,김해시,32140,0,74763,52472,53072,52240,5798,70144,41692,53289,17714,419,경상남도,45571,2024,62200,692,63713,30021,9286,52676,0,20728,전하동,52593,20753,0,3025,0,0,35791,27182,2453,51864,68013,25993,12098,52715,77701,34759,57947,51574,0,55019,44883,77721,55851,57275,7,24108
24612,김해시,27327,0,7451,23559,4418,7247,2240,8438,26041,31210,8522,0,경상남도,7135,2024,19359,0,6877,5631,2981,6036,0,3196,주촌면,32833,14078,0,1303,0,0,24523,10250,0,27734,33234,4017,661,5123,32147,14309,6143,5610,0,5018,26944,49708,5492,30714,0,4347
36103,김해시,39969,61,46195,33692,17450,34441,10871,53835,38793,57731,16574,856,경상남도,38021,2024,30000,380,36307,27274,12431,22766,13,25659,지내동,64085,23326,67,3996,0,0,35735,23604,1687,42669,52819,29006,15812,18735,62612,45563,28221,19177,6,21645,36798,85170,22336,41804,18,14504
11984,김해시,11997,0,5061,10960,2614,2998,0,4099,11965,14712,560,0,경상남도,4823,2024,6372,0,4839,3846,2,3420,0,877,진례면,15955,8767,0,1,0,0,12082,2484,0,7665,13547,1906,0,3076,11607,6036,3945,3081,0,3246,10010,16972,3035,9840,0,1806
72731,김해시,74741,0,28645,63796,19989,23280,2509,25996,71652,110020,17520,0,경상남도,23769,2024,38823,8,27704,15816,11322,23113,0,7678,진영읍,98345,62175,0,1216,0,0,76811,30903,0,55873,79262,12691,1311,20300,66208,18673,26852,20748,0,23118,64276,82434,21649,83475,0,16488
3252,김해시,3241,1,1566,5157,1622,3251,520,1523,4224,5275,1605,313,경상남도,1298,2024,4884,62,1409,922,941,1467,0,543,풍유동,5135,1726,0,202,0,0,4169,2529,64,5687,6417,786,205,2136,10467,2493,1505,1529,1,1429,5638,9489,1793,6803,54,750
22297,김해시,22766,0,7579,16791,4219,4306,208,6906,21041,16356,1079,0,경상남도,6551,2024,11974,3,6789,4507,502,5239,0,1842,한림면,21271,13875,0,1282,0,0,21164,4350,0,17934,25085,2875,88,5775,26737,11736,5999,5366,0,6185,19318,39392,5443,17203,17,5412
1428,김해시,2661,0,240,1759,167,707,23,199,1264,2022,320,0,경상남도,169,2024,307,0,290,163,245,247,0,71,화목동,3140,758,0,11,0,0,2264,288,0,676,1672,88,2,425,1782,841,478,327,0,221,2313,3197,315,3193,0,266
8370,김해시,11980,0,2568,7266,1903,2242,98,2135,6797,16602,1468,0,경상남도,1373,2024,2680,0,1990,1213,1699,2192,0,516,흥동,12572,4321,0,95,0,0,8422,2647,0,3896,6744,1370,116,2214,5442,1350,2304,2051,0,2124,7807,6930,2196,6731,0,858
145,남해군,682,0,0,186,0,0,0,0,402,1832,0,0,경상남도,0,2024,14,0,0,0,0,0,0,0,고현면,75,2,0,0,0,0,442,0,0,38,65,0,0,0,85,0,0,0,0,0,223,678,0,149,0,0
690,남해군,1516,0,0,971,0,0,0,0,563,1558,0,0,경상남도,0,2024,132,0,0,0,0,0,0,0,남면,1831,87,0,0,0,0,952,3,0,663,847,0,0,0,761,0,0,0,0,0,723,662,0,555,0,0
4263,남해군,4555,0,0,4335,0,0,0,0,3328,4957,0,0,경상남도,0,2024,11202,3,0,0,10,0,0,0,남해읍,6488,818,0,0,0,10,4001,1,0,3218,9026,0,0,0,11826,0,0,0,0,0,4722,5771,0,3607,0,0
495,남해군,2070,0,0,930,0,0,0,0,1190,1295,0,0,경상남도,0,2024,422,0,0,0,0,0,0,0,미조면,2033,1115,0,0,0,0,1984,14,0,645,1836,0,0,0,952,0,0,0,0,0,1147,1625,0,1387,0,0
1684,남해군,2047,0,83,1688,88,58,0,36,1664,4100,0,0,경상남도,0,2024,230,0,4,0,203,0,0,0,삼동면,5412,1640,0,0,0,0,2511,0,0,778,2743,0,0,0,1224,0,129,93,0,0,2135,2237,103,1842,0,22
319,남해군,849,0,0,678,0,0,0,0,596,2657,0,0,경상남도,0,2024,82,0,0,0,0,0,0,0,상주면,1287,41,0,0,0,0,854,0,0,271,1108,0,0,0,575,0,0,0,0,0,976,199,0,529,0,0
317,남해군,1193,0,0,630,0,0,0,0,1027,1692,0,0,경상남도,0,2024,69,0,0,0,0,0,0,0,서면,1799,206,0,0,0,0,622,0,0,32,708,0,0,0,282,0,0,0,0,0,567,182,0,581,0,0
590,남해군,1391,0,0,579,0,0,0,0,881,2264,0,0,경상남도,0,2024,69,0,0,0,0,0,0,0,설천면,31,717,0,0,0,0,461,0,0,86,178,0,0,0,162,0,0,0,0,0,71,814,0,524,0,0
648,남해군,2195,0,0,1342,0,0,0,0,1842,2909,0,0,경상남도,0,2024,783,0,0,0,1,0,0,0,이동면,3285,115,0,0,0,0,793,0,0,379,3265,0,0,0,2409,0,0,0,0,0,1600,3225,0,2148,0,0
3969,남해군,773,0,321,221,211,484,0,116,2596,4323,0,0,경상남도,0,2024,0,0,25,0,1313,0,0,0,창선면,5256,591,0,0,0,0,786,0,0,20,2394,0,0,0,214,31,169,132,0,19,3294,2426,177,401,0,46
25122,밀양시,30062,0,0,23622,0,0,949,0,28919,24478,13025,0,경상남도,0,2024,14035,0,0,0,2184,0,0,0,가곡동,43844,7483,0,0,0,0,20197,11897,0,27702,33523,0,0,0,30238,0,0,0,0,0,29959,42377,0,31949,0,0
10040,밀양시,10700,0,0,8020,0,0,139,0,7467,11516,985,0,경상남도,0,2024,2268,0,0,0,131,0,0,0,교동,18061,2374,0,0,0,0,8438,1977,0,3558,9224,0,0,0,7344,0,0,0,0,0,8282,8577,0,9129,0,0
46,밀양시,42,0,0,7,0,0,0,0,9,31,0,0,경상남도,0,2024,3,0,0,0,0,0,0,0,남포동,102,0,0,0,0,0,3,0,0,2,40,0,0,0,8,0,0,0,0,0,20,38,0,21,0,0
21244,밀양시,17922,0,0,21934,0,0,493,0,22114,23453,3350,0,경상남도,0,2024,7673,0,0,0,37,0,0,0,내이동,28997,6478,0,0,0,0,22096,6774,0,16243,38854,0,0,0,29447,0,0,0,0,0,21758,30979,0,28961,0,0
6655,밀양시,3970,0,0,9890,0,0,449,0,7990,2853,2163,0,경상남도,0,2024,4519,0,0,0,11,0,0,0,내일동,4562,1497,0,0,0,0,7993,4773,0,5247,12921,0,0,0,10298,0,0,0,0,0,9201,13334,0,11766,0,0
1324,밀양시,4177,0,0,959,0,0,0,0,1226,5290,0,0,경상남도,0,2024,0,0,0,0,0,0,0,0,단장면,9,36,0,0,0,0,634,0,0,373,1945,0,0,0,94,0,0,0,0,0,3251,2433,0,679,0,0
3066,밀양시,2971,0,0,1791,0,0,0,0,1797,4793,0,0,경상남도,0,2024,4,0,0,0,0,0,0,0,무안면,4202,707,0,0,0,0,1988,0,0,1160,2998,0,0,0,1180,0,0,0,0,0,2193,2438,0,1250,0,0
1565,밀양시,2610,0,0,605,0,0,0,0,1371,3808,7,0,경상남도,0,2024,114,0,0,0,0,0,0,0,부북면,493,386,0,0,0,0,1127,72,0,358,1330,0,0,0,1488,0,0,0,0,0,1963,1104,0,1650,0,0
1574,밀양시,3,0,0,60,0,0,0,0,395,2394,0,0,경상남도,0,2024,0,0,0,0,0,0,0,0,산내면,3,137,0,0,0,0,883,0,0,0,366,0,0,0,0,0,0,0,0,0,0,1519,0,714,0,0
385,밀양시,2318,0,0,629,0,0,0,0,800,4048,7,0,경상남도,0,2024,2,0,0,0,0,0,0,0,산외면,634,403,0,0,0,0,762,3,0,366,1141,0,0,0,814,0,0,0,0,0,1086,1998,0,959,0,0
4042,밀양시,2289,0,0,2686,0,0,112,0,3454,3436,743,0,경상남도,0,2024,607,0,0,0,0,0,0,0,삼랑진읍,2925,199,0,0,0,0,2760,142,0,689,2924,0,0,0,2713,0,0,0,0,0,1973,5219,0,5237,0,0
16962,밀양시,14307,0,0,16852,0,0,2068,0,16271,32091,10503,0,경상남도,0,2024,12783,0,0,0,197,0,0,0,삼문동,24890,3805,0,0,0,0,17313,13154,0,13868,26952,0,0,0,22962,0,0,0,0,0,15432,24303,0,23180,0,0
3798,밀양시,7204,0,0,2847,0,0,3,0,2494,9140,84,0,경상남도,0,2024,1089,0,0,0,0,0,0,0,상남면,8866,1539,0,0,0,0,2652,204,0,1442,1505,0,0,0,5403,0,0,0,0,0,3358,2629,0,2485,0,0
470,밀양시,3075,0,0,1022,0,0,0,0,291,2520,0,0,경상남도,0,2024,32,0,0,0,0,0,0,0,상동면,2682,336,0,0,0,0,1620,40,0,235,1152,0,0,0,319,0,0,0,0,0,873,879,0,437,0,0
0,밀양시,16,0,0,13,0,0,0,0,4,0,0,0,경상남도,0,2024,0,0,0,0,0,0,0,0,용평동,11,0,0,0,0,0,6,0,0,0,0,0,0,0,0,0,0,0,0,0,3,1,0,25,0,0
908,밀양시,1497,0,0,455,0,0,0,0,475,1498,0,0,경상남도,0,2024,123,0,0,0,0,0,0,0,청도면,805,228,0,0,0,0,617,0,0,74,1167,0,0,0,365,0,0,0,0,0,579,519,0,24,0,0
0,밀양시,783,0,0,0,0,0,0,0,156,65,0,0,경상남도,0,2024,0,0,0,0,0,0,0,0,초동면,324,738,0,0,0,0,0,0,0,92,0,0,0,0,52,0,0,0,0,0,216,0,0,0,0,0
902,밀양시,1585,0,0,863,0,0,0,0,470,788,0,0,경상남도,0,2024,0,0,0,0,0,0,0,0,하남읍,765,0,0,0,0,0,15,0,0,325,872,0,0,0,66,0,0,0,0,0,621,1234,0,91,0,0
22,밀양시,12,0,0,6,0,0,0,0,7,114,0,0,경상남도,0,2024,0,0,0,0,0,0,0,0,활성동,0,135,0,0,0,0,0,0,0,0,0,0,0,0,209,0,0,0,0,0,0,8,0,0,0,0
2217,사천시,2169,0,86,1897,236,158,0,136,1731,2065,5,0,경상남도,56,2024,368,0,168,42,0,185,0,0,곤명면,3865,1487,0,0,0,0,2156,224,0,400,1603,9,0,282,1144,199,178,307,0,119,1741,1091,128,1712,0,8
852,사천시,318,0,2,270,105,5,0,28,127,1530,0,0,경상남도,9,2024,4,0,42,0,1,56,0,0,곤양면,271,791,0,0,0,0,788,0,0,130,254,0,0,6,623,64,27,105,0,11,501,336,62,198,0,28
5,사천시,21,0,0,16,0,0,0,13,98,306,0,0,경상남도,0,2024,1,0,0,20,0,3,0,0,궁지동,0,0,0,0,0,0,0,0,0,0,0,0,0,0,0,0,0,0,0,0,1,0,0,6,0,0
388,사천시,551,0,13,291,16,25,0,6,258,334,2,0,경상남도,18,2024,37,306,17,9,171,15,0,0,노룡동,297,194,0,1,0,0,290,11,0,92,341,4,0,19,204,9,39,9,0,23,319,83,24,544,0,2
56,사천시,8,0,4,0,2,3,0,1,34,76,0,0,경상남도,0,2024,0,0,2,0,87,0,0,0,늑도동,1345,1,0,0,0,0,376,0,0,0,42,0,0,0,2,1,4,12,0,6,62,30,7,9,0,1
1020,사천시,655,0,47,287,54,219,0,42,1122,525,0,0,경상남도,14,2024,33,0,105,8,110,66,0,0,대방동,1333,376,0,0,0,0,364,277,0,105,587,4,0,88,357,12,105,88,0,105,406,758,17,511,0,8
471,사천시,1088,0,17,169,7,0,0,10,213,770,0,0,경상남도,2,2024,1,244,5,0,546,10,0,0,대포동,0,480,0,0,0,0,60,0,0,30,52,0,0,5,229,2,5,0,0,3,282,75,13,32,0,8
1767,사천시,1488,0,337,1289,432,372,0,103,1911,1171,4,0,경상남도,31,2024,553,0,254,29,64,187,0,13,동금동,1183,173,0,3,0,0,1911,189,0,464,2362,29,0,400,961,194,143,288,0,180,983,1294,190,1980,0,33
562,사천시,615,0,94,725,110,134,0,45,475,1601,0,0,경상남도,28,2024,382,0,86,28,28,52,0,0,동동,1250,602,0,24,0,0,378,47,0,215,998,18,0,73,630,95,38,50,0,67,491,406,79,789,0,28
0,사천시,0,0,0,0,0,0,0,0,0,0,0,0,경상남도,0,2024,0,0,0,0,21,0,0,0,백천동,0,72,0,0,0,0,0,0,0,0,0,0,0,0,0,0,0,0,0,0,0,0,0,0,0,0
5351,사천시,5734,0,840,3756,1126,846,0,548,4776,7716,3,0,경상남도,311,2024,1792,28,1528,207,2088,1006,0,23,벌리동,7290,3906,0,231,0,0,4428,1405,0,2117,8008,299,0,1123,5564,992,818,810,0,1173,3144,3474,634,6288,0,817
259,사천시,465,0,1,33,10,2,0,9,319,520,0,0,경상남도,8,2024,6,0,7,2,261,6,0,0,봉남동,0,1,0,0,0,0,166,3,0,10,57,0,0,37,18,3,10,13,0,11,77,42,0,37,0,0
8073,사천시,7160,0,920,4508,759,1217,8,1048,5850,24078,743,0,경상남도,330,2024,3243,0,839,715,1564,728,0,96,사남면,16629,3830,0,51,0,0,7586,2460,0,2959,8809,436,0,797,7808,561,910,875,0,926,8629,6933,769,7960,0,409
17,사천시,12,0,0,5,1,1,0,0,2,7,1,0,경상남도,0,2024,1,0,2,0,2,1,0,0,사등동,23,0,0,0,0,0,2,0,0,2,0,0,0,2,0,0,1,0,0,0,6,4,5,5,0,0
7577,사천시,7013,0,1905,7844,1569,1974,0,1538,8891,9479,56,0,경상남도,1053,2024,8432,4,1290,884,1257,1996,0,76,사천읍,12766,2686,0,522,0,0,8342,14052,0,10889,15318,263,0,1908,16894,1344,1544,1849,0,1405,7671,15062,1135,15291,0,1516
2231,사천시,2191,0,226,1157,213,439,0,69,1520,3404,0,0,경상남도,28,2024,93,0,245,23,210,84,0,0,서동,2452,3569,0,206,0,0,1493,47,0,334,1151,15,0,240,596,690,96,133,0,159,893,420,106,1457,0,468
104,사천시,7,0,2,72,7,65,0,16,437,498,0,0,경상남도,7,2024,0,0,24,0,0,9,0,0,서포면,1020,369,0,0,0,0,490,0,0,78,36,0,0,0,233,13,52,10,0,74,239,141,18,355,0,4
906,사천시,756,0,113,1524,235,171,0,76,2007,462,1,0,경상남도,26,2024,457,0,210,47,52,102,0,0,선구동,875,270,0,2,0,0,1435,118,0,532,2198,30,0,162,943,59,126,110,0,145,645,796,112,1807,0,51
3119,사천시,3860,0,274,2715,249,190,0,274,2211,2772,53,0,경상남도,219,2024,583,247,279,80,639,417,0,1,송포동,3539,1104,0,15,0,0,2905,441,0,1274,4125,82,0,302,2356,217,302,236,0,264,3458,2643,334,3190,0,31
206,사천시,269,0,28,110,14,5,0,39,182,75,4,0,경상남도,18,2024,40,0,41,5,111,21,0,0,신벽동,241,101,0,1,0,0,158,40,0,30,221,7,0,12,324,37,19,36,0,28,204,90,37,110,0,9
324,사천시,1235,0,14,411,6,17,0,14,373,875,0,0,경상남도,10,2024,95,0,15,13,573,6,0,0,실안동,724,614,0,0,0,0,224,40,0,93,101,9,0,10,293,39,25,16,0,10,0,115,0,92,0,16
0,사천시,0,0,0,0,0,0,0,0,92,81,0,0,경상남도,0,2024,0,0,0,0,81,0,0,0,와룡동,17,2,0,0,0,0,0,0,0,0,17,0,0,0,4,1,2,0,0,2,2,36,0,44,0,0
1049,사천시,1677,0,148,793,99,76,0,145,539,1541,4,0,경상남도,49,2024,208,0,140,62,184,245,0,9,용강동,3659,1340,0,69,0,0,1455,208,0,315,483,43,0,179,626,132,153,260,0,148,922,693,157,738,0,44
5970,사천시,8167,0,385,5717,868,1140,0,570,6225,12033,9,0,경상남도,219,2024,2148,0,913,216,3037,789,0,1,용현면,9547,4141,0,65,0,0,7497,3658,0,1819,21885,126,0,726,8633,566,960,839,0,601,7164,6760,889,12234,0,375
21,사천시,125,0,0,25,1,0,0,2,55,81,0,0,경상남도,0,2024,0,0,2,7,93,3,0,0,이금동,0,0,0,0,0,0,49,0,0,2,63,0,0,0,4,1,6,0,0,1,67,8,0,37,0,1
10,사천시,338,0,0,24,0,0,0,1,94,398,0,0,경상남도,0,2024,3,0,2,0,129,1,0,0,이홀동,0,0,0,0,0,0,95,1,0,9,54,0,0,0,6,0,1,0,0,7,70,43,2,17,0,0
5815,사천시,5693,0,623,3842,750,803,0,846,5064,14638,258,0,경상남도,489,2024,3390,0,881,448,1259,569,0,164,정동면,11952,1945,0,120,0,0,5553,2703,0,2783,7943,117,0,869,6008,910,780,702,0,611,5665,5709,714,6925,0,271
580,사천시,799,0,144,1085,232,124,0,97,565,581,43,0,경상남도,81,2024,249,1,174,31,128,270,0,6,좌룡동,570,575,0,24,0,0,672,231,0,280,752,21,0,248,847,24,130,208,0,271,731,599,207,954,0,8
1197,사천시,2011,0,134,997,86,76,0,264,928,1704,5,0,경상남도,112,2024,242,10,180,56,525,124,0,4,죽림동,1678,863,0,8,0,0,977,176,0,373,770,93,0,133,620,84,139,85,0,161,1196,942,142,802,0,15
632,사천시,1145,0,20,642,64,45,0,205,161,1003,0,0,경상남도,84,2024,17,0,39,2,0,91,0,0,축동면,2268,96,0,0,0,0,191,0,0,10,183,0,0,58,1233,247,140,38,0,2,894,767,101,355,0,1
496,사천시,362,0,19,115,41,11,0,36,255,344,2,0,경상남도,7,2024,22,0,62,6,256,34,0,0,향촌동,332,72,0,3,0,0,216,3,0,80,146,4,0,24,57,18,18,20,0,36,158,165,15,185,0,4
0,산청군,474,0,82,684,0,0,0,0,418,275,1,0,경상남도,84,2024,0,0,0,0,0,39,0,0,단성면,0,1,0,0,0,0,0,16,0,92,0,64,0,7,0,0,0,0,0,26,0,484,0,0,0,0
8386,산청군,9901,0,0,5401,0,0,0,0,7654,14341,0,0,경상남도,0,2024,2,0,0,0,0,0,0,0,산청읍,12841,290,0,0,0,0,8583,0,0,71,7569,0,0,0,11728,0,0,0,0,0,7367,9242,0,6159,0,0
288,산청군,442,0,23,178,13,7,0,16,324,514,0,0,경상남도,10,2024,44,0,26,10,0,14,0,11,신안면,537,177,0,0,0,0,140,25,0,70,162,26,0,17,157,7,17,6,0,12,259,313,17,163,0,10
14916,양산시,18118,0,2845,14466,1382,3215,285,3242,19701,30003,2370,25,경상남도,2510,2024,7402,0,3002,1811,420,2079,0,611,교동,24740,10368,0,8,0,0,16568,8737,63,9897,55655,1307,176,1266,22242,3110,2515,1677,0,1747,19194,31098,2214,34092,0,443
44365,양산시,57441,103,11314,37111,6928,10823,2962,12568,42559,87038,10322,618,경상남도,9262,2024,22777,0,10787,5387,5514,8223,0,3659,남부동,79236,27000,0,340,0,0,39687,20279,329,29656,58560,4646,1812,7475,46893,8051,10362,7284,304,7924,42163,51111,8530,49693,0,2735
6373,양산시,6719,46,3880,5119,3893,6609,1042,3735,5116,9211,1153,352,경상남도,2982,2024,3385,0,4615,1911,1105,2975,0,1120,다방동,8570,4404,0,719,0,0,5834,2605,141,4674,6685,1547,510,4094,9756,5107,3115,3267,371,2904,5455,6882,3044,5756,0,2171
139166,양산시,132640,530,70485,130890,61686,54921,9846,62195,144328,151846,24861,2945,경상남도,42872,2024,58933,2601,76119,25377,18060,64838,1,11241,덕계동,169506,43964,1,1017,0,0,146439,42941,2150,83734,172490,19322,6693,56977,135910,41481,68981,61372,535,59735,133076,162026,58618,155610,15,9416
135149,양산시,156754,320,60551,134077,46738,66439,12168,62066,132879,235649,30971,3977,경상남도,45788,2024,59987,304,57075,29339,17197,43311,0,22502,동면,228733,72505,0,1804,1,1,128720,50374,6646,82781,165728,28036,11236,44761,130609,44475,46737,59019,1724,57008,130220,156683,48703,145290,1,36281
1149,양산시,1194,0,381,1931,619,895,0,163,1643,258,0,0,경상남도,93,2024,0,0,355,0,0,464,0,0,매곡동,1564,0,0,0,0,0,1746,0,0,653,895,0,0,278,868,103,383,636,0,520,0,1786,0,1183,0,0
1219,양산시,918,0,273,2260,193,509,0,180,3061,867,0,0,경상남도,200,2024,331,0,221,82,0,177,0,0,명곡동,1018,38,0,0,0,0,1515,140,0,752,4312,54,0,707,2005,196,170,297,0,266,1657,2975,231,2350,0,17
25083,양산시,25072,136,6705,22053,3718,4211,2531,5932,22933,39628,5637,648,경상남도,4312,2024,11493,2,6158,2389,4289,5071,0,2071,명동,37789,6673,0,275,0,0,22729,8223,491,14029,23959,1905,1226,3892,23225,2365,5745,4241,10,4812,21667,26289,4423,21942,0,830
438049,양산시,478635,0,368223,416352,195101,297425,40826,397677,444855,653647,140822,3676,경상남도,284518,2024,239921,4456,329269,185450,77000,243643,1,154740,물금읍,674400,219178,3,4794,2,2,427354,226069,41591,304365,584000,166484,92897,219060,493880,171380,275693,210917,1,232739,432211,544814,253571,512684,21,88188
55404,양산시,45767,160,28905,68283,36669,30912,4148,27706,73420,53857,13995,1834,경상남도,17121,2024,30284,2,33458,12993,4673,31968,0,7396,북부동,53535,21276,0,1868,0,0,62904,24303,1290,39355,104463,10036,2988,34616,72737,24129,33599,33244,539,32991,64379,76291,31635,92095,0,9507
38790,양산시,45856,275,19499,40608,9166,12378,4792,19492,41611,71526,15194,1098,경상남도,13672,2024,34140,0,15840,10998,9880,10960,0,7623,북정동,65327,23391,0,1745,0,0,37656,25043,1223,36328,51037,9989,3575,8349,57270,12531,14532,10336,598,11506,44781,74579,11351,50475,0,5293
649,양산시,0,0,20,1,100,0,0,143,0,253,0,0,경상남도,93,2024,503,0,0,241,0,0,0,0,산막동,0,0,0,0,0,0,0,0,0,5,0,0,0,3,2120,317,136,0,0,0,0,0,0,1937,0,0
88647,양산시,86204,383,27702,92551,29002,19923,6057,21218,104146,81789,16609,1463,경상남도,16001,2024,47074,7,29016,9790,12953,28851,1,6566,삼호동,94820,31325,22,310,0,0,89995,27999,1170,60871,140894,6399,3378,25304,91576,12748,29245,28159,20,26425,93318,137750,25118,118131,0,3819
43660,양산시,45610,398,10347,31739,8121,11969,2105,10628,36370,56064,4200,2012,경상남도,7878,2024,13608,0,9984,6548,5719,8039,0,2637,상북면,64639,24959,0,214,0,0,36821,9242,534,16729,39486,4153,1360,7845,29210,8224,9500,8860,347,9908,36027,44378,9033,37138,0,2731
49921,양산시,57366,242,10055,32524,6260,5903,431,9415,40988,73033,2491,91,경상남도,6767,2024,12046,0,9808,4699,9548,7484,1,2184,소주동,73695,16860,5,27,0,0,42723,4853,560,16703,33540,3184,1233,5293,28192,6406,8690,6765,19,7970,35913,38083,7374,33638,0,1039
29449,양산시,33310,72,12766,24875,9093,10660,1869,11300,28099,42917,5439,392,경상남도,7394,2024,10978,0,13323,5714,3070,10178,0,2910,신기동,41807,17498,0,620,0,0,27844,8821,352,16825,42279,4256,839,7975,27709,8512,12131,8615,153,8799,27141,36291,10255,30883,0,4042
13022,양산시,14354,0,2294,11781,1858,2448,0,3081,9901,32035,4,0,경상남도,1885,2024,2864,0,2663,1204,1923,2105,0,335,어곡동,15748,8432,0,15,0,0,11156,1376,0,4842,12795,938,0,1675,11505,2116,2073,1944,0,1572,10985,11915,1893,10935,0,1127
3928,양산시,4234,13,896,3805,1069,807,144,714,3167,3577,509,23,경상남도,578,2024,2656,35,998,369,707,791,0,267,용당동,5060,1548,3,16,0,0,3021,1074,50,3950,5520,247,111,1154,4610,1720,908,858,0,891,3470,9820,825,5552,0,213
4876,양산시,6373,0,1173,6569,1316,2846,0,810,2591,5221,67,0,경상남도,338,2024,380,0,1325,17,1,1899,0,49,원동면,16322,1014,0,126,0,0,15821,9,0,1653,618,28,0,2642,3078,1369,792,1670,0,1221,4426,7335,976,7899,0,577
499,양산시,372,0,254,1247,112,996,0,214,1454,1080,15,0,경상남도,182,2024,1066,1,226,177,26,166,0,15,유산동,546,820,0,22,0,0,537,383,0,2726,2904,99,0,181,4864,1542,166,166,0,147,1418,6413,169,1584,0,286
4991,양산시,5213,0,625,5830,388,694,48,618,5078,7762,297,0,경상남도,320,2024,1217,0,497,249,622,460,0,25,주남동,7393,1126,0,0,0,0,5341,1254,0,2332,6073,69,1,504,5937,370,535,504,0,480,4156,9093,402,5067,0,597
16464,양산시,18251,54,3934,18965,3520,3457,693,3810,18655,26745,2093,349,경상남도,3081,2024,5453,0,4494,1976,2620,3962,1,1160,주진동,28872,9174,0,26,0,0,16519,3858,262,7032,18241,1688,600,4014,14078,1898,3951,3549,14,4351,19727,16451,4308,17765,0,428
212810,양산시,192227,174,239246,274645,180994,217436,21606,236986,264925,226917,78371,2297,경상남도,168601,2024,184011,5524,240542,105359,30446,219614,0,71791,중부동,261925,88180,0,4381,0,0,241328,157360,22818,232160,368423,92158,47031,166274,342056,149934,219561,187025,1077,191608,263440,379348,211944,337340,14,91469
104349,양산시,107481,485,27222,81184,16766,13036,4142,22781,93009,134917,13714,1163,경상남도,18801,2024,31555,4600,27008,12905,14975,22264,1,6239,평산동,143880,37566,1,283,0,0,97801,22551,1244,43098,81871,9465,3261,12628,66054,6918,26531,19360,442,21662,86134,78968,22037,82323,4,2425
26208,양산시,25340,472,13662,40187,14445,15636,3972,10734,35783,24540,6893,2079,경상남도,7770,2024,15213,0,13440,5732,8815,13231,0,1889,하북면,30471,16396,3,207,0,0,26108,9287,673,17683,44989,4144,1048,13542,28884,9417,12104,14937,39,12173,35275,38333,12264,36437,0,5673
566,양산시,3,0,6,0,85,0,0,23,0,447,0,0,경상남도,14,2024,175,0,0,7,0,0,0,0,호계동,1,0,0,0,0,0,1,0,0,0,0,0,0,45,497,171,53,0,0,0,0,1,0,487,0,0
455,의령군,62,0,0,2,0,0,0,0,558,709,0,0,경상남도,0,2024,0,0,0,0,0,0,0,0,가례면,896,173,0,0,0,0,330,0,0,309,8984,0,0,0,620,0,0,0,0,0,33,2037,0,55,0,0
149,의령군,874,0,0,169,0,0,0,0,330,425,0,0,경상남도,0,2024,0,0,0,0,0,0,0,0,궁류면,9,0,0,0,0,0,0,0,0,103,52,0,0,0,33,0,0,0,0,0,54,96,0,98,0,0
78,의령군,365,0,0,0,0,0,0,0,31,152,0,0,경상남도,0,2024,0,0,0,0,0,0,0,0,낙서면,180,21,0,0,0,0,54,0,0,0,73,0,0,0,32,0,0,0,0,0,57,0,0,3,0,0
78,의령군,0,0,0,70,0,0,0,0,0,257,0,0,경상남도,0,2024,0,0,0,0,0,0,0,0,대의면,4,0,0,0,0,0,182,0,0,0,0,0,0,0,116,0,0,0,0,0,63,29,0,3,0,0
5,의령군,0,0,0,0,0,0,0,0,0,0,0,0,경상남도,0,2024,0,0,0,0,0,0,0,0,봉수면,1,0,0,0,0,0,1,0,0,0,0,0,0,0,0,0,0,0,0,0,0,3,0,0,0,0
575,의령군,504,0,0,593,0,0,0,0,1430,2350,0,0,경상남도,0,2024,13,0,0,0,0,0,0,0,부림면,237,65,0,0,0,0,594,0,0,213,1034,0,0,0,372,0,0,0,0,0,249,983,0,170,0,0
581,의령군,1292,0,0,91,0,0,0,0,30,2062,0,0,경상남도,0,2024,2,0,0,0,0,0,0,0,용덕면,617,44,0,0,0,0,424,0,0,15,419,0,0,0,191,0,0,0,0,0,810,60,0,12,0,0
168,의령군,132,0,0,149,0,0,0,0,227,442,0,0,경상남도,0,2024,1,0,0,0,0,0,0,0,유곡면,94,481,0,0,0,0,119,0,0,7,112,0,0,0,11,0,0,0,0,0,63,184,0,30,0,0
1915,의령군,1630,0,0,2060,0,0,0,0,1886,5310,0,0,경상남도,0,2024,23,0,0,0,0,0,0,0,의령읍,6546,503,0,0,0,0,2487,0,0,869,2958,0,0,0,2480,0,0,4,0,0,2773,3912,1,1207,0,0
544,의령군,486,0,0,173,0,0,0,0,142,1737,0,0,경상남도,0,2024,1,0,6,0,0,0,0,0,정곡면,247,7,0,0,0,0,160,0,0,19,657,0,0,0,12,0,0,0,0,0,66,253,0,178,0,0
783,의령군,243,0,4,328,2,0,0,9,166,629,0,0,경상남도,0,2024,0,0,0,0,0,77,0,0,지정면,7,0,0,0,0,0,2,0,0,51,250,0,0,14,259,2,0,0,0,0,104,27,1,319,0,0
47,의령군,0,0,0,58,0,0,0,0,0,616,0,0,경상남도,0,2024,0,0,0,0,0,0,0,0,칠곡면,14,0,0,0,0,0,245,0,0,0,0,0,0,0,17,0,0,0,0,0,38,152,0,27,0,0
79,의령군,1125,0,0,138,0,0,0,0,467,426,0,0,경상남도,0,2024,57,0,0,0,0,0,0,0,화정면,157,1,0,0,0,0,105,0,0,45,0,0,0,0,109,0,0,0,0,0,17,254,0,213,0,0
96281,진주시,106571,0,47114,121478,24546,33177,6670,44600,131161,130942,89431,0,경상남도,30863,2024,102641,0,42871,25367,10606,28719,0,14113,가좌동,181529,33542,0,763,0,0,94861,100842,0,122027,213672,22137,2137,26808,188532,31571,35957,22428,0,32574,125473,201881,30563,158726,0,7855
33957,진주시,33545,0,9616,37636,6817,9502,2054,8895,42905,35287,26313,0,경상남도,4719,2024,29481,0,8738,3646,3424,8145,0,2806,강남동,50834,11293,0,246,0,0,37558,29305,0,34248,61925,3275,261,7564,57444,4283,9012,7054,0,7426,39115,63457,8349,60027,0,1550
7614,진주시,8061,0,3943,10597,2302,2660,354,2769,11005,8380,4560,0,경상남도,1437,2024,19035,0,4459,1011,1184,2699,0,604,계동,10811,2785,0,124,0,0,7880,6095,0,13395,25964,747,18,2371,20038,1891,3630,2810,0,3347,13407,20994,3482,16820,0,1027
4269,진주시,5200,0,304,3297,247,622,0,280,3257,6183,235,0,경상남도,163,2024,926,0,213,154,3,338,0,60,금곡면,3290,4544,0,12,0,0,2661,432,0,988,4279,151,0,383,2683,333,254,319,0,251,2837,4727,370,2431,0,112
28446,진주시,39035,0,4042,22247,1465,2215,1011,3575,25770,76977,8493,0,경상남도,2347,2024,11586,0,3338,2383,2453,2148,0,1460,금산면,47832,16993,0,168,0,0,26661,9128,0,14216,28919,1795,37,1590,26575,2450,2409,1723,0,1840,26619,27682,2027,25054,0,450
2664,진주시,1880,0,1292,5915,923,1020,446,1197,4758,2075,2707,0,경상남도,751,2024,4505,0,1246,629,988,1088,0,223,남성동,3413,1068,0,132,0,0,4215,4834,0,4458,7603,485,55,658,7406,363,1228,1056,0,972,4834,7173,1135,6432,0,371
11849,진주시,11078,0,7576,11060,3660,6838,118,6831,12932,14779,3200,0,경상남도,4074,2024,6136,0,5773,2768,1033,3932,0,1883,내동면,21131,3470,0,12,0,0,10508,6427,0,9299,12916,2687,240,4111,16881,2989,5710,3226,0,4400,11383,16788,4177,13413,0,498
7515,진주시,11685,0,606,3278,422,457,0,468,6059,9030,236,0,경상남도,386,2024,1012,0,380,350,0,328,0,50,대곡면,6883,4195,0,0,0,0,4191,585,0,1465,4321,160,0,533,4287,498,306,409,0,283,5138,5201,489,5228,0,598
52399,진주시,51043,0,25756,86076,24995,37129,2028,18165,70446,42878,25790,0,경상남도,9389,2024,49333,0,27927,6218,2118,26839,0,2821,대안동,62554,17673,0,2013,0,0,62114,42578,0,58724,114862,4374,310,26290,97143,29946,28559,25769,0,25379,75926,113862,25313,107047,0,17790
0,진주시,1851,0,11,1307,0,61,0,148,934,1004,5,0,경상남도,77,2024,19,0,101,39,61,189,0,2,대평면,2166,1988,0,0,0,0,1550,65,0,370,1203,31,0,13,941,5,4,156,0,3,266,1581,2,578,0,53
9994,진주시,9883,0,9283,15619,7447,7824,958,7863,15039,6721,9531,0,경상남도,3970,2024,14863,0,8572,2899,657,8489,0,1818,동성동,13363,2705,0,292,0,0,12766,14247,0,13325,23745,2568,274,6784,24628,5437,7972,7171,0,7770,16236,25000,8297,20767,0,2221
8066,진주시,11121,0,1687,9213,1103,1215,310,1519,10438,18056,3569,0,경상남도,960,2024,4152,0,1532,603,822,1236,0,348,망경동,21728,6115,0,18,0,0,7744,4687,0,4774,8639,941,102,1053,9368,489,1235,946,0,1155,10942,9254,1331,7154,0,164
7794,진주시,13174,0,407,5931,321,216,0,546,6041,9398,220,0,경상남도,387,2024,1429,0,479,240,4,439,0,75,명석면,12741,6272,0,2,0,0,6509,811,0,1578,5849,260,0,297,4739,245,348,514,0,368,7425,5549,546,4660,0,122
14255,진주시,17357,0,3218,14541,2360,3824,323,3206,15959,29441,2205,0,경상남도,2004,2024,6716,0,3906,1972,131,2445,0,827,문산읍,24620,9511,0,98,0,0,12063,6634,0,8681,20951,1559,72,2628,19663,4438,2803,1655,0,2225,12996,22588,2082,12943,0,1015
109,진주시,4643,0,25,703,0,3,0,41,2097,18,0,0,경상남도,9,2024,61,0,6,9,0,27,0,2,미천면,1601,4061,0,0,0,0,1209,30,0,153,551,13,0,31,908,0,30,33,0,27,56,42,15,1793,0,3
2929,진주시,2329,0,4492,6964,3131,5588,541,3591,5307,1061,4279,0,경상남도,1867,2024,8066,0,4026,1479,275,3409,0,986,본성동,2282,406,0,234,0,0,4372,9097,0,8526,10371,1251,278,3488,13730,2099,3936,3304,0,3229,6327,13853,3787,8476,0,850
15938,진주시,15534,0,4154,17017,4062,2894,690,3627,16346,18939,5463,0,경상남도,2450,2024,9818,0,4221,1740,724,3515,0,939,봉곡동,27801,7761,0,51,0,0,18680,7641,0,12520,20635,1469,200,3141,18748,1608,3829,3910,0,3526,17830,20296,3448,18913,0,1191
2738,진주시,1941,0,418,1069,364,766,0,394,2114,2531,48,0,경상남도,321,2024,277,0,399,151,0,384,0,24,사봉면,4437,1094,0,2,0,0,1303,172,0,470,1628,132,0,313,1065,456,322,238,0,274,1264,2151,335,2388,0,433
113713,진주시,141312,0,72067,133534,42304,61010,7407,70201,145542,139037,51340,0,경상남도,40753,2024,85158,0,66009,30364,10498,48429,0,25113,상대동,229064,50157,0,2143,0,0,124364,84587,0,107668,226756,33398,2385,49138,194895,39402,58520,44842,0,48838,136694,210446,48553,184767,0,14465
36633,진주시,45163,0,6540,38923,3562,6644,1916,6303,58759,52523,13575,0,경상남도,3807,2024,23580,0,6510,3160,7384,4364,0,2486,상봉동,75341,22803,0,206,0,0,42060,24586,0,31351,88476,2895,356,3603,57688,2562,5477,3813,0,4847,51699,77879,5124,58673,0,739
8815,진주시,9308,0,2207,8100,1045,2503,78,1742,8595,17593,1815,0,경상남도,1532,2024,4442,0,1481,1195,253,1369,0,617,상평동,18278,4208,0,27,0,0,7845,3416,0,7219,8751,889,55,1106,14133,1397,1278,1180,0,1149,8514,19890,1237,8703,0,699
4230,진주시,5230,0,337,2213,120,160,0,165,3263,6694,0,0,경상남도,161,2024,349,0,206,169,0,222,0,0,수곡면,4924,584,0,0,0,0,2338,155,0,619,3811,108,0,221,1831,221,151,85,0,143,2016,6212,208,2021,0,0
154,진주시,83,0,65,133,95,164,0,59,125,331,98,0,경상남도,18,2024,50,0,76,14,57,79,0,5,수정동,251,129,0,18,0,0,152,93,0,65,173,17,0,117,355,127,119,76,0,55,405,335,121,192,0,56
64994,진주시,75067,0,13709,66804,8018,8077,3122,13385,66546,84542,23312,1,경상남도,9213,2024,41310,0,12758,6361,9303,9936,0,5051,신안동,121838,29439,0,84,0,0,66594,37487,2,53398,89906,6434,1263,7429,83387,2896,11469,8245,0,8460,73146,87296,9324,97261,0,911
11298,진주시,13138,0,7164,14462,4025,5644,775,5984,14919,16244,7362,0,경상남도,4285,2024,14706,0,6696,2949,991,4553,0,1763,옥봉동,22192,4194,0,292,0,0,13474,13007,0,15211,18209,2585,141,4559,22490,4853,5427,4360,0,4631,14477,23131,5075,16566,0,1827
96,진주시,201,0,45,246,24,8,0,55,259,284,27,0,경상남도,26,2024,107,0,45,25,2,45,0,9,유곡동,119,133,0,1,0,0,238,58,0,98,103,17,0,12,99,11,48,93,0,68,149,181,67,101,0,69
772,진주시,1185,0,56,1207,67,253,0,77,514,566,13,0,경상남도,72,2024,70,0,76,23,0,123,0,14,이반성면,2879,580,0,0,0,0,863,32,0,111,816,47,0,78,505,18,127,92,0,131,819,1611,117,875,0,8
24561,진주시,30282,0,4494,22506,2090,2329,339,3974,27800,33944,4123,0,경상남도,2197,2024,11962,0,5393,1622,3439,2832,1,1213,이현동,46330,12606,0,81,0,0,25727,10458,0,14837,57696,1513,205,2242,31795,1367,4886,2355,0,2735,25856,30375,2981,49995,0,757
12867,진주시,18118,0,8178,16302,4827,4144,1713,7423,14978,21319,7892,0,경상남도,4240,2024,12807,0,7794,3558,2027,6292,0,1563,인사동,29332,6820,0,125,0,0,14466,12862,0,14240,21891,2627,202,4043,24203,3091,6567,5633,0,5367,16319,23479,5905,18143,0,1466
7430,진주시,6361,0,2012,4821,1853,1646,0,1017,6391,8287,314,0,경상남도,746,2024,1235,0,1788,475,3,1273,0,51,일반성면,7479,2672,0,10,0,0,5745,1031,0,1736,8287,356,0,915,3543,1645,1191,966,0,1054,4287,6175,1098,5614,0,545
30032,진주시,31325,0,8958,44513,9674,14124,1051,7787,37678,20727,10951,0,경상남도,4204,2024,19242,0,10456,2727,2240,9569,0,1515,장대동,35569,7956,0,1047,0,0,37762,16740,0,25165,51365,2315,165,10805,40914,11968,10070,9420,0,9012,38896,53691,9524,51358,0,5366
5369,진주시,5288,0,997,4781,651,1030,152,1127,7474,9114,3063,0,경상남도,661,2024,4724,0,1430,682,36,728,0,446,장재동,7019,1914,0,49,0,0,6573,6046,0,4204,18206,564,31,788,12123,762,1350,564,0,753,7878,14071,757,11802,0,838
10181,진주시,18484,0,1578,12856,734,1279,0,1313,9586,29677,2349,0,경상남도,1628,2024,10366,0,2313,851,1403,1138,0,592,정촌면,30013,7457,0,7,0,0,13846,5445,0,10984,15101,568,5,556,14499,1794,1181,839,0,845,12697,22463,1025,9377,0,583
21841,진주시,22386,0,4982,21557,3031,3278,1595,5229,24783,27122,8694,0,경상남도,3351,2024,12834,0,4716,2401,1819,3925,0,1461,주약동,47755,6171,0,126,0,0,23079,10633,0,17565,26989,2209,152,2639,30937,2223,4213,4300,0,4046,23995,30601,3847,22201,0,543
4510,진주시,3118,0,2485,12826,1675,984,1610,2420,8792,3040,10156,0,경상남도,1315,2024,15652,0,2599,846,57,2529,0,378,중안동,3154,404,0,5,0,0,7261,15901,0,15894,24950,829,84,1310,27142,720,2838,2106,0,2076,10719,27102,2125,18166,0,106
298,진주시,498,0,13,0,16,36,0,13,5,509,0,0,경상남도,9,2024,71,0,27,10,0,0,0,0,지수면,724,487,0,0,0,0,494,7,0,1,210,7,0,12,88,3,27,12,0,0,591,273,20,297,0,2
2513,진주시,2368,0,319,1305,373,124,1,647,1377,3501,89,0,경상남도,247,2024,464,0,204,166,17,527,0,23,진성면,2232,837,0,11,0,0,1564,500,0,1586,2383,135,0,371,3832,370,381,187,0,171,2186,2167,338,1874,0,104
6899,진주시,8701,0,414,3130,336,692,0,589,6576,17984,455,0,경상남도,346,2024,1436,0,499,303,26,385,0,294,집현면,11112,6445,0,2,0,0,3666,553,0,1749,3999,236,0,576,5036,836,419,284,0,354,5266,3497,419,5264,0,241
50586,진주시,59995,0,21205,55776,11938,20990,4281,22709,60360,118667,55390,0,경상남도,11933,2024,55825,0,22125,10677,3224,12683,0,9303,초전동,128178,19516,0,1369,0,0,51281,66991,0,55190,112675,11783,519,13568,105952,14471,17404,11863,0,13705,63516,100425,15219,84533,0,3378
46679,진주시,52394,0,17914,60998,8809,21155,8517,17361,56180,86314,54653,0,경상남도,9647,2024,67852,0,13886,8164,1636,11392,0,4949,충무공동,92682,17964,0,736,0,0,47402,83482,0,67760,98248,7698,318,9867,134606,11290,13168,8125,0,11790,61865,110900,13060,86083,0,2391
59238,진주시,51863,0,20699,68483,16176,21936,7069,23473,64834,28747,53608,0,경상남도,12901,2024,51401,0,21349,9962,2881,17478,0,7583,칠암동,61012,13395,0,339,0,0,66148,51768,0,58376,99273,9833,1440,16841,104626,11277,19677,16446,0,17072,63481,108806,18517,84028,0,7239
3032,진주시,3266,0,1523,7654,1035,1627,74,1219,9159,2988,1292,0,경상남도,627,2024,5513,0,1408,600,182,1402,0,300,판문동,3974,1635,0,0,0,0,4941,4791,0,3956,35084,591,92,1066,9304,1235,1211,1162,0,1251,11821,32019,1531,31833,0,187
87997,진주시,101533,0,25206,95452,9393,10416,5850,24539,105412,163893,63781,7,경상남도,14914,2024,87547,6,27937,11485,14918,15274,0,7408,평거동,216982,38104,0,159,0,0,88133,84599,5,104951,156689,11636,2094,8636,155951,6323,21126,10827,0,13919,104389,159232,14136,120832,0,1677
3828,진주시,3601,0,2972,6828,1767,2565,434,2522,7341,5907,2180,0,경상남도,1336,2024,14098,0,2546,971,139,2309,0,684,평안동,7721,1660,0,29,0,0,4750,4381,0,9004,27214,946,119,1339,13077,1580,2511,2174,0,2228,8269,14076,2226,15655,0,342
59687,진주시,73655,0,13616,57141,6149,7625,6102,15887,64446,102172,31857,0,경상남도,9517,2024,45448,0,11523,7805,8912,8100,0,7907,하대동,132953,34599,0,452,0,0,53457,48079,0,47564,114378,8716,810,5859,85073,4038,10196,6589,0,7550,70180,90416,8224,91301,0,1198
245,진주시,2,0,0,0,0,0,0,0,0,227,0,0,경상남도,1,2024,16,0,0,0,0,0,0,0,하촌동,159,0,0,0,0,0,0,0,0,6,21,0,0,0,0,0,0,0,0,0,175,314,1,0,0,0
17885,진주시,21086,0,4710,17446,2009,2925,522,5144,17935,29345,6052,0,경상남도,2687,2024,12048,0,3856,2621,2089,2737,0,1882,호탄동,39755,8308,0,178,0,0,15676,9322,0,12969,19987,2521,274,2076,19972,1387,2822,2070,0,3180,20330,21702,2533,20836,0,508
495,창녕군,892,0,0,163,0,0,0,0,586,1159,0,0,경상남도,0,2024,0,0,0,0,0,0,0,0,계성면,671,181,0,0,0,0,186,0,0,6,229,0,0,0,147,0,0,0,0,0,382,221,0,222,0,0
296,창녕군,354,0,0,659,0,0,0,0,294,480,0,0,경상남도,0,2024,0,0,0,0,0,0,0,0,고암면,460,4,0,0,0,0,163,0,0,50,372,0,0,0,51,0,0,0,0,0,202,151,0,197,0,0
139,창녕군,119,0,0,121,0,0,0,0,56,249,0,0,경상남도,0,2024,0,0,0,0,0,0,0,0,길곡면,161,3,0,0,0,0,165,0,0,12,42,0,0,0,150,0,0,0,0,0,23,43,0,71,0,0
571,창녕군,924,0,47,581,1,73,0,5,1071,1194,0,0,경상남도,2,2024,41,0,21,4,0,26,0,0,남지읍,1310,31,0,0,0,0,563,1,0,92,618,1,0,0,439,17,1,29,0,0,601,1108,0,664,0,0
111,창녕군,238,0,0,179,0,0,0,0,141,608,0,0,경상남도,0,2024,17,0,0,0,0,0,0,0,대지면,287,3,0,0,0,0,156,0,0,19,231,0,0,0,84,0,0,0,0,0,142,414,0,158,0,0
224,창녕군,237,0,0,146,0,0,0,0,179,769,0,0,경상남도,0,2024,0,0,0,1,0,0,0,0,대합면,556,6,0,0,0,0,177,0,0,28,278,0,0,3,212,0,0,0,0,0,320,146,0,171,0,0
173,창녕군,200,0,0,35,0,0,0,0,266,331,0,0,경상남도,0,2024,0,0,0,0,0,0,0,0,도천면,367,1,0,0,0,0,276,0,0,37,75,0,0,0,120,0,0,0,0,0,330,392,0,152,0,0
1401,창녕군,1414,0,0,760,0,0,0,0,1061,1805,0,0,경상남도,0,2024,0,0,0,0,0,0,0,0,부곡면,2441,132,0,0,0,0,938,0,0,185,1180,0,0,0,645,0,0,0,0,0,879,910,0,690,0,0
40,창녕군,1331,0,1,78,0,0,0,0,0,486,0,0,경상남도,1,2024,0,0,0,0,0,0,0,0,성산면,90,33,0,0,0,0,663,8,0,12,40,3,0,3,41,0,0,2,0,0,281,104,2,133,0,0
2781,창녕군,4029,0,0,1977,0,0,0,0,4117,5622,0,0,경상남도,0,2024,3,0,0,0,0,0,0,0,영산면,4767,337,0,0,0,0,2506,0,0,567,4491,0,0,0,2405,0,0,0,0,0,3350,4319,0,3039,0,0
230,창녕군,78,0,0,80,0,0,0,0,76,380,0,0,경상남도,0,2024,0,0,0,0,0,0,0,0,유어면,257,1,0,0,0,0,28,0,0,0,21,0,0,0,60,0,0,0,0,0,107,109,0,82,0,0
1267,창녕군,1883,0,0,833,0,0,0,0,1371,1941,0,0,경상남도,0,2024,0,0,0,0,0,0,0,0,이방면,1870,46,0,0,0,0,1150,0,0,208,1871,0,0,0,719,0,0,0,0,0,1496,1171,0,926,0,0
394,창녕군,378,0,0,108,0,0,0,0,220,267,0,0,경상남도,0,2024,0,0,0,0,0,0,0,0,장마면,208,6,0,0,0,0,219,0,0,110,245,0,0,0,320,0,0,0,0,0,243,465,0,164,0,0
11795,창녕군,15130,0,0,8438,0,0,0,0,13798,19702,0,0,경상남도,0,2024,158,0,0,0,0,0,0,0,창녕읍,20414,1237,0,0,0,0,10298,0,0,1937,15558,0,0,0,7230,0,0,0,0,0,10882,11320,0,9902,0,0
16665,창원시,20561,0,11537,20312,5205,6241,3536,14326,20148,26922,10651,80,경상남도,8468,2024,14665,15,10499,7695,1866,8033,0,5998,가음동,33405,13769,0,208,0,0,17794,14233,285,17973,32618,7369,2871,5822,26714,3721,9203,6260,0,7850,20501,28182,7779,25642,0,3341
16541,창원시,15098,0,5374,17726,2689,5026,1428,5483,15048,25316,6820,3,경상남도,3597,2024,16978,0,4419,3240,4450,3269,0,2003,가음정동,25668,10872,0,274,0,0,15558,11318,50,18420,22532,2817,630,3378,30514,11128,3953,2769,0,2929,19741,34102,3108,18015,0,4804
618,창원시,1292,0,219,645,10,6,0,19,318,556,0,0,경상남도,10,2024,42,0,17,2,0,25,0,0,가주동,813,134,0,0,0,0,624,1,0,243,320,5,0,45,502,9,38,29,0,20,381,177,14,958,0,4
16253,창원시,13662,0,4625,10972,2607,2858,514,3965,15599,19256,3496,48,경상남도,3351,2024,9113,9,4959,2539,4340,3125,0,1544,가포동,19679,7785,0,74,0,0,13733,7100,104,10172,34376,2132,603,2554,16905,4372,3367,3040,0,3262,14775,20232,3703,18571,0,1399
60842,창원시,63937,0,14874,56889,14011,10565,4285,11744,64466,68277,12502,183,경상남도,8393,2024,28228,0,16648,6937,13537,14900,0,4039,경화동,75780,34988,0,934,0,0,62538,22469,37,33738,87608,5448,1855,11278,57996,6267,15991,14329,0,15257,68372,69017,14661,72043,0,3624
3191,창원시,3356,0,135,3375,92,166,154,80,4301,6073,1216,0,경상남도,68,2024,2011,0,106,77,385,148,0,29,광화동,5813,2114,0,8,0,0,3040,1853,0,2464,4972,55,7,104,3780,54,138,99,0,171,3436,5223,135,5194,0,35
11542,창원시,13969,0,2270,9881,1206,1100,723,2344,12299,21917,2352,26,경상남도,1673,2024,5936,0,1887,1052,3116,1592,0,854,교방동,19710,9624,0,76,0,0,10288,5814,12,7074,20223,1479,349,896,12716,525,1836,1263,0,1506,13561,13752,1446,14820,0,506
10386,창원시,10079,0,497,8807,1223,1236,10,603,9013,9331,430,0,경상남도,341,2024,2658,9,904,389,4054,1020,0,170,구산면,14697,5501,0,13,0,0,9758,1199,1,2693,10360,343,12,1199,6626,273,981,1138,0,982,7885,6130,920,11347,0,166
99463,창원시,120423,0,31841,99490,23435,33036,10738,28537,103228,140710,29194,14,경상남도,18321,2024,46608,0,31463,14418,19882,23722,0,10702,구암동,152303,71851,0,2336,0,0,99879,47526,5,64601,164380,13831,3555,27746,113247,29129,25648,22971,1,26492,105951,140821,26748,126575,0,16675
308,창원시,542,0,300,602,210,159,182,254,519,112,882,0,경상남도,279,2024,936,0,152,305,31,156,0,98,귀곡동,228,386,0,40,0,0,182,2085,0,1777,1617,124,1,68,1155,219,161,121,0,77,597,714,135,1117,0,16
1336,창원시,1364,0,152,742,248,52,172,197,746,769,250,0,경상남도,67,2024,376,0,219,35,30,184,0,65,귀산동,520,809,0,15,0,0,543,702,0,835,1358,35,5,155,988,24,197,118,0,111,1279,594,223,1169,0,12
378,창원시,353,0,25,165,7,12,25,4,339,183,67,0,경상남도,14,2024,52,0,10,24,0,10,0,6,귀현동,233,46,0,0,0,0,165,143,0,256,199,10,1,6,290,20,17,6,0,18,484,199,20,381,0,2
13810,창원시,14920,0,1664,10486,975,1064,3077,2167,13314,23707,6027,2,경상남도,1240,2024,6613,0,1881,1223,4395,1395,0,900,남문동,19710,11061,0,105,0,0,10683,7321,0,8210,18782,946,390,868,13554,844,1515,1031,0,1415,13459,15594,1711,13232,0,550
670,창원시,468,0,4,1282,463,0,0,0,854,0,0,0,경상남도,0,2024,0,0,424,0,0,825,0,0,남빈동,0,0,0,0,0,0,901,0,0,0,59,0,0,8,0,0,821,647,0,564,1069,0,793,931,0,0
49047,창원시,53536,0,38722,62060,29944,38040,16181,38663,60099,61348,41872,807,경상남도,26876,2024,59982,1,39837,23278,4000,30460,0,14793,남산동,68309,31966,0,1145,0,1,54654,55718,274,70982,91651,22137,6081,31180,96535,42200,35371,30210,0,32273,61070,105721,31242,73875,0,26059
99617,창원시,75958,0,26300,136161,46809,33540,5201,15621,120369,48139,18806,233,경상남도,7977,2024,43202,0,36747,6682,4900,42936,0,3995,남성동,65919,26508,0,3585,0,0,115822,31682,39,46060,135981,5788,1426,39286,78281,24753,44426,45082,0,42671,121250,109679,39601,151366,0,14222
59962,창원시,79946,0,6584,49643,4386,6606,3633,7062,59317,89107,15899,17,경상남도,4938,2024,27330,93,6864,3626,19749,4584,0,3728,남양동,116538,43890,0,446,0,0,56246,21457,11,35483,62537,4131,1199,5422,61714,5225,5651,4995,0,5874,57515,68581,4799,53119,0,3504
5630,창원시,6191,0,2767,7926,1060,3748,526,3219,7108,11411,1973,3,경상남도,1823,2024,8079,0,1950,1651,1231,1263,0,650,내동,9893,8865,0,446,0,0,6039,5505,8,7995,19394,848,186,1485,15310,3094,1514,992,0,1200,7219,25551,1302,15604,0,1738
219597,창원시,249660,0,87260,213478,52243,64685,34194,86179,254143,321399,96289,58,경상남도,52556,2024,145108,2,85397,43450,39239,59447,1,33984,내서읍,328011,124797,0,4636,0,0,231817,136292,356,157932,315150,46067,14308,54807,263281,46197,66127,52264,0,57864,239744,321386,60672,259141,0,20498
65,창원시,38,0,12,0,4,0,0,8,85,38,2,0,경상남도,0,2024,7,0,0,9,16,0,0,5,대내동,0,0,0,0,0,0,0,0,0,0,0,0,0,2,35,2,4,0,0,11,119,22,6,27,0,0
47094,창원시,63978,0,14001,46870,5546,5688,7699,16891,52076,80550,22721,312,경상남도,10769,2024,33714,1,11510,8447,14279,7860,0,6901,대방동,107641,30775,0,138,0,0,47799,33517,226,38335,60778,8705,3188,5728,55412,3678,10689,6208,0,7469,50936,60427,7428,56136,0,1293
12301,창원시,13695,0,1093,9221,822,850,65,881,10925,14494,1629,0,경상남도,1264,2024,4196,0,1039,834,1544,1081,0,618,대산면,15490,8102,0,10,0,0,11077,3390,0,5017,14004,755,219,983,7729,611,1062,1095,0,942,8818,18636,965,8733,0,474
10735,창원시,13742,0,2305,10522,1201,2223,852,2902,12250,25728,2963,1,경상남도,1596,2024,7920,0,2294,1237,1847,1601,0,1092,대원동,21701,8761,0,148,0,0,10835,6615,11,8871,31141,1302,399,1315,18454,2180,1919,1270,0,1613,13738,21994,1844,13189,0,2261
128,창원시,218,0,2,110,11,3,0,1,167,171,0,0,경상남도,0,2024,0,0,2,0,0,0,0,0,대장동,7,66,0,0,0,0,121,0,0,0,106,0,0,13,82,1,5,14,0,18,0,21,0,77,0,0
528,창원시,883,0,72,427,32,16,30,119,323,88,91,0,경상남도,60,2024,164,0,29,34,8,53,0,33,대죽동,360,103,0,0,0,0,82,118,0,375,224,34,17,18,252,6,66,28,0,49,131,635,82,227,0,3
5,창원시,12,0,98,23,147,99,3,94,17,1,6,1,경상남도,69,2024,21,0,121,50,0,129,0,63,대천동,12,0,0,0,0,0,23,11,36,12,30,53,59,119,12,10,101,117,0,98,14,16,99,23,0,1
1591,창원시,1556,0,21,1191,12,13,70,11,1650,3869,820,0,경상남도,7,2024,828,0,26,7,333,67,0,4,대흥동,1781,1184,0,0,0,0,1291,759,0,988,1500,2,2,10,1621,5,26,22,0,17,1557,2125,33,1428,0,4
3658,창원시,5253,0,1050,6816,813,1210,180,610,4743,3898,982,3,경상남도,613,2024,3270,191,1190,606,2675,1126,0,286,덕동동,4999,3008,0,30,0,0,3915,1593,15,2957,6061,374,114,904,4622,623,1303,985,0,1167,5063,6888,1263,6283,0,342
5643,창원시,6813,0,1938,5786,1270,1044,458,2011,9488,8940,1574,14,경상남도,1472,2024,3875,0,1816,1155,1383,1481,0,539,덕산동,7855,5832,0,42,0,0,6490,2453,4,3335,9962,838,251,1054,5996,440,1584,1358,0,1649,6269,6943,1584,9998,0,474
1360,창원시,1065,0,1117,1422,387,765,96,1178,1705,1407,322,0,경상남도,694,2024,1345,0,1155,367,118,579,0,127,덕정동,977,407,0,93,0,0,1569,837,0,1621,3898,232,40,669,3073,964,935,519,0,766,1298,3640,728,2165,0,541
76742,창원시,99322,0,24148,77021,13243,17380,16839,26545,81223,130390,44985,82,경상남도,15497,2024,64739,1,21998,12363,20690,16565,0,11635,도계동,138540,54575,0,2068,0,0,76337,61407,20,66508,108120,11792,3911,14583,107548,11822,18468,14597,1,16075,86828,109644,16022,90085,0,5629
15276,창원시,11194,0,4457,27616,5444,3401,6063,3581,18521,10580,13250,257,경상남도,2307,2024,18420,0,4857,2017,2038,5682,1,2212,동성동,10337,4518,0,2070,0,0,19620,17562,24,15997,26628,2320,870,4266,21489,2101,5552,5846,0,5479,22875,24646,5474,28919,0,1468
62879,창원시,63454,0,15478,51153,12502,9238,1324,14847,55505,108258,14385,0,경상남도,10723,2024,24968,0,14758,8745,7625,12643,0,5987,동읍,88010,39598,0,489,0,0,55835,20093,0,31429,71296,7899,541,11011,53387,11783,14147,11956,0,11719,50749,69939,12049,65039,0,5489
46211,창원시,55947,0,57646,52791,45398,70707,8594,55990,53421,51148,28961,16,경상남도,36972,2024,43393,0,53969,30645,6455,39010,0,19840,동정동,65921,23443,0,6542,0,0,48629,36004,0,44169,65061,27924,3770,56037,73591,59809,44313,43811,1,44151,51324,75719,43179,55239,0,25952
915,창원시,397,0,1788,1093,626,1528,164,1367,1755,3185,711,2,경상남도,818,2024,690,0,1189,524,5,491,0,222,두대동,1670,1555,0,22,0,0,1374,571,0,765,2716,277,70,795,2608,556,722,511,0,757,1803,2925,837,1951,0,410
4065,창원시,4285,0,744,4569,339,1003,477,624,4010,4923,1317,0,경상남도,681,2024,2059,0,599,397,782,647,0,215,두동,7589,2802,0,5,0,0,3471,1094,0,3976,14422,282,96,684,6432,603,432,318,0,429,4685,7515,395,6517,0,169
2719,창원시,3031,0,1364,5700,1089,1139,355,1354,3811,2487,911,0,경상남도,665,2024,2198,0,1187,785,271,1339,0,362,두척동,3723,1760,0,57,0,0,3383,1556,2,2452,5383,738,149,949,4263,983,1405,1065,0,1219,3706,9831,1290,6931,0,421
10362,창원시,9586,0,1532,9880,1340,1376,844,1215,9736,18734,2193,0,경상남도,896,2024,4502,0,2034,601,2021,1521,0,500,마천동,18466,5819,0,42,0,0,10858,3703,0,6549,10728,575,357,1341,10283,798,1596,1490,0,1603,10665,12095,1353,10507,0,266
112,창원시,34,0,16,34,8,1,0,19,54,28,0,0,경상남도,4,2024,3,0,4,2,0,8,0,3,명곡동,19,45,0,0,0,0,58,1,0,3,16,3,0,6,16,2,11,18,0,8,37,8,10,31,0,1
972,창원시,2659,0,129,1244,86,173,24,93,1520,1631,125,0,경상남도,51,2024,516,0,76,171,294,126,0,24,명동,2143,712,0,2,0,0,1367,230,0,571,1258,63,2,119,1598,271,113,139,0,137,1133,2984,93,1959,0,58
86316,창원시,97620,0,33133,92208,24702,33873,14539,33591,97626,97467,42229,134,경상남도,20712,2024,54747,0,33160,16956,15680,26968,0,14428,명서동,111509,51943,0,2856,0,0,93218,52946,134,67066,149900,16428,7073,28045,120990,26412,30717,24698,0,25707,99785,141325,28329,122214,0,10281
5345,창원시,5530,0,964,6434,1191,764,129,677,11580,4186,2570,14,경상남도,564,2024,7529,0,988,486,1074,949,0,420,문화동,7131,2534,0,21,0,0,6709,8894,14,3014,21705,474,214,1068,14292,446,1061,1220,0,826,11327,19147,942,28043,0,97
315,창원시,305,0,209,260,75,570,6,113,383,211,182,0,경상남도,98,2024,292,0,145,79,21,122,0,48,반계동,321,104,0,1,0,0,369,238,0,170,557,68,8,61,514,62,163,104,0,195,361,1119,147,1074,0,21
51924,창원시,61788,0,15880,51452,7464,9877,10240,16039,59170,76286,26651,120,경상남도,9167,2024,40974,0,13687,7955,10073,10034,0,6135,반림동,101350,36869,0,369,0,0,50539,37270,36,54850,84697,7301,2843,7840,86373,5733,11940,8434,0,9449,56635,91300,10364,72130,0,3385
41173,창원시,46393,0,22514,60723,13976,21038,11620,22760,59233,50437,42973,139,경상남도,14732,2024,54398,0,20907,11048,9658,16114,1,8007,반지동,67769,26851,0,2366,0,0,44240,59124,97,60967,93528,10036,3561,14155,96884,13396,18993,13969,0,17075,61442,112663,16622,78604,0,8467
71211,창원시,87445,0,29090,68995,16536,19337,13598,26149,75096,87129,34902,69,경상남도,16322,2024,45477,0,28050,13701,23652,20784,0,11388,봉곡동,108708,51160,0,2994,0,0,70667,43249,30,51925,95193,13014,4885,18200,84562,12289,24597,17488,0,19773,73625,104913,20237,76746,0,7237
8557,창원시,14049,0,392,4452,384,201,134,799,6302,11431,1097,0,경상남도,541,2024,1422,0,885,466,2755,278,0,594,봉림동,8940,6046,0,728,0,0,5915,2326,0,2452,6281,509,211,351,6326,539,833,263,0,805,6929,3575,571,6740,0,153
18100,창원시,20232,0,9553,22178,4706,11022,1410,8083,21230,29311,5783,0,경상남도,5122,2024,24589,0,6937,4332,5848,5685,0,1901,봉암동,32937,12771,0,1527,0,0,20758,10220,0,28424,47163,2991,645,5586,47656,12068,6231,5239,0,5320,25243,81131,5573,38584,0,3915
10985,창원시,9516,0,4041,20874,4533,2765,868,3211,18962,8799,2865,22,경상남도,1648,2024,6636,0,5228,1138,2329,6017,0,911,부림동,10920,4884,0,367,0,0,15115,5224,0,9165,22604,996,458,3305,19247,1117,5903,6604,0,5854,20774,22458,6199,23294,0,503
98160,창원시,100388,0,15087,88647,11796,10774,10871,14480,94634,131082,35909,8,경상남도,10935,2024,49240,0,14320,8774,16811,12799,0,6779,북면,127282,58349,0,607,0,0,82593,47815,3,55980,109157,8603,2150,10589,87310,5931,13275,11226,0,12090,90139,109226,13451,92956,0,4265
5591,창원시,4933,0,643,3936,1232,1223,188,574,10961,3796,444,3,경상남도,264,2024,3892,0,717,215,808,694,0,124,북부동,4889,2768,0,82,0,0,4302,3904,1,3056,16858,206,67,805,5716,838,595,637,0,1265,5341,11476,601,8130,0,282
17,창원시,30,0,58,30,23,9,4,45,21,8,10,13,경상남도,30,2024,20,0,54,15,0,33,0,18,불모산동,17,1,0,0,0,0,35,24,3,22,24,15,9,23,25,1,33,21,0,20,24,30,29,31,0,2
52547,창원시,55251,0,18561,74922,13266,23013,14865,18400,64777,50349,38991,996,경상남도,12198,2024,45001,0,16289,8972,7994,15568,0,7730,사림동,65697,24757,0,600,0,0,58860,47929,118,54585,108840,10373,3443,13812,113199,9523,16110,15165,0,15424,69026,117764,15961,94508,0,6500
67604,창원시,86276,0,15802,69190,12586,16897,7113,15532,75462,104088,23381,101,경상남도,10033,2024,45774,0,15118,7681,24282,12717,1,6269,사파동,130973,55017,0,1520,0,0,68722,35061,78,54584,101225,8247,2319,14223,97150,10126,14024,12749,0,12887,73756,94403,14031,81455,0,6151
10222,창원시,11936,0,4831,10368,2285,3190,1155,6476,11960,20439,3856,104,경상남도,4397,2024,6470,0,4748,2844,3651,3215,0,2393,사파정동,26702,6810,0,131,0,0,10956,5391,79,8536,16043,2911,1167,2829,11966,1807,4173,2570,0,2962,10550,13294,2913,12950,0,686
80474,창원시,88383,0,35569,98293,22205,24455,17446,29955,98285,103350,55014,281,경상남도,17970,2024,102711,0,31572,14076,23766,26938,0,8990,산호동,115605,50829,0,3010,0,0,85973,79471,76,84469,127773,12343,3731,20933,129447,17704,27819,25128,0,27944,101979,147796,28165,116736,0,8498
12848,창원시,17404,0,4624,12554,1830,4024,946,3918,16395,18057,3361,11,경상남도,2743,2024,10625,0,3142,2443,3307,2139,0,1373,삼동동,18301,8333,0,1269,0,0,14519,6953,5,13020,38651,1541,494,2295,21819,9246,2640,2206,0,2539,18597,26323,2459,27844,0,3304
6666,창원시,6639,0,475,9214,380,522,265,440,9431,10248,4042,0,경상남도,294,2024,5166,0,364,204,1459,578,0,154,삼정자동,9684,2610,0,6,0,0,7712,3881,0,6513,15341,184,47,539,14446,369,357,424,0,505,8461,20927,653,11977,0,294
87321,창원시,82703,0,57541,138308,36103,36979,61241,59430,122281,94675,144055,1059,경상남도,38785,2024,164218,1,52209,28910,17467,45456,0,25017,상남동,105834,44250,0,2239,0,0,107610,157350,462,151570,192644,31004,13063,36535,208921,15421,49794,38330,0,41400,132462,195876,44201,176584,0,9187
82,창원시,7,0,5,40,35,36,0,3,100,0,0,0,경상남도,0,2024,2,0,0,0,0,7,0,0,상복동,163,0,0,0,0,0,31,45,0,21,16,2,0,4,54,0,2,13,0,53,46,6,5,16,0,0
49734,창원시,55265,0,21317,48420,12326,15903,5420,20410,56900,77433,18061,0,경상남도,12036,2024,30531,0,20235,10607,12455,14011,0,7599,서상동,77666,31600,0,3033,0,0,50870,25237,0,33989,64037,10351,1793,14666,65005,11448,16878,12636,0,14077,51547,65380,13903,52955,0,5570
14777,창원시,14390,0,7230,20668,8017,8790,1015,6779,20894,17255,4491,28,경상남도,4103,2024,7534,0,6632,3589,2571,7240,0,2095,서성동,16403,6687,0,406,0,0,17119,6154,27,9632,22560,3654,748,8597,20423,5754,7225,7616,0,7487,17261,21695,7200,22535,0,2155
303,창원시,190,0,120,355,102,70,1,35,1227,49,9,0,경상남도,17,2024,38,0,184,18,4,74,0,12,서중동,76,13,0,7,0,0,344,37,0,56,2108,10,4,85,187,105,129,105,0,310,576,778,119,832,0,82
55090,창원시,55872,0,20850,71202,12595,10840,19554,20016,73249,60628,53955,582,경상남도,12933,2024,61131,0,19255,9871,13458,15286,0,8556,석동,67885,32545,0,1366,0,0,61732,64021,285,65146,104466,9496,3884,11457,92270,4804,16883,13216,0,14401,73394,105212,15075,88336,0,3282
143170,창원시,150897,0,70501,155375,57588,78164,25629,65599,167264,164746,67140,155,경상남도,39004,2024,108529,0,67905,32303,28437,55225,0,21599,석전동,193896,76440,0,12205,0,0,154913,100631,22,123970,204119,30067,7964,62491,205551,58657,60059,56628,0,56297,148890,203132,55466,165176,0,29150
1803,창원시,2146,0,452,1725,486,814,127,326,4159,1551,416,0,경상남도,288,2024,2750,0,485,212,152,505,0,210,성내동,1617,628,0,35,0,0,2475,1955,0,1654,9352,209,99,476,3166,330,412,510,0,715,2366,5545,445,3858,0,583
256,창원시,272,0,113,2487,104,767,17,257,1199,1159,103,0,경상남도,166,2024,2091,0,100,65,20,128,0,7,성산동,1542,702,0,33,0,0,496,433,0,3702,2441,16,3,220,4100,1086,82,95,0,115,1156,9071,105,2191,0,842
32475,창원시,39510,0,32409,41611,13942,27717,5237,30295,42411,52575,17246,193,경상남도,21923,2024,41567,657,25677,17420,8622,19415,0,13589,성주동,63968,23476,0,1956,0,0,35645,28828,128,49548,61805,16636,4864,17543,70815,26672,21182,14507,0,18497,41007,89860,18265,49439,1,15011
677,창원시,757,0,77,412,47,79,13,57,471,475,102,0,경상남도,34,2024,148,0,87,21,13,62,0,15,성호동,1185,189,0,1,0,0,504,213,0,242,591,16,2,50,426,16,73,89,0,155,473,436,73,455,0,3
18466,창원시,22470,0,6978,16861,2611,2394,648,5398,20236,27918,4402,0,경상남도,3626,2024,8570,0,4616,3006,902,3330,0,1536,소계동,26121,16209,0,55,0,0,18049,8967,1,12330,24199,2429,379,2254,20736,1635,3729,2974,0,3257,21603,26732,3051,15935,0,836
60916,창원시,71874,0,36809,62322,25909,30636,11803,33924,66443,92620,40750,0,경상남도,20426,2024,50192,0,30941,17196,13868,24948,0,13992,소답동,93374,40327,0,4442,0,0,61925,51227,0,55236,70555,17593,3166,29737,83063,21943,27542,24150,1,27852,68990,82650,28771,65603,0,11094
37,창원시,83,0,0,21,1,2,0,0,56,84,0,0,경상남도,1,2024,0,0,1,0,0,0,0,0,소사동,42,1,0,0,0,0,17,0,0,3,34,0,0,4,3,2,2,4,0,6,38,13,7,29,0,0
146,창원시,346,0,111,264,24,47,59,89,154,84,77,0,경상남도,54,2024,103,0,74,68,3,84,0,46,속천동,203,17,0,0,0,0,169,284,0,123,346,127,17,21,386,11,60,43,0,43,320,589,64,240,0,4
134,창원시,98,0,279,63,95,65,13,361,55,58,34,3,경상남도,172,2024,84,0,359,131,1,185,0,116,송죽동,171,11,0,2,0,0,45,73,7,127,100,140,66,60,217,131,273,125,0,266,55,213,179,87,0,55
101,창원시,1006,0,7,172,66,103,0,18,102,307,0,0,경상남도,0,2024,0,0,41,0,0,38,0,0,수도동,837,152,0,0,0,0,379,0,0,0,152,0,0,78,219,40,15,27,0,34,54,25,5,95,0,4
58,창원시,63,0,1223,123,1034,1388,38,1536,107,62,58,10,경상남도,709,2024,110,0,1132,430,13,1091,0,269,수성동,84,94,0,128,0,0,96,46,2,90,219,366,89,1108,218,611,1091,1066,0,1133,125,225,948,166,0,441
2239,창원시,2537,0,888,2977,487,532,525,903,5239,2744,1629,1,경상남도,606,2024,2735,0,921,547,158,691,0,503,수송동,4297,1770,0,30,0,0,2410,3452,34,3156,6824,563,196,536,8980,754,772,571,0,709,4232,11925,822,7554,0,337
1683,창원시,1819,0,373,1523,181,134,19,339,1570,5847,168,0,경상남도,295,2024,605,0,315,254,1632,378,0,107,숭인동,3615,2001,0,14,0,0,1743,359,0,765,1603,173,44,106,1170,55,312,265,0,376,1616,1840,238,1316,0,35
66389,창원시,65580,0,32232,110552,25083,28970,50150,32677,105146,62935,146062,245,경상남도,21949,2024,158968,2,30659,18380,19532,27772,0,19246,신월동,86953,36550,0,1777,0,0,84220,156677,174,134088,174493,20647,9582,25342,178721,11713,29764,27546,0,27770,107835,175705,29268,146292,0,7001
32830,창원시,39393,0,23233,35870,7540,15436,2899,17729,37487,71516,10888,0,경상남도,13384,2024,38429,0,15690,10461,11481,9060,0,4373,신촌동,52104,33479,0,3593,0,0,31989,18377,0,51755,60007,7286,1210,9287,59110,22308,11572,7728,0,9412,34694,97626,9409,38768,0,11674
4837,창원시,4109,0,1026,7595,1029,944,531,1109,6621,4425,3622,13,경상남도,617,2024,4877,0,1331,573,813,1284,0,265,신포동1가,5121,2118,0,7,0,0,5349,4463,3,4864,10141,419,81,714,10571,320,1444,1070,0,1184,7482,9174,1352,8552,0,381
1659,창원시,1498,0,591,2387,767,724,172,520,2314,1251,545,2,경상남도,303,2024,921,0,568,247,386,635,0,201,신포동2가,1725,240,0,16,0,0,2060,502,2,1059,2518,266,70,775,2263,310,792,850,0,741,2212,2715,714,2650,0,78
1096,창원시,48,0,0,1325,241,0,0,0,1149,0,0,0,경상남도,0,2024,0,0,73,0,0,550,0,0,안곡동,0,0,0,0,0,0,1202,0,0,0,663,0,0,161,0,0,485,393,0,375,1455,0,563,1354,0,0
1311,창원시,1528,0,182,1494,178,269,658,235,1242,3091,1038,0,경상남도,190,2024,1030,41,216,118,396,158,0,106,안골동,3671,1434,0,30,0,0,1258,1122,0,1121,1610,117,58,269,1572,167,154,188,0,162,1147,2461,160,1567,0,75
12130,창원시,17761,0,983,8286,347,771,161,1439,9554,25038,1506,0,경상남도,1051,2024,2939,1,1092,838,3048,615,0,845,안민동,27273,8694,0,5,0,1,10763,2736,61,4582,10595,862,464,235,8584,291,694,490,0,614,11242,9914,559,10325,0,201
97,창원시,97,0,115,138,76,60,14,73,132,60,10,0,경상남도,62,2024,25,0,125,61,2,132,0,20,양곡동,71,18,0,33,0,0,125,21,0,84,170,35,8,105,100,76,80,78,0,102,108,95,77,129,0,24
102717,창원시,118830,0,42055,111262,25875,36738,22913,40689,116841,163614,72862,299,경상남도,22978,2024,98252,0,38678,18229,27780,30102,0,9892,양덕동,166201,65448,0,6377,0,0,110150,98911,97,105705,146453,13679,3916,28607,161704,38975,33709,27237,0,29803,114648,187940,30267,120422,0,15992
30393,창원시,35423,0,15300,27589,8472,10966,1303,12661,34293,35734,7701,19,경상남도,8791,2024,14445,0,14935,6610,7552,9956,0,4510,여좌동,37838,19554,0,1364,0,0,30605,17998,28,18051,71859,6022,861,8596,38747,8694,11631,9349,1,10357,31587,47409,9846,47457,0,6744
3318,창원시,2228,0,507,2581,415,450,36,358,2760,1653,219,0,경상남도,210,2024,475,0,504,274,142,452,0,289,예곡동,2773,512,0,5,0,0,1728,460,0,663,2497,274,86,461,1702,295,496,509,0,305,1450,1752,398,1612,0,240
20015,창원시,18752,0,6190,24960,7451,6973,4703,5697,20234,15881,13942,105,경상남도,3213,2024,16849,0,6090,3043,4499,6696,0,2788,오동동,21169,8073,0,720,0,0,21234,18628,62,15391,26565,3155,1258,6880,26007,3225,6665,6759,0,6155,19733,26098,6014,28059,0,2464
24630,창원시,26393,0,5672,21194,3810,3967,2305,4801,33558,27939,9980,44,경상남도,3116,2024,13904,1,6059,2729,5109,4511,0,1874,완월동,33786,14876,0,122,0,0,24466,21634,17,16520,70566,2607,603,3397,38636,2945,4837,4004,0,4310,33177,36222,4336,35193,0,1043
7632,창원시,8237,0,4242,9598,2008,5638,868,4081,8445,13249,3569,8,경상남도,2736,2024,9952,0,3022,2075,1446,2008,0,935,외동,11071,3818,0,695,0,0,7823,5147,73,10779,15105,1344,327,3340,19153,4802,2112,1599,0,1878,7887,21515,2199,11961,0,3066
2084,창원시,3967,0,4332,9954,2814,2265,2824,4124,7039,4000,9017,0,경상남도,3676,2024,5842,0,5000,2329,137,4154,0,889,용동,10871,511,0,41,0,0,15471,20622,0,15433,19253,1146,151,2734,17163,2102,3907,3018,0,4231,12600,9808,2833,18975,0,909
41117,창원시,41662,250,9538,48098,7170,7778,12239,9556,46991,86202,25497,45,경상남도,7716,2024,35006,1882,8978,6462,10239,8339,0,5079,용원동,54638,49098,0,1446,0,0,44786,32646,2,39875,63045,5421,2651,7459,55586,6030,8951,7504,9,7589,43464,58007,7527,60218,12,4212
55085,창원시,55134,0,33401,91561,20624,28589,21629,34208,77420,70402,74855,195,경상남도,19134,2024,100364,4,28027,17504,12419,24083,0,12345,용호동,74110,35045,0,1872,0,0,64949,96217,92,90244,126827,15369,3966,22320,152100,22802,26173,22434,0,21947,81369,133981,23699,115068,0,10290
20467,창원시,23386,0,5701,17157,3105,4978,925,4498,18756,27089,6823,64,경상남도,2972,2024,9506,0,4578,2328,6394,3671,0,1678,우산동,30459,10521,0,136,0,0,19965,8839,116,11453,19441,2217,839,2990,21492,3940,3803,3484,0,3572,18164,25475,3450,18574,0,1267
1439,창원시,1299,0,630,5726,392,4752,270,671,3838,3693,688,0,경상남도,1112,2024,12495,0,445,247,540,298,0,116,웅남동,3180,1082,0,303,0,0,1395,2689,0,16793,9864,324,47,1132,17921,5751,275,298,0,482,3160,29735,393,5672,0,2460
609,창원시,895,0,110,698,29,38,33,155,679,107,15,0,경상남도,133,2024,431,0,95,125,13,98,0,40,원포동,735,437,0,2,0,0,1251,167,0,450,738,51,23,118,966,62,89,100,0,70,596,1942,111,578,0,47
9930,창원시,8506,0,3807,9412,3734,3220,1124,4003,11373,7531,4253,80,경상남도,2791,2024,7036,0,3915,1971,1026,4150,0,1289,월남동1가,7197,3477,0,258,0,0,10922,7818,37,6360,14958,1760,557,3501,10682,1407,3938,3870,0,3256,8614,13228,3595,16465,0,1042
9266,창원시,8446,0,506,9846,678,419,863,375,10795,8512,4945,0,경상남도,381,2024,6765,0,408,217,1763,478,0,143,월남동2가,11463,3012,0,103,0,1,9896,6554,0,6638,11679,288,61,673,10328,232,555,597,0,492,8780,14792,447,13275,0,120
29025,창원시,35182,0,13719,32958,9721,12594,3457,12690,33782,38503,13763,71,경상남도,7679,2024,23637,0,13934,6485,8565,11168,0,3787,월남동3가,47785,21488,0,1249,0,0,30321,22203,129,23690,36456,5167,1371,12331,35288,9751,11478,10987,0,10242,32907,40521,9971,32864,0,5544
4005,창원시,4075,0,3510,6187,3186,3731,2474,2758,5122,3694,2537,0,경상남도,1703,2024,2906,0,3101,1212,435,3565,0,1523,월남동4가,5248,1960,0,700,0,0,4808,2440,0,2950,6845,697,664,4007,5494,2556,2184,2975,0,2566,4298,5980,1784,5788,0,1784
3262,창원시,2910,0,1821,8587,1058,2618,2227,1537,5981,4616,3498,2,경상남도,992,2024,4480,0,1324,750,593,1154,0,467,월남동5가,3406,1747,0,12,0,0,5366,4049,11,4514,10384,609,276,1251,7716,1339,1716,1372,0,1386,7157,10568,1426,8924,0,430
67845,창원시,88066,0,14459,50327,7305,14855,4136,15801,58917,146927,14529,312,경상남도,10357,2024,26507,1421,16337,7548,20193,8751,0,6209,월영동,174313,51028,0,1342,0,1,62981,21067,252,38013,63152,8900,2596,7516,61090,11250,12300,7420,0,9183,60925,65959,9032,52258,0,5745
232,창원시,242,0,184,901,115,158,28,194,488,510,186,0,경상남도,164,2024,585,0,178,76,5,233,0,55,월포동,291,72,0,0,0,0,402,478,0,399,1042,74,22,169,605,57,284,177,0,176,868,756,226,1062,0,25
27534,창원시,24036,0,7609,28548,5816,3531,3732,6663,32005,29441,12618,160,경상남도,4197,2024,19112,0,6836,3648,9040,6222,0,2866,이동,30994,16604,0,422,0,0,29461,16646,78,18267,32251,3349,1164,4190,26170,1447,6988,6408,0,5993,31097,31001,6219,32043,0,1857
14076,창원시,17435,0,2690,10838,1295,1441,697,2563,13407,26726,1943,28,경상남도,1726,2024,4096,0,2379,1557,3872,1932,0,1330,자산동,23734,12456,0,61,0,0,13058,3747,26,6904,13306,1424,452,1106,11048,728,2434,1491,0,1751,13596,13073,1899,12688,0,434
61276,창원시,69973,0,11997,56988,6663,5900,7409,11794,65351,103487,21836,71,경상남도,8147,2024,36301,0,11032,7135,11710,9287,0,5256,자은동,94006,44404,0,578,0,1,60686,30783,38,42701,84460,6269,2506,5698,60658,3498,10330,7803,0,9019,63304,70391,8687,88060,0,2138
20360,창원시,22355,0,7455,25819,5036,6780,3217,5726,24925,58802,15611,50,경상남도,4183,2024,18952,0,7186,4104,3203,5795,0,2407,장천동,36205,13154,0,166,0,0,22409,18417,16,21703,31345,3103,876,4949,33210,4157,6700,4968,0,5809,22247,37198,5514,27063,0,3022
428,창원시,562,0,50,284,40,184,9,36,468,537,22,0,경상남도,18,2024,89,0,60,9,41,91,0,10,제덕동,1298,412,0,6,0,0,467,58,0,62,288,16,2,34,223,60,86,60,0,61,422,640,88,216,0,61
1849,창원시,1792,0,378,2258,436,249,53,334,3293,1112,135,1,경상남도,169,2024,2414,0,739,148,131,292,0,73,죽곡동,2323,572,0,5,0,0,2185,287,0,2481,3672,116,21,124,3187,1065,410,269,0,386,1788,5137,307,3327,0,111
28286,창원시,33398,0,7737,33485,5716,4929,8831,7925,32778,43022,24120,44,경상남도,4838,2024,26905,0,7608,3825,4789,7280,0,3295,중동,44316,15429,0,461,0,0,31140,26655,6,29943,39006,3954,1224,6329,45633,2379,7373,6413,0,6713,33144,42526,6862,36123,0,911
5785,창원시,6595,0,2953,7546,1932,2415,566,3040,6927,7632,2025,9,경상남도,1649,2024,4567,0,2690,1225,2085,2523,0,1146,중성동,7615,3808,0,74,0,0,6171,3496,19,5565,7824,1307,483,2183,8186,634,2710,2551,0,2949,7253,8274,2711,7922,0,507
57087,창원시,57037,0,56174,85777,33064,51833,21131,53966,74668,93266,61846,322,경상남도,34960,2024,85101,1,44637,26312,10352,35258,0,16504,중앙동,81449,49397,0,4922,0,0,64927,82550,142,87128,145501,21119,7321,36065,170539,38998,37863,32403,0,33588,85500,152590,35260,110872,0,25523
10678,창원시,11544,0,2213,8962,1972,1763,1006,1870,10930,9874,2549,114,경상남도,1184,2024,4962,0,2324,1011,2290,2203,0,607,중앙동1가,15268,6027,0,114,0,0,10514,4685,14,5978,10276,921,213,1969,9035,906,2254,2321,0,2036,10270,10935,2068,9032,0,361
37075,창원시,40329,0,6685,34754,6669,4925,5151,6143,36277,45748,11946,447,경상남도,3984,2024,18201,0,7323,3086,10192,6993,0,2189,중앙동2가,62027,19399,0,519,0,0,34662,16029,66,22033,38041,3048,742,7024,38127,2376,7629,6463,0,6165,34625,41740,6154,37355,0,1195
56429,창원시,59256,0,21236,64050,19592,22447,9893,21405,65872,61190,32904,427,경상남도,13392,2024,42684,0,21572,10912,12804,19758,0,7435,중앙동3가,74107,30262,0,1671,0,1,59842,40664,114,43596,84913,9989,2833,20324,90101,14463,19725,18682,0,18169,61208,88681,19060,73529,0,7690
1473,창원시,2286,0,1605,2348,472,424,331,1246,2323,8514,818,4,경상남도,895,2024,1553,0,1248,801,298,789,0,610,중평동,4569,711,0,63,0,0,1679,1206,7,2037,3138,658,262,458,3086,660,822,621,0,746,2375,3421,847,3695,0,609
36941,창원시,42319,0,8834,29487,10910,8512,472,6998,36981,35729,5963,3,경상남도,5611,2024,13036,0,11094,3678,9209,10578,0,1632,진동면,43158,14257,0,43,0,0,33502,10041,44,19819,42054,3116,694,13617,27132,10238,8675,10776,0,9565,33021,42713,8260,39881,0,1785
9374,창원시,8506,0,1012,7751,1306,1037,24,456,9102,5591,432,0,경상남도,894,2024,951,0,612,436,1415,597,0,389,진북면,13433,4099,0,4,0,0,5767,708,0,1945,7173,315,3,711,2399,1778,742,776,0,1000,2548,7033,608,2727,0,319
9560,창원시,13444,0,291,4439,536,573,278,355,3756,7061,107,0,경상남도,319,2024,791,0,437,230,647,341,0,85,진전면,6035,5625,0,1,0,0,3127,860,0,1998,4898,62,0,859,1448,199,318,409,0,876,7994,4442,883,3673,0,259
22475,창원시,22248,0,12107,36587,9908,14190,8991,12034,33840,21493,22767,20,경상남도,8433,2024,36032,0,12925,6599,3135,10389,0,3512,차용동,30741,9331,0,2481,0,0,27780,31449,1,41094,49947,5032,1319,11064,52727,12378,11849,9697,0,11358,29932,55653,10381,40214,0,6830
0,창원시,0,0,0,2,0,1,0,0,0,3,0,0,경상남도,0,2024,24,0,0,0,0,0,0,0,창곡동,11,0,0,0,0,0,0,9,0,13,1,0,0,0,25,13,0,0,0,0,3,50,0,24,0,0
123,창원시,98,0,41,223,21,7,0,30,302,359,170,0,경상남도,22,2024,215,0,41,21,179,38,0,15,창선동,154,37,0,0,0,0,193,261,0,206,416,29,0,13,324,4,34,28,0,19,231,462,24,420,0,2
657,창원시,485,0,120,542,128,246,43,150,422,1532,185,0,경상남도,107,2024,189,0,130,52,202,125,0,42,천선동,826,484,0,10,0,0,571,140,0,320,656,48,15,189,481,119,347,128,0,115,467,468,131,508,0,37
10459,창원시,14567,21,2289,9371,1060,883,2434,2237,8984,24955,4239,0,경상남도,1525,2024,4803,1435,1754,1347,2500,1482,0,1079,청안동,22993,12086,0,59,0,0,10959,4135,0,4945,8998,1034,379,1424,7454,780,1614,1397,0,1434,8491,8843,1490,9592,2,335
672,창원시,587,0,426,727,484,256,111,428,685,494,406,0,경상남도,216,2024,313,0,510,159,26,537,0,165,추산동,1001,396,0,21,0,0,557,289,0,451,722,172,121,343,856,84,532,522,0,547,859,705,518,609,0,35
52115,창원시,38788,0,29288,65013,25943,23924,6180,24530,65217,30963,21007,73,경상남도,15710,2024,33391,0,33221,11426,6481,27542,0,6858,충무동,39491,15761,0,1594,0,0,60197,35634,105,41526,85047,10627,2138,22726,66390,15781,29985,26602,0,26158,62199,77924,26202,79947,0,9182
2879,창원시,2918,0,542,3463,646,479,83,593,3640,2740,347,2,경상남도,574,2024,932,0,666,280,281,667,0,131,태백동,3253,1653,0,34,0,0,3227,962,0,1476,2643,174,54,476,2289,807,667,522,0,641,3221,2959,733,3331,0,182
20226,창원시,22886,0,5546,22805,3450,4268,2093,4823,26820,32448,6624,6,경상남도,3071,2024,11710,226,4988,2731,6722,3634,0,1585,태평동,36427,14252,0,452,0,0,22559,9807,62,13985,25276,2178,741,3834,23327,3052,4135,4159,0,4290,23756,28660,3717,25610,0,2824
2692,창원시,1814,0,250,4001,463,190,424,165,4119,1504,2402,0,경상남도,149,2024,3446,0,264,117,120,370,0,76,통신동,1856,684,0,8,0,0,2948,3540,0,3275,4400,113,31,321,4465,70,327,348,0,322,3593,4911,396,4962,0,39
6674,창원시,2724,0,2362,24082,2670,5047,3142,2836,11437,936,10645,603,경상남도,1815,2024,10165,0,3520,1473,1335,2785,0,1089,퇴촌동,2102,1681,0,220,0,0,11880,12702,21,11358,33670,1944,459,3144,28012,935,2465,3879,0,2911,17725,36870,2985,21948,0,382
108338,창원시,124089,0,68615,128012,39339,59954,18560,64662,133976,173246,64991,12,경상남도,39695,2024,139732,0,61609,31950,21001,44097,0,22375,팔용동,193140,75131,0,7252,0,1,116607,88514,2,153401,203762,31519,5521,44279,219256,63913,47535,40982,1,45653,127511,288936,47103,156958,0,31333
753,창원시,417,0,1650,776,1178,856,265,1291,740,71,440,0,경상남도,886,2024,438,0,1340,731,13,1230,0,757,평안동,421,61,0,20,0,0,801,632,4,609,772,824,392,1198,607,506,1039,1077,0,1177,800,798,1259,812,0,763
2966,창원시,4010,0,702,3502,519,359,105,548,3629,5258,597,0,경상남도,398,2024,1413,0,623,345,1094,502,0,254,평화동,5275,2402,0,11,0,0,3901,1102,3,1993,3377,316,160,544,3071,212,542,534,0,523,4160,4110,537,3466,0,61
28169,창원시,33705,0,5763,28127,3488,5341,2573,5108,32448,55112,8505,156,경상남도,3140,2024,11962,0,5190,3381,6532,4093,0,2216,풍호동,47986,18413,0,219,0,0,30320,10918,35,15580,31408,2803,878,3809,25739,3542,4555,3974,0,4549,29454,32261,4377,31548,0,2073
171372,창원시,170501,0,99668,230433,73177,68232,64524,93773,222359,160688,170852,181,경상남도,59662,2024,211608,1,102977,46074,38967,80733,1,28716,합성동,180939,82513,0,11650,0,0,198543,214903,11,233019,335358,41641,9429,69938,307765,47940,87331,74359,0,78733,223706,349497,82913,277735,0,28232
83891,창원시,80097,0,43616,120710,29416,33451,28888,42338,114474,89259,102463,1758,경상남도,28978,2024,120017,15,44409,23247,19210,31651,0,16568,해운동,102188,40938,0,2485,0,0,97901,127605,772,118580,177940,22925,7343,31091,163557,21279,38007,29430,0,30785,115397,177066,32611,154928,0,11143
1630,창원시,1899,0,343,1597,210,242,123,255,1605,2802,446,0,경상남도,195,2024,1031,0,301,226,725,275,0,80,행암동,2056,1248,0,11,0,0,1615,716,0,887,1896,155,23,160,1886,216,227,236,0,281,1419,3772,247,1541,0,103
18600,창원시,25746,0,2770,15837,1603,2938,572,2724,16991,35286,5690,14,경상남도,1814,2024,9514,237,2596,1478,6707,1967,0,1202,현동,34401,9575,0,46,0,0,20647,9332,122,13082,25645,1763,744,1293,19923,2137,2299,1804,0,2423,18035,23430,2021,21375,0,579
0,창원시,156,0,13,20,0,0,0,0,23,19,6,0,경상남도,19,2024,3,0,0,6,0,5,0,4,화영동,0,1,0,0,0,0,15,13,0,31,1,6,0,10,0,7,11,10,0,10,0,11,0,11,0,2
4344,창원시,2477,0,1615,6038,1918,1934,798,1154,5504,706,2311,2,경상남도,734,2024,3349,0,1640,534,265,2028,0,321,화천동,1004,799,0,34,0,0,5066,2949,0,3838,7995,447,123,1471,5340,1341,1963,2020,0,1893,5695,7477,2270,7233,0,1218
29879,창원시,37858,0,11914,27785,8897,11431,2067,11918,31842,36855,5904,10,경상남도,6370,2024,14097,0,12444,5239,7229,9768,0,3235,회성동,46510,19286,0,637,0,0,31927,10105,3,18582,32837,4216,1052,10868,34999,5351,9495,10376,0,10590,30589,36764,10163,30280,0,3116
77801,창원시,95546,0,18498,72308,14311,14159,9257,17216,81793,104968,25177,47,경상남도,11901,2024,44002,0,18807,8594,21668,17001,0,6506,회원동,123757,50984,0,1132,0,1,80615,33178,23,48753,96958,7902,2951,13669,83971,6557,17768,15936,0,16357,87756,89878,16556,81255,0,2976
66175,통영시,83320,0,21643,87941,20878,21347,98,19287,79566,148264,22970,0,경상남도,11062,2024,55023,2051,23678,8017,16626,21098,0,2774,광도면,121360,28641,0,764,0,0,84634,50467,9,68201,118147,5922,740,19697,96761,14342,22088,21404,0,23671,91999,109828,21356,92362,14,7140
988,통영시,1158,0,251,712,86,203,4,169,771,793,36,0,경상남도,171,2024,117,0,275,81,37,120,0,40,당동,1783,959,0,5,0,0,810,87,0,256,865,73,1,126,568,71,164,102,0,141,731,1029,135,569,0,30
21290,통영시,23282,0,4287,20377,3333,2849,527,3752,19296,32133,2025,0,경상남도,2210,2024,5796,1,4481,1512,4834,4713,0,560,도남동,32737,11368,0,321,0,0,21063,3694,0,9066,28911,1634,91,2398,16303,1351,4125,3673,0,3686,20169,27664,4676,24848,1,646
5996,통영시,7892,0,513,5643,640,1315,17,371,5819,8896,66,0,경상남도,484,2024,143,0,464,197,475,807,0,88,도산면,10597,4939,0,43,0,0,1815,179,0,522,4051,131,6,988,1177,977,359,546,0,833,5379,4372,420,4994,0,609
19425,통영시,21171,0,6453,19710,4733,6448,296,4272,25063,15743,2454,0,경상남도,2698,2024,9690,30,5871,2067,3048,4850,0,862,도천동,27937,8189,0,1282,0,0,19931,7668,0,12298,63490,1741,31,4511,23261,2855,5537,4596,0,4638,23438,58512,4884,46460,16,1908
566,통영시,796,0,294,763,253,323,0,231,574,525,43,0,경상남도,193,2024,525,0,261,136,6,240,0,18,동호동,2130,206,0,9,0,0,878,274,0,223,459,63,0,271,316,43,262,325,0,332,442,423,280,633,0,44
5,통영시,13,0,233,0,4,27,0,38,2,214,0,0,경상남도,0,2024,0,0,35,1,0,0,0,0,명정동,2,0,0,0,0,0,15,0,0,0,18,0,0,52,1,53,37,31,0,36,0,11,0,2,0,0
59396,통영시,49880,0,28714,71725,23286,18115,6233,21157,73129,54639,34895,4,경상남도,12269,2024,71974,397,25353,8924,6135,24304,0,3875,무전동,62391,18169,0,933,0,0,59678,68317,0,81154,117052,7689,420,22506,113695,7850,23042,21784,0,19796,65902,120621,20697,90584,56,4175
12821,통영시,7092,0,4694,16037,11661,3136,4,3267,13891,3003,1260,0,경상남도,1741,2024,4039,8,7226,1064,625,10209,0,439,문화동,4440,1337,0,317,0,0,14530,2780,0,4850,16492,772,62,7968,9152,1397,9331,10633,0,9931,12800,14483,7934,17045,5,608
37181,통영시,45928,0,6503,32399,4016,3952,1439,5500,32140,51505,3257,0,경상남도,3317,2024,11501,20,6251,2767,8053,5539,0,1203,미수동,64487,23054,0,409,0,0,31309,7894,0,13714,29490,2483,231,3505,27983,2448,6150,3968,0,4924,31404,32334,4859,26842,59,982
25400,통영시,26281,0,8897,26034,6404,4372,621,6424,28064,24501,4291,0,경상남도,3862,2024,10262,0,8277,2509,4428,7277,0,1167,봉평동,34589,11737,0,288,0,0,29988,10005,0,15451,48972,2269,56,4510,33653,3543,8642,7738,0,7050,28467,40390,7312,34335,1,1241
58824,통영시,50347,0,28760,66389,23571,16521,1364,20644,70857,47772,15282,0,경상남도,9579,2024,32345,928,26025,7097,9324,27106,0,2096,북신동,61353,21084,0,1413,0,0,64207,32289,0,37510,82271,7247,145,22806,70885,7534,26018,24207,0,21994,59112,82019,22832,79585,16,3287
921,통영시,3267,0,15,329,362,360,0,18,353,2885,0,0,경상남도,0,2024,0,0,133,0,0,216,0,0,사량면,735,133,0,0,0,0,1388,0,0,0,161,0,0,65,40,125,17,41,0,190,1321,266,39,1008,0,3
15018,통영시,18970,0,1708,12451,2606,2353,133,962,12169,17661,845,0,경상남도,811,2024,2209,20,1407,465,6874,2249,0,118,산양읍,21574,7335,0,555,0,0,12013,1245,0,3134,16274,385,50,2354,7984,890,2034,2011,0,1945,12035,12989,2382,15339,0,615
41562,통영시,42605,0,11073,29441,23238,30635,244,7436,33633,39586,3282,0,경상남도,3810,2024,7766,101,13768,3086,6242,14910,0,1169,서호동,44609,30722,0,11061,0,0,37585,6182,0,11610,32230,3235,199,27311,23007,29273,15291,18831,0,15675,27230,32135,14110,31620,404,24203
114,통영시,405,0,0,257,0,0,0,0,336,189,0,0,경상남도,0,2024,0,0,0,0,0,0,0,0,욕지면,102,81,0,0,0,0,598,0,0,0,219,0,0,0,0,0,0,0,0,0,0,17,0,180,0,0
25928,통영시,30255,0,3356,22847,4173,3504,404,2805,20162,57978,1719,0,경상남도,1518,2024,8312,6,3697,1155,7148,3552,0,403,용남면,48138,9709,0,92,0,0,23407,7970,0,10935,48642,1087,18,3611,23566,2095,3825,3209,0,3054,26216,41183,3654,24266,0,850
12592,통영시,17603,0,1738,9326,1084,1253,38,1280,12186,14893,1220,0,경상남도,1029,2024,2227,0,2097,867,635,1437,0,363,인평동,22869,5781,0,40,0,0,11495,1908,0,5065,28242,751,3,1165,11342,667,1958,1238,0,1380,12524,12979,1636,25324,0,134
6902,통영시,11123,0,1874,9292,1371,1957,0,1727,9574,15829,777,0,경상남도,767,2024,3467,0,2323,785,991,1593,0,255,정량동,23848,4692,0,34,0,0,10105,2877,0,4488,9024,609,0,1618,8336,803,2226,2290,0,1758,8961,9667,1407,8996,0,491
23519,통영시,14340,0,4479,24846,10281,3637,499,2965,25696,4406,2443,0,경상남도,1348,2024,7398,0,6598,832,988,9296,0,318,중앙동,7858,3742,0,99,0,0,23165,6022,0,8522,24984,601,44,8976,17927,1065,7495,9520,0,8179,20748,22221,7945,24680,0,519
2486,통영시,2681,0,699,2161,805,511,42,649,2168,5333,323,0,경상남도,433,2024,856,16,737,266,569,847,0,123,태평동,4359,1729,0,78,0,0,2093,506,0,1043,2257,203,19,813,1786,258,794,748,0,807,2366,2322,653,2219,3,142
1651,통영시,2436,0,28,1649,52,539,0,42,308,4729,117,0,경상남도,31,2024,74,0,33,4,3853,215,0,10,평림동,3000,714,0,212,0,0,1653,0,0,911,1050,0,0,269,455,668,28,44,0,15,1460,850,411,663,0,23
4309,통영시,4755,0,90,3886,689,701,0,86,2906,4192,0,0,경상남도,0,2024,0,0,199,0,11,486,0,0,한산면,4534,2792,0,5,0,0,4035,0,0,0,2490,0,0,817,1237,664,410,445,0,624,3550,1021,436,2382,0,199
13438,통영시,10700,0,8101,18134,9172,4708,608,7236,16364,6457,5362,0,경상남도,4328,2024,11957,57,8949,3585,1036,9498,0,934,항남동,9240,2516,0,474,0,0,15662,10542,0,12197,21101,2773,104,7765,18833,3264,9595,9461,0,8343,16343,23275,8646,20282,19,1132
491,하동군,737,0,0,186,0,0,0,0,107,1293,0,0,경상남도,0,2024,0,0,0,0,0,0,0,0,고전면,715,637,0,0,0,0,404,0,0,43,58,0,0,0,184,0,0,0,0,0,363,514,0,52,0,0
379,하동군,1119,0,0,651,0,0,0,0,485,2789,0,0,경상남도,0,2024,0,0,0,0,0,0,0,0,금남면,859,4,0,0,0,0,642,0,0,8,196,0,0,0,119,0,0,0,0,0,428,656,0,145,0,0
15,하동군,881,0,0,40,0,0,0,0,59,2228,0,0,경상남도,0,2024,0,0,0,0,0,0,0,0,금성면,169,58,0,0,0,0,411,0,0,38,66,0,0,0,30,0,0,0,0,0,234,91,0,130,0,0
0,하동군,0,0,0,5,0,0,0,0,61,83,0,0,경상남도,0,2024,0,0,0,0,0,0,0,0,북천면,38,0,0,0,0,0,0,0,0,0,61,0,0,0,0,0,0,0,0,0,48,2,0,1,0,0
2473,하동군,1107,0,0,668,0,0,0,0,1676,4839,0,0,경상남도,0,2024,0,0,0,0,0,0,0,0,악양면,3994,740,0,0,0,0,2188,0,0,220,675,0,0,0,107,0,0,0,0,0,716,1355,0,1844,0,0
22,하동군,1016,0,0,2,0,0,0,0,537,815,0,0,경상남도,0,2024,0,0,0,0,0,0,0,0,양보면,343,1,0,0,0,0,197,0,0,21,277,0,0,0,47,0,0,0,0,1,52,3,0,181,0,0
76,하동군,546,0,0,242,0,0,0,0,398,691,0,0,경상남도,0,2024,0,0,0,0,0,0,0,0,옥종면,831,28,0,0,0,0,262,0,0,3,235,0,0,0,90,0,0,0,0,0,413,583,0,222,0,0
198,하동군,2010,0,0,99,0,0,0,0,1023,3037,0,0,경상남도,0,2024,0,0,0,0,0,0,0,0,적량면,721,5,0,0,0,0,203,0,0,9,478,0,0,0,171,0,0,0,0,0,264,405,0,279,0,0
17,하동군,1614,0,0,353,0,0,0,0,1215,81,0,0,경상남도,0,2024,0,0,0,0,0,0,0,0,진교면,2339,6,0,0,0,0,17,0,0,24,706,0,0,1,304,0,0,0,0,0,895,262,0,295,0,0
1869,하동군,260,0,0,399,0,0,0,0,1129,2735,0,0,경상남도,0,2024,2,0,3,0,0,0,0,0,청암면,94,266,0,0,0,0,269,0,0,18,1395,0,0,0,40,0,0,0,0,0,277,457,0,161,0,0
16498,하동군,8974,0,155,7765,221,148,0,196,16434,8292,0,0,경상남도,175,2024,1027,0,351,20,3,270,0,0,하동읍,6813,590,0,1,0,0,8066,66,0,2702,9871,2,0,136,9667,59,164,278,0,182,9512,8464,137,8199,0,8
3685,하동군,3212,0,22,1151,19,15,0,2,1061,3103,0,0,경상남도,5,2024,63,0,0,6,0,3,0,0,화개면,1857,1001,0,0,0,0,3295,0,0,210,2474,0,0,1,1572,0,11,2,0,0,2922,3358,29,3008,0,0
996,하동군,1267,0,0,372,0,0,0,0,445,1099,0,0,경상남도,0,2024,0,0,0,0,0,0,0,0,횡천면,1155,28,0,0,0,0,356,0,0,14,403,0,0,0,200,0,0,0,0,0,605,81,0,450,0,0
8556,함안군,11816,0,2343,9098,1414,2592,0,1701,7279,16108,5,0,경상남도,259,2024,6735,0,1397,833,0,1386,0,206,가야읍,11878,4813,0,0,0,0,9947,2928,0,5708,13315,247,0,1738,11182,3192,687,1351,0,1010,13033,17033,1519,8824,0,33
2900,함안군,2172,0,514,2770,95,70,0,143,2484,501,0,0,경상남도,296,2024,421,0,197,161,0,303,0,0,군북면,3091,0,0,0,0,0,1487,296,0,444,2724,0,0,98,1714,42,176,128,0,319,1749,6653,157,2279,0,0
1394,함안군,2351,0,189,1567,189,138,0,93,349,3407,7,0,경상남도,87,2024,998,0,103,137,0,177,0,27,대산면,3887,1018,0,0,0,0,3143,238,0,1136,7813,0,1,64,87,463,239,104,0,246,2020,2620,166,2575,0,155
2164,함안군,495,0,62,1074,69,27,0,141,189,2259,0,0,경상남도,8,2024,67,0,132,149,0,46,0,0,법수면,3089,12,0,0,0,0,1105,90,0,334,1481,0,0,36,95,25,116,10,0,110,1420,1078,66,80,0,0
4234,함안군,3341,0,273,2500,511,207,0,742,1671,2896,10,0,경상남도,111,2024,426,0,299,85,0,317,0,218,산인면,4738,813,0,0,0,0,2888,1225,0,763,2922,43,0,788,3057,466,242,301,0,222,2853,3274,305,2374,0,11
382,함안군,241,0,16,121,9,8,0,25,649,1276,0,0,경상남도,5,2024,5,0,28,0,0,2,0,0,여항면,538,22,0,0,0,0,159,46,0,90,123,0,0,14,123,1,61,6,0,30,114,71,5,554,0,0
1842,함안군,1738,0,220,606,53,71,0,51,339,1319,27,0,경상남도,52,2024,65,0,67,49,0,133,0,1,칠북면,1188,287,0,0,0,0,764,9,0,262,1061,77,0,59,817,88,44,13,0,97,1213,1904,63,472,0,2
7053,함안군,6226,0,399,4185,260,321,0,635,5776,9992,19,0,경상남도,384,2024,1393,0,563,200,2,312,0,137,칠서면,10507,1528,0,0,0,0,3605,7095,0,3387,8039,65,0,269,6583,740,352,144,0,293,6380,13402,210,6628,0,46
28474,함안군,33932,0,3978,23097,1835,2413,910,3503,31865,54525,4262,0,경상남도,2304,2024,14862,0,3524,1797,540,2556,0,926,칠원읍,41729,14634,0,3,0,0,27291,10280,0,16581,27995,1521,204,1896,25642,1206,2854,2148,0,2681,23550,31723,2413,27166,0,290
821,함안군,843,0,103,1398,39,9,0,11,944,1431,0,0,경상남도,62,2024,21,0,55,36,0,87,0,0,함안면,1198,2,0,0,0,0,109,45,0,224,288,0,0,25,218,50,10,42,0,6,139,574,47,971,0,2
269,함양군,147,0,2,250,0,3,0,1,197,686,0,0,경상남도,0,2024,0,0,9,0,0,5,0,0,마천면,347,0,0,0,0,0,244,0,0,28,163,0,0,2,62,0,4,5,0,5,302,113,7,123,0,0
829,함양군,559,0,1,415,0,1,0,0,509,1857,0,0,경상남도,0,2024,21,0,0,0,0,0,0,0,백전면,1194,107,0,0,0,0,644,0,0,36,274,0,0,0,81,0,1,1,0,0,849,261,1,303,0,0
607,함양군,398,0,0,217,0,0,0,4,198,687,0,0,경상남도,0,2024,5,0,0,0,0,0,0,0,병곡면,148,4,0,0,0,0,287,0,0,40,159,0,0,0,29,0,3,0,0,2,367,84,1,256,0,0
382,함양군,427,0,0,463,0,0,0,2,285,928,0,0,경상남도,0,2024,134,0,0,0,0,1,0,0,서상면,583,370,0,0,0,0,269,0,0,80,366,0,0,0,780,1,0,1,0,1,317,459,3,474,0,0
581,함양군,601,0,5,434,0,0,0,0,570,1796,0,0,경상남도,2,2024,3,0,15,0,0,1,0,0,서하면,899,147,0,0,0,0,354,0,0,69,379,0,0,0,104,0,0,3,0,5,306,289,4,218,0,0
520,함양군,1704,0,0,516,2,9,0,5,389,1216,0,0,경상남도,3,2024,20,0,1,0,0,4,0,0,수동면,2187,3,0,0,0,0,1336,0,0,136,685,0,0,2,277,1,2,2,0,6,42,618,0,498,0,0
1152,함양군,1396,0,2,1173,1,2,0,2,1568,2071,0,0,경상남도,2,2024,70,0,5,0,0,8,0,0,안의면,810,326,0,0,0,0,783,0,0,409,2239,0,0,3,869,2,3,3,0,4,1449,2520,5,1189,0,0
402,함양군,1248,0,1,724,1,0,0,1,395,1528,0,0,경상남도,4,2024,21,0,0,0,0,1,0,0,유림면,897,17,0,0,0,0,486,0,0,33,188,0,0,0,344,0,0,2,0,1,740,459,1,484,0,0
587,함양군,696,0,2,577,0,2,0,4,566,1772,0,0,경상남도,0,2024,13,0,2,0,0,0,0,0,지곡면,1261,26,0,0,0,0,488,0,0,100,501,0,0,0,223,0,0,0,0,3,872,408,0,494,0,0
6719,함양군,7168,0,36,7569,19,6,0,21,9761,8060,0,0,경상남도,12,2024,156,0,22,1,27,43,0,0,함양읍,8747,1737,0,0,0,0,7184,1,0,5592,10903,0,0,17,10207,9,29,19,0,32,8833,12915,21,8629,0,0
667,함양군,710,0,2,446,1,0,0,0,435,2318,0,0,경상남도,3,2024,11,0,2,1,0,1,0,0,휴천면,1427,27,0,0,0,0,428,0,0,33,149,0,0,3,84,0,3,0,0,0,348,288,0,434,0,1
2,합천군,0,0,7,343,0,0,0,0,5,886,0,0,경상남도,0,2024,0,0,0,0,0,17,0,0,가야면,7,0,0,0,0,0,432,0,0,0,1,0,0,0,0,1,0,19,0,0,0,332,0,61,0,0
1,합천군,0,0,0,0,0,0,0,0,1,1,0,0,경상남도,0,2024,0,0,0,0,0,0,0,0,대병면,0,0,0,0,0,0,0,0,0,0,2,0,0,0,1,0,0,0,0,0,1,4,0,0,0,0
0,합천군,0,0,0,1,0,0,0,0,0,5,0,0,경상남도,0,2024,0,0,0,0,0,0,0,0,대양면,4,0,0,0,0,0,0,0,0,0,0,0,0,0,0,0,0,0,0,0,0,1,0,1,0,0
3,합천군,9,0,0,0,0,0,0,0,0,0,0,0,경상남도,0,2024,0,0,0,0,0,0,0,0,덕곡면,9,0,0,0,0,0,3,0,0,0,5,0,0,0,0,0,0,0,0,0,1,0,0,0,0,0
8,합천군,0,0,0,0,0,0,0,0,36,0,0,0,경상남도,0,2024,0,0,0,0,0,0,0,0,묘산면,273,3,0,0,0,0,5,0,0,0,20,0,0,0,11,0,0,0,0,0,7,2,0,7,0,0
0,합천군,1,0,0,0,0,0,0,0,0,2,0,0,경상남도,0,2024,0,0,0,0,0,0,0,0,봉산면,0,0,0,0,0,0,0,0,0,1,0,0,0,0,0,0,0,0,0,0,0,0,0,0,0,0
0,합천군,0,0,0,1,0,0,0,0,0,0,0,0,경상남도,0,2024,0,0,0,0,0,0,0,0,쌍백면,0,0,0,0,0,0,1,0,0,0,0,0,0,0,0,0,0,0,0,0,0,0,0,0,0,0
0,합천군,14,0,0,3,0,0,0,0,3,0,0,0,경상남도,0,2024,0,0,0,0,0,0,0,0,쌍책면,1,0,0,0,0,0,0,0,0,0,0,0,0,0,21,0,0,0,0,0,0,9,0,0,0,0
52,합천군,0,0,0,41,1,0,0,0,0,274,0,0,경상남도,0,2024,0,0,0,0,0,0,0,0,야로면,20,0,0,0,0,0,86,0,0,0,476,0,0,0,30,0,0,0,0,0,8,10,0,63,0,0
0,합천군,1,0,0,0,0,0,0,0,3,1,0,0,경상남도,0,2024,0,0,0,0,0,0,0,0,용주면,0,0,0,0,0,0,5,0,0,0,0,0,0,0,0,0,0,0,0,0,0,0,0,0,0,0
0,합천군,5,0,0,0,0,0,0,0,8,0,0,0,경상남도,0,2024,0,0,0,0,0,0,0,0,율곡면,0,0,0,0,0,0,0,0,0,0,0,0,0,0,0,0,0,0,0,0,0,0,0,0,0,0
266,합천군,119,0,0,255,0,0,0,0,184,171,0,0,경상남도,0,2024,0,0,0,0,0,0,0,0,청덕면,394,33,0,0,0,0,111,0,0,21,216,0,0,0,149,0,0,0,0,0,89,145,0,193,0,0
0,합천군,9,0,0,0,0,0,0,0,0,10,0,0,경상남도,0,2024,0,0,0,0,0,0,0,0,초계면,0,0,0,0,0,0,0,0,0,0,0,0,0,0,0,0,0,0,0,0,0,0,0,2,0,0
204,합천군,8,0,0,0,1,0,0,0,28,1,0,0,경상남도,0,2024,0,0,4,0,0,0,0,0,합천읍,167,151,0,0,0,0,0,0,0,0,436,0,0,0,18,0,0,0,0,0,250,0,0,17,0,1
