발생량_10시,시군구,발생량_09시,도착량_01시,도착량_17시,발생량_14시,도착량_10시,도착량_08시,발생량_23시,도착량_18시,발생량_12시,발생량_07시,발생량_22시,발생량_00시,시도,도착량_19시,년도,발생량_20시,발생량_04시,도착량_16시,도착량_20시,발생량_05시,도착량_14시,발생량_02시,도착량_22시,읍면동,발생량_08시,발생량_06시,도착량_02시,도착량_05시,도착량_03시,발생량_03시,발생량_11시,발생량_21시,도착량_00시,발생량_19시,발생량_16시,도착량_21시,도착량_23시,도착량_09시,발생량_18시,도착량_07시,도착량_15시,도착량_11시,발생량_01시,도착량_12시,발생량_13시,발생량_17시,도착량_13시,발생량_15시,도착량_04시,도착량_06시
1780,강진군,1833,0,0,2244,0,0,0,0,1612,2935,0,0,전라남도,0,2023,2,0,0,0,36,0,0,0,강진읍,4532,817,0,0,,,1549,0,0,1718,2223,0,0,0,3424,0,0,0,0,0,1689,6188,0,2335,0,0
167,강진군,160,0,0,89,0,0,0,0,43,342,0,0,전라남도,0,2023,0,0,0,0,0,0,0,0,군동면,353,238,0,0,,,115,0,0,17,97,0,0,0,158,0,0,0,0,0,107,322,0,122,0,0
150,강진군,18,0,0,117,0,0,0,0,64,563,0,0,전라남도,0,2023,0,0,0,0,0,0,0,0,대구면,133,97,0,0,,,103,0,0,20,77,0,0,0,228,0,0,0,0,0,55,206,0,50,0,0
159,강진군,157,0,0,122,0,0,0,0,175,73,0,0,전라남도,0,2023,0,0,0,0,0,0,0,0,도암면,481,392,0,0,,,68,0,0,19,188,0,0,0,173,0,0,0,0,0,193,884,0,161,0,0
204,강진군,18,0,0,120,0,0,0,0,110,865,0,0,전라남도,0,2023,1,0,0,0,0,0,0,0,마량면,172,73,0,0,,,284,0,0,44,177,0,0,0,232,0,0,0,0,0,82,161,0,112,0,0
82,강진군,22,0,0,63,0,0,0,0,51,116,0,0,전라남도,0,2023,0,0,0,0,0,0,0,0,병영면,14,5,0,0,,,1,0,0,0,53,0,0,0,55,0,0,0,0,0,17,15,0,72,0,0
49,강진군,311,0,0,183,0,0,0,0,40,249,0,0,전라남도,0,2023,0,0,0,0,0,0,0,0,성전면,238,7,0,0,,,101,0,0,6,28,0,0,0,62,0,0,0,0,0,118,373,0,370,0,0
180,강진군,271,0,0,130,0,0,0,0,120,232,0,0,전라남도,0,2023,0,0,0,0,0,0,0,0,신전면,475,96,0,0,,,80,0,0,56,158,0,0,0,95,0,0,0,0,0,169,62,0,123,0,0
24,강진군,31,0,0,0,0,0,0,0,18,0,0,0,전라남도,0,2023,0,0,0,0,0,0,0,0,옴천면,3,0,0,0,,,0,0,0,0,0,0,0,0,10,0,0,0,0,0,14,0,0,3,0,0
61,강진군,224,0,0,20,0,0,0,0,63,61,0,0,전라남도,0,2023,0,0,0,0,0,0,0,0,작천면,74,100,0,0,,,11,0,0,0,72,0,0,0,91,0,0,0,0,0,42,115,0,38,0,0
184,강진군,331,0,0,277,0,0,0,0,183,597,0,0,전라남도,0,2023,0,0,0,0,1,0,0,0,칠량면,288,326,0,0,,,64,0,0,18,294,0,0,0,156,0,0,0,0,0,146,178,0,415,0,0
15087,고흥군,17903,0,0,13623,0,0,0,0,15735,30041,0,0,전라남도,0,2023,3434,0,0,0,912,0,0,0,고흥읍,24841,7696,0,0,,,14153,1162,0,10150,22102,0,0,0,17524,0,0,0,0,0,13592,25961,0,14593,0,0
1036,고흥군,1042,0,0,834,0,0,0,0,969,2042,0,0,전라남도,0,2023,77,0,0,0,46,0,0,0,과역면,2336,420,0,0,,,849,123,0,448,1393,0,0,0,1002,0,0,0,0,0,840,1438,0,1063,0,0
25,고흥군,3,0,0,3,0,0,0,0,2,16,0,0,전라남도,0,2023,2,0,0,0,0,0,0,0,금산면,17,4,0,0,,,1,10,0,0,66,0,0,0,7,0,0,0,0,0,4,3,0,11,0,0
184,고흥군,207,0,0,144,0,0,0,0,179,881,0,0,전라남도,0,2023,17,0,0,0,5,0,0,0,남양면,425,113,0,0,,,254,7,0,95,342,0,0,0,295,0,0,0,0,0,201,346,0,163,0,0
157,고흥군,171,0,0,82,0,0,0,0,91,230,0,0,전라남도,0,2023,16,0,0,0,4,0,0,0,대서면,321,111,0,0,,,92,11,0,56,122,0,0,0,102,0,0,0,0,0,90,130,0,92,0,0
619,고흥군,911,0,0,625,0,0,0,0,678,1740,0,0,전라남도,0,2023,104,0,0,0,78,0,0,0,도덕면,1706,415,0,0,,,690,75,0,450,1113,0,0,0,864,0,0,0,0,0,715,1262,0,806,0,0
1585,고흥군,1683,0,0,1295,0,0,0,0,1546,3468,0,0,전라남도,0,2023,235,0,0,0,78,0,0,0,도양읍,2831,806,0,0,,,1532,176,0,1121,2358,0,0,0,1516,0,0,0,0,0,1486,2550,0,1551,0,0
535,고흥군,566,0,0,380,0,0,0,0,552,1513,0,0,전라남도,0,2023,139,0,0,0,27,0,0,0,도화면,1275,494,0,0,,,365,11,0,437,705,0,0,0,408,0,0,0,0,0,479,732,0,445,0,0
438,고흥군,625,0,0,337,0,1,0,0,418,1343,0,0,전라남도,0,2023,21,0,0,0,11,0,0,0,동강면,679,298,0,0,,,423,13,0,199,618,0,0,0,403,0,0,0,0,0,250,962,1,405,0,0
15,고흥군,46,0,0,24,0,0,0,0,3,29,0,0,전라남도,0,2023,0,0,0,0,0,0,0,0,동일면,38,22,0,0,,,44,0,0,0,1,0,0,0,1,0,0,0,0,0,1,4,0,38,0,0
393,고흥군,459,0,0,437,0,0,0,0,399,931,0,0,전라남도,0,2023,102,0,0,0,14,0,0,0,두원면,683,235,0,0,,,440,96,0,305,544,0,0,0,394,0,0,0,0,0,438,570,0,455,0,0
143,고흥군,194,0,0,129,0,0,0,0,193,431,0,0,전라남도,0,2023,17,0,0,0,24,0,0,0,봉래면,431,153,0,0,,,205,7,0,161,220,0,0,0,209,0,0,0,0,0,158,304,0,191,0,0
83,고흥군,113,0,0,49,4,0,0,0,7,112,0,0,전라남도,0,2023,0,0,0,0,18,3,0,0,영남면,73,139,0,0,,,75,0,0,13,30,0,0,0,26,0,2,2,0,0,262,30,0,42,0,0
263,고흥군,315,0,0,239,0,0,0,0,364,785,0,0,전라남도,0,2023,28,0,0,0,12,0,0,0,점암면,564,159,0,0,,,347,47,0,147,471,0,0,0,308,0,0,0,0,0,321,435,0,406,0,0
1870,고흥군,1890,0,0,1326,0,0,0,0,1729,2984,0,0,전라남도,0,2023,50,0,0,0,26,0,0,0,포두면,3699,1354,0,0,,,1432,0,0,583,1424,0,0,0,892,0,0,0,0,0,1616,1549,0,1152,0,0
579,고흥군,839,0,0,570,0,0,0,0,515,1301,0,0,전라남도,0,2023,139,0,0,0,37,0,0,0,풍양면,1257,354,0,0,,,680,29,0,554,870,0,0,0,825,0,0,0,0,0,680,1302,0,831,0,0
161,곡성군,424,0,0,141,0,0,0,0,309,330,0,0,전라남도,0,2023,143,0,0,0,0,0,0,0,겸면,1047,152,0,0,,,126,0,0,12,91,0,0,0,168,0,0,0,0,0,94,166,0,400,0,0
137,곡성군,112,0,0,114,0,0,0,3,119,509,0,0,전라남도,0,2023,6,0,0,0,0,0,0,0,고달면,405,7,0,0,,,241,0,0,41,43,0,0,0,81,2,0,0,0,3,232,42,1,219,0,0
2243,곡성군,2319,0,234,2121,67,79,0,28,2450,4783,0,0,전라남도,52,2023,289,0,97,30,14,30,0,0,곡성읍,3207,609,0,0,,,2989,3,0,2136,3414,1,0,85,5957,69,2,8,0,81,2691,5917,51,2680,0,60
173,곡성군,269,0,0,190,0,0,0,0,526,889,0,0,전라남도,0,2023,5,0,0,0,0,0,0,0,목사동면,1209,252,0,0,,,111,0,0,16,249,0,0,0,202,0,0,0,0,0,176,506,0,159,0,0
435,곡성군,435,0,0,312,0,0,0,0,461,1987,0,0,전라남도,0,2023,25,0,0,0,0,0,0,0,삼기면,926,211,0,0,,,218,0,0,133,232,0,0,0,381,0,0,0,0,0,379,497,0,340,0,0
1086,곡성군,602,0,0,527,0,0,0,0,784,3009,0,0,전라남도,0,2023,70,0,0,0,0,0,0,0,석곡면,1140,30,0,0,,,588,0,0,214,673,0,0,0,776,0,0,0,0,0,567,1654,0,551,0,0
346,곡성군,350,0,0,328,0,0,0,0,503,807,0,0,전라남도,0,2023,15,0,0,0,0,0,0,0,오곡면,457,370,0,0,,,416,0,0,109,399,0,0,0,541,0,0,0,0,0,593,329,0,269,0,0
156,곡성군,250,0,0,293,0,0,0,0,206,275,0,0,전라남도,0,2023,0,0,0,0,0,0,0,0,오산면,219,15,0,0,,,151,0,0,62,212,0,0,0,648,0,0,0,0,0,318,205,0,491,0,0
1614,곡성군,1789,0,0,2064,0,0,0,0,2454,3742,0,0,전라남도,0,2023,2479,0,0,0,0,0,0,0,옥과면,2307,506,0,0,,,1801,0,0,2627,3835,0,0,0,3945,0,0,0,0,0,1747,4497,0,1719,0,0
855,곡성군,287,0,0,559,0,0,0,0,447,2126,0,0,전라남도,0,2023,27,0,0,0,0,0,0,0,입면,1802,114,0,0,,,206,0,0,89,147,0,0,0,160,0,0,0,0,0,251,177,0,225,0,0
474,곡성군,420,0,0,201,0,0,0,0,365,1069,0,0,전라남도,0,2023,2,0,0,0,0,0,0,0,죽곡면,1162,269,0,0,,,375,0,0,52,241,0,0,0,210,0,0,0,0,0,239,385,0,328,0,0
115788,광양시,119744,0,38179,126340,33812,37741,114,30251,122510,168349,25733,0,전라남도,19149,2023,72440,0,39176,14776,2755,33647,0,5312,광양읍,211768,52516,0,24,,,105030,76787,0,93477,186503,14096,206,35749,145236,30099,39598,34536,0,33707,132415,178068,33840,164486,0,8782
12281,광양시,16516,0,2114,14007,1534,1520,4,1614,14586,21875,1930,0,전라남도,1338,2023,6381,0,2608,787,0,1931,0,495,광영동,29478,2538,0,0,,,11963,9248,0,9841,30870,723,4,1688,13589,1169,2188,1699,0,1460,15001,28551,1761,19658,0,53
6530,광양시,5575,0,1552,7374,861,949,14,987,10071,7315,824,0,전라남도,1162,2023,4040,0,1641,952,0,1381,0,712,금호동,7850,819,0,0,,,5828,3639,0,4539,14648,929,174,581,9359,381,2071,1051,0,2388,9060,10394,1254,12440,0,82
2967,광양시,1146,0,52,1832,464,112,0,76,871,3384,0,0,전라남도,109,2023,198,0,197,37,0,220,0,0,다압면,5736,300,0,0,,,1668,1,0,251,1061,0,0,128,486,146,83,173,0,124,648,519,183,559,0,24
23,광양시,26,0,3,125,3,2,0,3,22,105,0,0,전라남도,2,2023,0,0,2,0,0,6,0,0,도이동,83,3,0,0,,,17,0,0,0,154,0,0,8,3,1,4,1,0,0,10,4,1,26,0,0
10717,광양시,13622,0,2765,14784,1491,2005,388,2372,12605,29881,9010,0,전라남도,1435,2023,11328,0,2854,1150,0,2033,0,1095,마동,32608,2022,0,0,,,11834,9108,0,12780,25795,1778,72,1252,22375,1692,2594,1852,0,1590,16181,31004,1925,19458,0,246
3908,광양시,4823,0,1069,2928,232,750,0,846,3461,6327,1468,0,전라남도,284,2023,903,0,406,137,42,330,0,26,봉강면,6677,1781,0,0,,,4300,2172,0,1499,4708,82,0,292,6310,376,361,257,0,282,5875,15102,540,3064,0,29
4406,광양시,4470,0,974,5832,518,673,4,791,4222,6337,1218,0,전라남도,408,2023,2685,0,834,321,0,635,0,150,성황동,14816,1199,0,47,,,3791,2935,0,4915,10695,429,15,420,6295,550,806,459,0,637,4792,9203,570,11719,0,86
5674,광양시,5201,0,857,3665,1467,2666,0,790,2884,8426,6,0,전라남도,168,2023,356,0,1263,66,4,1043,0,12,옥곡면,8185,1188,0,16,,,6291,124,0,793,3684,25,0,1524,2250,1974,601,1657,0,1046,4449,3411,1048,2878,0,122
4040,광양시,4629,0,254,2292,242,271,0,201,1754,7249,0,0,전라남도,139,2023,252,0,222,98,98,201,0,0,옥룡면,5829,1079,0,1,,,2736,52,0,521,2661,2,0,318,1296,79,227,204,0,275,3326,1744,364,1785,0,74
46,광양시,163,0,35,67,17,25,0,8,96,52,1,0,전라남도,5,2023,3,0,14,4,0,14,0,1,중군동,155,6,0,1,,,34,0,0,3,27,1,0,35,24,9,10,6,0,15,155,49,27,71,0,6
44087,광양시,49129,0,20065,60510,16563,17270,215,19890,53621,78957,28786,0,전라남도,12383,2023,47944,0,21121,9887,596,18657,0,4422,중동,80838,17866,0,73,,,45413,53827,0,52908,88172,8842,368,15709,78400,12069,19533,15243,0,15908,55340,92244,16479,80232,0,1783
3192,광양시,4043,0,338,2728,747,1068,0,362,2164,3491,0,0,전라남도,78,2023,992,0,431,51,0,508,0,0,진상면,6986,1476,0,0,,,2825,282,0,658,3330,11,0,541,1107,1151,368,663,0,390,2349,3064,558,3064,0,140
2273,광양시,3734,0,173,1379,307,298,0,90,1681,3171,0,0,전라남도,78,2023,206,0,239,52,0,245,0,0,진월면,5506,1049,0,0,,,1515,62,0,820,1232,4,0,197,778,84,235,270,0,279,1865,1087,247,1194,0,4
818,광양시,1419,0,112,1366,277,98,0,113,803,1018,12,0,전라남도,109,2023,324,0,159,73,0,121,0,29,태인동,3515,1658,0,0,,,995,93,0,404,986,27,0,112,1053,56,98,170,0,142,1052,1300,209,1061,0,62
100,광양시,196,0,0,16,4,7,0,5,216,635,0,0,전라남도,0,2023,2,0,6,0,0,3,0,0,황금동,443,92,0,0,,,126,0,0,20,479,0,0,9,135,8,4,3,0,15,120,123,8,145,0,44
334,광양시,976,0,21,241,15,19,0,6,437,1035,0,0,전라남도,4,2023,13,0,10,0,0,11,0,0,황길동,1028,137,0,0,,,348,0,0,66,230,0,0,33,326,47,6,38,0,37,194,182,19,172,0,3
293,구례군,378,0,4,452,0,7,0,0,264,608,0,0,전라남도,0,2023,56,0,0,7,0,24,0,0,간전면,124,30,0,0,,,165,0,0,132,632,0,0,1,252,17,0,2,0,2,223,260,4,233,0,2
399,구례군,616,0,0,454,0,0,0,0,132,346,0,0,전라남도,0,2023,221,0,0,0,0,0,0,0,광의면,918,7,0,0,,,193,0,0,137,373,0,0,0,656,0,0,0,0,0,54,327,0,304,0,0
5204,구례군,5988,0,0,5159,0,0,0,0,5998,8654,8,3,전라남도,0,2023,1832,0,0,0,1,0,0,0,구례읍,8981,688,0,0,,,5160,6,0,3238,6935,0,0,0,6832,0,0,0,0,0,5115,6563,0,6550,0,0
53,구례군,78,0,0,82,0,0,0,0,432,71,0,0,전라남도,0,2023,40,0,0,0,0,0,0,0,마산면,879,21,0,0,,,163,0,0,317,333,0,0,0,111,0,0,0,0,0,202,516,0,116,0,0
53,구례군,102,0,0,94,0,0,0,0,172,238,0,0,전라남도,0,2023,9,0,0,0,0,0,0,0,문척면,130,0,0,0,,,72,0,0,195,291,0,0,0,54,0,0,0,0,0,21,45,0,50,0,0
751,구례군,667,0,0,1266,0,0,0,0,1153,1967,0,0,전라남도,0,2023,476,0,0,0,0,0,0,0,산동면,1191,261,0,0,,,571,2,0,447,1116,0,0,0,1419,0,0,0,0,0,529,1212,0,522,0,0
107,구례군,101,0,0,137,0,0,0,0,207,773,0,0,전라남도,0,2023,210,0,0,0,0,0,0,0,용방면,552,21,0,0,,,168,0,0,190,139,0,0,0,292,0,0,0,0,0,98,129,0,96,0,0
587,구례군,206,0,0,259,0,0,0,0,225,499,0,0,전라남도,0,2023,222,0,0,0,0,0,0,0,토지면,728,3,0,0,,,613,0,0,500,916,0,0,0,646,0,0,0,0,0,698,1238,0,706,0,0
0,나주시,0,0,0,1,0,0,0,0,1,0,0,0,전라남도,0,2023,0,0,0,0,0,0,0,0,경현동,0,0,0,0,,,0,0,0,0,7,0,0,0,0,0,0,0,0,0,0,0,0,0,0,0
0,나주시,1,0,0,0,0,0,0,0,0,3,0,0,전라남도,0,2023,0,0,0,0,0,0,0,0,과원동,5,0,0,0,,,1,0,0,0,0,0,0,0,0,0,0,0,0,0,1,0,0,0,0,0
2052,나주시,3344,0,922,708,869,2371,0,1193,2355,1870,153,0,전라남도,850,2023,432,0,715,871,0,987,0,477,남평읍,5468,1515,0,0,,,2387,894,0,708,1445,469,0,2420,1266,201,1209,1148,0,1262,1560,2952,1017,1651,0,1334
846,나주시,819,0,473,533,378,802,1,445,401,1078,38,0,전라남도,344,2023,143,0,443,184,0,295,0,175,노안면,1379,476,0,0,,,692,134,0,218,642,262,3,406,1096,756,494,401,0,331,1016,942,302,781,0,101
388,나주시,429,0,86,198,214,154,0,40,270,707,0,0,전라남도,26,2023,15,0,35,23,0,87,0,62,다도면,6,31,0,0,,,175,4,0,35,196,21,0,126,459,88,41,154,0,128,345,208,86,2,0,11
2791,나주시,2122,0,2632,8104,3970,4669,12,3730,6567,2245,1413,0,전라남도,2955,2023,2097,0,2798,1673,44,3333,0,2441,대호동,3412,1135,0,0,,,3881,2923,0,2204,10718,1957,662,5668,5222,4130,2370,2977,0,5601,4519,6223,3839,5607,0,49
9,나주시,27,0,0,4,0,0,0,0,3,10,0,0,전라남도,0,2023,0,0,0,0,0,0,0,0,반남면,6,0,0,0,,,16,0,0,0,1,0,0,0,5,0,0,0,0,0,7,0,0,2,0,0
17165,나주시,19585,0,21669,14918,10682,49697,124,26619,17743,25321,7021,45,전라남도,22573,2023,11781,0,16984,14414,3292,11843,0,17665,빛가람동,21873,9032,0,3,,,14886,13154,189,15185,20687,19763,9540,16912,42518,12910,14288,10103,0,12398,16256,27564,13259,18441,0,2034
274,나주시,180,0,73,165,1011,1055,0,64,220,243,0,0,전라남도,56,2023,21,0,21,21,0,94,0,11,산포면,181,69,0,0,,,175,4,0,52,762,33,0,576,733,174,74,164,0,140,975,221,117,160,0,282
1,나주시,0,0,0,0,0,0,0,0,0,0,0,0,전라남도,0,2023,0,0,0,0,0,0,0,0,삼영동,0,0,0,0,,,0,0,0,0,0,0,0,0,0,0,0,0,0,0,0,0,0,0,0,0
103,나주시,147,0,44,79,31,39,0,60,89,111,9,0,전라남도,50,2023,39,0,90,24,0,29,0,19,석현동,535,84,0,0,,,63,15,0,47,346,22,1,70,264,33,34,49,0,82,127,157,46,88,0,19
4,나주시,0,0,0,1,0,0,0,0,3,0,0,0,전라남도,0,2023,0,0,0,0,0,0,0,0,성북동,1,0,0,0,,,0,0,0,0,2,0,0,0,0,0,0,0,0,0,1,7,0,0,0,0
1,나주시,0,0,0,0,0,0,0,0,0,1,0,0,전라남도,0,2023,0,0,0,0,0,0,0,0,세지면,0,0,0,0,,,0,0,0,0,0,0,0,0,0,0,0,0,0,0,0,0,0,0,0,0
5,나주시,2,0,0,0,0,0,0,0,0,22,0,0,전라남도,0,2023,0,0,0,0,0,0,0,0,송월동,12,0,0,0,,,2,0,0,0,1,0,0,0,0,0,0,0,0,0,2,4,0,0,0,0
0,나주시,0,0,0,0,0,0,0,0,0,1,0,0,전라남도,0,2023,0,0,0,0,0,0,0,0,영산동,0,0,0,0,,,0,0,0,0,0,0,0,0,0,0,0,0,0,0,0,0,0,0,0,0
5,나주시,14,0,0,8,0,0,0,0,9,30,0,0,전라남도,0,2023,0,0,0,0,0,0,0,0,왕곡면,6,0,0,0,,,3,0,0,0,7,0,0,0,0,0,0,0,0,0,0,5,0,0,0,0
29,나주시,13,0,0,22,0,0,0,0,25,16,0,0,전라남도,0,2023,0,0,0,0,0,0,0,0,이창동,11,0,0,0,,,29,0,0,0,23,0,0,0,22,0,0,0,0,0,15,12,0,12,0,0
4,나주시,15,0,0,8,0,0,0,0,1,0,0,0,전라남도,0,2023,0,0,0,0,0,0,0,0,중앙동,9,0,0,0,,,2,0,0,0,3,0,0,0,0,0,0,0,0,0,4,13,0,0,0,0
36,나주시,53,0,42,28,24,23,0,66,29,45,4,0,전라남도,18,2023,7,0,47,34,0,24,0,10,청동,74,4,0,0,,,27,9,0,29,20,8,2,26,22,7,28,27,0,30,23,19,22,49,0,0
491,담양군,721,0,316,610,399,339,0,149,574,373,4,0,전라남도,185,2023,145,0,257,115,0,314,0,102,가사문학면,720,134,0,0,,,409,87,0,189,785,61,1,248,291,174,312,459,0,433,538,456,294,658,0,12
5,담양군,87,0,0,70,6,30,0,48,8,17,0,0,전라남도,525,2023,51,0,408,2,0,613,0,0,고서면,546,611,0,0,,,384,3,0,12,62,235,0,924,1231,835,39,295,0,97,274,0,10,1432,0,0
44,담양군,137,0,0,0,0,0,0,0,0,831,0,0,전라남도,0,2023,0,0,0,0,0,0,0,0,담양읍,583,0,0,0,,,0,0,0,544,0,0,0,0,0,0,0,0,0,0,257,319,0,270,0,0
377,담양군,4,0,8,0,60,0,0,0,3,3,0,0,전라남도,128,2023,49,0,264,0,0,144,0,1,대덕면,410,478,0,0,,,1,0,0,1,2,197,0,148,31,67,2,0,0,105,225,129,0,382,0,0
210,담양군,3498,0,2506,650,1165,850,0,2362,3765,3353,95,0,전라남도,1740,2023,2885,0,388,941,0,1929,0,2958,대전면,2358,1399,0,0,,,3192,347,0,1551,4570,1416,7,3432,2525,2014,2001,1277,0,315,2492,820,1196,3688,0,516
48,담양군,225,0,0,12,0,0,0,0,29,278,0,0,전라남도,0,2023,0,0,0,0,0,0,0,0,무정면,147,0,0,0,,,1,0,0,20,7,0,0,0,70,0,0,0,0,0,150,373,0,91,0,0
395,담양군,857,0,185,675,400,286,1,320,949,1005,4,0,전라남도,302,2023,347,0,267,100,8,142,0,78,봉산면,549,150,0,0,,,367,54,0,314,494,110,2,328,747,352,124,347,0,189,931,935,188,1026,0,207
207,담양군,1256,0,1376,182,589,1291,7,902,1489,1111,9,0,전라남도,34,2023,171,0,327,722,46,556,0,655,수북면,1694,469,0,0,,,1194,80,0,321,2433,529,70,747,23,83,392,412,0,7,1379,1189,564,1068,0,404
10,담양군,6,0,12,0,7,0,0,9,79,4,0,0,전라남도,0,2023,2,0,0,0,0,0,0,0,용면,31,0,0,0,,,4,0,0,4,3,0,0,1,37,0,1,0,0,1,29,91,0,33,0,0
270,담양군,81,0,3,44,55,125,0,7,34,10,0,0,전라남도,375,2023,125,0,293,3,0,487,0,0,창평면,908,186,0,0,,,4,4,0,5,35,108,0,841,1789,963,20,25,0,266,580,0,12,1133,0,2
89,목포시,154,0,147,312,90,336,89,159,139,179,78,0,전라남도,78,2023,152,0,92,76,0,187,0,51,경동1가,171,25,0,0,,,166,148,0,349,613,69,11,119,327,225,151,206,0,207,261,1074,280,561,0,164
828,목포시,917,0,310,1150,332,147,12,288,769,1548,134,0,전라남도,130,2023,376,0,395,125,8,494,0,63,금화동,1209,338,0,0,,,834,244,0,711,1023,210,5,322,912,73,472,406,0,438,1119,1092,475,1104,0,12
4299,목포시,4876,0,1032,5180,791,935,118,957,5178,5486,1086,0,전라남도,625,2023,2240,0,954,412,0,990,0,370,남교동,5138,2862,0,0,,,4503,2176,0,3171,6292,386,35,602,6850,297,942,850,0,885,5523,6806,1110,6059,0,380
496,목포시,1082,0,125,611,168,381,2,103,651,907,172,0,전라남도,150,2023,247,0,224,173,0,123,0,280,달동,734,672,0,0,,,377,289,0,432,858,290,0,270,639,132,128,176,0,158,1039,611,259,763,0,145
3699,목포시,3414,0,780,5302,610,854,166,878,6696,3618,3781,0,전라남도,497,2023,3386,0,713,367,77,720,0,342,대성동,5107,1103,0,1,,,4362,2178,0,4453,25682,429,71,614,19479,479,681,667,0,566,8767,25024,732,11599,0,133
2594,목포시,1767,0,816,4926,1081,987,108,864,3578,984,1261,0,전라남도,478,2023,2233,0,1212,431,0,1230,0,140,대안동,1171,158,0,0,,,2891,2319,0,3025,5098,318,21,877,6153,448,1185,1127,0,1049,4332,7336,941,5508,0,529
6139,목포시,7419,0,671,8806,548,618,2,598,5570,20144,587,0,전라남도,313,2023,2247,0,843,222,295,441,0,99,대양동,10751,2391,0,28,,,5357,1620,0,3366,15092,193,0,551,7048,276,645,406,0,503,8225,10256,617,10406,0,113
834,목포시,698,0,172,998,306,98,0,193,1022,604,142,0,전라남도,100,2023,1123,0,178,87,21,232,0,36,대의동2가,482,117,0,0,,,767,727,0,561,1721,58,11,189,1086,38,220,280,0,215,997,1563,308,1467,0,19
1454,목포시,1051,0,452,1189,325,538,34,341,955,2447,371,0,전라남도,219,2023,517,5,368,155,180,357,0,76,동명동,2003,794,0,19,,,1198,637,0,837,1547,189,8,316,1379,213,417,386,0,334,1128,1764,468,1526,0,78
19012,목포시,20090,0,11649,26654,9554,8237,1762,10661,24207,14170,14648,0,전라남도,6807,2023,15482,0,11553,4574,1444,10072,0,2135,명륜동,17365,4722,0,10,,,23289,16966,0,22684,32476,4023,242,10125,36600,6572,12605,10093,0,10769,35647,35574,11657,36844,0,3783
220,목포시,158,0,192,341,216,268,5,208,337,236,60,0,전라남도,133,2023,233,0,212,62,20,208,0,35,무안동,198,157,0,0,,,241,199,0,283,754,49,5,257,544,119,230,249,0,195,502,842,273,667,0,32
314,목포시,248,0,115,428,74,48,6,107,283,233,89,0,전라남도,105,2023,50,0,129,112,2,117,0,36,보광동1가,281,26,0,0,,,333,176,0,129,340,93,3,65,302,12,112,87,0,76,311,884,100,545,0,7
471,목포시,572,0,66,396,45,45,18,138,315,904,64,0,전라남도,60,2023,128,0,80,42,0,43,0,20,북교동,1478,387,0,0,,,366,70,0,183,609,39,5,34,356,37,54,44,0,57,454,530,49,444,0,7
106386,목포시,131690,0,15379,91496,13055,12885,2466,14581,100592,215177,20337,0,전라남도,8228,2023,34922,195,16344,5636,4785,15781,0,3825,산정동,197841,62840,0,348,,,90670,33420,0,49497,106871,5176,600,13297,88098,8903,15891,12992,0,13349,94942,104232,15321,103958,2,5099
96483,목포시,98917,0,40830,127611,28748,31156,6259,39367,118200,141337,85708,0,전라남도,25807,2023,118851,0,42040,18432,4942,37151,0,10382,상동,170028,45415,0,500,,,103849,118418,1,125778,220219,16590,1480,29162,171701,21023,40062,30025,0,31524,125288,201418,37275,182374,0,8226
669,목포시,591,0,416,899,654,582,22,331,834,151,89,0,전라남도,293,2023,303,0,518,184,0,534,0,80,상락동2가,326,22,0,1,,,911,183,0,613,880,109,7,606,744,369,578,564,0,437,1083,945,576,1300,0,96
629,목포시,877,0,214,942,178,86,33,177,674,1701,95,0,전라남도,121,2023,379,0,169,112,28,181,0,26,서산동,1375,935,0,0,,,773,275,0,448,1623,67,4,198,629,82,182,165,0,192,903,838,228,1411,0,23
23418,목포시,27113,0,11401,26309,5596,7286,391,8415,23860,53905,7938,0,전라남도,4834,2023,13829,2,9493,3639,2680,7043,0,2471,석현동,53424,11498,0,30,,,23153,13075,1,17047,33254,4139,275,6140,32487,7677,8225,5582,0,6486,24342,42325,7332,31955,0,2017
542,목포시,671,0,223,796,171,78,6,220,980,275,46,0,전라남도,129,2023,382,0,230,84,13,224,0,27,수강동1가,688,297,0,0,,,822,206,0,375,1054,29,6,206,588,39,196,191,0,192,831,876,254,948,0,11
740,목포시,530,0,186,578,109,38,12,211,603,966,121,0,전라남도,109,2023,289,0,162,54,0,143,0,26,양동,773,427,0,0,,,369,154,0,524,2999,51,7,69,962,36,181,144,0,133,1004,1796,145,2799,0,7
14160,목포시,15672,0,2667,13419,1593,1867,621,2721,12640,45070,4699,0,전라남도,1465,2023,7933,0,2665,1013,675,2264,0,788,연산동,33365,12074,0,1,,,11573,6602,0,9259,13215,993,184,1470,15958,1453,2559,1627,0,1868,13332,14303,1867,13031,0,275
520,목포시,411,0,86,633,260,84,0,68,477,303,8,0,전라남도,39,2023,124,0,111,18,0,160,0,14,영해동1가,212,25,0,1,,,729,131,0,188,601,22,0,196,254,39,137,272,0,262,488,339,279,755,0,28
40803,목포시,49532,0,9741,53014,6058,7657,1441,10373,47225,99787,23113,0,전라남도,6821,2023,36055,0,9885,5419,584,8967,0,3108,옥암동,102842,23287,0,67,,,42840,35141,0,40549,79427,4977,535,6169,64526,3766,8900,6878,0,7566,52921,77008,8859,78558,0,1357
366,목포시,365,0,194,535,167,87,24,222,432,438,115,0,전라남도,139,2023,986,0,201,46,115,165,0,17,온금동,331,452,0,0,,,359,497,0,352,402,18,2,118,400,20,202,241,0,182,541,401,226,446,0,9
48594,목포시,46113,0,21198,60919,18373,17154,1719,19107,64176,54272,23697,0,전라남도,10709,2023,32425,0,22788,7134,4772,20845,0,4010,용당동,60447,27115,0,761,,,55191,29658,0,43974,111671,7086,494,16922,97305,13108,21716,20161,0,19428,68750,131184,21166,88907,0,7563
31374,목포시,39860,0,6595,38259,4228,5626,1699,6829,41384,74107,11895,0,전라남도,4303,2023,19682,10,7379,3118,809,5753,0,2167,용해동,67813,20010,0,8,,,34107,17990,0,30262,78907,2641,279,4533,50161,3033,6616,4732,0,5837,43651,57626,6477,60036,0,1947
12138,목포시,12041,0,5215,16589,3108,3125,762,4848,21321,11558,8302,0,전라남도,3357,2023,10384,0,5466,2554,1594,5356,0,1238,죽교동,15393,4377,0,3,,,13418,15306,0,13111,49152,1876,305,3166,43077,1372,5601,3793,0,4243,22556,45426,5129,35302,0,475
125,목포시,125,0,122,356,84,42,2,107,282,59,31,0,전라남도,65,2023,321,0,112,57,0,139,0,28,죽동,34,25,0,0,,,190,456,0,503,642,25,0,46,510,56,111,104,0,148,411,644,133,430,0,17
306,목포시,373,0,44,747,22,145,0,34,426,872,46,0,전라남도,17,2023,228,0,48,13,96,18,0,3,중동2가,751,202,0,0,,,451,82,0,528,2528,2,0,21,1062,19,51,12,0,29,748,2064,47,1680,0,2
268,목포시,264,0,42,478,38,13,0,21,271,321,17,0,전라남도,10,2023,132,0,45,6,27,49,0,15,중앙동2가,293,159,0,0,,,187,103,0,160,458,13,0,29,283,15,76,53,0,78,382,493,59,432,0,0
265,목포시,169,0,162,451,66,28,20,136,253,44,79,0,전라남도,77,2023,94,0,187,49,3,144,0,14,축복동1가,95,13,0,1,,,244,108,0,152,389,42,12,64,247,16,171,93,0,104,338,444,111,473,0,11
1803,목포시,2737,0,402,2934,453,442,38,426,1732,1048,430,0,전라남도,325,2023,862,0,433,215,17,602,0,246,항동,1815,187,0,5,,,2878,663,0,1709,2776,221,24,637,4584,802,663,757,0,713,2600,2426,784,2492,0,341
64,목포시,58,0,105,81,185,189,19,89,70,164,76,0,전라남도,103,2023,51,0,90,91,0,148,0,258,해안동1가,236,84,0,0,,,52,58,0,128,128,161,98,292,219,348,171,125,0,125,64,207,184,97,0,58
1187,목포시,1581,0,274,1640,170,250,22,265,1385,2078,449,0,전라남도,212,2023,475,0,275,214,369,279,0,201,해안동2가,2428,1119,0,3,,,1476,676,0,1005,2119,204,43,199,2648,256,425,191,0,228,1891,2266,273,2122,0,73
353,목포시,455,0,47,267,37,109,1,48,415,530,77,0,전라남도,37,2023,68,0,71,28,112,37,0,24,해안동4가,802,340,0,0,,,319,118,0,228,304,25,6,46,353,18,41,47,0,55,375,283,89,272,0,3
357,목포시,305,0,85,458,143,194,1,74,289,539,67,0,전라남도,32,2023,119,0,121,45,1,138,0,23,행복동1가,554,19,0,0,,,364,148,0,192,438,47,0,235,611,205,137,137,0,128,350,1604,142,823,0,37
64,목포시,52,0,3,49,6,8,3,7,72,36,12,0,전라남도,2,2023,19,0,10,2,0,8,0,1,행복동2가,41,2,0,0,,,54,35,0,72,194,3,0,3,161,1,7,11,0,1,77,192,9,97,0,0
11907,목포시,11354,0,3927,14719,4335,6422,719,3827,12946,12009,4699,0,전라남도,2498,2023,5490,1,3790,1708,2261,3557,0,778,호남동,12456,3995,0,141,,,12191,7709,0,6182,18203,1554,134,5792,21381,4720,3749,4715,0,3630,21582,22194,4548,13692,0,2195
614,무안군,696,0,98,517,56,126,3,57,738,977,37,0,전라남도,22,2023,59,0,95,18,0,71,0,27,몽탄면,795,650,0,0,,,757,43,0,321,1171,81,1,61,421,108,81,65,0,62,681,479,90,604,0,33
9632,무안군,10125,0,2156,13697,1300,1337,4,1776,13830,10887,2030,0,전라남도,1123,2023,6442,338,2112,827,34,1603,0,895,무안읍,13298,3559,0,170,,,11566,5163,0,7794,19878,1001,41,1139,18189,1362,1630,1291,0,1575,14394,29459,1613,13764,2,562
29799,무안군,35241,0,6764,42632,4426,6700,1199,7021,37934,65937,30689,0,전라남도,5455,2023,41496,0,7259,3656,663,6541,0,2426,삼향읍,55515,18339,0,37,,,31452,49829,0,45710,67947,3549,376,4796,69911,2969,6622,5158,0,6074,41084,83173,6413,54298,0,783
7669,무안군,9107,0,581,11348,395,445,14,519,8747,13575,1758,0,전라남도,489,2023,4540,0,615,345,56,513,0,253,일로읍,10564,4547,0,0,,,8210,3316,0,5740,15642,376,59,277,9369,172,575,363,0,443,11136,11650,512,13298,0,106
13395,무안군,11111,0,1784,18336,1231,1375,0,1985,20471,11701,5335,0,전라남도,1632,2023,7214,0,1946,1484,230,1759,0,1105,청계면,16192,5323,0,43,,,13696,8568,0,11096,24380,1540,0,1180,17993,469,1633,1259,0,1498,21193,27167,1328,23795,0,170
286,보성군,935,0,15,109,53,28,0,142,403,234,0,0,전라남도,34,2023,0,0,6,0,0,176,0,0,겸백면,263,671,0,0,,,265,0,0,4,24,0,0,49,24,3,72,98,0,146,129,58,15,49,0,2
163,보성군,437,0,25,114,15,38,0,25,92,761,0,0,전라남도,2,2023,0,0,0,0,0,12,0,0,노동면,324,387,0,0,,,177,0,0,18,0,0,0,41,30,7,18,37,0,16,210,48,45,63,0,0
2438,보성군,3229,0,775,1994,718,835,0,259,2035,1975,0,0,전라남도,175,2023,1205,0,563,45,9,445,0,0,득량면,3296,2565,0,0,,,3016,95,0,1027,4599,9,0,677,2624,324,545,939,0,569,2693,4564,634,1908,0,205
404,보성군,246,0,13,14,155,21,0,57,0,813,0,0,전라남도,1,2023,0,0,78,0,0,9,0,0,문덕면,156,736,0,0,,,81,0,0,0,20,0,0,38,24,74,5,30,0,0,462,99,208,4,0,16
269,보성군,1053,0,26,306,59,65,0,95,483,1286,0,0,전라남도,4,2023,9,0,37,1,0,81,0,0,미력면,216,427,0,0,,,337,0,0,243,118,0,0,129,240,91,47,197,0,81,51,262,41,163,0,41
23671,보성군,29434,0,5627,23345,5688,7885,319,4139,23986,33172,3860,0,전라남도,2220,2023,13587,0,5505,1381,621,5586,0,402,벌교읍,38856,10165,0,9,,,26194,7869,0,16861,33994,804,23,7408,26647,6741,5794,6592,0,5483,23325,37679,5718,25414,0,2244
12232,보성군,14319,0,2117,8535,4600,4546,0,1412,10203,15601,0,0,전라남도,824,2023,4134,0,2208,256,97,3783,0,0,보성읍,16661,3688,0,1,,,12410,60,0,6262,11462,136,0,6203,10348,4363,2490,3483,0,3280,11608,12120,2982,12060,0,1383
331,보성군,730,0,91,251,24,191,0,97,347,1813,0,0,전라남도,33,2023,3,0,177,0,0,23,0,0,복내면,754,500,0,0,,,544,0,0,36,290,0,0,228,331,137,133,242,0,152,318,18,85,267,0,9
552,보성군,4,0,7,141,45,35,0,18,358,0,0,0,전라남도,14,2023,6,0,39,4,0,47,0,0,웅치면,1067,389,0,0,,,191,0,0,17,169,0,0,0,24,0,47,64,0,44,213,49,51,120,0,1
240,보성군,252,0,19,151,55,17,0,31,290,638,0,0,전라남도,52,2023,9,0,18,0,3,110,0,0,율어면,664,943,0,0,,,238,0,0,7,87,0,0,54,117,7,34,42,0,129,138,27,21,35,0,322
1450,보성군,1344,0,381,1165,290,323,0,311,1279,3541,0,0,전라남도,80,2023,162,0,743,81,10,260,0,0,조성면,2454,1232,0,8,,,1026,40,0,242,3041,10,0,254,681,236,310,249,0,230,1101,1458,262,845,0,163
1330,보성군,696,0,132,912,231,417,0,115,620,1855,0,0,전라남도,100,2023,139,0,310,58,1,177,0,0,회천면,2069,637,0,0,,,1199,1,0,216,1134,0,0,215,408,260,310,372,0,229,704,767,340,735,0,44
32335,순천시,38796,0,11981,31163,6052,9042,66,9686,39710,60746,6268,0,전라남도,5717,2023,15372,0,11008,4423,6278,7872,0,2045,가곡동,77615,21603,0,46,,,30870,15187,0,20157,44836,3765,186,6565,39762,7130,8946,6672,0,8208,38309,81834,8378,33613,0,1475
524,순천시,836,0,70,395,60,126,0,102,466,680,11,0,전라남도,69,2023,53,0,51,28,0,84,0,25,교량동,596,573,0,0,,,474,53,0,143,417,28,0,42,976,21,57,64,0,81,320,183,74,369,0,65
2,순천시,0,0,0,0,1,2,0,17,1,6,0,0,전라남도,0,2023,0,0,0,0,0,1,0,0,금곡동,3,2,0,0,,,1,0,0,10,44,0,0,1,1,0,4,0,0,4,1,0,0,5,0,0
3333,순천시,5314,0,272,1050,1529,691,0,520,1769,7440,47,0,전라남도,409,2023,319,0,1404,171,658,1066,0,15,낙안면,5557,2824,0,1,,,4951,201,0,1190,4982,117,0,744,2528,308,579,1591,0,1780,5117,1187,806,4428,0,193
6549,순천시,9169,0,2040,6860,1483,1749,39,1620,6859,9568,1143,0,전라남도,976,2023,2631,0,1711,557,36,1512,0,255,남정동,14025,5867,0,0,,,5825,1966,0,3472,6109,754,4,1528,6249,612,1716,1519,0,1792,7327,7245,1529,7398,0,450
1954,순천시,2309,0,795,2370,732,616,0,457,2139,2075,116,0,전라남도,259,2023,967,0,788,246,0,1589,0,51,대대동,3161,1940,0,0,,,3216,427,0,2998,3070,148,0,483,3932,125,1244,869,0,955,2579,3863,912,2637,0,43
1403,순천시,1453,0,199,1172,392,617,0,210,1070,1602,50,0,전라남도,121,2023,444,0,236,59,58,269,0,21,대룡동,2589,614,0,0,,,1411,460,0,620,1601,78,0,264,1447,179,264,387,0,320,1373,1836,277,1445,0,248
42388,순천시,37923,0,26281,48615,24535,23129,114,26383,49397,35523,14520,0,전라남도,15509,2023,31968,0,28413,12094,235,24612,0,3007,덕암동,48068,16273,0,16,,,51192,27193,0,39973,63781,8164,55,18427,59073,19075,26021,21723,0,24018,48219,65255,24445,61793,0,12622
21904,순천시,26557,0,10463,30587,5334,9419,35,8644,41513,30718,4911,0,전라남도,4442,2023,13562,0,8583,3044,114,6166,0,1392,덕월동,38234,8946,0,0,,,32702,9101,0,13471,61067,2453,12,7245,37819,7153,7965,5832,0,7000,41481,58217,7188,45031,0,1449
809,순천시,713,0,391,3790,441,529,24,455,943,1157,252,0,전라남도,292,2023,951,0,459,233,0,363,0,97,동외동,1431,473,0,0,,,857,682,0,1443,2183,161,9,576,2156,286,460,364,0,403,2249,2393,510,2625,0,99
32443,순천시,31185,0,12148,36819,14204,10803,76,8883,36004,25144,5660,0,전라남도,4934,2023,16041,0,11944,3415,1769,12332,0,1592,매곡동,44574,12497,0,101,,,36025,12407,0,19612,53174,3067,103,14601,38214,5067,12507,13588,0,12270,37291,62450,12639,44795,0,2248
12094,순천시,13663,0,950,7804,1584,1230,0,895,7973,15090,238,0,전라남도,493,2023,1050,0,1256,353,118,1148,0,144,별량면,21887,11345,0,0,,,10457,553,0,1794,6778,503,0,2161,3293,744,1048,1430,0,1095,8532,9423,1232,5857,0,710
316,순천시,1034,0,5,14,5,7,0,0,939,534,0,0,전라남도,2,2023,0,0,0,0,113,0,0,0,삼거동,53,44,0,0,,,12,9,0,31,0,0,0,109,3,9,8,3,0,14,0,610,0,807,0,8
1689,순천시,5159,0,334,2527,559,1162,0,303,4241,9538,96,0,전라남도,113,2023,364,0,482,138,4,313,0,0,상사면,10536,2382,0,0,,,3236,157,0,832,2608,186,0,377,1791,585,1015,488,0,308,3035,1606,239,2395,0,181
7814,순천시,9078,0,1702,5233,944,1134,3,1337,5948,11789,752,0,전라남도,880,2023,1451,0,1538,534,0,1155,0,427,생목동,19934,3659,0,0,,,6617,1315,0,2500,6986,664,1,806,5499,1076,1302,1097,0,1078,6859,6535,1188,6252,0,205
35010,순천시,48914,0,10535,40756,6310,11848,149,7493,37836,67298,4618,0,전라남도,4590,2023,14075,0,9658,4453,2928,7504,0,1555,서면,82715,19127,0,16,,,29792,9501,0,19651,43548,3893,138,7134,38633,10643,8679,6779,0,8276,40880,53198,7023,40202,0,2193
41965,순천시,37741,0,20264,55646,12997,18337,356,16558,54228,33511,23005,0,전라남도,10282,2023,36186,0,16643,9026,2568,14201,0,4728,석현동,56394,13882,0,31,,,49539,37164,0,44972,102533,8621,308,13434,90568,9579,15557,11406,0,12456,52237,102393,15759,81870,0,2994
943,순천시,3390,0,230,1902,375,295,0,131,2016,1678,0,0,전라남도,19,2023,50,0,117,21,0,836,0,0,송광면,2226,2342,0,0,,,1667,114,0,30,928,2,0,388,659,148,266,468,0,504,1036,2507,227,2033,0,382
4734,순천시,11924,0,749,5578,1042,759,0,588,5568,12651,114,0,전라남도,303,2023,353,0,915,170,703,1469,0,35,승주읍,8209,3154,0,1,,,5675,187,0,1692,8419,88,0,1957,3101,675,824,1699,0,1234,6959,3138,1160,4452,0,328
503,순천시,845,0,40,311,69,9,0,25,542,1307,14,0,전라남도,15,2023,47,0,37,9,0,38,0,3,안풍동,1229,968,0,0,,,704,26,0,93,283,5,0,7,353,67,26,24,0,29,516,652,23,208,0,12
295,순천시,34,0,116,203,32,78,0,41,34,578,7,0,전라남도,35,2023,12,0,55,10,55,53,0,2,야흥동,70,13,0,0,,,44,2,0,45,248,3,0,91,43,72,19,41,0,34,195,58,44,27,0,43
65563,순천시,72583,0,24475,81290,21227,20380,33,25001,78831,81493,32467,0,전라남도,16123,2023,57461,0,25420,11261,1431,25143,0,4807,연향동,113308,29253,0,4,,,69643,56845,0,67698,105744,9773,20,20104,103758,9035,25430,21791,0,21299,75599,109819,24149,94790,0,3335
0,순천시,27,0,0,30,4,1,0,10,21,376,0,0,전라남도,4,2023,0,0,1,0,0,13,0,0,영동,6,1,0,0,,,4,0,0,16,12,0,0,1,6,0,7,5,0,16,122,0,2,15,0,0
9055,순천시,10041,0,3304,14395,2990,1870,31,3444,10387,15327,6450,0,전라남도,2296,2023,12727,0,3417,1517,203,4144,0,546,오천동,27202,4246,0,0,,,8172,14129,0,14597,19743,1539,64,2228,20672,1093,3729,3709,0,3623,14436,20358,4285,17126,0,812
35,순천시,428,0,70,42,4,0,0,50,240,1256,0,0,전라남도,69,2023,16,0,1,1,0,45,0,0,옥천동,162,461,0,0,,,59,10,0,29,8,29,0,77,27,112,21,9,0,40,57,36,2,202,0,0
333,순천시,1201,0,19,3,9,0,0,5,980,1898,0,0,전라남도,12,2023,24,0,0,1,137,21,0,0,와룡동,0,53,0,0,,,91,31,0,74,0,2,0,24,411,10,11,0,0,33,0,479,0,713,0,0
262,순천시,610,0,34,306,70,36,0,67,1082,1287,4,0,전라남도,40,2023,401,0,109,46,51,255,0,16,왕지동,1560,617,0,0,,,69,286,0,382,575,23,0,268,276,117,115,124,0,213,728,587,135,682,0,17
763,순천시,2106,0,48,309,174,106,0,36,375,1191,0,0,전라남도,34,2023,1,0,63,22,0,90,0,0,외서면,655,1312,0,0,,,592,36,0,24,134,0,0,59,109,15,47,32,0,143,615,452,47,1051,0,15
27352,순천시,30599,0,7343,30869,3504,3303,339,6096,30162,45785,12077,0,전라남도,4107,2023,23981,0,6940,3667,1365,5124,0,1534,용당동,57879,10585,0,23,,,25241,21600,0,31441,56542,2436,87,3432,50413,1942,5617,3908,0,4554,34003,69968,4486,35236,0,599
3084,순천시,1360,0,125,934,437,353,0,86,132,2093,24,0,전라남도,100,2023,93,0,417,73,1368,243,0,34,월등면,7880,2451,0,1,,,702,8,0,115,1200,9,0,42,714,54,108,180,0,25,2289,1103,382,299,0,36
2371,순천시,1890,0,482,1873,290,799,1,184,3010,1533,451,0,전라남도,128,2023,794,0,296,97,1,226,0,62,인월동,2664,473,0,0,,,2524,1038,0,1103,3459,141,0,141,4073,342,214,189,0,210,2498,11508,293,1964,0,93
11519,순천시,9707,0,2368,11976,6843,5423,6,1776,11273,7421,1734,0,전라남도,1020,2023,4154,0,3328,810,1,4357,0,305,인제동,11611,3248,0,4,,,12061,4631,0,4870,10423,643,13,6317,7256,3246,3794,5591,0,5895,11153,14863,4136,11908,0,1685
57864,순천시,50651,0,44836,68823,43905,43295,543,37732,70052,45343,15046,0,전라남도,18791,2023,41239,0,49991,13588,1222,44754,0,5199,장천동,64035,17531,0,81,,,64924,40367,0,49750,85363,12057,115,44987,87705,28676,48370,43992,0,47007,67975,122160,47255,77735,0,11349
31840,순천시,28836,0,8533,46153,11028,10957,15,6868,42615,22130,10568,0,전라남도,3653,2023,24588,0,9393,2305,777,9823,0,720,저전동,28188,11537,0,101,,,39407,26114,0,31138,58467,2014,1,11470,55312,5396,9810,9404,0,9341,45583,105731,9687,52517,0,2830
59892,순천시,54863,0,31441,53066,32508,37969,245,30197,54727,47910,17672,0,전라남도,16253,2023,31687,0,34904,12671,243,28001,0,5326,조곡동,78860,18827,0,69,,,58138,26739,0,38106,60061,10637,103,27169,60989,23896,29409,29192,0,32715,65118,68918,28180,57394,0,13929
130472,순천시,142573,0,53185,153321,41005,45156,937,51769,145099,169445,78403,0,전라남도,32431,2023,113529,0,53641,25367,252,49534,0,13778,조례동,231206,52863,0,0,,,132485,122016,0,118368,206603,27800,378,45682,197327,24394,50836,39215,0,39177,144397,212233,45182,183129,0,9766
2075,순천시,3964,0,403,1027,397,636,0,825,1206,6095,48,0,전라남도,294,2023,212,0,976,145,0,479,0,30,주암면,4638,1527,0,0,,,2310,131,0,117,969,92,0,361,259,458,648,737,0,887,2712,850,725,623,0,34
29003,순천시,24021,0,20400,45431,19789,18106,350,16822,42669,16768,16420,0,전라남도,9410,2023,37890,0,21559,6728,386,19380,0,2731,중앙동,27773,6112,0,24,,,31256,30532,0,45017,101602,5483,118,17031,75314,10234,20779,18396,0,19388,47198,94865,19808,60695,0,3773
37300,순천시,30997,0,12292,46837,19779,15417,51,10061,41492,25373,4934,0,전라남도,5128,2023,15284,0,13867,3978,96,14198,0,1516,풍덕동,36429,9748,0,6,,,41859,12630,0,20586,52873,3315,42,18131,30837,9736,14549,18490,0,16154,41122,39980,15099,52049,0,5094
82844,순천시,96890,0,16344,80881,11433,14974,137,16788,83733,136935,37685,0,전라남도,9983,2023,57526,0,15981,7685,4340,14722,0,4400,해룡면,172091,37900,0,6,,,74055,60108,0,70209,121293,7195,114,13051,108672,7274,15520,11195,0,13312,88436,131262,14506,112252,0,3474
11,순천시,7,0,0,15,73,34,0,21,14,158,0,0,전라남도,5,2023,0,0,2,0,0,33,0,0,행동,3,2,0,0,,,15,0,0,9,101,0,0,17,20,8,12,8,0,19,7,0,2,75,0,359
418,순천시,394,0,47,1191,55,187,0,35,320,1272,10,0,전라남도,89,2023,69,0,85,22,259,45,0,8,홍내동,2345,213,0,0,,,738,39,0,80,585,63,0,15,198,61,49,31,0,15,503,233,30,1691,0,1
11611,순천시,12492,0,1080,5848,2796,2240,0,1166,6612,15752,66,0,전라남도,368,2023,1330,0,1792,222,509,2133,0,69,황전면,12710,4929,0,7,,,8556,253,0,981,6275,249,0,3696,4553,2857,1866,2659,0,1726,5713,3510,1468,6158,0,1274
2119,신안군,2527,0,37,2828,57,39,0,30,3249,6229,0,0,전라남도,33,2023,20,0,13,9,0,18,0,0,안좌면,5529,338,0,0,,,2504,0,0,719,3435,10,0,24,1804,15,96,32,0,72,513,508,20,3057,0,0
1502,신안군,2386,0,94,1601,133,70,0,61,1825,4570,0,0,전라남도,42,2023,191,0,224,35,0,198,0,0,암태면,4129,5,0,0,,,1676,0,0,671,1849,0,0,169,1260,58,149,203,0,188,1297,961,129,1029,0,0
3145,신안군,5621,0,221,3078,251,341,0,217,3300,3735,0,0,전라남도,102,2023,608,0,167,57,37,431,0,0,압해읍,5073,602,0,0,,,3694,347,0,818,4448,42,0,493,3324,214,366,355,0,469,3829,7993,398,4577,0,330
205,신안군,139,0,0,32,1,0,0,0,2,618,0,0,전라남도,0,2023,0,0,0,0,0,0,0,0,임자면,28,0,0,0,,,73,0,0,0,4,0,0,0,2,11,0,0,0,0,84,28,0,78,0,0
1746,신안군,1806,0,48,1084,78,87,0,12,124,3799,0,0,전라남도,27,2023,9,0,90,7,0,76,0,0,자은면,5386,1771,0,0,,,2578,0,0,743,1991,0,0,19,570,44,52,75,0,30,2285,1664,75,1682,0,0
95,신안군,214,0,0,1,1,0,0,0,0,18,0,0,전라남도,0,2023,0,0,0,0,0,0,0,0,지도읍,24,0,0,0,,,6,0,0,0,3,0,0,0,0,0,0,2,0,0,1,28,0,0,0,0
61,신안군,388,0,25,232,13,12,0,7,484,1526,0,0,전라남도,13,2023,1,0,2,3,0,0,0,0,팔금면,743,0,0,0,,,31,0,0,31,189,1,0,5,95,22,33,16,0,15,31,15,15,199,0,0
2856,여수시,3058,0,1726,3194,2227,1969,144,1427,2663,2855,945,0,전라남도,1342,2023,1662,1,1806,913,459,2445,0,556,고소동,6173,782,0,51,,,2764,1615,0,2219,5984,1039,98,2154,3791,857,2223,2570,0,2058,3537,5239,2242,4829,1,311
24182,여수시,25565,0,10455,29352,9007,10647,498,8721,27188,18207,6125,0,전라남도,4965,2023,13583,135,12027,5081,5478,9990,0,2247,공화동,26052,10941,0,842,,,28776,13674,0,15501,56809,4229,190,9834,37123,5826,10808,11042,0,9940,33303,69266,10441,46666,15,3511
19982,여수시,21018,0,6762,18472,6085,5393,396,5064,20022,14024,5292,0,전라남도,3089,2023,7698,339,6494,2273,3880,6073,0,1113,관문동,19156,10536,0,199,,,20772,7291,0,10891,48249,1823,80,6101,21711,2584,6181,7218,0,6151,24910,51375,5891,35666,27,1885
15027,여수시,16861,0,5994,11243,12337,10575,69,4156,13315,16585,895,0,전라남도,2300,2023,3426,0,5795,1669,3502,6992,0,692,광무동,20443,8685,0,623,,,14754,2241,0,4824,13359,1384,73,12345,8790,6136,7236,9810,0,7415,12309,13416,7415,12573,0,3291
62331,여수시,48992,0,28447,57662,55113,46139,1025,23956,61514,38192,10152,0,전라남도,14667,2023,27094,481,33123,10306,4991,40941,0,3554,교동,42812,17791,0,8735,,,64921,19339,0,34281,64137,8356,173,55509,53755,41464,40485,51601,0,42559,53874,64353,39465,62622,132,29389
31876,여수시,37992,0,6321,28551,5294,4081,507,5860,29651,50311,3618,0,전라남도,3926,2023,11153,1305,6674,3209,7207,5903,0,2062,국동,49543,20460,0,253,,,34026,9862,0,15801,38125,3560,291,5004,24201,2778,6295,6612,0,5473,30992,29232,5507,35483,0,1027
2,여수시,0,0,4,0,4,10,0,0,0,0,0,0,전라남도,1,2023,0,0,8,0,0,0,0,0,군자동,1,0,0,0,,,4,0,0,0,10,0,0,0,0,0,10,3,0,0,1,4,4,7,0,0
17,여수시,0,0,0,18,2,0,0,0,0,21,0,0,전라남도,3,2023,3,0,4,1,0,1,0,0,낙포동,0,1,0,0,,,10,0,0,17,7,0,0,0,0,38,0,0,0,0,17,21,3,0,0,5
1318,여수시,837,0,80,653,94,54,0,63,343,2723,0,0,전라남도,30,2023,80,0,119,73,13,93,0,23,남면,2642,953,0,0,,,895,35,0,85,331,33,0,158,298,59,82,166,0,13,1074,519,192,640,0,0
198,여수시,222,0,291,252,172,162,0,319,271,253,227,0,전라남도,267,2023,443,1,244,151,39,179,0,52,남산동,387,313,0,8,,,146,738,0,291,230,104,0,271,290,133,196,125,0,203,196,544,204,258,0,39
33068,여수시,39291,0,13108,35106,7141,4998,295,10469,35588,45571,7883,0,전라남도,5443,2023,15942,479,13490,4146,5217,11434,0,2030,덕충동,55657,17263,0,258,,,41614,14234,0,16227,79014,3518,115,5235,37916,3389,11703,11095,0,11592,42335,53544,11167,40606,34,2166
44591,여수시,42288,0,8052,37556,7682,5883,2,7532,32797,63132,3022,0,전라남도,5665,2023,11474,114,9402,3686,12847,10126,1,1648,돌산읍,52793,26131,0,498,,,32948,8637,0,14411,31638,2076,10,6847,25529,3199,8234,6975,0,11951,32366,37054,11293,29761,171,1789
69,여수시,1,0,7,0,5,4,0,0,0,28,0,0,전라남도,2,2023,0,0,12,6,0,0,0,0,동산동,38,0,0,0,,,45,0,0,5,36,0,0,0,0,6,6,7,0,0,23,19,2,13,0,0
37566,여수시,45677,0,13140,31582,7404,9292,515,10326,33817,65000,7577,0,전라남도,5573,2023,16105,82,10945,5115,7103,8663,0,2320,둔덕동,72213,21479,0,882,,,32126,11349,0,21153,37251,3837,145,6923,38113,9106,9260,7377,0,8132,35584,46858,7432,33593,0,3082
2011,여수시,2847,0,557,3162,629,335,0,366,2849,3100,14,0,전라남도,244,2023,602,0,795,175,527,1074,0,19,만흥동,3817,1463,0,10,,,1850,509,0,996,3910,115,2,395,1519,105,856,904,0,1007,2112,4371,1021,2854,0,86
4196,여수시,4762,0,962,2134,1050,1443,0,197,2683,7324,1,0,전라남도,66,2023,315,0,1459,77,253,866,0,4,묘도동,5509,5194,0,213,,,1995,89,0,83,2965,30,0,1096,852,1834,1034,1135,0,1081,1873,1517,846,2459,0,602
60058,여수시,66803,0,22999,65402,15524,16620,2758,19715,58266,83806,37581,0,전라남도,11009,2023,60963,611,19534,8442,6132,16698,0,4377,문수동,85454,28270,0,506,,,55802,50774,0,63277,91408,6701,202,16567,92070,10854,16755,14850,0,14649,67116,110252,17111,73901,0,3491
48874,여수시,57242,0,16476,52354,11519,16610,1204,13696,48674,67088,13320,0,전라남도,8044,2023,24286,1211,14549,6693,12218,12832,0,4754,미평동,89899,25813,0,1644,,,42944,21528,0,28912,81692,6358,608,13829,56922,9188,13582,11165,0,11923,54544,93267,11639,62897,4,3995
5855,여수시,7346,0,2317,6044,2121,2261,165,1839,6342,7510,1480,0,전라남도,1187,2023,2929,155,2534,964,656,1894,0,510,봉강동,9008,2951,0,404,,,6303,2550,0,4801,12191,940,30,2466,7946,1670,2142,1945,0,1684,5782,10836,1873,8152,1,596
8831,여수시,10102,0,1624,7109,1107,1333,210,1429,6632,18487,2105,0,전라남도,1101,2023,4102,0,1545,1037,24,1607,0,439,봉계동,12192,5171,0,2,,,6372,2675,3,6339,10789,733,25,1174,8942,898,1884,1010,0,1955,7913,8610,1550,8591,0,936
22289,여수시,21676,0,10129,22446,8378,9174,203,8837,26238,20536,5788,0,전라남도,5802,2023,14241,733,9106,4079,3044,8438,0,2068,봉산동,27016,9386,0,330,,,24369,11986,0,15626,29605,3898,184,9099,20367,7489,9610,9584,0,9383,22787,29275,8554,27036,43,2602
1543,여수시,3825,0,75,1474,156,254,0,152,1003,5706,3,0,전라남도,89,2023,321,0,153,26,416,150,0,15,상암동,2331,2150,0,0,,,2191,72,0,761,1636,62,0,191,1323,580,119,148,0,84,2532,2279,149,1672,0,138
89428,여수시,74781,0,30268,86272,50996,45175,382,18916,98756,40983,6082,0,전라남도,9445,2023,19241,121,37262,7088,6782,41203,0,2623,서교동,63659,18528,0,2010,,,99685,14159,0,32244,104184,5741,138,51629,71413,27330,44556,48594,1,39597,79704,102581,37480,104566,108,11065
26545,여수시,25372,0,9007,29227,8188,6019,1200,8837,28262,32467,13591,1,전라남도,5593,2023,24992,0,8864,5109,3839,9037,0,2790,선원동,32348,11262,0,193,,,25542,23892,1,28699,42109,4616,583,7378,39593,3538,8909,7743,0,6951,25994,53282,7297,37663,0,1890
46358,여수시,53777,0,12328,45944,8922,8990,1340,9716,43150,73049,9531,11,전라남도,6391,2023,27777,0,11096,5332,10368,11245,0,2275,소라면,81584,23692,0,722,,,37987,20759,3,29977,64877,4057,410,8611,54236,7179,11141,8000,0,9745,44787,69896,8973,51778,0,2424
17129,여수시,21066,0,3482,20030,1852,2021,13,3279,15942,40632,3282,0,전라남도,2104,2023,13144,0,3939,1727,3603,2666,0,924,소호동,31054,8604,0,130,,,15200,9335,0,13739,22483,1588,28,1735,19354,1401,2690,2012,0,2504,17282,20964,2450,19846,0,361
5737,여수시,5391,0,4042,9443,2417,1852,109,4022,8800,3745,2472,0,전라남도,3112,2023,4234,0,4666,2984,252,6964,0,930,수정동,5083,1462,0,104,,,8696,4131,0,5819,15216,2279,63,1839,12992,906,5772,4054,0,5502,8839,20172,5719,11151,0,654
42705,여수시,40968,0,23342,53586,16403,16113,1934,19261,48528,60644,23003,0,전라남도,11414,2023,46836,0,21105,9779,5197,19074,0,4914,신기동,66416,20234,0,741,,,44967,41872,2,50992,70830,9331,852,17476,72027,9365,20567,17045,0,16806,48970,79349,19236,65547,0,6144
1028,여수시,3146,0,29,774,203,58,0,59,533,1910,0,0,전라남도,88,2023,62,0,62,11,1449,57,0,9,신덕동,3535,1357,0,1,,,1036,55,0,245,344,15,0,32,271,37,37,47,0,62,1391,336,41,819,0,10
18249,여수시,22089,0,3802,18047,2520,3132,200,3585,16269,27996,2765,0,전라남도,2527,2023,7521,1148,3941,1823,4220,3398,0,1169,신월동,30811,12481,0,212,,,16954,6006,0,11023,19704,1837,92,2424,16274,1754,3386,2980,0,3372,17981,18228,3114,19874,1,634
14202,여수시,17280,0,4503,17219,2714,2357,41,3618,18030,28375,5640,0,전라남도,2496,2023,15203,0,4453,1997,2211,3940,0,708,안산동,28844,8054,0,86,,,13691,13122,0,19416,33715,1505,16,2589,25784,2863,3509,2960,0,3583,18693,45701,3077,29444,0,1154
63582,여수시,69092,0,20667,60240,19288,15246,3226,19726,59249,82459,36595,0,전라남도,12228,2023,59597,0,22549,9569,7681,21089,0,6057,여서동,84591,30977,0,141,,,63556,54667,0,61021,73036,9417,428,19405,76142,9061,21973,18596,0,17109,59509,85907,20163,71153,0,3034
3310,여수시,3738,0,1729,4358,970,1107,137,1140,2191,2771,996,0,전라남도,725,2023,3327,0,1151,356,4,1597,0,127,여천동,4011,738,0,1,,,4337,2200,0,2674,2561,288,7,731,4171,751,960,1385,0,1143,3296,9750,1651,5626,0,825
4987,여수시,4930,0,1970,3539,1670,1425,17,1483,5062,6700,569,0,전라남도,901,2023,1835,0,1824,757,965,1507,0,484,연등동,8278,3674,0,256,,,4000,1581,0,1921,4019,659,16,1241,3393,1165,1611,2185,0,1802,4230,4734,1493,3834,0,756
33139,여수시,32207,0,27330,37284,15897,17906,1245,22032,39818,34767,12595,0,전라남도,12036,2023,24458,428,26821,9379,7081,19304,0,3548,오림동,50543,19465,0,2743,,,39726,24797,0,29439,49035,7915,309,16069,44194,14205,21849,18740,0,19692,39829,60080,20266,47477,6,9417
1162,여수시,1755,0,192,725,113,224,0,248,1376,3774,3,0,전라남도,136,2023,279,0,150,101,146,213,0,62,오천동,2381,1322,0,3,,,1347,84,0,425,1311,58,3,83,554,94,175,91,0,166,903,1211,297,775,0,17
50498,여수시,58355,0,17387,70782,9435,9137,4012,16516,57948,101268,40435,0,전라남도,10725,2023,63129,0,17068,8792,3931,14006,0,5019,웅천동,93708,23406,0,334,,,54454,70669,0,71677,99281,8493,600,9558,96958,4880,15823,11740,0,13949,68030,100067,13197,94308,0,2559
42,여수시,16,0,7,20,12,3,0,3,49,36,0,0,전라남도,5,2023,12,0,23,7,0,13,0,0,월내동,19,5,0,0,,,40,7,0,8,129,3,0,6,137,20,9,18,0,11,48,194,19,86,0,6
115,여수시,179,0,30,611,96,55,0,6,173,46,1,0,전라남도,8,2023,111,0,76,1,0,21,0,1,월하동,175,14,0,0,,,120,175,0,122,829,1,0,43,484,31,15,32,0,41,302,1619,9,514,0,112
18349,여수시,21882,0,4541,11865,5787,5352,0,2672,15050,22375,160,0,전라남도,2322,2023,3295,0,3755,1635,3780,5229,0,184,율촌면,25503,8250,0,364,,,15455,1082,0,4924,12382,856,8,7244,8587,3518,4567,6022,0,5228,11076,11403,4500,14004,0,2246
63,여수시,32,0,8,245,13,8,0,1,122,12,0,0,전라남도,3,2023,32,0,1,8,0,8,0,1,적량동,24,14,0,0,,,46,11,0,9,190,6,0,5,205,78,9,23,0,10,400,190,23,402,0,38
2693,여수시,3911,0,943,3459,466,295,69,1252,2910,3166,1980,0,전라남도,876,2023,2211,0,752,967,98,704,0,175,종화동,3230,1452,0,12,,,2602,2362,0,2111,3572,512,4,415,4558,198,728,711,0,772,3575,7097,654,3376,0,149
762,여수시,1313,0,177,2036,248,595,0,211,561,1805,10,0,전라남도,92,2023,208,0,103,53,132,199,0,16,주삼동,1874,728,0,0,,,1165,335,0,308,1577,45,0,374,2103,690,152,151,0,230,1083,2728,231,1319,0,105
23927,여수시,19852,0,19370,43501,19401,13371,1532,18113,37192,12429,19023,0,전라남도,10897,2023,35761,199,20240,7543,2511,23525,0,2198,중앙동,16242,8430,0,2353,,,31356,26731,0,34450,68055,5141,95,18636,47336,11376,21110,26251,0,25130,41185,61416,22524,59820,77,10311
470,여수시,151,0,91,1349,85,329,0,32,964,361,3,0,전라남도,120,2023,78,0,118,61,0,139,0,9,중흥동,351,169,0,0,,,483,65,0,497,1292,30,0,173,608,311,115,126,0,134,926,1777,101,503,0,306
34060,여수시,35566,0,5071,25057,16262,18100,463,3814,33476,28938,4018,0,전라남도,1610,2023,9343,169,7327,1142,2577,9206,0,604,충무동,30062,14452,0,1688,,,34684,7236,0,14576,28016,1104,56,20649,24428,14339,8571,13850,0,10354,25100,25689,8662,30038,489,15812
21,여수시,5,0,17,48,5,78,0,23,9,13,0,0,전라남도,3,2023,30,0,6,3,0,10,0,4,평여동,9,4,0,0,,,37,8,0,55,155,5,0,10,83,148,4,10,0,8,39,110,13,7,0,33
102059,여수시,77493,0,55035,129841,55924,53054,4993,39655,113856,69599,51590,5,전라남도,23557,2023,99132,0,47370,21428,6600,58098,1,9783,학동,94808,28434,0,3241,,,122112,87959,2,107960,167650,17412,2140,60438,164804,29625,56227,55319,0,42172,111893,197762,50512,162098,0,16045
194,여수시,1024,0,47,321,22,187,0,16,36,275,0,0,전라남도,40,2023,33,0,44,26,592,39,0,9,해산동,52,101,0,0,,,366,16,0,26,331,1,1,39,383,164,24,24,0,55,389,480,34,193,0,7
726,여수시,2116,0,145,461,57,42,0,51,357,3226,0,0,전라남도,29,2023,101,0,57,13,1,44,0,5,호명동,1323,970,0,0,,,832,317,0,106,583,12,0,92,421,251,51,61,0,38,852,389,65,344,0,96
19168,여수시,24728,0,1812,11257,2644,2724,0,1003,9903,22272,32,0,전라남도,794,2023,2236,0,3551,610,5860,1708,0,125,화양면,26111,11636,0,7,,,16442,643,0,4134,18757,383,1,3492,6056,3195,2271,2116,0,2553,19279,23350,3257,11599,0,986
21025,여수시,24702,0,6641,26975,4714,5798,844,7023,20689,35372,7552,3,전라남도,4565,2023,12119,0,6207,5018,10649,5208,0,2858,화장동,41677,13070,0,1140,,,19807,13323,4,14155,46524,4522,884,4258,25517,3422,6028,5212,0,5412,25996,32480,5320,33198,0,1115
701,여수시,412,0,50,1003,190,38,0,37,324,4067,0,0,전라남도,29,2023,33,0,108,11,58,168,0,12,화정면,916,600,0,0,,,1157,30,2,205,915,6,0,3,554,56,81,131,0,132,391,941,44,1022,0,55
0,여수시,476,0,80,715,0,163,0,2,0,0,0,0,전라남도,0,2023,0,0,0,100,8,110,0,0,화치동,4,0,0,0,,,557,0,0,0,0,0,0,0,1289,0,0,36,0,0,0,23,0,0,0,0
495,영광군,414,0,0,66,0,0,0,0,150,1033,0,0,전라남도,0,2023,13,0,0,0,0,0,0,0,군남면,666,0,0,0,,,194,2,0,74,163,0,0,0,57,0,0,0,0,0,242,63,0,181,0,0
322,영광군,107,0,0,195,0,0,0,0,228,982,0,0,전라남도,0,2023,0,0,0,0,0,0,0,0,군서면,853,3,0,0,,,117,0,0,15,105,0,0,0,81,0,0,0,0,0,58,156,0,74,0,0
3,영광군,170,0,0,100,0,0,0,0,151,362,0,0,전라남도,0,2023,0,0,0,0,0,0,0,0,대마면,166,142,0,0,,,124,0,0,40,75,0,0,0,24,0,0,0,0,0,49,0,0,85,0,0
120,영광군,57,0,0,56,0,0,0,0,70,68,0,0,전라남도,0,2023,1,0,0,0,0,0,0,0,묘량면,155,58,0,0,,,1,0,0,4,48,0,0,0,38,0,0,0,0,0,0,4,0,4,0,0
487,영광군,767,0,0,319,0,0,0,0,306,2327,0,0,전라남도,0,2023,25,0,0,0,0,0,0,0,백수읍,1056,66,0,0,,,559,10,0,83,208,0,0,0,212,0,0,0,0,0,744,269,0,149,0,0
296,영광군,240,0,0,87,0,0,0,0,128,940,0,0,전라남도,0,2023,21,0,0,0,0,0,0,0,법성면,627,7,0,0,,,139,0,0,49,352,0,0,0,87,0,0,0,0,0,225,133,0,133,0,0
43,영광군,391,0,0,163,0,0,0,0,171,323,0,0,전라남도,0,2023,0,0,0,0,0,0,0,0,불갑면,80,0,0,0,,,95,0,0,76,248,0,0,0,255,0,0,0,0,0,30,31,0,49,0,0
373,영광군,775,0,0,157,0,0,0,0,372,1662,0,0,전라남도,0,2023,54,0,0,0,0,0,0,0,염산면,1095,26,0,0,,,475,3,0,48,344,0,0,0,89,0,0,0,0,0,424,242,0,342,0,0
1990,영광군,1773,0,0,1970,0,0,0,0,2239,3187,0,0,전라남도,0,2023,635,0,0,0,0,0,0,0,영광읍,2646,944,0,0,,,1917,0,0,1796,4023,0,0,0,2945,0,0,0,0,0,1889,4160,0,2165,0,0
298,영광군,469,0,0,193,0,0,0,0,341,1666,0,0,전라남도,0,2023,39,0,0,0,0,0,0,0,홍농읍,363,12,0,0,,,522,0,0,118,215,0,0,0,332,0,0,0,0,0,289,430,0,245,0,0
32,영암군,41,0,0,45,0,0,0,0,34,30,0,0,전라남도,0,2023,7,0,0,0,2,0,0,0,군서면,24,12,0,0,,,27,2,0,9,135,0,0,0,14,0,0,0,0,0,42,85,0,60,0,0
0,영암군,13,0,0,3,0,0,0,0,2,10,0,0,전라남도,0,2023,0,0,0,0,0,0,0,0,금정면,8,0,0,0,,,8,0,0,0,0,0,0,0,0,0,0,0,0,0,4,0,0,0,0,0
4,영암군,4,0,0,6,0,0,0,0,1,2,0,0,전라남도,0,2023,0,0,0,0,0,0,0,0,덕진면,6,1,0,0,,,5,0,0,0,10,0,0,0,0,0,0,0,0,0,3,1,0,3,0,0
2,영암군,13,0,0,2,0,0,0,0,5,6,0,0,전라남도,0,2023,0,0,0,0,0,0,0,0,도포면,22,6,0,0,,,1,0,0,0,2,0,0,0,1,0,0,0,0,0,3,13,0,6,0,0
802,영암군,1086,0,145,1067,240,81,3,101,1505,545,100,0,전라남도,81,2023,341,0,157,78,7,176,0,62,미암면,1000,541,0,0,,,727,481,0,459,1440,74,68,224,778,93,100,96,0,146,1054,4475,115,1066,0,46
15054,영암군,15267,0,3044,16145,1774,1282,56,3613,15514,19620,5678,0,전라남도,3135,2023,10086,0,3597,2331,81,2151,0,1936,삼호읍,23233,11784,0,0,,,14312,6981,0,13723,25088,2883,45,1186,22413,2077,2958,2050,0,2051,16266,24026,2613,17412,0,1550
13,영암군,11,0,0,4,0,0,0,0,11,9,0,0,전라남도,0,2023,0,0,0,0,1,0,0,0,서호면,21,5,0,0,,,9,0,0,0,6,0,0,0,3,0,0,0,0,0,4,7,0,2,0,0
57,영암군,32,0,0,53,0,0,0,0,35,37,0,0,전라남도,0,2023,5,0,0,0,0,0,0,0,시종면,48,8,0,0,,,34,0,0,12,47,0,0,0,10,0,0,0,0,0,33,54,0,26,0,0
33,영암군,10,0,0,2,0,0,0,0,29,42,0,0,전라남도,0,2023,0,0,0,0,0,0,0,0,신북면,25,2,0,0,,,5,0,0,2,15,0,0,0,1,0,0,0,0,0,15,23,0,5,0,0
127,영암군,119,0,0,117,0,0,0,0,135,151,0,0,전라남도,0,2023,22,0,0,0,17,0,0,0,영암읍,141,52,0,0,,,149,7,0,107,179,0,0,0,136,0,0,0,0,0,129,249,0,149,0,0
24,영암군,30,0,0,12,0,0,0,0,24,43,0,0,전라남도,0,2023,1,0,0,0,0,0,0,0,학산면,42,10,0,0,,,15,0,0,4,10,0,0,0,2,0,0,0,0,0,19,20,0,8,0,0
994,완도군,1051,0,446,965,332,432,0,191,1081,1629,0,0,전라남도,63,2023,0,0,395,0,205,241,0,0,고금면,1289,366,0,12,,,1168,0,0,353,1688,0,0,386,1037,230,271,399,0,350,1179,2731,393,1093,0,85
948,완도군,1194,0,54,362,148,113,0,68,829,1309,0,0,전라남도,10,2023,0,0,54,0,6,87,0,0,군외면,1356,292,0,0,,,1108,0,0,189,590,0,0,132,242,43,86,104,0,107,1054,374,140,577,0,20
64,완도군,41,0,17,17,25,41,0,11,30,55,0,0,전라남도,2,2023,0,0,17,0,47,6,0,0,금일읍,70,6,0,6,,,50,0,0,6,77,0,0,16,41,6,12,24,0,5,66,75,18,62,0,3
124,완도군,83,0,53,211,69,47,0,22,79,287,0,0,전라남도,11,2023,0,0,55,0,0,81,0,0,노화읍,235,84,0,0,,,137,0,0,20,144,0,0,46,88,27,73,58,0,12,175,218,69,192,0,36
31,완도군,64,0,17,48,12,5,0,8,34,79,0,0,전라남도,3,2023,0,0,13,0,0,24,0,0,보길면,32,45,0,0,,,22,0,0,0,41,0,0,5,7,12,23,16,0,4,44,13,24,42,0,4
1,완도군,0,0,0,0,0,1,0,0,0,1,0,0,전라남도,0,2023,0,0,0,0,0,0,0,0,생일면,1,0,0,0,,,1,0,0,0,0,0,0,0,0,0,0,0,0,0,0,0,0,0,0,0
8,완도군,2,0,0,10,2,22,0,0,23,57,0,0,전라남도,0,2023,0,0,0,0,10,0,0,0,소안면,26,3,0,0,,,1,0,0,0,0,0,0,0,0,3,0,2,0,1,0,0,3,0,0,9
362,완도군,1368,0,40,557,58,38,0,4,773,1235,0,0,전라남도,11,2023,0,0,18,0,0,14,0,0,신지면,549,423,0,0,,,547,0,0,100,782,0,0,385,603,365,116,198,0,92,139,201,83,194,0,3
160,완도군,316,0,185,205,136,387,0,39,165,509,0,0,전라남도,52,2023,0,0,59,0,0,95,0,0,약산면,1108,123,0,0,,,216,0,0,87,455,0,0,162,155,30,69,76,0,38,263,736,43,200,0,54
3545,완도군,3224,0,395,3335,810,1170,0,445,2244,3961,0,0,전라남도,92,2023,0,0,857,0,6,817,0,0,완도읍,4640,1060,0,0,,,4069,0,0,1387,3639,0,0,1011,2468,421,607,1024,0,596,3311,3738,679,2971,0,181
114,완도군,281,0,2,228,12,40,0,0,253,61,0,0,전라남도,0,2023,0,0,5,0,0,70,0,0,청산면,103,4,0,0,,,329,0,0,0,19,0,0,89,2,0,85,50,0,105,154,3,10,293,0,0
890,장성군,42,0,12,431,92,1,0,1,0,1211,2,0,전라남도,427,2023,2,0,932,11,0,10,0,528,남면,0,24,0,0,,,33,79,0,10,129,0,32,479,14,391,0,306,0,136,0,762,1,0,0,885
238,장성군,0,0,2,14,6,5,0,3,149,73,0,0,전라남도,3,2023,10,0,10,3,0,5,0,3,동화면,163,82,0,0,,,40,0,0,15,27,0,0,6,19,10,0,17,0,0,127,37,4,62,0,0
6,장성군,1274,0,0,0,0,0,0,778,691,755,2,0,전라남도,44,2023,0,0,10,0,0,0,0,2,삼서면,0,4,0,0,,,0,48,0,134,576,214,0,648,28,49,695,0,0,1047,42,0,2,65,0,322
1291,장성군,12,0,250,1382,434,0,0,2,0,1425,5,0,전라남도,346,2023,280,0,684,445,0,19,0,1122,진원면,1,14,0,0,,,0,0,0,3,35,0,0,248,0,268,0,0,0,0,31,874,729,0,0,211
142,장흥군,151,0,0,108,0,0,0,0,108,360,0,0,전라남도,0,2023,11,0,0,0,0,0,0,0,관산읍,294,9,0,0,,,131,0,0,29,362,0,0,0,237,0,0,0,0,0,191,291,0,182,0,0
31,장흥군,27,0,0,38,0,0,0,0,34,108,0,0,전라남도,0,2023,0,0,0,0,0,0,0,0,대덕읍,35,18,0,0,,,24,0,0,6,85,0,0,0,28,0,0,0,0,0,17,133,0,47,0,0
24,장흥군,28,0,0,11,0,0,0,0,18,13,0,0,전라남도,0,2023,0,0,0,0,0,0,0,0,부산면,48,116,0,0,,,25,0,0,6,8,0,0,0,10,0,0,0,0,0,18,11,0,8,0,0
76,장흥군,60,0,0,162,0,0,0,0,63,146,0,0,전라남도,0,2023,0,0,0,0,0,0,0,0,안양면,212,21,0,0,,,82,0,0,27,60,0,0,0,59,0,0,0,0,0,119,88,0,91,0,0
28,장흥군,52,0,0,24,0,0,0,0,53,70,0,0,전라남도,0,2023,0,0,0,0,0,0,0,0,용산면,136,9,0,0,,,26,0,0,35,37,0,0,0,23,0,0,0,0,0,70,24,0,33,0,0
22,장흥군,25,0,0,13,0,0,0,0,3,111,0,0,전라남도,0,2023,0,0,0,0,0,0,0,0,유치면,9,1,0,0,,,13,0,0,2,11,0,0,0,2,0,0,0,0,0,22,24,0,14,0,0
23,장흥군,10,0,0,5,0,0,0,0,19,17,0,0,전라남도,0,2023,0,0,0,0,0,0,0,0,장동면,32,2,0,0,,,7,0,0,2,12,0,0,0,10,0,0,0,0,0,14,7,0,4,0,0
28,장흥군,48,0,0,25,0,0,0,0,40,239,0,0,전라남도,0,2023,0,0,0,0,0,0,0,0,장평면,101,9,0,0,,,42,0,0,1,17,0,0,0,21,0,1,0,0,0,15,28,0,3,0,0
484,장흥군,541,0,0,541,0,0,0,0,524,784,0,0,전라남도,0,2023,3,0,0,0,23,0,0,0,장흥읍,918,138,0,0,,,387,0,0,611,834,0,0,0,730,0,0,0,0,0,648,1795,0,546,0,0
8,장흥군,26,0,0,68,0,0,0,0,7,137,0,0,전라남도,0,2023,0,0,0,0,0,0,0,0,회진면,110,1,0,0,,,13,0,0,19,77,0,0,0,19,0,0,0,0,0,29,221,0,47,0,0
4,함평군,0,0,0,5,0,0,0,0,3,8,0,0,전라남도,0,2023,0,0,0,0,0,0,0,0,대동면,1,0,0,0,,,17,0,0,1,0,0,0,0,2,0,0,0,0,0,2,3,0,3,0,0
28,함평군,15,0,0,4,0,0,0,0,38,26,0,0,전라남도,0,2023,0,0,0,0,0,0,0,0,손불면,14,0,0,0,,,2,0,0,4,23,0,0,0,1,0,0,0,0,0,7,17,0,22,0,0
21,함평군,10,0,0,19,0,0,0,0,0,0,0,0,전라남도,0,2023,0,0,0,0,0,0,0,0,신광면,19,0,0,0,,,2,0,0,6,17,0,0,0,3,0,0,0,0,0,9,11,0,1,0,0
5,함평군,21,0,0,3,0,0,0,0,4,3,0,0,전라남도,0,2023,0,0,0,0,0,0,0,0,엄다면,18,0,0,0,,,3,0,0,0,7,0,0,0,5,0,0,0,0,0,11,0,0,6,0,0
34,함평군,28,0,0,40,0,0,0,0,69,32,0,0,전라남도,0,2023,5,0,0,0,0,0,0,0,학교면,72,2,0,0,,,53,0,0,5,42,0,0,0,6,0,0,0,0,0,21,30,0,24,0,0
168,함평군,171,0,0,136,0,0,0,0,259,129,0,0,전라남도,0,2023,30,0,0,0,0,0,0,0,함평읍,197,15,0,0,,,171,0,0,72,269,0,0,0,84,0,0,0,0,0,183,166,0,178,0,0
0,함평군,1,0,0,0,0,0,0,0,0,0,0,0,전라남도,0,2023,0,0,0,0,0,0,0,0,해보면,0,0,0,0,,,0,0,0,0,0,0,0,0,0,0,0,0,0,0,0,0,0,0,0,0
21,해남군,23,0,0,5,0,0,0,0,0,38,0,0,전라남도,0,2023,0,0,0,0,1,0,0,0,북일면,17,2,0,0,,,4,0,0,0,3,0,0,0,4,0,0,0,0,0,9,0,0,4,0,0
47,해남군,68,0,13,40,8,13,0,17,67,160,0,0,전라남도,0,2023,0,0,2,0,0,1,0,0,북평면,92,55,0,0,,,111,0,0,3,105,0,0,8,56,6,4,2,0,3,146,47,0,88,0,1
0,해남군,0,0,0,0,0,0,0,0,0,217,0,0,전라남도,0,2023,0,0,0,0,0,0,0,0,옥천면,0,0,0,0,,,0,0,0,0,0,0,0,0,0,0,0,0,0,0,0,0,0,0,0,0
11247,해남군,13381,0,0,10013,0,0,0,0,10452,31656,0,0,전라남도,0,2023,514,0,0,0,288,0,0,0,해남읍,19199,6158,0,0,,,11565,5,0,6710,20395,0,0,0,14329,0,0,0,0,0,12679,20504,0,11921,0,0
317,화순군,280,0,0,0,114,636,0,3,0,317,9,0,전라남도,453,2023,92,0,0,120,0,0,0,806,능주면,830,73,0,0,,,122,315,0,12,0,248,34,221,1,521,0,21,0,0,0,0,0,0,0,13
214,화순군,288,0,508,412,458,959,0,358,330,161,0,0,전라남도,190,2023,1796,0,230,177,0,339,0,67,도곡면,284,39,0,0,,,260,223,0,675,608,130,0,2590,627,405,173,626,0,479,464,842,687,537,0,74
376,화순군,1084,0,0,0,21,308,0,0,0,901,0,0,전라남도,0,2023,0,0,0,0,0,0,0,0,동면,1054,949,0,0,,,0,0,0,0,0,0,0,119,0,395,0,0,0,0,0,0,0,0,0,79
414,화순군,415,0,57,22,208,218,0,0,0,513,0,0,전라남도,0,2023,0,0,0,0,1,9,0,0,사평면,562,161,0,0,,,0,0,0,0,0,0,0,148,0,180,0,0,0,0,0,86,0,5,0,0
0,화순군,0,0,0,0,0,0,0,0,0,0,0,0,전라남도,0,2023,0,0,0,0,0,0,0,0,청풍면,0,0,0,0,,,0,0,0,0,1,0,0,0,0,0,0,0,0,0,0,1,0,0,0,0
21482,화순군,28242,0,24528,18944,11556,19334,652,28716,21448,33909,8208,0,전라남도,24162,2023,10307,0,25259,17206,0,16573,0,22513,화순읍,32251,11828,0,0,,,21865,14925,0,10198,22083,19273,4191,12902,19241,10537,18186,14133,0,11163,24426,26620,16591,24462,0,3805
2176,강진군,2513,0,0,3120,0,0,0,0,1630,3433,0,0,전라남도,0,2024,0,0,0,0,78,0,0,0,강진읍,6046,1414,0,0,0,0,2171,0,0,1919,3407,0,0,0,3937,0,0,0,0,0,2377,6715,0,2814,0,0
154,강진군,150,0,0,133,0,0,0,0,111,445,0,0,전라남도,0,2024,0,0,0,0,3,0,0,0,군동면,206,102,0,0,0,0,209,0,0,9,91,0,0,0,124,0,0,0,0,0,173,342,0,150,0,0
166,강진군,87,0,0,114,0,0,0,0,181,912,0,0,전라남도,0,2024,0,0,0,0,0,0,0,0,대구면,90,169,0,0,0,0,79,0,0,43,129,0,0,0,322,0,0,0,0,0,80,132,0,129,0,0
170,강진군,249,0,0,215,0,0,0,0,104,125,0,0,전라남도,0,2024,0,0,0,0,0,0,0,0,도암면,410,278,0,0,0,0,149,0,0,40,361,0,0,0,41,0,0,0,0,0,215,359,0,107,0,0
158,강진군,22,0,0,125,0,0,0,0,178,389,0,0,전라남도,0,2024,0,0,0,0,0,0,0,0,마량면,171,100,0,0,0,0,75,0,0,62,189,0,0,0,101,0,0,0,0,0,73,71,0,87,0,0
79,강진군,29,0,0,40,0,0,0,0,43,93,0,0,전라남도,0,2024,0,0,0,0,0,0,0,0,병영면,8,1,0,0,0,0,2,0,0,0,134,0,0,0,91,0,0,0,0,0,2,101,0,108,0,0
50,강진군,306,0,0,157,0,0,0,0,16,203,0,0,전라남도,0,2024,0,0,0,0,0,0,0,0,성전면,363,4,0,0,0,0,54,0,0,1,30,0,0,0,80,0,0,0,0,0,58,240,0,261,0,0
161,강진군,75,0,0,102,0,0,0,0,136,181,0,0,전라남도,0,2024,0,0,0,0,0,0,0,0,신전면,412,93,0,0,0,0,126,0,0,39,95,0,0,0,91,0,0,0,0,0,289,43,0,66,0,0
17,강진군,14,0,0,0,0,0,0,0,9,0,0,0,전라남도,0,2024,0,0,0,0,0,0,0,0,옴천면,3,0,0,0,0,0,0,0,0,0,0,0,0,0,7,0,0,0,0,0,7,0,0,11,0,0
86,강진군,416,0,0,9,0,0,0,0,185,93,0,0,전라남도,0,2024,0,0,0,0,0,0,0,0,작천면,92,41,0,0,0,0,20,0,0,0,83,0,0,0,115,0,0,0,0,0,67,392,0,54,0,0
178,강진군,262,0,0,165,0,0,0,0,154,779,0,0,전라남도,0,2024,0,0,0,0,3,0,0,0,칠량면,317,162,0,0,0,0,169,0,0,46,411,0,0,0,189,0,0,0,0,0,106,171,0,135,0,0
11529,고흥군,13581,0,0,11796,0,0,0,0,12481,27385,0,0,전라남도,0,2024,2563,0,0,0,1059,0,0,0,고흥읍,17835,6316,0,0,0,0,10811,823,0,9257,17957,0,0,0,16043,0,0,0,0,0,11115,22474,0,13080,0,0
1251,고흥군,1006,0,0,1067,0,0,0,0,958,1738,0,0,전라남도,0,2024,72,0,0,0,21,0,0,0,과역면,2303,493,0,0,0,0,839,65,0,315,1442,0,0,0,900,0,0,0,0,0,878,1324,0,1073,0,0
49,고흥군,4,0,0,10,0,0,0,0,3,100,0,0,전라남도,0,2024,3,0,0,0,3,0,0,0,금산면,103,7,0,0,0,0,11,0,0,4,291,0,0,0,27,0,0,0,0,0,14,18,0,20,0,0
328,고흥군,664,0,0,225,0,0,0,0,279,1353,0,0,전라남도,0,2024,13,0,0,0,6,0,0,0,남양면,578,238,0,0,0,0,338,6,0,182,343,0,0,0,226,0,0,0,0,0,365,328,0,341,0,0
510,고흥군,635,0,0,241,0,0,0,0,484,1487,0,0,전라남도,0,2024,4,0,0,0,72,0,0,0,대서면,651,696,0,0,0,0,341,0,0,198,556,0,0,0,582,0,0,0,0,0,443,1162,0,457,0,0
554,고흥군,904,0,0,499,0,0,0,0,594,1305,0,0,전라남도,0,2024,195,0,0,0,15,0,0,0,도덕면,1183,297,0,0,0,0,566,22,0,296,807,0,0,0,585,0,0,0,0,0,716,957,0,662,0,0
3412,고흥군,3992,0,0,2603,0,0,0,0,2508,6353,0,0,전라남도,0,2024,1096,0,0,0,104,0,0,0,도양읍,6074,1901,0,0,0,0,3068,159,0,2758,4197,0,0,0,3608,0,0,0,0,0,3048,5431,0,3603,0,0
810,고흥군,517,0,0,946,0,0,0,0,603,2466,0,0,전라남도,0,2024,68,0,0,0,36,0,0,0,도화면,1674,793,0,0,0,0,719,4,0,342,1272,0,0,0,469,0,0,0,0,0,585,952,0,718,0,0
909,고흥군,1177,0,3,604,0,0,0,0,774,2060,0,0,전라남도,0,2024,45,0,0,0,6,0,0,0,동강면,1560,309,0,0,0,0,749,30,0,206,1070,0,0,0,676,0,5,4,0,0,659,1227,1,780,0,0
62,고흥군,93,0,0,62,0,0,0,0,3,71,0,0,전라남도,0,2024,0,0,0,0,0,0,0,0,동일면,76,92,0,0,0,0,207,0,0,3,1,0,0,0,84,0,0,0,0,0,23,15,0,122,0,0
470,고흥군,856,0,0,350,0,0,0,0,549,933,1,0,전라남도,0,2024,138,0,0,0,8,0,0,0,두원면,1005,711,0,0,0,0,465,90,0,323,556,0,0,0,446,0,0,0,0,0,665,621,0,359,0,0
374,고흥군,523,0,0,324,0,0,0,0,410,807,0,0,전라남도,0,2024,34,0,0,0,48,0,0,0,봉래면,647,383,0,0,0,0,435,47,0,261,477,0,0,0,490,0,0,0,0,0,380,555,0,401,0,0
68,고흥군,233,0,6,13,23,7,0,1,2,75,0,0,전라남도,0,2024,0,0,1,0,19,1,0,0,영남면,70,508,0,0,0,0,131,0,0,14,15,0,0,1,41,7,4,18,0,0,614,104,0,125,0,0
346,고흥군,432,0,0,237,0,0,0,0,241,1088,0,0,전라남도,0,2024,18,0,0,0,12,0,0,0,점암면,648,287,0,0,0,0,367,15,0,140,357,0,0,0,229,0,0,0,0,0,295,587,0,282,0,0
2167,고흥군,1485,0,0,1034,0,0,0,0,1485,4390,0,0,전라남도,0,2024,65,0,0,0,23,0,0,0,포두면,3958,1358,0,0,0,0,1358,0,0,561,1652,0,0,0,1119,0,0,0,0,0,1386,1264,0,1360,0,0
612,고흥군,875,0,0,548,0,0,0,0,712,963,0,0,전라남도,0,2024,212,0,0,0,1,0,0,0,풍양면,1086,389,0,0,0,0,811,3,0,837,1013,0,0,0,964,0,0,0,0,0,817,2190,0,750,0,0
193,곡성군,354,0,0,243,0,0,0,0,282,371,0,0,전라남도,0,2024,43,0,0,0,0,0,0,0,겸면,885,234,0,0,0,0,175,0,0,14,121,0,0,0,180,0,0,0,0,0,125,235,0,522,0,0
231,곡성군,194,0,0,247,0,1,0,1,126,706,0,0,전라남도,0,2024,17,0,0,0,0,0,0,0,고달면,481,26,0,0,0,0,412,0,0,92,269,0,0,0,106,0,0,0,0,5,342,44,1,193,0,0
2437,곡성군,2898,0,132,2421,60,78,0,43,2272,5698,0,0,전라남도,53,2024,397,0,43,50,25,65,0,0,곡성읍,4157,700,0,0,0,0,3129,12,0,2633,3463,1,0,118,5693,64,2,9,0,68,3165,6107,49,3164,0,40
221,곡성군,89,0,0,134,0,0,0,0,650,980,0,0,전라남도,0,2024,12,0,0,0,0,0,0,0,목사동면,597,241,0,0,0,0,70,0,0,10,62,0,0,0,11,0,0,0,0,0,81,297,0,82,0,0
420,곡성군,503,0,0,347,0,0,0,0,468,1956,0,0,전라남도,0,2024,77,0,0,0,0,0,0,0,삼기면,1205,240,0,0,0,0,256,0,0,111,256,0,0,0,372,0,0,0,0,0,374,489,0,458,0,0
1010,곡성군,686,0,0,526,0,0,0,0,789,2418,0,0,전라남도,0,2024,75,0,0,0,0,0,0,0,석곡면,1392,33,0,0,0,0,687,0,0,167,784,0,0,0,734,0,0,0,0,0,603,2174,0,785,0,0
332,곡성군,289,0,0,308,0,0,0,0,462,754,0,0,전라남도,0,2024,9,0,0,0,0,0,0,0,오곡면,601,226,0,0,0,0,341,0,0,99,414,0,0,0,537,0,0,0,0,0,692,486,0,355,0,0
248,곡성군,390,0,0,440,0,0,0,0,389,139,0,0,전라남도,0,2024,0,0,0,0,0,0,0,0,오산면,122,20,0,0,0,0,165,0,0,41,215,0,0,0,784,0,0,0,0,0,278,224,0,529,0,0
1692,곡성군,1663,0,0,2234,0,0,0,0,2016,4041,0,0,전라남도,0,2024,2274,0,0,0,0,0,0,0,옥과면,2271,659,0,0,0,0,1652,0,0,1983,3762,0,0,0,3710,0,0,0,0,0,1486,3142,0,1722,0,0
1050,곡성군,452,0,0,597,0,0,0,0,778,2284,0,0,전라남도,0,2024,36,0,0,0,0,0,0,0,입면,1623,46,0,0,0,0,327,0,0,81,207,0,0,0,201,0,0,0,0,0,273,226,0,125,0,0
339,곡성군,468,0,0,189,0,0,0,0,531,1287,0,0,전라남도,0,2024,0,0,0,0,0,0,0,0,죽곡면,1415,183,0,0,0,0,382,0,0,83,327,0,0,0,88,0,0,0,0,0,290,262,0,294,0,0
152023,광양시,151835,0,36341,154021,24443,29694,193,30426,159712,194280,26962,0,전라남도,20471,2024,79155,1,37094,14680,3478,28574,0,6462,광양읍,240036,62149,0,60,0,0,141954,80738,0,103106,216497,14040,242,25058,157285,23565,33578,25941,0,27254,165031,201509,28776,194294,0,8918
15469,광양시,18672,0,1582,17234,899,908,7,1235,16558,25417,2714,0,전라남도,1178,2024,6412,0,1582,575,0,1222,0,428,광영동,29388,2788,0,0,0,0,14516,9512,0,11965,37004,759,4,968,15814,656,1503,927,0,920,18077,31682,1157,23247,0,62
8393,광양시,7762,0,1240,8624,615,420,11,1220,12500,7792,1121,0,전라남도,1263,2024,4781,0,1286,900,0,1155,0,583,금호동,10436,1212,0,0,0,0,7399,5188,0,5950,17280,770,88,817,11493,382,1307,926,0,1671,12567,12983,904,15158,0,45
2397,광양시,4187,0,99,1906,141,49,0,83,1096,5885,0,0,전라남도,110,2024,181,0,88,42,2,184,0,0,다압면,5714,840,0,0,0,0,3522,9,0,266,844,5,0,168,655,241,91,150,0,86,1649,755,151,961,0,20
40,광양시,30,0,4,174,5,1,0,7,36,71,0,0,전라남도,2,2024,0,0,5,0,0,6,0,0,도이동,56,4,0,0,0,0,10,1,0,0,70,0,0,7,3,0,4,1,0,4,14,16,2,67,0,0
13701,광양시,16811,0,2493,18761,1125,1834,641,2207,16233,31553,8712,0,전라남도,1294,2024,13797,0,2545,965,0,1648,0,932,마동,33106,3483,0,0,0,0,14380,10139,0,15561,29994,1121,78,1159,25130,1704,2114,1320,0,1337,19223,37250,1542,25303,0,71
6553,광양시,7160,0,606,5213,178,986,2,689,4583,6766,1960,0,전라남도,224,2024,896,0,513,128,141,232,0,38,봉강면,8263,2009,0,3,0,0,6801,2121,0,1464,6956,91,0,269,6940,468,350,278,0,310,7351,14031,400,4786,0,221
5657,광양시,5253,0,1009,9193,420,426,21,883,4813,9073,1232,0,전라남도,706,2024,3367,0,958,376,0,752,0,200,성황동,12286,1342,0,12,0,0,4712,2922,0,5157,13545,318,14,394,7648,297,900,336,0,543,5593,9486,532,16229,0,90
8315,광양시,7703,0,549,4984,594,489,0,526,4489,13600,8,0,전라남도,247,2024,389,0,567,91,16,473,0,14,옥곡면,11181,1335,0,3,0,0,9031,136,0,958,4283,25,0,439,2351,797,305,568,0,341,5914,3843,396,4405,0,29
5210,광양시,6023,0,201,2791,129,153,0,181,2107,10046,0,0,전라남도,94,2024,209,0,221,72,174,160,0,0,옥룡면,7464,1250,0,0,0,0,3292,115,0,534,2893,63,0,105,1212,156,135,151,0,81,4409,2337,180,2039,0,155
63,광양시,136,0,59,44,8,24,0,9,97,21,1,0,전라남도,0,2024,2,0,14,4,0,11,0,1,중군동,191,9,0,1,0,0,79,3,0,1,35,1,0,12,18,7,12,12,0,13,94,47,13,13,0,5
58596,광양시,62276,0,21260,77057,13516,13768,396,19663,73867,96013,34574,0,전라남도,13122,2024,57247,0,20167,10408,654,17077,0,4937,중동,91438,19339,0,48,0,0,61007,63145,0,63476,107874,9214,415,13188,89052,10797,17807,12913,0,13889,69574,112017,14686,102860,0,1777
4872,광양시,6313,0,174,3321,254,317,0,373,3272,5226,0,0,전라남도,101,2024,502,0,239,48,0,166,0,0,진상면,8706,2224,0,0,0,0,4339,231,0,718,3158,2,0,255,959,348,190,321,0,149,3134,2448,229,2699,0,24
4259,광양시,6103,0,132,2157,170,261,0,111,2540,5321,0,0,전라남도,106,2024,292,0,126,100,0,195,0,0,진월면,7640,1227,0,0,0,0,2725,44,0,1360,1488,11,0,117,900,45,227,143,0,153,2585,1354,166,1629,0,1
1131,광양시,1664,0,91,1566,146,202,0,57,1084,1333,3,0,전라남도,130,2024,381,0,117,75,0,83,0,33,태인동,4232,2009,0,0,0,0,1279,141,0,411,1123,23,0,66,1246,75,73,94,0,127,1156,1601,113,1298,0,25
832,광양시,998,0,46,576,24,40,0,272,1044,2481,57,0,전라남도,104,2024,143,0,111,104,0,41,0,0,황금동,2297,470,0,0,0,0,698,96,0,383,893,48,0,26,603,74,109,27,0,47,573,406,28,1150,0,33
274,광양시,1227,0,10,515,15,187,0,2,624,1382,1,0,전라남도,3,2024,23,0,6,1,0,15,0,0,황길동,1246,153,0,0,0,0,447,2,0,91,498,1,0,11,246,10,9,25,0,12,318,511,11,366,0,0
293,구례군,299,0,1,342,1,0,0,1,105,853,0,0,전라남도,0,2024,54,0,0,4,0,23,0,0,간전면,133,20,0,0,0,0,145,0,0,260,253,0,0,0,317,5,2,1,0,0,255,139,2,268,0,1
387,구례군,479,0,0,522,0,0,0,0,228,377,0,0,전라남도,0,2024,164,0,0,0,0,0,0,0,광의면,961,21,0,0,0,0,77,0,0,72,547,0,0,0,926,0,0,0,0,0,74,469,0,492,0,0
6792,구례군,7461,0,0,6882,0,0,0,0,7108,10988,0,0,전라남도,0,2024,2669,2,0,0,0,0,0,0,구례읍,9463,1021,0,0,0,0,7030,4,0,4129,8365,0,0,0,7891,0,0,0,0,0,6444,8523,0,7203,0,0
49,구례군,113,0,0,100,0,0,0,0,548,53,0,0,전라남도,0,2024,36,0,0,0,0,0,0,0,마산면,516,28,0,0,0,0,75,0,0,395,405,0,0,0,132,0,0,0,0,0,171,93,0,114,0,0
118,구례군,142,0,0,68,0,0,0,0,30,233,0,0,전라남도,0,2024,13,0,0,0,0,0,0,0,문척면,153,0,0,0,0,0,90,0,0,115,101,0,0,0,103,0,0,0,0,0,45,41,0,55,0,0
837,구례군,543,0,0,962,0,0,0,0,1187,1441,0,0,전라남도,0,2024,577,0,0,0,0,0,0,0,산동면,901,30,0,0,0,0,637,0,0,337,846,0,0,0,1185,0,0,0,0,0,421,1340,0,202,0,0
120,구례군,81,0,0,137,0,0,0,0,231,521,0,0,전라남도,0,2024,118,0,0,0,0,0,0,0,용방면,313,21,0,0,0,0,174,0,0,130,129,0,0,0,367,0,0,0,0,0,77,158,0,34,0,0
430,구례군,159,0,0,297,0,0,0,0,299,718,0,0,전라남도,0,2024,147,0,0,0,0,0,0,0,토지면,353,6,0,0,0,0,683,0,0,550,840,0,0,0,793,0,0,0,0,0,1023,1177,0,597,0,0
5,나주시,0,0,0,0,0,0,0,0,2,0,0,0,전라남도,0,2024,0,0,0,0,0,0,0,0,경현동,1,0,0,0,0,0,1,0,0,0,4,0,0,0,0,0,0,0,0,0,0,1,0,0,0,0
11,나주시,7,0,0,14,0,0,0,0,5,15,0,0,전라남도,0,2024,0,0,0,0,0,0,0,0,과원동,106,0,0,0,0,0,13,0,0,0,6,0,0,0,0,0,0,0,0,0,3,4,0,0,0,0
2250,나주시,3500,0,977,666,964,2160,0,1499,2044,2149,73,0,전라남도,1181,2024,737,0,925,616,0,1206,0,314,남평읍,5359,1278,0,0,0,0,2383,774,0,647,1503,482,0,2242,1154,344,1260,1149,0,1080,1479,2767,1120,1601,0,1500
919,나주시,912,0,434,711,461,856,0,404,553,980,66,0,전라남도,309,2024,171,0,440,212,0,460,0,131,노안면,1169,130,0,0,0,0,933,282,0,271,791,208,6,499,1059,763,473,378,0,321,1074,1279,352,692,0,176
343,나주시,452,0,91,185,111,151,0,60,268,756,2,0,전라남도,28,2024,24,0,40,19,0,78,0,106,다도면,4,156,0,0,0,0,145,2,0,40,196,15,0,73,126,66,28,118,0,129,314,239,95,0,0,7
3168,나주시,2311,0,3592,8716,4702,5176,22,4631,6799,2859,1124,0,전라남도,3439,2024,2145,0,3429,2384,137,3644,0,2873,대호동,3476,1727,0,0,0,0,3852,2519,0,2393,12357,2963,735,6171,5983,4459,2712,2723,0,6252,4357,6426,3861,6151,0,64
134,나주시,256,0,0,72,0,0,0,0,60,365,0,0,전라남도,0,2024,0,0,0,0,0,0,0,0,반남면,205,81,0,0,0,0,183,0,0,12,56,0,0,0,31,0,0,0,0,0,140,53,0,62,0,0
16364,나주시,19110,0,20167,15095,8476,50588,32,25898,17587,23426,6745,5,전라남도,20532,2024,12005,0,16116,14997,3587,11392,0,17297,빛가람동,23086,8550,0,3,0,0,14494,11300,17,14760,20570,19090,9876,14758,40064,13310,14282,9660,1,11965,16855,27656,13278,19981,0,2624
224,나주시,237,0,57,109,563,1011,0,75,610,351,0,0,전라남도,41,2024,14,0,41,11,0,171,0,26,산포면,122,65,0,0,0,0,185,7,0,42,679,18,0,540,746,223,78,133,0,113,579,172,138,69,0,275
24,나주시,21,0,0,7,0,0,0,0,15,10,0,0,전라남도,0,2024,0,0,0,0,0,0,0,0,삼영동,8,0,0,0,0,0,11,0,0,0,2,0,0,0,1,0,0,0,0,0,0,19,0,1,0,0
92,나주시,163,0,43,113,33,27,0,73,112,234,6,0,전라남도,102,2024,30,0,76,34,0,27,0,8,석현동,421,83,0,0,0,0,84,7,0,24,352,21,1,18,307,79,33,34,0,70,165,319,11,109,0,36
70,나주시,41,0,0,14,0,0,0,0,16,17,0,0,전라남도,0,2024,0,0,0,0,0,0,0,0,성북동,30,0,0,0,0,0,44,0,0,0,17,0,0,0,0,0,0,0,0,0,1,52,0,0,0,0
4,나주시,2,0,0,0,0,0,0,0,1,21,0,0,전라남도,0,2024,0,0,0,0,0,0,0,0,세지면,0,0,0,0,0,0,0,0,0,2,1,0,0,0,1,0,0,0,0,0,6,0,0,0,0,0
33,나주시,57,0,0,20,0,0,0,0,26,80,0,0,전라남도,0,2024,0,0,0,0,0,0,0,0,송월동,54,0,0,0,0,0,28,0,0,2,10,0,0,0,0,0,0,0,0,0,6,106,0,0,0,0
0,나주시,10,0,0,5,0,0,0,0,24,2,0,0,전라남도,0,2024,0,0,0,0,0,0,0,0,영산동,1,0,0,0,0,0,15,0,0,0,10,0,0,0,0,0,0,0,0,0,3,14,0,0,0,0
122,나주시,199,0,0,256,0,0,0,0,64,537,0,0,전라남도,0,2024,15,0,0,0,0,0,0,0,왕곡면,211,2,0,0,0,0,60,1,0,24,92,0,0,0,69,0,0,0,0,0,46,195,0,54,0,0
619,나주시,262,0,0,336,0,0,0,0,547,206,0,0,전라남도,0,2024,6,0,0,0,0,0,0,0,이창동,498,3,0,0,0,0,726,0,0,136,250,0,0,0,375,0,0,0,0,0,307,551,0,281,0,0
124,나주시,194,0,0,174,0,0,0,0,82,106,0,0,전라남도,0,2024,0,0,0,0,0,0,0,0,중앙동,145,0,0,0,0,0,76,0,0,0,145,0,0,0,1,0,0,0,0,0,10,158,0,1,0,0
18,나주시,28,0,44,12,22,20,0,74,32,6,1,0,전라남도,26,2024,6,0,45,59,0,68,0,16,청동,36,4,0,0,0,0,22,4,0,19,21,23,2,16,31,24,42,23,0,34,18,13,30,16,0,2
601,담양군,819,0,502,558,718,634,0,170,447,293,0,0,전라남도,152,2024,95,0,413,111,0,398,0,63,가사문학면,569,163,0,0,0,0,391,46,0,148,831,162,0,255,319,178,364,508,0,471,534,515,372,584,0,19
6,담양군,48,0,0,35,2,38,0,31,4,19,0,0,전라남도,407,2024,165,0,324,3,0,691,0,0,고서면,457,660,0,0,0,0,316,7,0,4,28,255,0,735,717,326,38,273,0,99,465,0,5,1240,0,1
82,담양군,222,0,0,0,0,0,0,0,0,696,0,0,전라남도,0,2024,0,0,0,0,0,0,0,0,담양읍,533,0,0,0,0,0,0,0,0,625,0,0,0,0,0,0,0,0,0,0,367,482,0,275,0,0
387,담양군,2,0,5,2,65,2,0,0,2,0,0,0,전라남도,86,2024,44,0,253,1,0,145,0,1,대덕면,513,704,0,0,0,0,0,1,0,1,1,391,0,207,35,202,0,0,0,119,247,223,0,356,0,1
240,담양군,3503,0,3224,749,1148,1300,3,2941,3711,4256,144,0,전라남도,1292,2024,2643,0,415,1394,0,1999,0,3357,대전면,3174,1162,0,0,0,0,3217,478,0,1358,4195,1628,32,4129,2087,1513,1918,1469,0,256,2384,644,1511,4130,0,756
68,담양군,207,0,0,16,0,0,0,0,11,187,0,0,전라남도,0,2024,0,0,0,0,0,0,0,0,무정면,215,10,0,0,0,0,0,0,0,18,30,0,0,0,43,0,0,0,0,0,198,291,0,97,0,0
315,담양군,711,0,183,680,398,281,1,432,813,833,1,0,전라남도,295,2024,325,0,241,156,5,155,0,89,봉산면,593,244,0,0,0,0,481,74,0,302,404,138,3,411,505,393,113,616,0,297,954,830,221,847,0,70
202,담양군,1282,0,1276,191,570,1118,1,809,1303,1095,9,0,전라남도,19,2024,224,0,509,940,65,660,0,473,수북면,1347,612,0,0,0,0,1249,87,0,320,2419,516,109,907,16,171,227,467,0,31,1590,1147,564,1041,0,266
5,담양군,4,0,5,0,6,6,0,8,19,7,0,0,전라남도,8,2024,0,0,0,0,0,0,0,0,용면,71,0,0,0,0,0,11,0,0,0,2,0,0,2,15,0,10,0,0,1,11,27,0,18,0,0
260,담양군,72,0,0,37,75,82,0,7,37,21,0,0,전라남도,268,2024,1137,0,351,2,0,448,0,0,창평면,782,234,0,0,0,0,10,5,0,5,11,164,0,836,1888,816,22,23,0,301,462,0,7,999,0,1
50,목포시,48,0,63,132,57,259,24,53,171,50,42,0,전라남도,70,2024,60,0,71,43,0,87,0,14,경동1가,82,2,0,0,0,0,111,54,0,113,545,25,1,73,154,153,73,97,0,131,158,467,127,443,0,16
232,목포시,200,0,192,348,54,35,0,160,342,69,103,0,전라남도,130,2024,232,0,258,128,0,167,0,16,광동1가,162,16,0,0,0,0,311,252,0,294,491,79,3,46,357,42,162,72,0,89,340,472,106,442,0,6
1525,목포시,1305,0,550,1568,563,201,18,444,1242,2093,281,0,전라남도,272,2024,501,0,601,153,15,707,0,144,금화동,1655,450,0,0,0,0,1055,423,0,904,1384,194,9,388,1300,137,672,750,0,678,1598,1892,736,1583,0,16
4614,목포시,4713,0,1793,6630,1235,1501,27,1470,5766,6206,1711,0,전라남도,912,2024,3005,0,1358,564,2,1562,0,348,남교동,6024,2707,0,0,0,0,5625,2354,0,4108,8734,724,8,972,9255,637,1688,1428,0,1330,7183,10358,1510,8081,0,431
791,목포시,891,0,78,992,189,422,3,141,456,1522,149,0,전라남도,103,2024,305,0,204,293,1,142,0,495,달동,636,684,0,0,0,0,257,266,0,409,1387,104,2,267,745,225,156,77,0,165,996,480,245,379,0,138
3658,목포시,4194,0,954,4265,596,930,133,854,6221,5131,2177,0,전라남도,472,2024,2823,0,928,351,247,701,0,208,대성동,5923,1518,0,0,0,0,3744,1857,0,3668,16374,274,57,637,13045,616,753,633,0,652,6580,19529,829,7767,0,153
3686,목포시,3018,0,1655,6209,1623,1763,21,1574,4405,1563,1495,0,전라남도,1021,2024,3073,0,1793,690,0,1982,0,306,대안동,1863,241,0,0,0,0,3894,2984,0,4141,6863,521,5,1524,8120,1464,2090,1674,0,1504,5933,8691,1804,7313,0,429
6945,목포시,8405,0,1031,11140,638,955,11,752,7402,20232,583,0,전라남도,462,2024,2078,0,957,323,393,689,0,154,대양동,12271,2620,0,196,0,0,6524,1912,0,4933,15273,321,1,554,10582,491,1057,651,0,774,9781,11751,989,13191,0,112
827,목포시,602,0,142,1199,339,475,1,217,1064,501,200,0,전라남도,66,2024,1032,0,203,66,0,271,0,89,대의동2가,469,104,0,0,0,0,885,824,0,727,1788,53,6,223,1233,93,270,244,0,263,1276,1547,332,1300,0,19
1321,목포시,1375,0,490,1755,398,1022,4,580,1341,3511,624,0,전라남도,357,2024,627,0,497,258,107,490,0,168,동명동,2220,621,0,2,0,0,1192,816,0,872,2225,254,11,534,1873,425,537,425,0,460,1397,2480,483,1809,0,147
10241,목포시,10324,0,9798,15182,9651,8946,386,9855,13170,7419,6818,0,전라남도,6247,2024,8579,0,10342,4046,172,9595,0,1640,명륜동,9530,1610,0,3,0,0,12079,9235,0,11784,16576,3585,117,10158,19262,7864,11343,8880,0,10993,19552,19197,10528,18645,0,3015
336,목포시,263,0,258,619,263,326,2,300,443,53,74,0,전라남도,101,2024,277,0,337,120,0,395,0,35,무안동,240,52,0,0,0,0,428,178,0,266,1012,78,5,246,1019,254,327,302,0,311,704,919,432,924,0,75
877,목포시,531,0,233,1002,243,390,6,216,646,687,123,0,전라남도,148,2024,268,0,324,175,0,231,0,33,보광동1가,878,56,0,0,0,0,720,304,0,317,805,99,5,203,1211,234,267,234,0,192,663,2440,242,1298,0,138
566,목포시,802,0,111,613,83,103,3,160,417,1100,28,0,전라남도,106,2024,113,0,104,59,0,121,0,53,북교동,1688,478,0,0,0,0,388,106,0,229,621,35,1,64,432,33,100,119,0,97,573,564,88,632,0,6
111562,목포시,128197,0,16904,97240,13944,15295,1168,14845,104412,216017,23927,0,전라남도,10255,2024,37872,486,17524,5787,5417,16563,0,4012,산정동,197804,65005,0,43,0,0,91174,35629,0,53980,109639,6075,529,15769,87074,10954,17066,15107,0,13517,98039,115026,17415,104078,0,5459
107298,목포시,115798,0,49209,150391,33483,39791,4567,45793,135562,168828,99618,1,전라남도,30677,2024,134695,0,50285,21953,4689,45338,0,12099,상동,183740,55067,0,243,0,0,121914,129219,0,147377,259137,20009,1345,38349,202383,27830,47836,36927,0,38713,144345,227076,44737,204183,0,10365
101,목포시,88,0,44,153,98,106,1,63,150,18,21,0,전라남도,45,2024,36,0,64,24,1,101,0,5,상락동2가,23,9,0,0,0,0,162,29,0,72,151,15,3,97,90,42,98,100,0,74,184,114,112,227,0,20
626,목포시,755,0,173,914,171,91,1,185,628,813,232,0,전라남도,73,2024,315,0,173,46,109,253,0,43,서산동,1057,789,0,0,0,0,803,304,0,438,1198,64,2,91,612,78,197,158,0,189,737,747,164,996,0,36
26216,목포시,28796,0,12026,28473,5771,8036,306,9114,27807,64484,7845,1,전라남도,5363,2024,16343,0,10954,3823,2523,7487,0,2072,석현동,63481,15172,0,62,0,0,25464,15450,1,18759,40552,4210,413,6292,35443,7584,9270,5892,0,6973,27843,49722,7534,35642,0,2808
850,목포시,1062,0,161,1298,117,185,6,169,1150,411,46,0,전라남도,154,2024,369,0,198,49,1,176,0,24,수강동1가,849,363,0,0,0,0,1071,226,0,494,1259,73,0,212,743,39,175,156,0,155,1099,979,253,1492,0,41
696,목포시,707,0,185,735,88,57,9,222,948,896,220,0,전라남도,187,2024,300,0,160,115,0,133,0,47,양동,936,382,0,0,0,0,450,262,0,620,3803,56,1,88,1872,183,165,133,0,138,1317,2427,168,2612,0,10
19370,목포시,21409,0,4500,18579,2430,2776,443,4408,17163,57814,6430,0,전라남도,2513,2024,11244,0,5122,1833,61,3414,0,1259,연산동,42057,16667,0,0,0,0,17090,9529,0,13941,21738,2207,145,2359,22393,2462,4456,2676,0,3209,19609,24120,3268,18924,0,501
432,목포시,341,0,153,735,307,176,1,151,665,119,17,0,전라남도,75,2024,122,0,192,50,1,302,0,25,영해동1가,228,15,0,0,0,0,574,63,0,126,552,33,5,360,201,60,251,417,0,456,529,381,399,698,0,14
50694,목포시,61259,0,13406,66991,7913,9713,1622,13592,58460,119785,32858,0,전라남도,9406,2024,44595,0,13805,6795,169,11918,0,4352,옥암동,126447,31871,0,1,0,0,53325,42103,0,53599,103138,6803,499,8482,81730,6668,12528,9276,0,9637,67277,90949,10800,96510,0,1877
360,목포시,421,0,251,535,190,80,2,234,480,569,65,0,전라남도,144,2024,1157,0,217,79,73,199,0,30,온금동,927,274,0,0,0,0,400,711,0,360,465,72,1,69,477,36,200,284,0,356,674,447,300,583,0,6
56398,목포시,51274,0,28362,71837,24154,23621,970,24529,73721,56947,27018,0,전라남도,15315,2024,38896,0,28775,10514,3816,25724,0,6634,용당동,66042,30921,0,451,0,0,61248,32797,0,48027,124645,10192,554,22749,106791,18596,28287,24814,0,24676,78668,143934,25716,101890,0,9510
38791,목포시,44692,0,10165,46396,5604,8380,756,10159,46694,92556,14295,0,전라남도,6171,2024,23949,0,9928,4440,451,8234,0,2920,용해동,76268,25937,0,3,0,0,40604,23779,0,35457,97513,4502,208,5853,64360,4904,9385,6080,0,7528,55462,71150,8680,70379,0,2518
13708,목포시,13822,0,7289,21232,4620,4689,167,6875,26153,14014,9194,0,전라남도,4485,2024,13651,1,7153,3613,2351,7335,0,1695,죽교동,18419,5591,0,75,0,0,16001,19141,0,18439,57162,2869,167,4532,47839,2879,7838,5174,0,6080,28475,59235,7046,44489,0,793
154,목포시,170,0,214,777,123,210,3,203,583,109,175,0,전라남도,82,2024,686,0,202,65,0,254,0,23,죽동,262,34,0,0,0,0,364,635,0,633,1058,32,5,111,1129,187,268,188,0,250,725,1770,261,805,0,34
242,목포시,220,0,29,712,56,130,0,41,562,509,218,0,전라남도,12,2024,535,0,18,18,6,28,0,3,중동2가,984,141,0,0,0,0,571,98,0,465,2486,2,0,19,1656,121,20,34,0,40,587,2282,22,1517,0,1
142,목포시,172,0,13,451,32,71,0,19,239,323,39,0,전라남도,5,2024,112,0,43,2,20,61,0,6,중앙동2가,194,212,0,0,0,0,187,105,0,108,570,1,0,37,248,11,59,28,0,43,386,444,27,380,0,1
33,목포시,20,0,33,67,10,2,0,30,36,4,11,0,전라남도,27,2024,14,0,52,7,0,21,0,1,축복동1가,11,1,0,0,0,0,37,8,0,11,74,14,0,10,27,1,43,23,0,15,60,80,33,80,0,2
1611,목포시,3871,0,806,3602,693,846,13,779,2222,1045,403,0,전라남도,449,2024,1052,0,682,314,1,900,0,274,항동,1222,193,0,0,0,0,2540,655,0,2052,3249,317,22,708,5039,856,876,1082,0,954,2991,3497,1322,3733,0,299
50,목포시,57,0,60,45,151,160,1,87,62,156,40,0,전라남도,73,2024,64,0,97,41,0,104,0,161,해안동1가,18,169,0,0,0,0,19,26,0,64,78,66,31,114,70,95,139,80,0,75,59,109,107,52,0,11
1494,목포시,1529,0,161,1546,116,282,7,225,1753,2612,248,0,전라남도,125,2024,652,0,189,124,55,246,0,73,해안동2가,2176,1363,0,0,0,0,1402,569,0,884,2411,296,0,82,3026,200,270,130,0,124,1827,2646,220,1801,0,22
434,목포시,572,0,39,374,29,121,0,75,381,964,26,0,전라남도,26,2024,209,0,72,22,8,37,0,10,해안동4가,826,226,0,0,0,0,326,73,0,299,386,31,2,55,616,71,62,38,0,88,534,585,67,403,0,25
79,목포시,56,0,14,92,23,26,0,8,92,75,3,0,전라남도,4,2024,5,0,14,11,0,22,0,1,행복동1가,53,13,0,0,0,0,52,14,0,13,62,5,0,24,93,38,22,26,0,14,120,282,35,145,0,5
9,목포시,4,0,0,7,0,1,0,0,29,15,3,0,전라남도,0,2024,10,0,1,7,0,2,0,1,행복동2가,15,1,0,0,0,0,14,4,0,1,31,0,0,1,28,2,1,0,0,4,12,39,1,15,0,2
28536,목포시,27099,0,8694,36535,7419,9309,164,8474,33721,24560,12849,0,전라남도,5370,2024,16926,0,8613,3579,2682,7264,0,1376,호남동,24573,6694,0,70,0,0,29664,22015,0,20894,44375,2942,80,9596,49723,5876,8101,7709,0,7221,45749,55383,7690,37606,0,2289
1066,무안군,717,0,133,214,131,202,0,48,531,945,23,1,전라남도,66,2024,47,0,117,36,1,116,0,23,몽탄면,417,590,0,0,0,0,446,25,0,194,796,55,0,32,412,160,65,80,0,30,863,268,96,485,0,33
9663,무안군,9546,0,2531,12284,1566,1905,1,1849,15114,12344,1700,0,전라남도,1344,2024,6088,3,2837,1103,35,1983,0,1281,무안읍,13117,3880,0,369,0,0,10123,5268,0,8496,15232,1004,57,1537,18881,2431,2154,1591,0,1902,14550,28008,2178,14592,0,697
36766,무안군,42193,0,13584,55908,8005,11030,2673,13915,48222,81442,40738,0,전라남도,9560,2024,56162,0,13448,6309,87,11392,0,3943,삼향읍,73417,26289,0,5,0,0,40493,65734,0,58504,85869,6389,593,8023,89968,8094,11294,8884,0,9985,51765,102445,11121,74704,0,2807
10959,무안군,13423,0,1434,16260,624,694,18,1226,12221,16435,2471,0,전라남도,920,2024,7264,0,1318,847,90,1274,0,510,일로읍,19781,6566,0,0,0,0,11760,5517,0,9016,19399,616,85,683,14340,852,1379,843,0,1032,12985,18302,970,15395,0,279
12824,무안군,11722,0,2553,19488,1618,1492,1,2933,18364,11846,4715,0,전라남도,1876,2024,7213,0,2191,1634,195,2124,0,1523,청계면,15623,4394,0,112,0,0,13302,7357,0,10239,23148,1736,0,1239,15011,1326,1886,1877,0,1737,19003,23266,1972,19991,0,262
316,보성군,1308,0,4,84,50,45,0,172,555,301,0,0,전라남도,17,2024,0,0,2,0,0,153,0,0,겸백면,249,602,0,0,0,0,218,0,0,9,16,0,0,65,45,5,36,98,0,104,166,80,30,91,0,5
222,보성군,441,0,52,138,15,47,0,25,121,1196,0,0,전라남도,8,2024,0,0,0,0,0,16,0,0,노동면,334,485,0,0,0,0,357,0,0,26,0,0,0,31,20,52,37,50,0,25,463,52,210,50,0,2
2443,보성군,3232,0,821,2293,720,1164,0,335,1693,2114,0,0,전라남도,187,2024,1559,0,636,118,0,502,0,0,득량면,2992,2711,0,0,0,0,3079,48,0,1171,4608,7,0,717,3014,578,601,919,0,511,2676,5371,704,2119,0,128
422,보성군,504,0,22,88,188,47,0,22,1,688,0,0,전라남도,4,2024,0,0,77,0,0,32,0,0,문덕면,256,806,0,0,0,0,94,0,0,2,32,0,0,115,42,110,8,22,0,0,504,123,265,10,0,26
279,보성군,1039,0,39,272,64,124,0,98,496,1167,0,0,전라남도,50,2024,15,0,35,3,0,59,0,0,미력면,249,588,0,0,0,0,484,64,0,116,131,0,0,166,237,79,46,246,0,94,106,482,46,179,0,23
23160,보성군,29462,0,6059,25100,6037,9210,298,5039,24829,35852,4410,0,전라남도,2502,2024,13427,0,5828,1615,653,5870,0,430,벌교읍,39945,11414,0,95,0,0,27028,8906,0,18419,33088,961,28,8046,27568,9848,6428,7119,0,5841,24282,38018,6818,25357,0,2452
12694,보성군,14208,0,2389,8873,5284,4515,0,1645,11164,16633,0,0,전라남도,875,2024,4022,0,2090,345,140,3805,0,0,보성읍,17173,3464,0,15,0,0,13752,46,0,6692,11131,67,0,6451,10460,4914,2567,4133,0,3608,12742,13431,3510,12713,0,1426
343,보성군,766,0,103,182,61,266,0,122,283,2315,0,0,전라남도,58,2024,3,0,147,1,0,33,0,0,복내면,578,404,0,0,0,0,669,0,0,64,282,0,0,359,470,134,153,231,0,160,348,21,99,380,0,14
604,보성군,2,0,14,140,69,36,0,30,360,0,0,0,전라남도,8,2024,2,0,58,8,0,50,0,0,웅치면,1359,494,0,0,0,0,275,0,0,9,214,0,0,0,14,0,48,70,0,51,295,93,54,146,0,5
350,보성군,314,0,16,238,80,41,0,44,388,717,0,0,전라남도,15,2024,11,0,21,4,0,126,0,0,율어면,788,962,0,0,0,0,305,0,0,9,186,0,0,130,198,35,31,72,0,113,153,23,33,53,0,272
1981,보성군,1753,0,560,1747,431,515,0,363,1354,4479,0,0,전라남도,168,2024,156,0,859,274,25,341,0,0,조성면,3285,1668,0,82,0,0,1256,72,0,295,2490,15,0,371,857,395,378,309,0,340,1196,1132,339,1096,0,218
1863,보성군,1022,0,167,997,299,646,0,85,792,1906,0,0,전라남도,44,2024,288,0,273,42,0,145,0,0,회천면,2138,951,0,0,0,0,1626,1,0,350,1149,0,0,362,476,302,316,414,0,365,1045,1169,403,826,0,67
33139,순천시,40675,0,13210,34711,7298,9993,50,12596,40678,64972,6042,0,전라남도,6420,2024,16520,0,12134,4898,5075,8344,0,2265,가곡동,79231,21383,0,76,0,3,33629,17474,0,22265,52042,4163,218,6868,43204,7130,9802,8378,0,9485,38905,82398,9682,37420,0,1646
593,순천시,814,0,71,363,60,145,0,54,319,666,10,0,전라남도,87,2024,54,0,73,22,0,90,0,5,교량동,440,989,0,0,0,0,584,24,0,115,226,17,0,42,860,65,104,47,0,73,278,162,53,390,0,60
1,순천시,3,0,0,0,64,1,0,29,3,97,0,0,전라남도,0,2024,0,0,0,0,0,1,0,0,금곡동,6,1,0,0,0,0,3,0,0,9,20,0,0,3,4,0,3,1,0,4,9,0,0,4,0,0
3521,순천시,5576,0,241,1041,1389,611,0,541,2088,7479,12,0,전라남도,437,2024,360,0,1356,194,424,1067,0,2,낙안면,6146,2745,0,4,0,0,4911,204,0,1095,4532,170,0,893,2259,212,577,1467,0,1711,5488,1188,752,4194,0,366
6510,순천시,9318,0,2047,6519,1393,1756,25,1878,6422,10832,1131,0,전라남도,1023,2024,2194,0,1752,644,14,1608,0,333,남정동,14260,5979,0,4,0,0,6212,1645,0,3453,6624,684,6,1543,5991,874,1933,1535,0,2018,6925,8773,1727,7117,0,446
2324,순천시,2323,0,711,1895,777,494,0,383,2454,2201,123,0,전라남도,233,2024,926,0,732,133,0,1409,0,20,대대동,2187,1765,0,0,0,0,2998,330,0,1975,2750,115,0,443,3794,309,1288,775,0,850,2309,3253,942,2847,0,142
1667,순천시,1372,0,215,1450,455,643,0,178,1268,2032,49,0,전라남도,101,2024,412,0,296,50,37,322,0,22,대룡동,1770,610,0,0,0,0,1403,205,0,834,1681,66,0,313,1546,339,348,374,0,321,1440,1924,391,1712,0,297
43957,순천시,39011,0,26764,52558,26420,24817,227,26993,50803,34755,16109,0,전라남도,15844,2024,35635,0,29900,12924,170,26505,0,3409,덕암동,48970,17878,0,34,0,0,48761,28636,0,42385,68006,8606,86,19078,60986,19532,27134,22494,0,25293,50611,67187,26313,63386,0,12883
22597,순천시,26750,0,10739,29972,5603,10436,44,9124,37528,31915,4436,0,전라남도,4538,2024,15103,0,8568,3265,110,6583,0,1274,덕월동,39798,9397,0,5,0,0,31579,8969,0,13773,57820,2575,15,6892,38529,8460,8515,6110,0,7218,38228,55250,7244,42302,0,1812
660,순천시,926,0,425,2354,467,934,36,437,983,912,366,0,전라남도,365,2024,1227,0,445,209,0,375,0,117,동외동,1255,409,0,0,0,0,928,748,0,1259,2474,204,12,719,2174,376,514,441,0,473,1358,2376,589,3027,0,82
34069,순천시,31735,0,12232,38915,15564,11774,94,9978,38423,27188,6169,0,전라남도,6319,2024,17978,0,12162,3983,1619,13283,0,2351,매곡동,45677,13042,0,186,0,0,38291,14425,0,22142,63841,3257,113,15573,37043,6078,13296,14088,0,13055,39383,52455,13341,50180,0,2644
10690,순천시,11476,0,1446,7781,1678,1636,0,859,9200,14300,286,0,전라남도,560,2024,937,0,1333,240,186,1250,0,145,별량면,20695,11131,0,0,0,0,9359,574,0,2021,6305,406,0,1992,3559,1542,980,1504,0,1289,8657,9471,1491,5056,0,648
246,순천시,1025,0,14,37,13,9,0,0,1171,426,0,0,전라남도,3,2024,0,0,0,0,120,13,0,0,삼거동,48,43,0,0,0,0,15,3,0,43,1,1,0,390,0,43,27,7,0,26,6,684,0,863,0,4
1532,순천시,4433,0,667,3259,420,1280,0,299,3743,9059,87,0,전라남도,140,2024,254,0,569,151,8,550,0,0,상사면,9807,2162,0,0,0,0,2980,220,0,735,2301,159,0,356,1553,816,855,574,0,306,2677,1383,294,2258,0,94
7702,순천시,8856,0,1687,5144,1076,1199,9,1538,6251,13259,737,0,전라남도,918,2024,1650,0,1833,797,0,1480,0,342,생목동,19857,4181,0,0,0,0,6323,1225,0,2810,6614,897,10,917,5166,1183,1441,1311,0,1124,6827,6161,1202,5727,0,573
35198,순천시,50282,0,12224,38750,7260,12758,153,9876,37991,73003,5613,0,전라남도,5923,2024,14476,0,11468,4750,2420,8118,0,1921,서면,82522,19466,0,25,0,0,30962,10204,0,22758,44958,4448,135,8458,42301,11816,11562,7799,0,9175,43607,54787,8609,47700,0,2131
41148,순천시,37982,0,20620,56701,14202,18984,375,17299,56582,34092,23625,0,전라남도,11403,2024,37821,0,18201,9620,1783,14697,0,5204,석현동,57011,14456,0,129,0,0,50798,38783,0,47867,106571,9002,401,14234,93491,11144,16567,12468,0,14598,52441,105395,16859,84779,0,4206
923,순천시,3075,0,359,1838,443,523,0,166,2120,2059,0,0,전라남도,17,2024,40,0,134,24,0,722,0,0,송광면,1882,2224,0,0,0,0,1711,50,0,45,1042,1,0,367,760,158,305,522,0,511,1224,2191,297,2141,0,285
4156,순천시,12214,0,627,5529,1021,644,0,386,5342,12122,70,0,전라남도,197,2024,292,0,796,82,583,1378,0,30,승주읍,6809,2750,0,0,0,0,5723,200,0,1371,7026,69,0,1976,3128,396,837,1678,0,1159,6621,2522,983,3998,0,281
404,순천시,710,0,62,366,41,17,0,11,558,1297,17,0,전라남도,11,2024,37,0,19,16,0,68,0,2,안풍동,1361,1002,0,0,0,0,423,43,0,118,326,16,0,15,293,14,42,48,0,28,397,590,38,195,0,4
128,순천시,37,0,125,86,44,32,0,44,40,591,4,0,전라남도,33,2024,2,0,64,21,60,132,0,3,야흥동,226,5,0,0,0,0,122,14,0,49,130,8,0,81,35,86,32,27,0,45,125,43,51,8,0,40
67190,순천시,72778,0,26687,87277,21324,22006,34,27240,81039,88459,34281,0,전라남도,17613,2024,61069,0,27359,11941,1020,27252,0,4784,연향동,112315,30181,0,14,0,0,72514,60111,0,70413,116934,10096,17,20607,107645,9506,27339,21631,0,22308,77696,114312,24478,105161,0,4003
3,순천시,10,0,0,18,3,2,0,11,18,408,0,0,전라남도,5,2024,0,0,3,0,0,6,0,0,영동,20,6,0,0,0,0,2,0,0,2,7,0,0,0,8,0,3,3,0,1,37,0,2,14,0,0
10109,순천시,11195,0,4104,14704,2611,1767,30,3786,10796,17714,6044,0,전라남도,2274,2024,12045,0,3818,1781,14,4216,0,814,오천동,30725,3959,0,0,0,0,8935,13049,0,15137,17405,1630,76,1920,21517,1536,3856,3276,0,3608,15550,19919,4275,15306,0,563
34,순천시,516,0,131,29,0,0,0,52,232,953,0,0,전라남도,73,2024,11,0,5,0,0,86,0,0,옥천동,146,587,0,0,0,0,12,5,0,3,12,48,0,71,70,131,51,4,0,82,61,25,1,133,0,0
343,순천시,1149,0,57,5,11,0,0,3,1187,2742,0,0,전라남도,9,2024,24,0,0,1,84,30,0,0,와룡동,0,54,0,1,0,0,48,42,0,71,0,12,0,62,225,94,10,2,0,42,0,326,0,739,0,2
360,순천시,629,0,102,301,103,33,0,74,764,1490,65,0,전라남도,72,2024,296,0,74,53,42,139,0,33,왕지동,1698,663,0,0,0,0,23,414,0,401,287,28,0,194,464,54,114,133,0,237,681,536,163,756,0,31
551,순천시,2103,0,41,328,180,234,0,49,461,1243,0,0,전라남도,2,2024,5,0,152,8,0,165,0,0,외서면,768,1364,0,0,0,0,615,29,0,15,80,0,0,79,108,17,42,99,0,181,582,646,99,739,0,12
29136,순천시,34517,0,7824,34973,3988,3750,431,7160,34539,54629,14336,0,전라남도,4584,2024,25499,0,8009,4285,701,5998,0,1787,용당동,54977,13018,0,3,0,0,27781,25108,0,35164,65739,2988,124,3866,54541,2390,6506,4698,0,5349,38127,78031,5442,37668,0,693
2870,순천시,1065,0,203,819,343,287,0,68,130,1968,14,0,전라남도,51,2024,89,0,267,47,899,209,0,19,월등면,6861,2545,0,0,0,0,700,0,0,80,1013,5,0,76,612,31,94,135,0,37,2541,925,563,285,0,55
1984,순천시,1971,0,361,2289,333,408,0,341,3088,1751,429,0,전라남도,133,2024,752,0,406,137,2,298,0,97,인월동,2715,566,0,0,0,0,2124,692,0,1598,2472,254,0,230,5035,357,278,259,0,259,3289,10402,350,1494,0,54
8762,순천시,7635,0,2483,8189,7172,4905,12,1671,8706,6944,1575,0,전라남도,997,2024,3304,0,3318,731,1,4189,0,281,인제동,8768,3259,0,0,0,0,8967,4502,0,3635,8186,653,18,6216,5685,3547,3694,5562,0,5924,8750,12245,4605,8086,0,1444
59553,순천시,52127,0,45084,74269,46262,46426,519,38404,71535,45548,16152,0,전라남도,18884,2024,43010,0,50431,14057,1614,46121,0,5384,장천동,64522,17056,0,77,0,1,65738,40226,0,51086,89141,12858,155,46180,88662,29787,50245,44488,0,47123,71037,123027,47803,79459,0,12041
32636,순천시,29332,0,8791,47064,11536,12395,29,6985,44379,23584,9478,0,전라남도,3636,2024,21892,0,9465,2703,834,10373,0,721,저전동,28412,11664,0,81,0,0,39116,22798,0,30026,58859,2127,8,12657,52654,5364,10481,10165,0,9747,50207,115006,10408,53415,0,2732
60000,순천시,56038,0,31613,57919,34400,39158,425,31118,55233,51160,18858,0,전라남도,18067,2024,34334,0,37018,13605,351,30661,0,5655,조곡동,81831,18311,0,31,0,0,58422,29609,0,39644,61917,11444,168,26984,61158,25713,31972,29456,0,34766,67845,67503,31189,61298,0,14497
137148,순천시,150970,0,60827,163088,44378,49875,1363,59900,157282,184636,86582,0,전라남도,38941,2024,126280,0,59888,29746,440,55260,0,16223,조례동,233512,53679,0,0,0,0,142714,139795,0,135114,228623,30818,394,51235,210473,28725,56892,44497,0,44988,153918,226593,51482,202598,0,12094
1968,순천시,3248,0,320,1282,451,769,0,584,1250,5530,52,0,전라남도,238,2024,163,0,974,168,3,549,0,17,주암면,4544,1872,0,0,0,0,2294,148,0,174,1005,103,0,383,310,512,715,581,0,949,2685,824,733,491,0,88
28683,순천시,24148,0,21658,45260,20548,19667,380,18799,44262,19701,16801,0,전라남도,10334,2024,35983,0,22141,7612,322,20989,0,3156,중앙동,28881,6211,0,23,0,0,31863,32288,0,44895,94948,6232,128,18169,68305,10894,21907,19641,0,20334,46363,99280,20538,60582,0,3853
40831,순천시,35704,0,12517,49974,20504,16763,94,10525,44506,27083,5474,0,전라남도,5465,2024,14962,1,13303,4118,242,15233,0,1662,풍덕동,40309,10661,0,25,0,0,44700,12153,0,20155,49577,3396,79,19997,29768,10290,15915,19564,0,17748,44083,40366,15806,57414,0,5258
85494,순천시,100229,0,18026,87096,13142,18183,157,19541,86276,151597,42780,1,전라남도,11885,2024,63126,0,18479,8842,3814,17263,0,5420,해룡면,180641,41468,0,140,0,1,75461,64661,0,73683,129609,8296,174,13919,116303,9934,18363,12666,0,14872,91466,136633,16500,114548,0,3850
12,순천시,7,0,0,15,60,58,0,11,18,193,0,0,전라남도,7,2024,0,0,1,0,0,54,0,0,행동,10,3,0,0,0,0,6,0,0,18,52,1,0,11,20,8,16,12,0,22,7,0,2,56,0,412
285,순천시,342,0,77,1690,27,192,0,94,311,1264,8,0,전라남도,57,2024,92,0,75,13,237,51,0,2,홍내동,1476,514,0,0,0,0,668,18,0,98,413,23,0,18,145,159,61,19,0,25,520,161,63,2160,0,2
10053,순천시,11390,0,938,5418,2419,1782,0,1151,6502,14662,36,0,전라남도,229,2024,935,0,1941,202,378,1963,0,38,황전면,11445,4201,0,3,0,0,7880,175,0,1157,6107,186,0,3348,4156,2739,1657,2393,0,1756,5856,3470,1357,5552,0,1133
1637,신안군,3358,0,52,3145,42,37,0,45,4299,7289,0,0,전라남도,33,2024,6,0,2,13,0,16,0,0,안좌면,5634,209,0,0,0,0,2517,0,0,946,3588,3,0,23,2227,5,94,42,0,82,720,570,40,2958,0,0
1521,신안군,2944,0,161,2158,95,73,0,102,2201,4730,0,0,전라남도,49,2024,309,0,245,60,0,251,0,0,암태면,5014,259,0,0,0,0,2325,0,0,665,2483,0,0,203,2144,159,197,164,0,357,1610,704,236,1267,0,1
4084,신안군,6141,0,345,4039,411,501,0,435,3633,4587,1,0,전라남도,145,2024,672,0,301,100,30,345,0,0,압해읍,6346,937,0,0,0,0,4240,615,0,1208,4659,71,0,604,4034,349,320,444,0,426,4318,7971,396,5251,0,236
305,신안군,196,0,1,73,2,0,0,0,126,1303,0,0,전라남도,0,2024,0,0,8,1,0,0,0,0,임자면,70,2,0,0,0,0,66,0,0,6,9,1,0,0,1,36,0,7,0,3,79,121,0,120,0,0
1182,신안군,2264,0,60,571,34,73,0,9,128,1019,0,0,전라남도,32,2024,13,0,99,12,0,90,0,0,자은면,4471,2230,0,0,0,0,1699,0,0,1382,1540,1,0,19,140,16,22,84,0,2,2372,1256,101,595,0,3
72,신안군,154,0,0,19,0,0,0,0,140,54,0,0,전라남도,0,2024,3,0,10,7,0,0,0,0,지도읍,776,0,0,0,0,0,229,0,0,0,71,0,0,0,0,0,0,2,0,0,26,89,0,0,0,0
88,신안군,564,0,19,278,17,14,0,13,547,1590,0,0,전라남도,11,2024,1,0,1,5,0,2,0,0,팔금면,1085,5,0,0,0,0,34,0,0,38,194,0,0,1,160,5,31,8,0,28,24,18,21,160,0,0
3547,여수시,3878,0,1825,3093,2243,2106,99,1467,2812,2974,756,1,전라남도,1116,2024,1816,16,2252,856,513,2699,0,457,고소동,6284,1136,0,46,0,0,3192,1702,0,2142,5921,760,53,2549,3555,1065,2328,2770,0,2072,3816,5091,2581,4662,3,330
28396,여수시,30021,0,10453,31465,9055,12124,686,9086,28581,20589,6171,0,전라남도,5585,2024,15190,554,11962,5482,5147,10773,0,2267,공화동,27785,11734,0,958,0,0,34002,16898,0,15735,58259,4264,215,11090,37183,5917,11406,11473,0,11018,36766,77234,10931,54040,93,3515
24154,여수시,24936,0,6569,20089,6338,5660,578,4966,21789,15757,3695,0,전라남도,2858,2024,7968,489,6920,2290,4190,6146,0,879,관문동,22182,10374,0,368,0,0,24087,9066,0,12016,51918,1901,95,6872,23839,2611,6130,6951,0,6122,28282,51335,6070,37358,29,1967
17941,여수시,20258,0,5786,12272,12239,12036,68,4334,14907,18698,918,0,전라남도,2260,2024,3448,0,6196,1856,5494,7355,0,687,광무동,22814,8527,0,940,0,0,17397,2258,0,5202,15361,1604,69,13596,8473,6662,7298,10488,0,7873,14390,13859,7901,14302,0,3770
70344,여수시,55503,0,28386,64290,55566,45893,1320,23078,65469,38237,10087,0,전라남도,14146,2024,26199,621,31868,9854,4989,43136,0,3564,교동,45722,20614,0,8396,0,1,70354,18653,0,34223,69371,8117,258,58668,52281,40076,38738,51880,0,42323,59438,66664,38834,68230,193,29999
36940,여수시,40364,0,6393,31617,5891,4363,624,6464,33951,53444,3956,1,전라남도,4171,2024,10957,1380,6964,3412,8218,5956,0,2099,국동,55114,22568,0,596,0,0,38148,9851,0,15686,38941,4200,349,5346,26042,3583,6515,9027,0,5442,34503,30473,5807,37154,1,1415
16,여수시,37,0,5,0,6,3,0,1,0,3,0,0,전라남도,2,2024,0,0,5,0,0,0,0,0,군자동,54,0,0,0,0,0,12,0,0,0,6,0,0,1,14,0,9,4,0,0,0,17,1,7,0,0
13,여수시,0,0,0,25,2,0,0,0,0,16,0,0,전라남도,2,2024,5,0,0,0,0,1,0,0,낙포동,0,1,0,0,0,0,6,0,0,10,27,0,0,0,0,22,0,1,0,0,23,64,4,0,0,3
2122,여수시,1240,0,148,820,110,35,0,165,574,4415,0,0,전라남도,68,2024,120,0,198,279,198,167,0,20,남면,4005,759,0,14,0,0,1292,106,0,188,705,102,1,205,837,32,136,162,0,24,1482,617,188,1776,0,3
298,여수시,277,0,307,266,166,149,0,381,319,233,211,0,전라남도,267,2024,409,1,381,142,51,196,0,50,남산동,441,281,0,6,0,0,204,467,0,368,271,82,0,196,252,117,171,110,0,211,383,304,182,309,0,21
35160,여수시,39965,0,13981,37649,8108,4919,780,10693,37684,48703,7630,0,전라남도,5339,2024,17560,785,14020,4745,7164,12256,0,1937,덕충동,56838,17227,0,482,0,0,41652,14591,0,14867,84198,3763,143,5437,35065,4038,12534,11171,0,12424,42223,53046,12575,44052,46,1904
48759,여수시,47027,0,8735,37325,8122,6269,2,8470,35273,66753,3178,0,전라남도,5964,2024,12214,113,9642,3831,15583,11012,0,1645,돌산읍,59190,30793,0,776,0,0,35470,7443,0,15951,33057,2009,7,7320,27442,3640,8976,7364,0,12230,34090,39747,11425,34263,130,1900
98,여수시,188,0,10,0,24,20,0,0,0,58,0,0,전라남도,0,2024,0,0,15,0,0,0,0,0,동산동,124,0,0,0,0,0,155,0,0,12,46,0,0,12,1,13,29,11,0,0,87,19,68,40,0,0
40922,여수시,47232,4,12323,33575,8395,9021,572,10379,35813,68198,9114,7,전라남도,6385,2024,17722,178,11597,5699,7743,9966,3,2519,둔덕동,68955,21723,3,715,8,8,33658,13557,7,22467,37774,4516,131,8141,38341,9852,9861,7796,4,8843,37523,48398,8292,35777,4,3506
2365,여수시,3465,0,556,3273,826,283,0,341,3213,3743,9,0,전라남도,279,2024,726,0,903,179,497,1353,0,27,만흥동,3428,1391,0,8,0,0,2338,471,0,1401,4885,86,0,679,1784,136,1179,1021,0,1136,2298,3488,1228,3731,0,94
4508,여수시,5442,0,1031,1881,1094,1180,0,199,2467,7893,0,0,전라남도,78,2024,312,0,1099,97,28,737,0,7,묘도동,5297,4878,0,25,0,0,2054,160,0,49,2103,22,0,1214,836,2433,946,989,0,989,2203,1846,1026,2731,0,886
62506,여수시,69781,0,22933,67613,15736,17217,3342,20097,62859,77072,37961,0,전라남도,11538,2024,62323,851,20414,8770,6843,17519,0,4636,문수동,82519,30068,0,655,0,0,60512,50479,0,62161,99731,7839,350,17032,88699,9911,18666,16089,0,15628,68853,105202,16900,79437,2,3737
50823,여수시,63403,3,16961,54859,12169,16719,1452,14838,53064,71482,15361,10,전라남도,8672,2024,27180,1321,16426,7700,12995,13215,13,5455,미평동,91615,28791,12,1271,12,12,48634,23663,9,32973,85945,7576,676,13841,63050,9867,14632,12014,3,12962,57020,90693,12118,66629,19,3501
6527,여수시,9770,0,2483,6716,1919,2321,171,2120,7262,8227,1697,0,전라남도,1366,2024,3561,64,2695,1216,689,1863,0,624,봉강동,10425,3779,0,602,0,0,7263,2583,0,4896,13341,881,73,4076,8805,1616,2409,1874,0,1872,6587,11233,2088,8735,2,953
9476,여수시,11394,0,1881,8038,1238,1337,225,1512,7554,19070,1963,0,전라남도,1017,2024,4220,0,1931,1074,40,1840,0,808,봉계동,12250,5374,0,0,0,0,7893,2806,0,6416,10381,856,53,1360,9502,1292,1896,1241,0,1875,8869,7744,1506,9754,0,593
26577,여수시,27570,0,11232,26795,8624,8416,243,9102,26307,21905,5923,0,전라남도,6284,2024,15657,872,10053,4205,3613,9095,0,1949,봉산동,31163,11347,0,544,0,0,27320,12116,0,15058,33115,3621,194,9062,21260,6979,10220,10207,0,9846,26272,31168,8812,28376,18,3142
421,여수시,128,0,0,54,0,0,0,0,2,10,0,0,전라남도,0,2024,0,0,0,0,0,0,0,0,삼산면,344,0,0,0,0,0,8,0,0,0,13,0,0,0,0,0,0,0,0,0,223,132,0,186,0,0
1561,여수시,3481,0,57,1567,117,230,0,128,980,5803,3,0,전라남도,174,2024,337,0,184,51,262,146,0,17,상암동,2408,2204,0,0,0,0,2023,135,0,834,1728,63,0,114,1461,520,93,139,0,93,2404,1695,112,1384,0,82
103497,여수시,83778,0,31042,97602,52815,44107,471,19090,110071,43094,6443,0,전라남도,10026,2024,20182,183,37641,7485,6750,44705,0,2670,서교동,66790,20579,0,2401,0,0,113976,15177,0,32351,112226,6506,174,53540,71654,27373,46415,50319,1,41152,86805,106065,38879,111263,158,13029
29466,여수시,28054,0,9501,30272,8271,6352,1695,8893,30459,35613,14260,1,전라남도,5922,2024,26356,22,8876,5087,3635,9476,0,2829,선원동,36471,11728,0,98,0,0,27435,25174,3,32257,47132,5016,706,7038,43735,3558,10012,8184,0,7351,30156,54234,8265,40524,0,1927
53199,여수시,55129,0,13756,48388,9386,9333,1579,10492,48085,89754,9847,23,전라남도,6785,2024,29260,0,11460,5500,12061,11242,1,2306,소라면,85013,23726,0,1010,0,0,43160,25074,14,33159,67589,4505,613,8642,58400,8962,11342,9099,0,9999,47751,75958,9969,57236,0,3487
19826,여수시,23554,0,3828,22257,2266,2521,5,3875,17879,43823,4401,0,전라남도,2368,2024,13223,0,4352,1919,2788,2961,0,1026,소호동,35699,8354,0,13,0,0,17198,10675,0,13857,25982,1824,7,2074,21627,995,2996,2338,0,2697,19044,22958,2748,20729,0,351
7074,여수시,5352,0,3937,8617,2561,2038,170,3517,8609,4567,1827,0,전라남도,3158,2024,3851,0,4257,2936,480,6706,0,701,수정동,5812,1509,0,65,0,0,9346,3393,0,4339,12693,2025,84,2413,11256,951,6018,3413,0,4939,8769,18275,5502,11000,0,522
47595,여수시,47412,0,24341,59326,17248,16955,1884,21208,54352,69731,23394,2,전라남도,12785,2024,49076,10,21881,10226,5315,20690,0,4844,신기동,71301,22887,0,863,0,1,50659,43755,0,53463,73015,10253,853,18951,72799,9985,21486,18011,0,17744,54466,78959,19706,70192,47,5954
1036,여수시,2911,0,22,896,217,80,0,117,701,1927,0,0,전라남도,73,2024,305,0,93,30,1868,50,0,2,신덕동,2792,1523,0,0,0,0,1126,111,0,441,330,14,0,63,344,32,91,25,0,57,1467,346,32,947,0,6
19697,여수시,22066,2,3885,18413,2479,3331,299,4124,15924,29774,3056,1,전라남도,2653,2024,8138,1064,3745,1912,4684,3452,3,936,신월동,32590,12502,3,262,1,1,18721,6346,1,10852,20388,1817,185,2322,18390,1915,3605,3264,2,3122,19820,19110,3223,19550,4,1253
16128,여수시,17977,0,4590,18011,2831,2847,47,3773,18459,27307,7137,0,전라남도,2369,2024,15969,0,4697,1960,2958,3708,0,838,안산동,30577,8457,0,384,0,0,15186,14298,0,21963,36525,1696,22,2999,25006,2631,3921,3140,0,3541,21316,50772,3252,31042,0,1275
72067,여수시,75706,0,22047,67091,20319,14690,3777,20961,65676,84318,42009,0,전라남도,13257,2024,66749,0,23298,10951,9156,22087,0,6718,여서동,86595,33994,0,165,0,0,72251,60481,0,67911,85338,11275,558,20036,81889,8901,23989,20256,1,18473,65260,94013,19712,80100,0,3330
4400,여수시,5033,0,2224,5097,1270,1814,106,1392,2665,4337,1752,0,전라남도,901,2024,4347,0,1573,435,4,2011,0,171,여천동,5129,822,0,1,0,0,6015,2720,0,1399,2713,343,6,999,4247,885,1197,1614,0,1233,3829,9833,2068,8464,0,930
4893,여수시,5668,0,2066,3977,1885,1654,12,1500,6074,7609,415,0,전라남도,845,2024,1795,20,2013,652,1160,1622,0,444,연등동,9430,3579,0,202,0,0,4864,1483,0,1909,4651,706,11,1491,3711,1041,1751,2070,0,1983,4847,5394,1789,4401,4,878
37488,여수시,35174,1,27970,40796,17051,18218,988,21719,43484,35740,12093,0,전라남도,12366,2024,25604,1002,26287,10157,6789,20267,2,3265,오림동,52967,20672,2,2941,1,2,42150,24044,0,29809,51701,8124,258,16032,45430,12754,21813,19481,1,20856,42488,59740,20218,51840,43,8843
1307,여수시,1811,0,373,681,158,161,0,335,1295,4494,0,0,전라남도,236,2024,250,0,150,165,213,228,0,104,오천동,2781,1788,0,10,0,0,1841,192,0,309,1413,78,0,82,752,191,219,93,0,192,879,1754,395,848,0,16
54660,여수시,63098,0,19045,79568,10637,9711,5026,18344,62853,105097,43412,1,전라남도,12898,2024,74455,0,18623,10266,4409,16237,0,4821,웅천동,92790,24954,0,752,0,0,58486,80614,1,79308,109208,9041,607,10848,101554,6629,17481,12329,0,16217,73292,111316,15174,97163,0,3470
37,여수시,5,0,5,17,19,7,0,0,27,4,0,0,전라남도,21,2024,7,0,15,1,0,6,0,2,월내동,5,0,0,0,0,0,15,9,0,8,97,2,0,7,74,15,4,16,0,7,39,129,13,38,0,1
130,여수시,94,0,26,656,53,115,0,6,102,33,1,0,전라남도,3,2024,91,0,47,5,0,22,0,0,월하동,44,19,0,0,0,0,199,146,0,184,1029,2,0,21,436,380,22,42,0,37,321,1262,33,323,0,40
19167,여수시,23506,0,4749,10285,5058,5377,4,2309,16177,24368,124,1,전라남도,1819,2024,3120,0,4128,1282,5173,5361,0,202,율촌면,27525,5909,0,479,0,0,15048,1435,0,5122,13120,942,9,6124,9391,4410,5313,5201,0,5331,11146,12450,4260,15434,0,2596
51,여수시,32,0,25,302,15,12,0,2,120,20,0,0,전라남도,0,2024,28,0,12,2,0,10,0,4,적량동,36,24,0,0,0,0,58,12,0,19,175,1,0,16,130,155,7,22,0,21,135,502,16,368,0,37
3223,여수시,5207,0,1090,3969,548,478,53,1319,3133,3912,1972,0,전라남도,860,2024,2350,0,755,1019,373,714,0,136,종화동,3797,1786,0,117,0,0,3337,2651,0,1942,3417,434,9,497,3495,218,892,762,0,708,3986,6618,772,3809,0,152
859,여수시,1175,0,325,2090,335,772,0,252,588,2157,1,0,전라남도,133,2024,289,0,148,98,192,235,0,18,주삼동,2072,610,0,0,0,0,1671,242,0,563,1526,42,0,478,2240,626,158,214,0,143,996,2748,290,1130,0,287
26513,여수시,23237,0,19330,48025,21055,14414,2129,18216,38496,14646,17505,0,전라남도,10462,2024,34388,386,21415,7456,2538,24430,0,2023,중앙동,18765,9798,0,2551,0,0,34084,27002,0,37007,72830,5133,114,19633,48347,11787,21484,28726,0,26220,45448,61856,22917,64257,109,10922
724,여수시,147,0,163,1400,120,330,0,77,1045,318,0,0,전라남도,177,2024,89,0,329,79,0,142,0,14,중흥동,520,247,0,0,0,0,464,86,0,635,1038,58,0,271,1088,539,133,174,0,159,1189,1834,118,334,0,356
39314,여수시,39682,0,4932,28395,17295,19117,639,3787,35831,29876,4127,0,전라남도,1804,2024,10070,212,6892,1170,3077,9841,0,660,충무동,30600,15845,0,2353,0,0,37862,7894,0,14802,30469,1159,73,21170,24281,14089,8757,14437,0,9795,27250,26255,8372,31862,286,15736
20,여수시,13,0,10,71,14,156,0,6,14,11,0,0,전라남도,2,2024,14,0,4,6,0,7,0,0,평여동,49,1,0,0,0,0,29,9,0,55,81,2,0,15,352,172,3,18,0,7,62,164,11,48,0,108
112655,여수시,91318,0,56970,142000,57387,56476,5993,41108,121926,76527,58529,6,전라남도,24512,2024,107744,32,49614,22145,8369,60647,0,9999,학동,96871,28602,0,2970,0,0,137555,92527,1,113658,176382,18517,2124,62097,167569,30636,59793,60087,0,43641,125843,214586,55111,168256,42,15689
198,여수시,1072,0,62,424,51,197,0,39,39,453,1,0,전라남도,34,2024,27,0,70,23,447,56,0,6,해산동,48,85,0,0,0,0,475,4,0,36,65,8,0,81,382,46,34,74,0,48,462,646,70,219,0,8
733,여수시,2374,0,28,513,52,31,0,37,375,3276,2,0,전라남도,31,2024,112,0,37,7,0,42,0,5,호명동,1345,1164,0,0,0,0,906,313,0,128,677,6,0,74,428,115,37,58,0,22,836,342,52,365,0,267
19495,여수시,25648,0,1819,12038,2443,2422,0,983,10956,26668,33,0,전라남도,728,2024,2172,0,4809,544,5528,1795,0,145,화양면,29732,11418,0,15,0,0,16670,532,0,4525,22208,237,0,3345,6258,4440,2349,1838,0,2504,19952,22302,3544,12387,0,786
22724,여수시,27844,6,6948,28521,5216,5808,1290,7107,21727,37086,8401,15,전라남도,5353,2024,14896,10,6719,5554,11983,5931,8,3264,화장동,40081,15081,6,1086,3,3,19928,16054,25,15311,44394,4658,1034,4405,24375,3404,6404,5499,6,5634,29599,35098,5583,42841,8,1975
908,여수시,396,0,83,1223,248,39,0,54,481,5221,2,0,전라남도,43,2024,42,0,80,5,141,201,0,13,화정면,1011,1294,0,0,0,0,1697,72,0,262,863,7,0,1,538,47,111,158,0,122,428,756,44,1435,0,62
0,여수시,683,0,169,806,0,110,0,41,0,0,0,0,전라남도,0,2024,0,0,0,131,104,86,0,0,화치동,23,0,0,0,0,0,361,0,0,0,0,0,0,0,862,0,0,65,0,0,0,48,0,0,0,0
36,영광군,0,0,0,14,0,0,0,0,0,0,0,0,전라남도,0,2024,0,0,0,0,0,0,0,0,군서면,0,0,0,0,0,0,0,0,0,0,7,0,0,0,67,0,0,0,0,0,0,0,0,0,0,0
538,영암군,621,0,0,1322,0,0,0,0,698,776,5,0,전라남도,0,2024,344,0,0,0,54,0,0,0,군서면,771,558,0,0,0,0,570,154,0,484,2245,0,0,0,606,0,0,0,0,0,728,1899,0,1490,0,0
166,영암군,269,0,0,98,0,0,0,0,114,278,0,0,전라남도,0,2024,0,0,0,0,0,0,0,0,금정면,126,7,0,0,0,0,114,0,0,2,29,0,0,0,48,0,0,0,0,0,100,42,0,98,0,0
84,영암군,50,0,0,92,0,0,0,0,25,47,1,0,전라남도,0,2024,37,0,0,0,0,0,0,0,덕진면,107,23,0,0,0,0,83,104,0,37,16,0,0,0,39,0,0,0,0,0,40,44,0,10,0,0
82,영암군,189,0,0,80,0,0,0,0,97,238,0,0,전라남도,0,2024,2,0,0,0,0,0,0,0,도포면,272,113,0,0,0,0,107,0,0,22,74,0,0,0,78,0,0,0,0,0,70,121,0,65,0,0
1863,영암군,2385,0,73,1751,138,91,2,82,2374,3675,164,0,전라남도,9,2024,670,0,67,49,2,37,0,22,미암면,2438,1284,0,0,0,0,2629,226,0,1280,3362,24,21,12,1882,17,105,86,0,104,2672,5987,66,2380,0,15
16655,영암군,14831,0,1322,17788,1211,1205,46,3320,19908,29626,6723,0,전라남도,1443,2024,12177,0,3416,2387,248,1585,0,2223,삼호읍,25308,15992,0,0,0,0,13926,5619,0,12422,25247,1816,117,581,24207,583,1781,1786,0,1260,21554,29521,1966,22288,0,3483
218,영암군,331,0,0,61,0,0,0,0,220,329,0,0,전라남도,0,2024,25,0,0,0,7,0,0,0,서호면,626,27,0,0,0,0,189,1,0,125,109,0,0,0,107,0,0,0,0,0,193,211,0,137,0,0
941,영암군,896,0,0,566,0,0,0,0,611,1259,0,0,전라남도,0,2024,13,0,0,0,0,0,0,0,시종면,1004,127,0,0,0,0,768,17,0,210,784,0,0,0,429,0,0,0,0,0,584,637,0,416,0,0
375,영암군,306,0,0,168,0,0,0,0,362,809,0,0,전라남도,0,2024,25,0,0,0,0,0,0,0,신북면,712,63,0,0,0,0,161,39,0,68,186,0,0,0,101,0,0,0,0,0,274,448,0,158,0,0
3697,영암군,4176,0,0,3526,0,0,0,0,4060,7917,3,0,전라남도,0,2024,514,0,0,0,319,0,0,0,영암읍,6610,1084,0,0,0,0,3457,256,0,2639,5707,0,0,0,4876,0,0,0,0,0,3780,10584,0,4522,0,0
757,영암군,716,0,0,617,0,0,0,0,842,2007,2,0,전라남도,0,2024,108,0,0,0,11,0,0,0,학산면,1623,446,0,0,0,0,559,127,0,296,583,0,0,0,444,0,0,0,0,0,657,1217,0,713,0,0
60,완도군,153,0,0,54,0,0,0,0,59,9,0,0,전라남도,0,2024,0,0,0,0,0,0,0,0,고금면,47,39,0,0,0,0,112,0,0,5,156,0,0,0,0,0,0,0,0,0,51,6,0,112,0,0
0,완도군,0,0,0,0,0,0,0,0,0,0,0,0,전라남도,0,2024,0,0,0,0,0,0,0,0,약산면,0,0,0,0,0,0,0,0,0,0,0,0,0,0,0,0,0,1,0,0,0,1,0,0,0,0
824,장성군,59,0,28,413,103,2,1,1,2,1136,3,0,전라남도,698,2024,16,0,666,16,0,15,0,311,남면,0,22,0,0,0,0,48,101,0,5,47,8,24,375,10,581,0,314,0,85,0,824,13,0,0,1003
180,장성군,0,0,3,15,8,3,0,5,116,84,0,0,전라남도,5,2024,4,0,14,2,0,11,0,5,동화면,169,53,0,0,0,0,33,0,0,12,43,0,0,7,19,5,1,15,0,1,142,36,14,57,0,0
1,장성군,859,0,0,0,0,0,0,710,734,503,2,0,전라남도,16,2024,0,0,9,0,0,0,0,0,삼서면,0,134,0,0,0,0,0,48,0,172,475,153,0,577,23,28,604,0,0,689,16,0,1,101,0,359
1235,장성군,15,0,282,1455,1225,0,0,0,0,1407,6,0,전라남도,346,2024,307,0,564,613,0,31,0,846,진원면,0,10,0,0,0,0,4,0,0,1,84,0,4,257,4,237,0,0,0,0,34,1692,531,0,0,194
116,장흥군,73,0,0,79,0,0,0,0,96,406,0,0,전라남도,0,2024,36,0,0,0,0,0,0,0,관산읍,229,12,0,0,0,0,109,0,0,40,339,0,0,0,305,0,0,0,0,0,81,273,0,134,0,0
9,장흥군,20,0,0,21,0,0,0,0,18,333,0,0,전라남도,0,2024,0,0,0,0,0,0,0,0,대덕읍,61,44,0,0,0,0,5,0,0,33,15,0,0,0,55,0,0,0,0,0,33,76,0,21,0,0
6,장흥군,10,0,0,6,0,0,0,0,4,1,0,0,전라남도,0,2024,0,0,0,0,0,0,0,0,부산면,5,2,0,0,0,0,9,0,0,0,5,0,0,0,12,0,0,0,0,0,21,8,0,7,0,0
66,장흥군,89,0,0,39,0,0,0,0,97,70,0,0,전라남도,0,2024,0,0,0,0,0,0,0,0,안양면,189,57,0,0,0,0,83,0,0,18,39,0,0,0,44,0,0,0,0,0,67,78,0,74,0,0
21,장흥군,29,0,0,18,0,0,0,0,61,78,0,0,전라남도,0,2024,0,0,0,0,0,0,0,0,용산면,99,10,0,0,0,0,19,0,0,9,26,0,0,0,33,0,0,0,0,0,21,12,0,26,0,0
23,장흥군,40,0,0,2,0,0,0,0,2,61,0,0,전라남도,0,2024,0,0,0,0,0,0,0,0,유치면,2,0,0,0,0,0,2,0,0,2,9,0,0,0,0,0,0,0,0,0,6,15,0,5,0,0
22,장흥군,6,0,0,0,0,0,0,0,21,5,0,0,전라남도,0,2024,0,0,0,0,0,0,0,0,장동면,12,0,0,0,0,0,4,0,0,9,2,0,0,0,18,0,0,0,0,0,4,17,0,10,0,0
17,장흥군,54,0,0,24,0,0,0,0,13,185,0,0,전라남도,0,2024,0,0,0,0,0,0,0,0,장평면,45,23,0,0,0,0,40,0,0,1,23,0,0,0,21,0,1,1,0,0,13,12,0,10,0,0
423,장흥군,531,0,0,390,0,0,0,0,363,678,0,0,전라남도,0,2024,1,0,0,0,9,0,0,0,장흥읍,761,145,0,0,0,0,547,0,0,757,959,0,0,0,466,0,0,0,0,0,462,1205,0,435,0,0
1,장흥군,5,0,0,134,0,0,0,0,3,48,0,0,전라남도,0,2024,0,0,0,0,0,0,0,0,회진면,120,1,0,0,0,0,0,0,0,20,61,0,0,0,82,0,0,0,0,0,51,210,0,39,0,0
49,해남군,87,0,0,43,0,0,0,0,55,171,0,0,전라남도,0,2024,0,0,0,0,0,0,0,0,계곡면,122,40,0,0,0,0,36,0,0,14,59,0,0,0,18,0,0,0,0,0,38,64,0,57,0,0
90,해남군,163,0,0,30,0,0,0,0,28,329,0,0,전라남도,0,2024,12,0,0,0,0,0,0,0,마산면,51,27,0,0,0,0,47,0,0,36,18,0,0,0,98,0,0,0,0,0,50,85,0,75,0,0
55,해남군,75,0,0,62,0,0,0,0,68,197,0,0,전라남도,0,2024,12,0,0,0,0,0,0,0,문내면,73,126,0,0,0,0,89,0,0,17,89,0,0,0,28,0,0,0,0,0,43,130,0,36,0,0
56,해남군,109,0,0,34,0,0,0,0,43,165,0,0,전라남도,0,2024,0,0,0,0,0,0,0,0,북일면,91,83,0,0,0,0,17,0,0,26,41,0,0,0,51,0,0,0,0,0,56,20,0,46,0,0
32,해남군,156,0,0,40,0,0,0,0,83,303,0,0,전라남도,0,2024,0,0,0,0,0,0,0,0,북평면,160,57,0,0,0,0,47,0,0,2,129,0,0,0,28,0,0,0,0,0,28,62,0,13,0,0
215,해남군,62,0,0,15,0,0,0,0,22,277,0,0,전라남도,0,2024,0,0,0,0,0,0,0,0,산이면,35,3,0,0,0,0,17,0,0,6,23,0,0,0,43,0,0,0,0,0,37,167,0,65,0,0
88,해남군,81,0,0,78,0,0,0,0,64,142,0,0,전라남도,0,2024,2,0,0,0,0,0,0,0,삼산면,61,57,0,0,0,0,75,0,0,17,91,0,0,0,52,0,0,0,0,0,73,37,0,62,0,0
209,해남군,208,0,0,94,0,0,0,0,148,470,0,0,전라남도,0,2024,12,0,0,0,1,0,0,0,송지면,272,60,0,0,0,0,94,0,0,24,405,0,0,0,119,0,0,0,0,0,216,404,0,267,0,0
30,해남군,119,0,0,49,0,0,0,0,16,234,0,0,전라남도,0,2024,0,0,0,0,0,0,0,0,옥천면,131,10,0,0,0,0,86,0,0,11,54,0,0,0,28,0,0,0,0,0,66,14,0,66,0,0
11025,해남군,13760,0,0,10645,0,0,0,0,10484,28449,0,0,전라남도,0,2024,784,0,0,0,202,0,0,0,해남읍,17520,6692,0,0,0,0,11545,0,0,6723,20039,0,0,0,13652,0,0,0,0,0,12815,20979,0,12695,0,0
96,해남군,105,0,0,54,0,0,0,0,102,337,0,0,전라남도,0,2024,2,0,0,0,0,0,0,0,현산면,337,43,0,0,0,0,104,0,0,7,164,0,0,0,100,0,0,0,0,0,69,124,0,69,0,0
117,해남군,89,0,0,42,0,0,0,0,59,211,0,0,전라남도,0,2024,0,0,0,0,0,0,0,0,화산면,160,21,0,0,0,0,39,0,0,22,95,0,0,0,36,0,0,0,0,0,106,70,0,37,0,0
84,해남군,72,0,0,161,0,0,0,0,92,355,0,0,전라남도,0,2024,0,0,0,0,0,0,0,0,화원면,355,102,0,0,0,0,320,0,0,18,358,0,0,0,42,0,0,0,0,0,399,752,0,76,0,0
131,해남군,135,0,0,86,0,0,0,0,63,210,0,0,전라남도,0,2024,3,0,0,0,0,0,0,0,황산면,363,82,0,0,0,0,97,0,0,37,235,0,0,0,64,0,0,0,0,0,155,140,0,75,0,0
265,화순군,385,0,0,0,90,735,0,5,0,329,10,0,전라남도,401,2024,125,0,0,77,0,0,0,785,능주면,764,35,0,0,0,0,106,180,0,9,2,216,25,246,0,452,0,7,0,0,0,0,0,0,0,35
273,화순군,404,0,392,528,421,1021,0,355,350,151,0,0,전라남도,200,2024,1439,0,356,262,0,325,0,164,도곡면,296,50,0,0,0,0,296,93,0,661,440,159,0,2152,459,752,181,314,0,358,403,657,708,558,0,106
534,화순군,1195,0,0,0,23,253,0,0,0,722,0,0,전라남도,0,2024,0,0,0,0,0,0,0,0,동면,1045,608,0,0,0,0,0,0,0,0,0,0,0,128,0,232,0,0,0,0,0,0,0,0,0,29
60,화순군,97,0,0,9,0,0,0,0,7,140,0,0,전라남도,0,2024,0,0,0,0,0,0,0,0,백아면,76,0,0,0,0,0,46,0,0,0,74,0,0,0,35,0,0,0,0,0,8,47,0,7,0,0
417,화순군,485,0,88,86,266,381,0,0,0,599,0,0,전라남도,0,2024,0,0,0,0,0,56,0,0,사평면,678,241,0,0,0,0,1,0,0,0,0,0,0,154,0,282,1,1,0,0,0,129,0,7,0,0
0,화순군,0,0,0,0,0,0,0,0,0,0,0,0,전라남도,0,2024,0,0,0,0,0,0,0,0,청풍면,0,0,0,0,0,0,0,0,0,0,5,0,0,0,0,0,0,0,0,0,0,4,0,0,0,0
21884,화순군,27160,0,25790,19301,12505,20442,621,28448,21400,32835,7247,0,전라남도,25031,2024,10192,0,23817,17613,0,15669,0,23181,화순읍,30452,12813,0,0,0,0,22326,14829,0,10872,21528,19756,4859,12971,18845,11263,18765,13513,0,10857,23198,27249,17222,24164,0,3110
