시도,시군구,읍면동,년도,발생량_04시,도착량_04시,발생량_05시,도착량_05시,발생량_06시,도착량_06시,발생량_07시,도착량_07시,발생량_08시,도착량_08시,발생량_09시,도착량_09시,발생량_10시,도착량_10시,발생량_11시,도착량_11시,발생량_12시,도착량_12시,발생량_13시,도착량_13시,발생량_14시,도착량_14시,발생량_15시,도착량_15시,발생량_16시,도착량_16시,발생량_17시,도착량_17시,발생량_18시,도착량_18시,발생량_19시,도착량_19시,발생량_20시,도착량_20시,발생량_21시,도착량_21시,발생량_22시,도착량_22시,발생량_23시,도착량_23시,발생량_00시,도착량_00시,발생량_01시,도착량_01시,발생량_02시,도착량_02시,발생량_03시,도착량_03시
서울특별시,강남구,개포동,2023,20291,7149,110978,73818,369912,407576,1043362,583026,1210146,817976,808359,507748,623626,414731,563321,371432,612492,443048,606358,508779,592276,514068,718189,614877,961162,697992,903163,775365,805139,962605,472902,831290,326891,564460,304332,544248,248927,611296,100494,304997,16112,69680,3733,13159,2014,4247,1676,2861
서울특별시,강남구,논현동,2023,53697,41044,226008,236859,436667,868513,926616,2007188,1546386,5575825,1458855,4871219,1052611,2276274,1044512,1480070,1197662,1382993,1334042,1514709,1527587,1431830,1770955,1357826,2094287,1462404,3310538,1814059,5336611,2310321,3088185,1501900,1927740,906100,1897846,822517,1628011,718937,842751,439139,218202,179570,38706,28154,24082,17172,21824,15637
서울특별시,강남구,대치동,2023,35188,33254,143682,173158,483693,536466,1248034,1493844,1578414,2410538,1101732,1767111,833094,1146854,839732,1030566,1049747,1182401,1205642,1368220,1163263,1269472,1371858,1403391,1612845,1671368,2084060,1823610,2186370,1708622,1446587,1198005,1126119,760675,1384771,750791,1838052,780820,434187,372869,134141,138287,30265,27341,16340,14495,15647,14388
서울특별시,강남구,도곡동,2023,15390,13332,126311,127189,418727,510840,1042979,1307686,1455333,2544549,1029881,1674316,828725,1000306,827774,887351,930175,941947,1000782,1072481,1047752,935653,1222443,982199,1432244,1131679,1963139,1445715,2386492,1627923,1264936,1091774,1053577,701974,963200,656335,904710,616862,262164,313429,51733,84302,8849,12843,4667,4013,3818,2914
서울특별시,강남구,삼성동,2023,33613,44135,265512,426022,606246,1793810,1281548,4872519,2096744,12387124,1738208,9264834,1404615,4321986,1689899,3129297,2084440,2928415,2464165,3099491,2889663,2721365,3570101,2456454,4550317,2493205,7272300,2818044,10574783,3078660,5480404,1890547,3836474,1150389,3470512,1007535,2462439,909606,823139,495324,164472,198195,30824,34562,18977,19181,16240,19846
서울특별시,강남구,세곡동,2023,9155,4968,43284,18343,109335,48946,267803,87484,265444,148301,157982,81372,114047,62004,100433,63745,113787,79960,107912,91815,104156,98027,120343,135651,136353,163125,144505,163581,138960,202333,87920,178564,59946,124388,54053,117503,47758,118492,19741,67013,7710,21729,2069,4990,57,107,1,0
서울특별시,강남구,수서동,2023,18074,12440,134864,161894,371120,647579,1034803,1313864,1474277,1861085,994403,1188249,985033,844039,791103,720018,998994,852050,939376,791350,762263,778923,1127059,908072,1270001,1069390,1501165,1258885,1798238,1584154,1046546,1133651,928643,776609,722546,686536,734461,620467,387042,254624,61916,68737,11435,8578,2300,2665,1608,1712
서울특별시,강남구,신사동,2023,27610,32778,205986,236659,312564,686006,586425,1451300,991185,3639348,901869,4203612,853796,2296737,994430,1823938,1188521,1620331,1356988,1740724,1598834,1620965,1874542,1561793,2179398,1615547,2879007,1901668,3982428,2144869,2824923,1306443,2130975,726242,1944864,601745,1587703,518249,687177,313265,142729,121331,5705,6941,806,872,66,0
서울특별시,강남구,압구정동,2023,17149,18833,45341,68899,68934,74717,136066,131750,177708,208592,151164,180720,137606,139833,152680,142354,186546,151057,205141,167519,227914,170451,273528,189665,310215,208679,309235,240636,362797,293841,286215,210893,261426,145315,230338,124342,217821,127358,110869,67111,35660,24587,1337,1172,1,3,0,0
서울특별시,강남구,역삼동,2023,91033,72859,498063,638967,1190197,2637898,2531380,7538635,3868837,16645694,3324394,15076685,2983150,7496804,3544902,5033559,4233342,4806384,4812257,5338236,5297253,4724454,6394144,4470724,7810126,4768898,12253383,5936676,16131792,7588580,9736645,4730240,6896170,2712169,7212216,2367199,6317241,2110715,2912961,1208034,652335,426530,103173,84354,79620,51385,61271,49274
서울특별시,강남구,율현동,2023,959,849,4678,5439,20411,18699,50271,31427,63079,54795,41302,31675,29126,24041,24837,22621,25512,28418,25005,30814,24230,31813,27236,44855,32378,54596,33567,61450,32045,85380,19422,77371,12999,49950,10168,46820,8202,45932,4039,29587,1246,6412,539,1660,26,20,0,0
서울특별시,강남구,일원동,2023,13997,3905,106828,62735,362754,365749,966023,893261,1064693,898558,709034,585910,634790,484316,605253,414049,620357,485972,595379,541669,610306,552836,781301,592834,1010793,633122,1133978,723956,826117,934293,478887,764906,334721,535754,265782,527422,221182,580431,109463,265079,16464,77558,2880,5585,1484,1739,1238,806
서울특별시,강남구,자곡동,2023,13825,3284,46926,15455,160927,63449,384079,141209,426988,227708,257143,119482,188862,80683,164884,82606,180536,110806,170428,122115,162223,132903,194239,175586,245281,210902,210079,235909,209490,313018,120988,288283,86365,207059,74732,193043,64379,201245,31553,111384,11260,39632,3306,5527,434,1479,0,0
서울특별시,강남구,청담동,2023,24741,33397,121771,170415,222927,436911,450494,853975,791450,2332502,719282,2523405,519107,1346811,572123,994508,646876,912754,740812,964812,854035,876822,1033990,865616,1255543,937604,1733283,1133238,2401566,1359450,1577947,849331,1164027,499912,985483,433298,754901,394874,307481,222331,47140,62055,6894,8333,7568,7325,7035,7801
서울특별시,강동구,강일동,2023,43705,10405,133452,38638,312336,129987,790272,265780,713177,359497,451712,215526,346890,186498,297635,195252,292347,233169,282555,243246,249122,260166,277854,326468,330958,388992,298326,456334,287621,591484,167666,573893,122636,365860,104928,337443,82500,313626,34380,196283,13474,85229,6460,19519,2571,5648,3359,2704
서울특별시,강동구,고덕동,2023,27438,5712,96580,61678,248789,210151,637689,557239,583090,545214,405483,352521,355528,311817,345544,274850,370532,288064,349829,352973,353360,310719,419037,357988,518211,418343,487408,420084,404142,563428,265642,457478,201662,266000,194717,247434,185836,230636,56062,124332,14773,47320,8598,3954,5286,404,6058,532
서울특별시,강동구,길동,2023,33572,17545,144840,67890,255306,148030,591303,252465,662041,483760,429134,372932,359055,292764,342238,287593,370260,304960,375417,325971,338947,349230,362466,393775,402414,465009,438718,512297,452251,658374,271955,521414,211809,349116,201005,313056,172124,305261,85246,171006,25754,63053,6283,8156,7155,4323,3747,4501
서울특별시,강동구,둔촌동,2023,7853,5659,124204,68615,407127,477847,1053315,738649,1133464,1007775,719141,639540,552354,505709,522104,405783,525860,449778,489714,514734,548412,482772,632546,511522,765075,592300,846718,743205,860591,1077205,538516,793460,372945,486426,345317,480093,299248,438352,136871,243358,25255,70402,1011,5063,4,32,0,0
서울특별시,강동구,명일동,2023,15259,11515,196131,76480,463856,161131,1142881,420345,1153158,608183,706323,484527,601666,426712,559337,433176,602859,441641,575923,518193,549117,521363,589351,610961,671199,768959,624881,808032,636408,1193979,443563,932012,357523,572220,362312,494084,305616,505604,113191,278116,28670,107212,4349,10656,1589,4475,1264,4013
서울특별시,강동구,상일동,2023,23687,12133,173887,60857,541439,231455,1275512,552163,1077516,644433,678921,354602,521981,284247,466702,277296,484650,363023,460965,414905,457504,403870,544912,519300,663683,598518,711405,766138,765314,1092504,528680,969261,368728,601390,313053,569921,266462,525919,128592,319545,47170,142180,8489,30655,216,4411,49,2172
서울특별시,강동구,성내동,2023,37942,19277,339353,189068,668081,452082,1595472,978412,2009745,1649335,1220951,1007457,900625,804140,850108,756169,899258,789675,917351,913600,912325,905888,1026560,1024414,1189167,1179014,1469519,1383150,1719749,1898396,1015095,1390414,782157,958565,713091,890872,591378,803722,305047,496340,89833,196877,11665,22375,8095,11048,6691,9185
서울특별시,강동구,암사동,2023,22747,5369,239124,42061,498402,170801,1327683,393042,1604605,593228,883834,389936,554256,309684,478220,326948,497601,374378,476719,402737,415325,425325,418463,531950,457903,652586,464891,805285,450055,1163012,290263,957058,217304,591171,171919,516428,127111,537245,59710,281550,14961,84298,4087,15527,2526,2067,1851,1876
서울특별시,강동구,천호동,2023,30995,12802,98024,59457,185867,123568,424358,261366,470901,377455,328685,315485,257678,257676,260320,255532,290897,264575,307509,281691,305602,278783,346591,318915,398877,366269,444622,385516,501399,424099,429340,361922,325607,259363,301017,244144,269930,226533,168890,131186,60478,50719,10444,10311,4627,4312,4388,3923
서울특별시,강북구,미아동,2023,275409,97601,880649,401281,1603971,830509,3597287,1837985,4121378,2798881,2805051,2067284,2265540,1841421,2200966,1916122,2347003,2012928,2363940,2135316,2303874,2267922,2530660,2684347,2821067,3059353,2809673,3355988,2940881,4169652,2357061,3466065,1828843,2308766,1450151,2073697,1261207,1886624,680752,1157137,171547,388523,37192,80277,14492,26892,15710,21802
서울특별시,강북구,번동,2023,99402,36015,516335,163313,986897,390505,2235455,769469,2525758,1536689,1711009,1086620,1324396,911195,1280056,960072,1352840,1048613,1315072,1148018,1279417,1200622,1366443,1415388,1505462,1698277,1624849,1945932,1848176,2543051,1318134,2249318,988875,1505414,888977,1311999,749421,1223986,458776,810646,127375,254099,31122,48496,13555,19682,10553,16093
서울특별시,강북구,수유동,2023,355312,102901,539163,278051,809810,554657,1743302,1137318,2027242,1741052,1429776,1303055,1166551,1114806,1157289,1082701,1220997,1160203,1215754,1187738,1167677,1190768,1237294,1334971,1317935,1501622,1339702,1560227,1381308,1736546,1117669,1483265,817464,1042597,707599,905181,594553,802429,342936,491827,77546,185417,22442,39494,13280,7737,19476,4842
서울특별시,강북구,우이동,2023,42712,3702,103143,27012,180825,83231,444469,161587,525024,371857,348466,309426,285807,309606,291175,325545,335286,279369,352709,263980,371853,256878,396577,249621,417349,266946,384526,288690,308103,338485,201903,309063,148427,203082,119652,176478,78348,151023,29023,104041,5925,37255,1568,4102,1043,2157,921,2609
서울특별시,강서구,가양동,2023,14848,3650,323642,72870,646952,325220,1766299,814372,1889410,1926660,1061555,928641,800294,562563,776363,520263,828495,586357,784356,641597,733793,667492,806852,759188,945263,879183,1245369,1113473,1662978,1636915,680147,1433484,474169,897778,397419,822104,290231,761962,131529,486553,24556,151969,340,3215,0,10,0,0
서울특별시,강서구,개화동,2023,4756,4956,36955,33002,132883,138218,287532,259350,243008,262890,132933,133583,87867,86700,83262,86495,79441,83253,82414,83421,88911,87414,94630,95217,118938,109573,148470,132464,180091,184369,117761,140577,71050,88211,68271,80071,39379,50463,19948,28380,7399,10787,1616,2568,661,713,195,922
서울특별시,강서구,공항동,2023,28619,21632,131948,77764,276008,202391,601192,312699,730840,466115,461876,303174,374323,259852,349705,263545,357098,293672,358401,295393,362835,291417,378121,332690,406888,388732,468754,452347,510437,592263,346944,463438,281153,315311,262957,290962,218731,263736,106161,162920,24110,57787,5446,6590,2330,3007,1353,2908
서울특별시,강서구,과해동,2023,127,2500,8140,45184,32625,138911,116978,199312,159372,246219,110545,165287,116083,190488,144071,210245,154181,213348,181915,225216,212856,208661,239644,197391,236424,206085,293217,213810,340657,195761,225473,114367,186557,55241,172815,33815,155735,22230,58795,14050,3998,6496,69,147,0,32,0,0
서울특별시,강서구,내발산동,2023,15937,13043,61392,44868,151460,80040,361957,237048,396360,285925,280430,204775,229594,178350,227262,179110,249541,201521,247855,218568,244759,223196,316367,258913,317617,290989,303483,284622,310023,318256,240772,285404,184176,195350,169317,179307,174203,168409,65421,87822,14416,19864,8152,7454,7773,2251,5465,1310
서울특별시,강서구,등촌동,2023,48729,42982,130169,143393,273999,273363,661344,654796,874408,1072393,592227,702372,453446,499397,477577,498430,527822,533428,545303,569345,561316,567621,683278,633735,805178,726359,807884,802779,953301,994633,649487,851596,478806,597542,447568,547263,391126,522647,184812,307569,51823,104770,7581,26613,5515,22779,4012,14364
서울특별시,강서구,마곡동,2023,30849,24772,258236,184663,639931,843118,1750222,1671776,1940015,4263350,1113822,2264706,910480,1205886,982776,1077012,1113460,1112709,1179537,1212868,1248183,1131770,1505532,1180178,1916887,1356611,3019799,1707105,3486790,2392827,1657045,1781847,1314766,1055775,1264682,900049,1060082,857657,429478,515180,90210,207620,17392,19014,15204,9777,7909,7522
서울특별시,강서구,방화동,2023,71067,17934,274899,140181,548943,639687,1248457,1099635,1366887,1361324,917294,830817,815315,796697,851192,812649,874394,869182,923676,881184,950171,873518,1032271,914258,1037282,1058155,1206080,1246574,1378770,1420827,898468,1025176,714248,607755,681026,514223,600967,449928,216154,269746,29636,113233,6357,14322,3954,5267,2952,4041
서울특별시,강서구,염창동,2023,5100,5078,201466,34556,482893,120660,1320020,231105,1440727,532887,856367,309911,583145,247574,525198,264079,547168,318919,532973,368031,489696,406605,520145,517581,575974,661954,662440,851501,799613,1298316,556447,1144324,408516,758664,376226,696723,327520,702637,180293,427421,47310,129601,8680,25272,4286,9191,3607,7652
서울특별시,강서구,오곡동,2023,0,0,8,2,8,65,37,140,19,80,14,69,22,52,20,82,27,135,23,95,21,101,32,62,64,59,50,115,47,94,33,111,194,157,70,108,13,44,12,35,9,13,0,0,0,0,0,0
서울특별시,강서구,오쇠동,2023,0,0,36,171,115,548,59,1073,100,690,106,560,140,413,189,327,249,318,244,359,521,495,356,419,476,343,417,474,301,544,163,574,151,593,129,380,88,264,15,213,1,14,0,0,0,0,0,0
서울특별시,강서구,외발산동,2023,5063,1415,8862,20219,17568,59064,29831,117908,42777,133028,39331,63570,46657,46123,48066,42451,41890,52566,43197,49847,53700,49512,64374,47703,95456,48123,125625,42060,86844,44023,39623,37265,32471,29638,26818,31311,16998,23357,4503,12808,630,5957,12,246,0,1,20,1
서울특별시,강서구,화곡동,2023,269604,109818,1163970,440055,2269456,1100908,5795077,2276860,6898207,3432279,3960378,2373455,2753674,1844747,2574432,1838905,2740261,2054536,2634431,2205528,2399201,2321337,2517141,2827088,2827517,3423438,2993121,3981969,3318246,5828852,2412340,4671626,1788899,3112089,1615305,2930336,1403762,2641697,711418,1583205,182940,488513,22201,45133,12716,18927,14506,14433
서울특별시,관악구,남현동,2023,17527,20628,73702,133803,161276,374562,316698,817345,374324,993884,244413,797578,186585,561294,189334,486108,221299,489074,235389,442621,252330,408849,307365,411067,385962,464301,526096,547443,681903,565678,628885,410341,457965,303882,485888,264022,481479,243264,346312,147621,122146,55739,29396,15999,6606,9327,6279,7807
서울특별시,관악구,봉천동,2023,252672,123362,1213630,513478,2258507,1202050,5967729,2529669,8128621,4209830,5662293,3379852,3755194,2782016,3316241,2667788,3610607,2930100,3686830,3138380,3390454,3211327,3619332,3799606,4035011,4409615,4268992,5417989,4789723,7467587,3424604,6317596,2816525,4290760,2676181,4006816,2407098,3863300,1361183,2395516,252609,626641,37599,96607,27176,39902,25713,30812
서울특별시,관악구,신림동,2023,358230,174066,1858388,1050632,3108205,2108688,7441405,4499799,9950678,6505910,6555254,5035485,4409025,3869536,3961780,3525906,4290029,3799562,4277288,4010923,4076537,3927308,4483301,4566027,5123980,5288587,5528218,6268912,6164766,8472890,4752296,7419850,3666769,5130401,3375697,4811784,3054536,4489468,1781039,2910540,371561,878411,41529,81585,37654,54876,40298,50057
서울특별시,광진구,광장동,2023,5636,1840,107045,109532,320806,265386,752638,503638,918471,864404,567223,549001,423305,441939,405293,388668,441595,403358,466348,420490,456513,403327,510923,436504,601981,525117,649039,632797,765092,808106,459408,567735,365085,386007,389450,363930,314744,343020,138479,201455,37095,55860,6523,6255,2525,2690,885,833
서울특별시,광진구,구의동,2023,41067,21093,312529,171995,788465,733224,1936441,1296779,2792994,2099009,1903718,1500880,1479459,1260118,1357407,1183191,1398140,1247473,1417401,1309676,1378053,1351384,1534343,1544658,1722722,1752461,1896094,2048867,2222571,2712883,1613949,1946176,1234300,1349518,1106679,1174036,911396,1071876,442529,591396,86757,165102,10515,10933,1400,1558,1254,1158
서울특별시,광진구,군자동,2023,18604,10621,69696,69047,105325,88197,211289,138159,292638,239605,216582,199221,157883,160313,151426,149336,168037,158566,177130,175359,172199,179629,177326,199339,193598,219451,215832,239585,238002,289789,175635,250143,131732,187003,123313,177503,107384,168416,68235,106197,30810,48481,12276,9397,7797,5300,5128,2829
서울특별시,광진구,능동,2023,10982,10470,67555,36560,129335,123855,309804,240329,494784,840175,356927,547624,256890,515837,283945,415856,314188,374497,352214,432297,397395,379039,446922,341266,579702,355864,693024,413770,685203,532992,392591,412139,310205,281712,318038,258632,279740,259950,164823,174110,45714,50953,12466,17484,9117,13387,5621,7000
서울특별시,광진구,자양동,2023,75600,34945,370483,124126,726691,511036,1693142,738621,2582367,1366131,1686617,922848,1025341,746563,901241,751865,960587,858491,965513,970210,935861,1020509,1015633,1209309,1231358,1402368,1291238,1753355,1473081,2495716,1010839,1930823,885052,1287433,807657,1214815,697035,1107973,358930,613810,67196,178748,19616,30530,14067,21933,12469,18110
서울특별시,광진구,중곡동,2023,88614,39130,465255,144771,782943,373734,1795422,753465,2509481,1522083,1608435,967847,1061271,733367,949297,717644,1024479,788289,1024939,851816,962260,894690,994754,1074648,1172507,1271601,1336293,1561041,1544879,2224932,1016710,1746549,776038,1136621,716726,1047146,577633,959005,297962,578625,81491,230542,15562,47199,9259,17025,9192,14629
서울특별시,광진구,화양동,2023,27953,17160,294200,107529,424701,384801,959433,720176,1595724,1544254,1151888,1252405,799664,1049704,806318,1044114,933039,1161775,1037589,1281842,1106983,1242929,1257450,1314130,1451952,1498563,1722327,1961167,1889715,2716311,1440861,1908051,1444827,1195821,1497052,1078378,1486867,967287,920506,591696,224014,229718,43002,38619,30858,19616,22289,15300
서울특별시,구로구,가리봉동,2023,54581,63359,72163,87640,74471,79473,140725,177820,200441,346115,145314,229573,115124,150939,106242,123769,115886,123943,121461,128484,117890,120615,129942,124640,157119,145083,215791,178985,242756,181840,161924,137740,123355,102790,108537,93840,80426,84963,43675,51078,13033,19883,1833,4799,1205,4426,1696,5031
서울특별시,구로구,개봉동,2023,127840,48126,495466,237757,1036468,536784,2248919,918010,2189051,1150081,1464729,943709,1120220,805673,1038136,834016,1091436,956175,1064978,960008,993432,1007724,1078085,1215692,1226214,1470681,1310124,1746359,1425639,2256570,1091174,1849986,805129,1235273,707726,1116410,591995,961921,300950,572994,50602,121723,11802,17736,9229,12888,8888,9384
서울특별시,구로구,고척동,2023,67033,30717,132479,55556,329412,121932,750825,297480,773139,491728,527406,420923,429023,339639,399308,311462,446670,370413,420989,414049,414989,395039,469890,464321,542346,524181,526502,581168,484147,712094,334975,640530,280411,429960,268617,386187,243719,360010,103276,227717,34553,85211,7920,12920,2967,2904,3664,1995
서울특별시,구로구,구로동,2023,419396,191409,2182601,638829,2739889,1534986,6595594,4038461,8044080,9031407,5285482,5675483,3696484,3681749,3490145,3290491,3766506,3377650,3826158,3702888,3790167,3547945,4226284,4023947,4862444,4724652,6686661,6028654,8601734,7764959,4797693,5836552,3527351,3849313,3245331,3858533,2537718,3545245,1264944,2193503,263102,782794,14366,57610,3423,10725,11818,7784
서울특별시,구로구,궁동,2023,9662,3046,38879,15957,78349,56237,201577,269195,221037,209192,128477,90164,98135,80398,101101,78570,111943,88086,95974,90348,83876,97765,140642,125230,199214,151537,107479,148956,98415,184850,61983,173774,55567,118772,60111,105031,38077,93232,17209,60020,2429,16590,279,2509,86,1851,30,989
서울특별시,구로구,신도림동,2023,47685,96128,113068,267837,214817,388587,578450,881808,749257,1080257,461797,674530,330588,491384,321926,444841,393836,487284,423956,472703,433283,449338,498445,486934,585070,561250,692476,691383,880182,817587,690944,512363,547909,355355,553005,319064,499134,286464,360730,164463,221598,60534,29693,11499,6634,5761,5765,6056
서울특별시,구로구,오류동,2023,74226,31320,362215,116198,711557,334151,1779676,641520,1908102,941827,1152736,638575,810481,501330,723444,498148,777274,588525,728465,614945,675993,651437,711251,789396,803570,963980,796073,1158742,831880,1651387,598815,1426677,426289,907162,383371,795366,302777,702811,166986,452509,40922,129359,9675,19789,6682,7173,7436,4174
서울특별시,구로구,온수동,2023,15044,6236,179095,77616,394946,248410,1015699,651164,1088985,880499,596672,491009,408380,330288,386599,321189,430756,352641,412869,354740,397744,351767,447682,418434,590526,518276,619614,621438,741773,910293,523285,720966,344829,454225,313362,403748,244854,353849,145160,227971,32515,79571,6172,17212,2111,4661,3887,2322
서울특별시,구로구,천왕동,2023,8984,160,23509,5689,73539,24428,205545,80264,197139,88319,126008,48170,88173,36597,76991,40331,79640,51516,83181,58711,80905,61039,85623,77091,99333,98363,126226,105619,168831,128571,129374,122127,77014,83043,52953,76366,43357,73839,21124,42559,801,8797,1,3,0,0,0,0
서울특별시,구로구,항동,2023,8304,693,25236,4559,105951,16705,242700,30863,185280,78421,117565,48123,78508,37023,66546,37880,70617,50488,66461,57477,59017,57652,65696,73222,74197,91045,75007,102981,78160,144958,48214,156783,33492,97658,23820,84541,17229,79693,7930,46925,1729,11864,160,821,0,3,0,0
서울특별시,금천구,가산동,2023,82889,54192,440394,346940,775393,1222482,1868805,3881503,2292675,9290341,1452787,5137073,1002755,1785532,1022461,1232063,1201946,1229437,1296008,1287042,1419004,1177448,1735760,1223080,2435384,1373901,5218292,1725805,7189168,2117776,3302413,1623011,2040176,1022667,1654507,944671,1023540,807912,469846,502530,55914,103715,5192,5506,3653,1202,4349,2136
서울특별시,금천구,독산동,2023,261920,109421,553019,248306,751153,453131,1729736,958305,1942271,1700598,1329809,955175,962078,762350,886807,734634,955356,786877,941809,830740,899282,870311,968967,1038361,1080563,1206828,1314231,1406788,1524806,1721674,1097918,1533405,738881,1043940,609672,970971,481413,895877,239305,527883,63672,166943,11534,19190,8666,7458,9906,8028
서울특별시,금천구,시흥동,2023,200572,46411,571188,192971,993660,482576,2273055,1111016,2287289,1567140,1485269,966033,1169512,842672,1119483,871923,1199256,995819,1171648,1055267,1116082,1050638,1234797,1297293,1390968,1503847,1427248,1756046,1666001,2223695,1129012,1890984,830157,1254333,724251,1139521,599545,1004183,299493,633358,46924,157063,4411,16048,5163,5939,6777,5362
서울특별시,노원구,공릉동,2023,63361,31820,438552,195942,878581,454344,2244477,988739,2434488,1712690,1470259,1234773,1121507,960315,1094618,988750,1175107,979064,1209721,1080430,1142767,1044243,1260924,1148295,1432707,1393139,1515113,1644643,1507990,2176111,1016766,1872315,774928,1174605,726769,1083753,632450,1064132,347647,680554,94628,260790,25985,48140,12972,14246,12245,9630
서울특별시,노원구,상계동,2023,162322,54077,1041821,332412,2276741,1031756,5278172,2252730,5207981,3414091,3348629,2885024,2705270,2389056,2645694,2370609,2907927,2608487,2860234,2761930,2824917,2754481,3084822,3106172,3364237,3597974,3395019,4173543,3552201,5430729,2733731,4771474,2238970,2928161,1986759,2562386,1844323,2369082,936358,1526687,248103,530394,39181,75239,20436,21667,14205,14155
서울특별시,노원구,월계동,2023,140016,17603,436122,200854,829720,391510,1952220,955858,2002981,1434845,1306613,981844,1062350,835878,1054373,883513,1106228,918705,1097201,1024527,1062131,987854,1181633,1137723,1364387,1380315,1315619,1518462,1278214,1940449,947278,1602792,701669,1064399,652933,967176,548088,859570,284228,570788,52385,196259,5778,15723,2626,3374,5333,1989
서울특별시,노원구,중계동,2023,52329,18950,262202,122843,638589,305378,1529080,883499,1483744,1029277,949032,711934,734068,572657,710861,588621,818885,684569,790587,741635,718507,710596,807613,814307,1013498,976551,965241,1108270,941734,1343653,702252,1243570,554405,809525,586429,733401,631895,748522,212276,429811,48988,156230,5586,13451,2902,4144,3424,3254
서울특별시,노원구,하계동,2023,47213,19823,188949,88379,472801,244814,1184254,661869,1268801,845566,819681,605320,655939,472922,631564,470985,678933,567894,647171,609181,637852,579317,729154,641307,843388,738119,804186,834836,756938,1079075,546843,968460,436779,628011,385705,572462,332011,582256,158382,358279,52344,136488,9127,22921,5401,8232,6765,4779
서울특별시,도봉구,도봉동,2023,88637,25405,315315,137459,653507,384875,1561620,823369,1533462,1090905,1002134,914236,773523,844322,732115,764321,788076,800768,845662,749745,883982,721726,952566,782105,1040125,888764,1042045,990881,1099372,1224478,817677,1142026,536116,733577,436405,634164,365587,579216,202462,360989,63290,154156,15081,40181,9684,12250,17656,7510
서울특별시,도봉구,방학동,2023,80298,25429,346765,83093,561902,177408,1254591,331213,1197735,701516,853267,470962,703338,444962,656691,447899,714959,531394,670804,551830,639785,600557,655548,719566,707343,854756,710199,925900,728903,1072372,495487,1034213,363898,690032,307958,602716,237520,570111,114576,366719,39793,147545,13327,35343,7820,13340,9455,9610
서울특별시,도봉구,쌍문동,2023,151433,31737,231443,177881,479665,422318,995913,947007,1072495,1171820,764147,762399,619143,635163,586354,612596,599043,630589,594266,648692,572130,653516,623392,712350,705415,824975,676789,858348,640392,968570,472460,874942,347824,628630,288308,544281,250130,503412,110329,324021,27845,101044,10042,19041,8056,3919,11662,1724
서울특별시,도봉구,창동,2023,69724,24028,651998,175589,1484771,556744,3452165,1088470,3582882,1768682,2336257,1311781,1819119,1199167,1720671,1202009,1804860,1387436,1731105,1531803,1641131,1592899,1776804,1894743,2038667,2222589,2102709,2591682,2297114,3433034,1751937,3060690,1255760,1982587,1114033,1758403,969606,1659823,550100,1038749,154828,365971,13615,51473,3958,16506,2674,14652
서울특별시,동대문구,답십리동,2023,56625,18120,260943,110622,483557,255068,1235379,525821,1584073,999579,894483,584448,624974,433151,548520,420892,592593,472189,591815,526140,545610,517365,567193,600272,640098,711842,750392,857216,875909,1201845,533551,864408,373063,579826,317603,522012,264254,486867,133851,282886,26930,80572,2407,3976,1103,1223,2384,2074
서울특별시,동대문구,신설동,2023,18428,20689,191745,111806,204693,223739,449273,557173,731597,1225218,488980,794236,434429,571968,486189,511891,543355,515526,592960,540598,599935,490489,666299,504781,795282,535393,999929,592450,1229074,717724,583724,511045,412334,364329,377466,346947,292084,320519,154584,222862,53743,78944,19005,22839,11860,12331,8383,10391
서울특별시,동대문구,용두동,2023,31009,38423,144531,153016,218150,223771,473912,393242,689721,747246,472510,501251,445292,442655,471610,460118,512374,487000,541262,527809,567470,533116,629724,572925,684105,579662,772573,601161,821600,678564,492309,489635,348833,357511,310990,344447,249043,319862,143085,198466,58831,85430,11256,25856,6687,12848,5626,12202
서울특별시,동대문구,이문동,2023,57708,23475,219091,158019,386523,288878,908265,286985,1059367,680662,645670,401580,510759,458677,509066,460257,547391,474588,559777,461861,547769,504927,585699,562172,748141,660568,717458,748126,609271,971138,418484,785970,328445,537203,303413,514160,255035,512571,122041,338305,23470,110359,6444,18487,3938,8096,3215,5521
서울특별시,동대문구,장안동,2023,46563,20523,280849,155117,620584,491008,1560062,960240,1953702,1851499,1154933,990702,811370,708514,756403,664608,821797,726666,825397,763983,805055,752907,863443,870748,1052878,1061590,1281315,1284597,1726354,1778135,1048773,1407808,679547,906755,598155,828569,529227,771164,254432,467748,63631,146586,4224,8627,2005,2520,2954,3018
서울특별시,동대문구,전농동,2023,86743,56073,444310,270780,688511,651638,1662092,1071082,2199955,1662137,1467929,1489656,1414946,1440846,1337900,1519886,1582853,1555427,1727189,1645883,1649498,1659431,1927428,1741934,2167802,1784448,2052155,1823600,2126739,2299096,1422664,1642142,1236217,1049464,1007298,1019072,753877,842525,398331,500447,122594,175880,20516,25041,6555,13522,6874,11522
서울특별시,동대문구,제기동,2023,58883,55215,182310,154420,285514,305782,608416,610437,890865,1103463,684047,870971,697036,872542,818898,918248,926902,964113,979146,1014998,1038636,944200,1140026,875049,1169102,816405,1107728,732702,1011620,732564,606878,527065,416585,388267,346988,363742,275573,340298,151312,220122,49423,74467,6612,9664,3875,6374,2912,3682
서울특별시,동대문구,청량리동,2023,31089,30544,54867,89281,101659,151203,211238,316196,274443,462653,192555,343171,160139,286955,163786,269528,184489,277310,189441,285192,190626,264125,216795,267965,245221,280534,253670,283608,278575,292069,185257,218344,132849,159672,110986,143561,91947,132764,50058,81694,16992,27315,4711,9745,1913,2032,1682,1141
서울특별시,동대문구,회기동,2023,5617,9480,17127,21337,29733,62656,86945,176751,129573,324052,118586,215063,131646,212323,150463,164137,136508,150393,136186,200487,178131,175348,216010,139568,242442,142197,249390,155138,147745,176298,97889,128328,97322,91231,100522,85039,89099,74494,32750,43306,16032,27652,4392,10821,1506,3074,1040,2116
서울특별시,동대문구,휘경동,2023,59656,42363,266849,189334,501595,373715,1270504,876773,1747583,1423437,1187740,1004566,984591,865877,971753,810357,1037075,848933,1048661,913661,1024768,865140,1154624,936362,1311831,1072965,1419865,1301336,1287570,1604587,853990,1235447,694048,842498,700443,826872,630968,852638,331872,522569,67057,153403,16068,31239,5110,13572,4229,8379
서울특별시,동작구,노량진동,2023,56840,53409,393081,278975,652935,609182,1505838,1448973,2090491,2122022,1316026,1368002,973167,946293,969742,972006,1074652,1083368,1197548,1127728,1134173,1040867,1189511,1141026,1352492,1366258,1661877,1729432,1979109,2320339,1404416,1512222,1232944,1053659,1359144,997729,1384995,925760,607728,550440,103218,138700,17174,21706,11130,14821,8629,10072
서울특별시,동작구,대방동,2023,15261,9588,203757,92260,452625,226639,1188783,557313,1600212,781732,1018805,543122,680888,433866,624292,426500,658404,473256,632115,500379,613195,523403,655209,606006,776272,741456,772374,889573,846875,1268188,554559,963996,417845,629548,389535,598824,344814,546780,174328,328741,31806,93521,633,1667,463,974,459,775
서울특별시,동작구,동작동,2023,2751,4038,34392,29727,70861,83999,207195,138785,238599,226116,160179,157819,130865,132486,142091,109478,148788,115722,142630,129869,143650,128104,156791,135523,183417,146910,212928,167864,231636,212427,129218,160146,101341,117755,96039,100449,80940,100610,38171,58982,13525,22250,1385,5308,45,48,1,1
서울특별시,동작구,본동,2023,4002,3772,77372,30799,111319,54809,319131,129968,399211,189776,242775,131283,180813,117891,159376,118718,171553,138618,172134,154481,164777,172987,168957,208234,204912,256758,229545,314315,261597,419087,183034,316843,143079,221952,130472,210049,112559,198490,55130,117246,10156,27307,676,4523,341,1761,363,1169
서울특별시,동작구,사당동,2023,12347,5850,465018,142908,1163105,831677,2981632,1392777,3933650,2510347,2799860,1854824,1967978,1553486,1863192,1704676,2041110,1776258,2114637,1843266,2131109,1892828,2285636,2268637,2531022,2769718,2870293,3632748,3488624,5013649,2458965,3556669,2167033,2238371,2195263,2035677,2022730,1932405,1103797,1138650,202658,299373,29071,34541,13686,12201,11180,8552
서울특별시,동작구,상도1동,2023,8103,3916,111371,53252,252431,119196,640234,229237,814058,495457,581486,375672,426313,359890,389090,317913,429196,329838,416833,341214,407923,367971,424157,389657,479796,454031,533592,546897,565876,774533,363271,574802,294099,412096,279240,382192,239761,380538,138796,250228,23787,56382,1726,2728,927,1487,600,1145
서울특별시,동작구,상도동,2023,74335,21663,394685,160832,829550,402594,2064275,742815,2583717,1509718,1731267,1120980,1280333,1149834,1194186,1036344,1249150,1045899,1279266,1158957,1250773,1196415,1280622,1342872,1511729,1582862,1602688,1830684,1550071,2479738,1091817,2013668,851867,1415348,787091,1343651,679442,1326160,365377,800175,66093,197449,10080,23738,6004,14272,6950,10889
서울특별시,동작구,신대방동,2023,24989,13414,100246,71644,203021,172889,554571,498074,626035,1097124,472580,582790,407375,383474,402789,318925,400957,342894,390703,392740,421981,391842,468584,373723,521148,410284,658256,455081,801033,577406,369668,444485,276749,298071,220766,268876,182844,240297,84079,133804,16731,38490,2842,5105,1560,3069,1715,3007
서울특별시,동작구,흑석동,2023,5432,4827,109327,72295,235887,213155,618177,412803,695707,739825,497984,553271,459015,535772,467263,470473,504182,510530,510667,521950,545302,513601,621276,494331,699093,566550,801255,652542,696033,839783,479982,629027,405157,461700,390742,419578,371788,415834,207361,272940,41377,71395,1587,2353,317,183,7,0
서울특별시,마포구,공덕동,2023,13728,11519,124255,97268,265249,293238,796498,1001571,1220491,2460234,733243,1293772,580816,648425,619616,608614,680235,606465,716804,627508,697978,607944,786751,647019,908287,773747,1478327,1074797,2129327,1492824,945462,884187,752610,570676,756575,530318,601288,488041,284187,299374,61497,99318,6912,9330,3042,3858,3239,2758
서울특별시,마포구,구수동,2023,1,0,746,481,5048,3587,15302,6807,21085,10935,14156,9723,11946,8313,11748,8207,11838,9684,12366,11345,11718,12431,11791,13704,12052,14878,12870,16505,13908,20702,8934,17114,6042,11949,5218,10836,3975,10324,1891,4622,460,911,0,0,0,0,0,0
서울특별시,마포구,노고산동,2023,16676,12520,44983,74487,79809,142275,175362,299464,281683,471492,228680,419227,206897,340564,227643,326793,282518,341981,304911,368967,305098,345215,336552,344125,391286,363217,424255,403542,465098,455766,345140,310820,295771,218393,309721,194600,294494,170588,134481,96523,38372,34662,24062,15585,14781,8941,10808,7629
서울특별시,마포구,당인동,2023,0,0,0,0,140,10,452,6,291,5,450,27,219,18,411,16,266,22,254,22,347,31,355,29,385,25,269,30,405,23,158,28,112,8,82,20,65,9,15,10,0,0,0,0,0,0,0,0
서울특별시,마포구,대흥동,2023,9289,9194,115970,57336,257968,190856,720039,482694,1010918,1156718,647183,946878,519691,798945,542758,608313,679064,666987,702766,740876,662394,612387,774188,640484,891770,700680,1102208,833423,1027381,1089838,633104,761811,525831,518388,529519,499565,462707,503873,187691,346045,36297,99173,3603,9749,1856,4669,1787,3670
서울특별시,마포구,도화동,2023,9436,6089,99121,64643,244683,208016,700001,559901,917322,1509218,575382,772273,480221,447094,491077,480431,518782,459673,541432,475199,520453,463081,555816,521898,623952,635864,931320,902048,1362314,1201163,649916,758893,552269,497367,577098,462068,474207,415562,223890,246550,36494,64040,5945,4836,3504,2795,2577,2460
서울특별시,마포구,동교동,2023,72503,40738,509223,178650,603920,516980,1178960,1167323,1641831,2380098,1317774,2605264,1152274,2106081,1269170,2403889,1470191,2785440,1722288,3024007,1892501,2825576,2272595,2894367,2790565,3100462,3348588,3552933,3899808,4194217,3257293,2984811,3139371,1818361,3616684,1486690,3584278,1251665,1960502,850835,416783,297515,85573,59652,42945,25337,33162,18873
서울특별시,마포구,마포동,2023,0,0,135,2221,1372,7392,4706,33702,6699,45697,3603,24070,3380,15512,3556,14328,4477,14946,4501,15805,4617,13596,4598,12858,5117,14741,7043,20126,9168,25055,4656,12875,3197,9309,3553,8814,3104,7327,1663,4945,331,1228,0,4,0,0,0,0
서울특별시,마포구,망원동,2023,13091,1543,47272,13498,108893,44234,277006,94197,330044,163301,235935,131608,177678,118139,166682,125844,186889,149477,192409,162053,187009,169968,189236,192304,202475,222396,215063,246705,207454,310522,160004,263134,128677,185269,110703,169762,90640,166834,44948,105692,11046,31126,2669,2278,1998,561,1224,174
서울특별시,마포구,상수동,2023,2980,629,73054,15727,87868,43191,139184,89885,194953,322826,141216,375090,110961,266187,119643,248814,164440,279178,191521,308282,200617,277660,228951,264054,274671,305194,346902,366590,393123,481166,291049,328407,268365,210905,302075,170709,303461,157476,213163,122887,41245,39741,273,222,0,8,0,0
서울특별시,마포구,상암동,2023,26856,15566,219806,159075,607910,524884,1534730,1529230,1918030,3417611,1218970,1986936,754521,891210,715500,707900,760807,759202,796809,805967,792610,736259,921444,804034,1180263,996263,2039229,1328169,2928256,1732782,1507854,1277710,932305,802494,804344,713938,662314,673920,339852,420245,77236,167854,6726,12784,3296,3736,3657,2326
서울특별시,마포구,서교동,2023,28710,13924,244591,102094,459016,369391,1050788,768020,1414630,2016368,1024907,1896350,764329,1276162,805615,1285187,972851,1382980,1069493,1533762,1127200,1426070,1236374,1488672,1433407,1664165,1815045,2032154,2489188,2592557,1725789,1841460,1444291,1050889,1542657,886743,1430766,776520,819658,531847,208608,174901,49686,27867,28925,13429,26941,12955
서울특별시,마포구,성산동,2023,30152,13690,223078,86910,488609,262477,1356264,528925,1790174,1063803,1121859,776916,817567,653290,787505,649900,850274,748369,855225,854061,837259,833648,919182,927493,1097040,1026652,1126748,1199526,1291806,1592147,764346,1247632,553524,793269,551110,683033,481932,678840,194960,427720,34695,118353,4346,12979,2434,6720,2503,6045
서울특별시,마포구,신공덕동,2023,4406,4058,13548,14026,38269,21940,88976,47314,149499,87222,94756,61418,75437,49150,72118,50891,78032,54381,83427,58354,79109,61021,84235,71432,91875,83187,105080,89881,138908,110443,111712,82539,85829,65396,83501,63284,75480,62679,44878,32534,11640,8246,5167,4437,3915,3909,3261,3267
서울특별시,마포구,신수동,2023,2695,2606,10582,8473,33144,22924,91163,61509,120682,118113,84546,92974,68811,86255,70906,73436,78496,75381,104838,93109,87489,83773,96456,86033,112701,102275,114548,113762,109314,140040,70749,99013,59961,73000,63545,70101,68686,69087,26978,35776,7744,9635,1090,1326,520,671,340,553
서울특별시,마포구,신정동,2023,0,0,27,34,81,50,401,204,198,234,148,216,160,235,159,168,149,212,208,234,152,373,105,303,119,497,175,383,301,428,153,419,141,338,266,327,121,234,62,163,0,0,0,0,0,0,0,0
서울특별시,마포구,아현동,2023,19638,8768,149930,62739,318000,186918,910856,386189,1264303,786983,713805,478168,518232,347191,493965,325595,524727,365228,515192,412398,471829,425949,515830,473666,602962,537599,620062,683840,733169,948808,396851,660124,294137,463306,246394,445276,197808,426897,85352,249441,21739,85269,2889,13815,2349,6230,2777,4260
서울특별시,마포구,연남동,2023,11603,10390,20033,19452,38652,34502,88780,89673,116465,100839,95012,100626,75775,85762,68791,86290,76913,90220,83880,92407,83207,86590,83205,91972,91355,98630,92686,115285,98355,119124,75885,85511,57769,56713,54340,47872,42142,42911,17933,24244,2837,3642,1319,1201,1102,1014,443,534
서울특별시,마포구,염리동,2023,1505,4673,7787,8937,22388,14783,53973,67041,63666,84320,46449,43486,39461,35276,43413,38002,54444,50533,49454,56545,49062,47451,73745,52901,85009,65231,65687,70611,59098,78605,47470,63970,40774,49053,43238,44805,44350,46304,13910,24341,2458,3977,442,944,331,921,237,512
서울특별시,마포구,용강동,2023,0,0,2645,1163,13199,5504,33986,11239,44365,25938,30462,18391,24626,14562,22483,14559,24957,16173,27393,19461,26959,19594,27588,20376,28289,24452,35213,28282,47238,34917,29316,26587,23111,20360,24631,19057,20373,17615,11757,10699,2228,2575,3,2,1,0,0,0
서울특별시,마포구,중동,2023,521,707,4448,2800,15668,5883,54953,13139,54468,21957,38796,17849,30987,18812,28553,20538,28095,25534,26666,28946,27479,33365,33624,41031,34535,53597,29757,57115,29168,73528,18685,65484,13076,48918,10019,48340,9942,49639,4310,28723,1169,9184,146,1449,31,573,32,518
서울특별시,마포구,창전동,2023,2254,1166,48791,26856,131509,76495,380159,211418,541532,480085,334959,300539,225713,189871,220831,162960,241457,180983,218827,189870,208769,193304,219925,217101,240462,247399,332286,336481,442749,487677,225633,336624,154125,208284,138987,190531,106046,177550,47198,100762,6068,24232,19,81,0,0,0,0
서울특별시,마포구,토정동,2023,1,0,0,0,0,0,1,0,2,0,1,15,4,0,5,0,1,1,0,0,0,0,0,0,2,0,1,0,0,0,0,0,0,0,0,0,0,0,0,1,0,1,0,0,0,0,0,0
서울특별시,마포구,하중동,2023,0,0,372,205,1188,219,2068,360,2965,974,1664,812,2092,725,1609,535,1452,826,1864,945,1779,1051,1698,1281,1443,1419,1610,1314,1518,1451,1228,1354,1002,875,1188,1059,899,865,494,489,152,106,0,0,0,0,0,0
서울특별시,마포구,합정동,2023,22397,12947,85673,88776,151650,198981,325318,441904,515484,925548,389219,700212,309399,493350,339329,509555,409520,535914,463516,579019,497837,524741,556002,543483,626942,627758,776604,772085,1048880,993384,788883,660092,704398,391641,776638,338846,720810,305888,463317,206951,153053,70143,35948,21263,26106,12152,21394,10887
서울특별시,서대문구,남가좌동,2023,65795,35347,141327,62949,311023,121408,708947,235521,702605,420471,515202,335484,431194,374096,424048,333270,448097,335012,454936,378476,445893,389012,467724,453236,523323,515278,518315,534242,482948,638036,350142,595683,269300,415287,236776,392148,204547,403233,101116,262398,31016,109638,8139,15632,4670,8488,3878,6001
서울특별시,서대문구,냉천동,2023,6495,9506,7547,9884,9685,14051,17433,56023,31395,87848,22346,40605,18440,26782,18518,22633,21505,22415,20664,23570,20168,21294,22950,22211,23357,22492,25123,24669,25903,26224,18371,16104,13179,10426,11957,10285,8376,8713,3432,3971,362,448,167,292,97,382,53,329
서울특별시,서대문구,대신동,2023,1839,2979,11567,38550,33719,77374,72443,240312,97566,382806,98485,286926,105765,202141,113857,141300,144554,169146,179381,190961,161306,136719,273331,124060,292061,110338,335394,114633,261565,119136,143826,92532,118245,75874,119764,88313,94638,79633,36831,51123,7483,13660,540,1133,0,14,0,0
서울특별시,서대문구,대현동,2023,2932,3235,15480,25073,34866,37961,85787,67931,135118,128126,111655,131230,83993,116985,84638,108215,108903,120536,120632,131548,114954,121620,132265,133359,139954,145714,166779,160227,189378,198080,140012,134308,114245,101667,114690,97876,110478,93509,62536,54280,22002,20892,4021,8183,1157,4000,1160,3461
서울특별시,서대문구,미근동,2023,0,0,697,4147,1060,4827,2190,12626,3679,22905,2986,5847,2258,3785,3827,3391,2767,4022,2748,4739,3114,3846,3672,3918,4319,4168,6309,4628,14656,5917,4344,3581,3106,2698,3189,2539,2077,2320,654,1715,119,379,0,0,0,0,0,0
서울특별시,서대문구,봉원동,2023,0,0,274,73,553,2779,1182,2156,2200,4159,2531,7916,3291,7635,4254,7019,6275,6660,4957,7042,5139,8105,6275,6667,7990,4750,8426,3236,7357,2646,6566,2600,5529,1527,6361,1802,2523,1528,72,727,0,30,0,0,0,0,0,0
서울특별시,서대문구,북가좌동,2023,76658,14511,108279,36101,260609,81348,529938,152223,539431,227850,379212,173049,290856,166900,262850,178416,264020,202842,268794,216809,241206,231539,250959,293589,271857,355467,275706,360910,285956,424577,209969,374204,143957,266853,127577,254559,111511,252025,63634,143735,18892,58361,3163,8525,23,80,0,0
서울특별시,서대문구,북아현동,2023,6679,2491,26690,17039,105655,70592,216154,150951,269033,204042,225674,173386,192407,164590,185142,163092,205013,192435,206726,204858,197561,217432,227863,253123,265138,291704,258893,328179,273719,403399,215020,322310,157948,259116,152395,253701,132015,242990,51167,108338,14341,24329,5124,7497,2941,4601,2670,4313
서울특별시,서대문구,신촌동,2023,2351,7523,16970,65391,36068,82485,53831,197466,61325,287899,68883,223830,84512,146976,92988,109624,102038,122797,94952,161733,125551,112960,155901,99195,211528,95755,249777,103326,185569,110943,117030,78329,95328,55056,104288,58777,124259,37650,59906,26362,13412,9758,336,650,6,4,0,0
서울특별시,서대문구,연희동,2023,51648,41234,173314,129038,321385,228678,650022,410894,802227,790373,674301,624540,567009,542436,566543,569839,633447,635245,677857,685467,673298,688728,740394,777129,842637,886078,869989,920604,978816,1060923,687371,889633,533743,641213,526902,619137,438882,617633,250857,399454,74671,142275,6660,11219,1834,2723,1127,1881
서울특별시,서대문구,영천동,2023,32246,41795,42210,45319,62322,65706,107075,129959,141331,189155,126291,138989,89625,96676,84877,88603,90815,94684,82934,93769,78344,94667,81491,107964,85856,127757,86111,122932,82321,118308,55229,80293,38176,61497,30106,59951,23886,57537,9755,26199,1232,2411,561,977,540,579,229,403
서울특별시,서대문구,창천동,2023,30795,40754,203367,210215,360340,396494,810688,889173,1299741,1753940,989143,1838844,884888,1415021,1002746,1289185,1250840,1387907,1359307,1522697,1413011,1337810,1618827,1314851,1908830,1429223,2217240,1745707,2296578,2175559,1716493,1448352,1673765,910261,1807478,827715,1852388,719636,1014422,470480,278421,162038,57664,31060,27626,17335,19957,12693
서울특별시,서대문구,천연동,2023,0,0,375,4,4086,1736,7938,3163,11174,12032,8512,8871,7837,7714,10110,9607,10473,9430,8955,9341,9520,10213,9746,11862,8907,13337,7843,13856,5946,14559,3887,12449,2989,8547,1834,7749,1372,6455,759,3046,50,454,0,0,0,0,0,0
서울특별시,서대문구,충정로2가,2023,4857,25734,51513,60806,97168,275289,268053,1064218,382293,2354119,272653,768452,258084,379583,308708,342300,310198,327741,309425,381962,359683,320918,451302,288674,585913,302578,1018198,355869,1549153,437945,452924,258717,360303,187206,329616,188119,237560,153595,96183,90762,17710,31891,2130,3734,1131,1968,670,1404
서울특별시,서대문구,충정로3가,2023,12064,19143,72534,48405,156799,170269,376510,585839,563649,1384245,371091,626491,284195,314060,312994,294769,319509,292485,341502,333230,366107,331639,382819,333950,459429,379505,776129,466199,1186618,606428,450821,414885,319832,303684,303562,299853,235070,279161,123555,173733,38679,57352,6383,8917,2539,5108,1970,4266
서울특별시,서대문구,현저동,2023,11248,24815,28803,38440,65473,52464,159692,110769,207532,146791,159218,126261,113335,92812,106832,82271,110764,85412,108114,95582,96058,84489,99056,91787,102167,96938,102211,94900,94900,103799,62924,85727,46117,64167,40210,62419,31068,54915,16368,33689,4292,8523,791,1047,359,382,247,305
서울특별시,서대문구,홍은동,2023,42516,18475,163741,69268,368316,154119,832772,406810,911990,579009,649223,454857,540808,368390,507345,373921,536767,410073,530742,467669,552884,466905,657476,551474,724320,626174,637626,663939,562846,775485,387374,712483,300729,531746,274095,505773,227978,494812,106861,293118,25699,93526,3927,10518,2100,6164,2109,4592
서울특별시,서대문구,홍제동,2023,75327,22861,306682,117152,718960,372170,1789306,744215,2041270,1185858,1425086,970681,1128484,855071,1061904,824750,1128034,880689,1075187,939802,1038786,1001599,1093520,1197511,1212512,1388033,1239647,1532205,1308038,1944962,938329,1574025,704499,1060845,616249,973801,505846,874453,257300,511917,62153,150346,9669,19670,5510,8481,3969,6010
서울특별시,서초구,내곡동,2023,2776,1862,16161,14122,40973,39490,109182,86107,115074,169478,80551,44813,60418,32288,52680,34701,55102,42359,55075,43734,51031,44272,66190,53936,127868,71332,154401,74430,108935,94277,46886,88642,31700,66788,24075,57434,18828,59205,7801,36608,3464,15631,712,4389,4,12,0,0
서울특별시,서초구,반포동,2023,23814,28093,175594,306732,420034,1226085,1219729,1854701,1855165,2706802,1762490,2470116,1597280,2187588,1759776,2192540,1976335,2151716,2123574,2292561,2305468,2288210,2734711,2317646,3172107,2373983,3463830,2529448,3326490,2777716,2536587,1902502,2609784,1228769,2006020,1059377,1477256,877539,591454,444242,131073,132212,27268,26725,13495,10158,10198,9609
서울특별시,서초구,방배동,2023,87363,40857,379397,306636,1008184,1036685,2570196,2200615,3566016,4310546,2651243,3002605,1868385,1915791,1745511,1793419,1863728,1859546,1943979,1860643,1972219,1810263,2133801,2003455,2456308,2335958,2932830,2865816,3697381,3599131,2080558,2475070,1640343,1598982,1629318,1474962,1384675,1383800,620174,744529,121332,223283,19537,27084,10502,9619,10021,7351
서울특별시,서초구,서초동,2023,46769,56104,353739,645361,1216750,2605633,2887602,6398051,4131386,12974386,3256304,9274124,2658987,5114632,2926945,4187399,3228099,3994222,3769200,4257398,4076735,3889202,4660655,3806167,5536467,4105598,8345023,4923518,11294067,5578817,6216987,3759040,4816410,2416520,4904110,2164757,4221077,2033076,1957829,1142589,553914,367658,124073,76131,60837,35036,40136,31503
서울특별시,서초구,신원동,2023,2465,1070,20234,10407,53074,48597,147691,109083,189389,220419,173051,234347,131784,185130,115154,149292,125174,136504,160591,111028,191159,115657,193155,119144,191110,136940,190741,162032,186423,188490,114416,149054,87636,103269,70136,94280,43098,83551,13107,42255,1287,9716,3,0,0,0,0,0
서울특별시,서초구,양재동,2023,23695,13757,138303,183989,510023,697751,1280610,1912152,1897331,3449941,1364048,2144282,927830,1246098,896606,1094628,1008717,1074012,1101482,1106957,1159918,1007100,1345910,1051403,1646231,1191362,2385748,1540219,2921519,1846757,1695787,1229965,1279571,821094,1199709,757283,989664,681192,500801,398972,137600,134946,17499,21607,1998,3846,782,1849
서울특별시,서초구,염곡동,2023,2898,3972,6571,17138,21864,44159,45383,140607,61508,189058,40290,58763,32649,30795,40064,29003,48724,32864,38170,42946,41561,29283,62376,29903,99096,36230,190058,46670,179755,45807,69175,33496,35663,22156,22226,18786,15083,15707,6745,9768,1960,4105,261,1113,253,383,373,450
서울특별시,서초구,우면동,2023,2451,1406,61925,27629,163235,100179,392935,168558,409374,297497,296457,207591,220714,145307,205191,117807,202578,135637,202353,153771,183994,161822,220025,211937,269954,251369,279288,257470,273811,319942,153322,303728,103398,213782,82544,204730,62262,213837,24677,114419,6599,33913,1599,4727,100,653,1,0
서울특별시,서초구,원지동,2023,118,538,703,1094,1796,5822,3644,5629,4350,10147,4333,11882,5266,11238,6518,10591,9080,10257,10035,9284,10578,9244,10354,8850,11307,8680,8334,7459,7001,7051,5675,5223,9822,4402,4591,2922,1753,2852,236,1374,8,16,0,0,0,0,0,0
서울특별시,서초구,잠원동,2023,26447,40059,189396,318594,402824,783300,1054100,1010901,1323523,1435954,1050092,1338348,858203,1221071,919035,1276589,1056395,1339048,1144453,1389335,1209849,1418978,1380672,1501254,1644107,1640115,1729043,1769158,1729083,1991946,1380342,1443555,1211204,995020,1063693,913539,912796,894243,415478,452822,139910,141181,24897,25675,12536,13581,9082,11872
서울특별시,성동구,금호동1가,2023,1337,1080,49169,10137,148277,57061,383003,157730,504522,240960,303147,153620,216554,133744,200413,143961,202738,168646,200297,184785,187796,203560,190068,252020,225390,288459,214007,347156,214451,469735,158936,347026,112199,239053,85546,218974,68785,202227,29561,118029,4053,28882,9,120,0,3,0,0
서울특별시,성동구,금호동2가,2023,3,2,3201,3100,20598,12936,57395,46082,69050,69330,50343,36976,37808,35766,35749,35365,36847,41791,38464,46263,42521,49612,41751,54188,52903,66917,46287,63928,54266,77009,41204,66727,27559,46715,23970,40111,22028,37880,9654,20486,560,653,2,8,0,0,0,0
서울특별시,성동구,금호동3가,2023,7654,1468,74055,14658,163297,64116,398508,138431,562975,234835,359739,174905,243382,150949,216810,154597,217492,172643,205321,194524,187372,207225,189159,248309,207936,290141,220632,355652,225658,475011,162658,347968,120062,239069,100511,216841,84216,205440,35072,103877,4204,24139,6,49,1,0,1,0
서울특별시,성동구,금호동4가,2023,9571,1538,28505,11054,59347,19383,158949,38442,208509,66694,140627,57923,118355,64419,114318,66245,124696,75321,127850,82352,122805,96721,127734,114874,139334,126570,151871,133155,162881,157746,122446,144368,89070,107626,76009,97087,71221,96371,35384,47145,6097,6337,24,21,0,0,0,0
서울특별시,성동구,도선동,2023,4247,9564,8946,25347,16565,22449,42496,46315,86143,88375,45367,54810,32140,38288,34638,38107,39922,40573,44814,42196,43145,40914,46693,43360,52940,48695,64965,60687,90476,65040,77230,42497,54951,29958,54276,25392,49392,23089,32788,13172,10844,2520,90,26,0,0,0,0
서울특별시,성동구,마장동,2023,15977,23975,71988,70185,136152,140422,315412,246229,403131,459716,272719,275163,208107,204908,205779,190427,225837,212370,223928,209484,223325,195849,241110,219440,277535,253318,305994,300477,316300,390087,216880,275208,154841,194858,137094,175491,107206,166457,45527,90178,6990,24801,29,229,0,0,0,0
서울특별시,성동구,사근동,2023,2565,620,35833,7038,54568,35843,137281,44975,207596,83682,126652,93500,93354,71982,85224,55329,95011,68523,96823,80891,89179,75780,96035,82528,114681,100808,114796,113439,87424,166906,57497,125659,43328,93532,33554,105861,30100,101379,13239,61913,1457,12457,0,45,0,0,0,0
서울특별시,성동구,상왕십리동,2023,3352,1962,13657,13785,21268,13779,46335,34476,61288,46299,38386,40059,30501,36665,28518,33939,31799,36591,32151,37278,31381,39611,30447,42609,32776,49571,35814,55230,41270,70236,34566,61056,24924,45571,21949,40791,20982,40026,9584,18934,1936,3408,513,1068,364,762,334,538
서울특별시,성동구,성수동1가,2023,19339,24722,114410,104849,211945,355247,487945,933843,746565,2443917,524338,1779608,394764,982094,444261,854411,545458,881453,651297,945654,772420,891964,964205,903106,1211037,921923,1760303,1000152,2594582,1172750,1443942,727521,1015522,409463,913904,344941,621052,316433,235578,181125,38165,57894,4141,6462,2895,4751,3098,3940
서울특별시,성동구,성수동2가,2023,33202,22840,168598,137401,242149,490504,512613,1035122,746742,3402975,586957,2073881,444682,1063110,465211,882557,560701,929493,676872,1005642,783098,970473,946828,969792,1174324,986542,1896110,1057932,3280249,1167158,1652238,743355,1193949,410975,1046616,340938,759103,297542,325619,213370,71734,98388,10844,20326,8636,9257,7845,8183
서울특별시,성동구,송정동,2023,9982,3466,26171,15658,46019,27405,89102,42284,118733,95389,81395,57375,58420,35197,52569,29966,52531,31377,57043,37035,54090,34687,52093,38342,56668,42053,81929,46068,103125,56333,50692,53843,31455,39340,25192,36026,18616,32115,9780,19718,1043,1518,8,8,0,0,0,0
서울특별시,성동구,옥수동,2023,5840,927,54411,25270,168949,111315,414534,231118,570463,386345,417929,273185,314025,221252,292526,235275,302732,259727,314915,283400,329123,306382,336032,345659,370514,393739,409011,487306,428744,602173,309194,458129,234727,317044,209573,285848,162238,270643,74830,141449,7831,28715,8,54,1,1,0,0
서울특별시,성동구,용답동,2023,5597,8517,74253,66033,98658,90127,213938,143594,319939,292813,184262,170498,133984,131383,132338,129550,138204,140133,143863,151801,141406,157994,157781,182728,184359,216443,224643,256107,289518,347826,187364,253514,125126,167827,112612,164189,99310,146790,63529,93414,24575,35027,5821,11441,4131,7315,1768,2546
서울특별시,성동구,응봉동,2023,5376,1878,36112,12592,89441,30563,226844,49609,262329,91413,173258,59155,126054,61217,111079,66800,104184,83232,103717,93352,96125,104902,110215,120456,116848,151227,104009,169639,92784,215968,63975,200123,46328,145430,35659,129000,28379,126677,12396,71213,2196,13621,2,8,0,0,0,0
서울특별시,성동구,하왕십리동,2023,14793,10637,113888,53531,247729,138680,663424,294577,1009532,618695,602829,387973,410062,293884,367347,278087,393702,321646,377839,341540,353457,359562,371499,425211,398359,503749,457722,645980,486287,911917,361035,651013,245600,441581,219031,412423,171533,390639,81382,231899,17826,69790,6341,10177,3862,5866,3365,4624
서울특별시,성동구,행당동,2023,69487,41838,339153,167762,602322,504220,1506186,1006348,2266936,2210635,1430065,1715772,1074191,1407291,1138126,1165755,1320209,1418664,1409678,1439977,1449275,1381488,1672584,1443131,1989174,1641312,2260894,2073928,2283611,2828934,1585083,1874109,1392203,1212479,1489078,1065508,1375189,985128,720167,577650,143861,215037,11902,15238,8143,6539,5248,4492
서울특별시,성동구,홍익동,2023,175,910,2830,5661,5268,11216,8967,29626,13789,48850,10532,29539,7626,21453,7185,18543,7332,18966,7852,19481,7387,18284,8369,19588,8659,21733,8808,25259,10522,25027,10142,14520,7353,9669,7862,8642,5355,7801,2546,2698,525,284,0,0,0,0,0,0
서울특별시,성북구,길음동,2023,88762,88893,258246,144952,673411,331989,1645899,657681,1713362,978542,1037504,722598,768700,612264,707738,629099,757997,671796,746072,739396,709949,757617,770772,851178,880454,1015120,935239,1211815,939072,1557108,630979,1250022,481525,836092,389383,768995,405174,768702,177971,449746,50987,149469,10496,21631,5530,7072,3933,6292
서울특별시,성북구,돈암동,2023,76528,41624,113810,68161,218483,115272,509329,297968,627023,394257,454972,249113,381260,220120,348967,229589,354153,276532,346608,306351,336361,317805,386464,393513,440859,474725,428217,508078,471939,576591,369087,482022,264644,371403,241527,347666,256518,346077,146874,215458,37759,76178,5980,15247,1483,5554,1273,4837
서울특별시,성북구,동선동1가,2023,29014,31137,38723,42971,51167,50560,104233,113503,188790,186210,137565,157434,127691,145751,141412,166502,169311,178777,180266,188199,193660,197467,222427,222089,250247,263853,274642,297417,303291,334063,261221,249537,245783,190607,269847,172978,273500,164707,173295,103647,99599,67645,32841,27462,11148,7348,8114,5713
서울특별시,성북구,동선동2가,2023,0,0,1730,2041,5389,2464,9642,5509,16409,15724,13414,10027,11479,9426,11329,15578,10899,12773,12891,12865,11797,14352,11239,13921,11637,16250,12702,24700,12590,28010,9376,19519,7866,12547,7625,11511,5652,11323,3394,9403,223,1685,0,0,0,0,0,0
서울특별시,성북구,동선동4가,2023,1457,1498,88261,29605,256146,107414,624831,246958,756516,604912,544035,435323,446393,366207,473051,440356,533405,430974,545057,468247,557579,495239,601439,506335,677738,600102,771836,750888,837171,989657,602707,755302,532216,489874,571206,445164,523533,405114,270402,270490,51218,85248,1572,1458,2163,3060,1276,1625
서울특별시,성북구,동선동5가,2023,203,177,1189,1461,1820,1714,6681,2611,8134,7976,6170,6460,5892,6153,6363,6523,7468,8736,8794,10525,8291,11519,8988,14290,9671,17768,10407,19063,11654,25672,11671,23544,9067,15341,9499,15292,11301,14594,3569,9073,958,3682,70,217,115,439,50,173
서울특별시,성북구,동소문동1가,2023,0,0,756,115,2501,749,17123,1609,14788,1882,7638,2039,9174,2190,12807,2607,17287,3083,19985,3325,24099,3740,29912,4539,37031,5469,44255,6382,59766,6506,61778,5632,46828,4038,45458,3684,48096,2868,32196,1578,5104,227,0,0,0,0,0,0
서울특별시,성북구,동소문동2가,2023,5866,4515,15660,11782,33376,23986,69741,41399,110211,62245,97559,66442,95370,67700,102806,75360,117259,89124,126365,97321,135581,112599,163779,150221,196406,174024,187335,185107,204370,223096,147817,164169,130374,137017,134241,140523,121578,135348,75316,86716,50676,41048,14114,8989,2519,4642,1728,2769
서울특별시,성북구,동소문동3가,2023,43,369,185,390,1496,2204,5428,4114,7483,7223,5415,7495,5380,7682,5900,8221,6185,9362,6797,10181,6896,11236,7756,14301,7940,16994,7737,16784,7701,18377,6272,12847,5938,10244,6675,9715,5481,9016,2144,6042,815,1977,2,15,0,11,0,0
서울특별시,성북구,동소문동4가,2023,49502,28332,63854,59071,71757,47029,143715,87399,193258,131511,147829,118350,114626,96988,106009,92201,111465,98008,105351,96832,97535,90551,94494,89472,104052,97136,100816,98441,95230,99143,71987,63306,60947,47732,55837,39716,50235,38194,22327,17369,4441,3471,1966,1660,1260,1063,836,750
서울특별시,성북구,동소문동5가,2023,0,0,6468,4099,10969,5702,37469,15703,46943,24612,38010,27258,32734,31545,28794,30202,34479,29830,42698,30174,38748,31464,41745,34348,45487,38132,50872,39730,55048,37400,47059,25369,42781,17134,43549,12529,35815,9957,23379,7879,717,817,0,0,0,0,0,0
서울특별시,성북구,동소문동6가,2023,3178,1685,4946,25127,7097,73294,17021,161557,23924,177054,15927,121745,15931,96134,15425,88800,15646,87143,14723,82047,13826,78180,13642,77942,13728,84422,13970,93550,13670,87317,10178,53496,8496,31761,10009,23067,9623,19502,4036,11109,1784,2623,274,135,664,515,205,164
서울특별시,성북구,동소문동7가,2023,4222,694,7343,8987,16623,19629,33065,37046,35656,40633,25458,27027,19102,22081,17381,20030,18285,21037,18050,20373,16481,20580,15684,20780,16447,23618,16386,25471,17047,26092,11604,17765,7792,11344,6919,8976,6114,9058,2572,4890,517,794,74,44,156,188,51,87
서울특별시,성북구,보문동1가,2023,3217,2503,51748,20074,109769,62347,320407,144155,507456,289297,274968,160628,184038,116820,164893,116922,179124,126361,180172,136766,167240,129158,176153,155759,216626,180113,228658,240071,286242,346870,160790,259503,119995,177079,112081,173542,99308,178452,59445,123278,15967,43086,886,3521,419,1413,552,1296
서울특별시,성북구,보문동2가,2023,5433,2049,16092,8974,27233,25790,48030,68070,83333,119457,70594,70480,53731,48451,49591,46518,54454,47986,55699,51260,53989,49709,55857,55537,65893,61219,63002,65830,68101,83488,44883,57002,34038,41369,29280,40327,24166,36580,11603,21275,3555,5816,806,478,413,371,343,316
서울특별시,성북구,보문동3가,2023,0,0,0,0,9,367,230,905,210,1794,57,1450,51,1886,60,2280,65,3167,81,3628,110,4174,156,5808,110,6475,84,7283,121,9987,60,9806,43,6691,32,6705,30,6387,15,4091,2,590,0,0,0,0,0,0
서울특별시,성북구,보문동4가,2023,934,1291,1453,3140,4633,3508,12509,5545,17990,10627,12782,9478,10095,8300,9556,8792,10459,9797,10180,10065,9542,10659,9692,12643,9942,14551,11369,17751,11770,21077,8474,16958,6882,13668,6230,13266,4759,13175,3266,8523,2218,4813,477,2357,273,1206,273,1479
서울특별시,성북구,보문동5가,2023,4231,1963,7541,2084,12612,4843,26685,8717,36297,18508,25477,15281,21448,9507,18495,8193,17702,10278,19347,10149,17388,10318,15815,11620,15089,12955,16094,14566,16155,16311,12028,13165,10443,10073,7739,11058,5825,10805,3931,5462,985,1578,299,426,267,330,395,219
서울특별시,성북구,보문동7가,2023,3316,4592,7962,10300,14545,10102,34570,16230,46880,34075,36929,29196,26316,19587,25510,18789,27031,21299,27075,22317,27453,24333,26988,27239,29924,30582,33682,34857,40849,40441,23918,34156,17284,27365,15884,26787,13318,25658,6133,13837,2625,6561,1028,3114,752,1831,930,1593
서울특별시,성북구,삼선동1가,2023,442,16,79061,14619,155871,97340,370804,222442,445796,385240,326721,323190,254241,273301,252494,265295,289661,277845,295761,289706,290634,283760,318591,305950,411071,350410,417666,416304,403049,484047,249406,393328,217986,272581,192218,250445,143773,240057,64261,151247,9048,67135,65,20079,2,296,0,0
서울특별시,성북구,삼선동2가,2023,0,0,532,553,3161,11057,12692,43515,16833,84227,10693,64325,12999,69005,21773,72225,25031,70308,26787,85087,32211,78900,36233,69686,46271,75493,37047,77180,28835,74446,27700,66939,27019,49023,16680,44412,11747,42909,4146,28496,69,2762,0,0,0,0,0,0
서울특별시,성북구,삼선동3가,2023,0,0,1979,547,10189,3627,25113,7238,28237,11669,18519,9151,14689,10144,11421,11025,10410,12503,11080,13351,10287,13577,9090,18379,10918,21915,10121,19399,8683,20392,5249,18519,3492,14072,2628,12504,1623,11969,783,7145,11,584,0,0,0,0,0,0
서울특별시,성북구,삼선동4가,2023,9031,8451,24449,21618,38975,34957,92873,72362,129833,106848,103518,100620,97837,91201,99479,90881,112874,102080,118498,104895,119222,105859,135227,125299,149451,142366,147671,144205,157471,151914,124395,110220,106368,82694,104792,76852,96633,70343,52636,43229,11831,14353,2207,4223,1202,2133,823,1978
서울특별시,성북구,삼선동5가,2023,7460,4095,18238,17479,34134,24587,81612,77846,127444,123999,91794,77659,76907,62793,78073,67334,83464,74818,88073,77095,90432,76998,98774,88450,104582,100453,99550,109934,126293,127417,76019,87480,65267,65555,62137,63583,52153,59733,30971,36099,7972,12235,2170,4033,866,2199,695,1887
서울특별시,성북구,상월곡동,2023,9446,1998,72623,11993,123280,36316,318285,68017,385397,211643,215232,131253,151420,130217,142538,110169,146011,107544,146112,117714,139385,112166,136430,138087,162289,164379,154132,200025,164242,282642,112773,247989,65991,151239,78045,144323,48736,138055,25674,92690,4405,29276,421,794,291,418,262,289
서울특별시,성북구,석관동,2023,54692,17396,253163,104252,516682,203696,1283814,329691,1470656,616516,816435,460406,607013,407161,548553,401906,595899,449318,596746,472602,560108,480569,555711,585716,613850,721821,651214,883139,669550,1271303,537361,1077809,363999,645905,330560,569315,285254,547100,168597,340158,41028,122643,6000,14343,2937,8131,4123,7356
서울특별시,성북구,성북동,2023,2613,89,13041,15725,33046,57817,75490,147260,93933,187452,75511,135293,66351,106865,66083,102052,82577,98550,84217,96848,83073,87948,104937,92750,116351,101404,100655,107973,82674,113337,45144,86457,46298,65002,34652,60138,20351,54879,9171,36494,578,1849,0,0,0,0,0,0
서울특별시,성북구,성북동1가,2023,434,455,7155,9384,35279,26198,76342,60260,105094,75959,84694,61068,77750,53481,77899,54634,74736,62245,81251,62070,77246,59075,78787,66203,84082,78584,85602,75615,87188,66584,72192,38546,59130,34383,57753,26672,50920,18720,34312,9817,4535,752,0,0,0,0,0,0
서울특별시,성북구,안암동1가,2023,0,0,2634,740,5875,1182,11536,5279,16799,6915,12313,4892,10788,5442,8734,5725,8606,6409,10507,6718,9028,6884,9504,7961,10861,9658,10192,11861,8671,13637,5905,11633,4805,9609,4454,9670,3107,8761,2169,6520,72,404,0,0,0,0,0,0
서울특별시,성북구,안암동2가,2023,611,2253,3268,4893,6388,7065,16260,24970,26198,35891,21237,20947,19810,16872,16402,14470,16626,14124,17081,17513,15109,17516,19185,18627,29612,19022,16319,21451,16327,23543,10987,18248,8247,15227,7669,15550,6290,14976,4097,11009,981,1423,7,18,0,3,0,0
서울특별시,성북구,안암동4가,2023,2109,3918,5517,8313,10990,5617,20395,10424,26766,15705,18677,11222,13419,8480,12124,7446,12348,7659,10843,7973,10731,6899,10313,6923,9966,7585,11164,8903,12744,9157,8988,6600,4821,4847,3597,4273,2800,3727,1833,2112,474,274,229,262,134,82,171,140
서울특별시,성북구,안암동5가,2023,11141,22119,51160,88734,71928,165975,187408,366413,259303,844390,244278,669904,268555,641958,330472,406427,347234,389422,376584,493511,412505,384823,511622,346458,665090,350765,791246,379096,645034,461395,389154,329406,344536,238592,366157,245302,339908,246820,233438,153406,45861,52608,1816,2150,617,201,1063,165
서울특별시,성북구,장위동,2023,84636,27635,146625,72123,327395,175730,733023,392495,787660,597763,509680,311021,405116,274148,380502,292637,390333,327230,398704,345770,376472,362443,398935,455984,429991,529827,443321,555358,466563,676941,412279,669394,252389,469671,212346,411121,168036,397815,91500,251845,30692,101227,5292,14799,2624,5059,2228,2606
서울특별시,성북구,정릉동,2023,125003,34981,327835,119473,663822,281698,1589232,636045,1842145,1227404,1334424,962969,1108502,937295,1063605,878971,1098829,904180,1133462,977257,1105294,993670,1147650,1118983,1353024,1264398,1379974,1375851,1215630,1607361,832128,1436961,636712,1054813,560661,985704,489809,967130,241928,619145,62611,208461,5181,27408,3054,7982,2552,3968
서울특별시,성북구,종암동,2023,65050,43977,194125,103194,340702,189290,774691,399998,939331,788403,623255,465624,487776,416308,469965,367908,513645,394426,536463,460381,492153,439312,567660,506794,654278,596512,686837,645747,683471,837712,452411,703568,338901,495201,325304,466474,277981,461361,144926,294947,36508,94937,3747,8185,1794,4585,1624,1992
서울특별시,성북구,하월곡동,2023,32360,34351,166741,97426,320799,210210,823715,440150,1055487,905320,656515,607090,529278,537990,537548,504722,573642,539022,597385,573599,604353,577105,640989,664669,750645,769008,776594,851860,923623,1087334,632058,869416,494874,567709,405428,519488,337534,492218,163830,300044,49578,106962,5604,14906,1955,6278,1428,3698
서울특별시,송파구,가락동,2023,74231,58352,292692,191282,687068,546316,1686267,1129510,2002105,2362419,1363694,1257054,1120988,900195,1071009,848875,1096075,928440,1105918,997217,1103719,1001378,1268173,1119893,1395343,1313580,1658079,1579572,2079361,1997038,1070952,1529066,858144,1053018,788603,976108,666748,913324,323966,536549,99444,194437,22517,32712,10910,9076,8573,6358
서울특별시,송파구,거여동,2023,25414,4411,134385,33091,349115,143605,944222,368789,916829,529920,531542,304535,387427,233095,340790,232546,364391,258652,352648,308582,319213,309651,357909,390676,422524,508645,448046,583332,488977,823365,346087,723952,225587,435406,205608,400303,171152,417775,74217,234498,27321,89198,3284,5030,4398,4051,3254,3350
서울특별시,송파구,마천동,2023,47731,2928,179185,25001,332744,94565,872140,209282,815653,327323,466813,231102,339922,214694,307840,208779,334600,230439,313581,260635,290693,262990,290021,377916,315618,428333,322635,454420,321067,597351,192327,524339,144757,328601,115138,334787,84730,330763,42666,199693,9893,80657,9,161,0,5,0,0
서울특별시,송파구,문정동,2023,38021,34765,100316,95986,300891,347311,747846,1065635,939563,2779033,594399,1377624,471997,643732,485267,504124,550413,509825,592658,559762,644280,539063,733491,582130,880757,677755,1616132,793229,2258584,1025737,971350,777321,721873,522104,646741,496349,515843,470157,227615,282930,69032,123698,19199,37798,6659,10314,4115,5767
서울특별시,송파구,방이동,2023,20419,14329,217455,159526,602233,522732,1423301,914256,1796542,1860597,1182416,1188770,866176,906690,830260,903443,931179,993224,965314,1068216,953683,1073392,1081470,1188777,1318987,1381136,1459942,1666334,1743246,1942453,1053513,1478023,1018112,912033,1197543,830396,1004379,768555,358368,468751,85260,156737,11741,8046,7595,5349,4087,2403
서울특별시,송파구,삼전동,2023,9462,3961,77723,25707,173679,67452,435359,125261,689641,310629,435694,228480,264731,161632,238959,159545,255975,187546,248961,210402,230647,217491,240816,256860,277656,312213,299357,368768,369298,547547,206411,453590,161359,319483,145920,304197,126491,288599,57562,168707,15253,48394,1102,1174,3,3,0,0
서울특별시,송파구,석촌동,2023,14030,13817,105939,67100,274180,151209,620472,275850,880835,473206,592088,396585,379165,304944,339868,296796,388883,338171,393430,359753,385715,366832,416462,397612,499874,477837,533494,582148,601525,804072,437103,636679,375684,437911,395217,415389,362848,409598,184666,229498,57342,89320,10072,20703,2152,7446,1567,4159
서울특별시,송파구,송파동,2023,24688,11402,85645,59271,186440,146495,471273,330908,658054,599934,416181,518494,311339,392731,296506,398874,335423,425278,345991,450495,340310,432452,377384,467317,439798,545302,481542,665540,546177,852532,362518,603451,318817,403193,340018,359181,295898,336606,139704,204456,38804,69607,5286,7221,3492,4391,2380,2434
서울특별시,송파구,신천동,2023,17477,20585,292712,280459,914517,990190,2208587,2223138,3011969,4509764,2200883,3599425,1638606,2618350,1713408,2588681,1917111,2588318,2114569,2644521,2378164,2554654,2858071,2710105,3431547,2970790,4191469,3591679,5032375,4434994,3453841,2854645,3319348,1846509,3094905,1668509,2282543,1542614,846397,844320,197416,199671,20531,14162,9159,6882,7553,5563
서울특별시,송파구,오금동,2023,25596,6869,150849,54948,346028,187502,918112,429244,1036504,745315,625892,398966,455567,302324,408709,289565,434741,328496,431427,358252,388653,364540,412653,425082,512059,526507,557310,628799,605870,815976,323746,661219,238652,431815,220612,383460,178022,417894,68186,229168,15346,81843,1457,1326,1470,576,1173,672
서울특별시,송파구,잠실동,2023,71700,64947,315736,315382,824863,1118430,2091683,2160994,2901930,3223162,2004916,2536239,1426868,1866204,1401712,1821083,1578950,2002551,1686285,2124026,1724409,1947448,2045697,2144639,2533726,2518499,3082649,3069311,3618599,3682812,2904518,2394042,2534824,1533798,2855355,1410254,2555202,1354780,1208444,732386,253892,225670,32553,37616,16520,17763,12348,12282
서울특별시,송파구,장지동,2023,65955,26951,207110,120576,576716,454377,1441731,1018153,1725782,1508692,1034534,940229,704370,662725,619338,618545,689822,689080,691163,676733,679026,683528,802922,803466,1016592,960469,1281449,1152232,1404351,1552162,865995,1151032,666593,739124,558341,652059,417888,634474,151456,340008,44978,122230,39814,37988,15896,15406,17199,16091
서울특별시,송파구,풍납동,2023,36026,13899,332495,181884,525229,537875,1207045,762774,1525257,1299218,977036,1048885,737883,795549,751000,754413,822048,803296,852965,916153,866429,891901,1033865,974902,1187451,1071295,1357355,1303224,1362289,1735414,899116,1213663,770854,758580,608739,704664,453761,591678,260071,356846,40728,99404,5559,4710,2391,469,4190,727
서울특별시,양천구,목동,2023,102784,68244,533380,330947,1306068,774902,3539618,1906598,4037763,3101678,2439987,2397902,1869394,1736342,1835226,1696591,2009557,1852517,2037163,2078420,1982098,2025068,2151008,2246636,2505679,2691552,2808499,3188773,3195011,4297280,2079305,3193088,1792205,2021871,1650433,1849696,1663965,1784661,638765,1005839,141365,291509,25152,21896,15299,11011,10001,6616
서울특별시,양천구,신월동,2023,189945,42947,390901,136785,760031,320563,1612043,625440,1550844,913094,1036116,549779,793008,500783,724558,505138,781418,583530,763232,633154,683119,644074,764516,803973,887956,960195,847339,1027642,914740,1307023,653795,1280002,462877,873871,389480,794615,312795,764542,156749,454235,55015,177143,5404,17850,3672,9077,2035,5250
서울특별시,양천구,신정동,2023,128730,56366,611738,277074,1334652,633404,3372410,1636964,3414853,2166412,2101479,1381441,1546894,1076106,1448469,1071638,1544244,1222929,1525707,1351131,1405863,1364466,1547384,1657457,1869265,2024611,1819814,2282381,1992884,3015545,1357696,2482327,1009474,1635969,941852,1516545,909501,1456624,393285,860516,108571,281253,24358,38694,20263,25847,10234,15854
서울특별시,영등포구,당산동,2023,1978,3725,4269,15109,16226,24799,55560,63001,82360,123088,45168,56569,33206,35873,33057,33393,36862,38281,39284,44789,40496,44175,50623,49916,54715,55319,90722,71154,98225,96419,48529,73942,35369,55310,28354,49849,24785,48699,12414,26887,3704,7721,1318,3411,1108,1617,705,1447
서울특별시,영등포구,당산동1가,2023,7650,8831,14255,28997,20948,27554,50241,60842,69645,161995,49595,103532,36539,61017,36094,53871,39579,56990,41559,62204,44006,60706,46856,61650,59328,61927,82823,70897,121335,86036,56046,55805,44071,42700,39328,41515,32271,39595,18436,20850,6157,4153,2363,1474,1256,1136,1302,793
서울특별시,영등포구,당산동2가,2023,5668,7393,9564,14213,11369,15806,33944,40496,50328,102847,35819,65811,31279,37069,34068,32134,36059,35348,37150,35525,42185,35847,48102,37165,47997,41597,62095,44912,87568,54784,43200,37657,31610,29690,31522,28088,27483,27807,13518,13386,3771,4938,979,1118,639,803,434,534
서울특별시,영등포구,당산동3가,2023,387,20,86847,66790,200161,217703,597385,587517,787392,1848179,476590,810020,372090,425153,394292,386865,430060,399326,451381,436916,477983,415476,507233,430751,603667,484045,891635,609321,1594518,894394,603491,577736,450796,360986,433135,332526,331032,306036,166330,196093,28062,64725,115,2763,5,77,0,0
서울특별시,영등포구,당산동4가,2023,219,0,4854,9040,12110,12899,35336,22352,45225,53991,30934,33796,25777,21768,26198,19672,27211,19790,29428,21272,31070,21616,32021,23805,36173,25326,43794,29128,57724,39474,29361,29100,20454,19339,17807,16602,13265,15355,5523,9650,960,1110,5,9,0,0,0,0
서울특별시,영등포구,당산동5가,2023,6729,9718,126731,89947,270772,220983,776830,466068,977852,918484,584087,544782,431412,389691,416223,400377,453366,421017,439318,445085,417035,434118,429685,487177,473991,559722,620493,802641,817405,1082897,483127,820679,388764,547884,374346,523242,325990,502696,162463,313239,30886,83188,5010,15879,2371,3283,1734,1419
서울특별시,영등포구,당산동6가,2023,2853,3170,112410,134525,296705,339917,724168,720515,974760,1369653,621588,759993,441753,458755,440012,429968,485884,465245,504714,474337,500257,453537,573373,499690,703918,603029,1010461,827196,1357973,1154515,895527,780301,703692,533697,725219,512750,687263,473456,421769,297062,96690,79683,22090,14175,8736,6112,3547,5347
서울특별시,영등포구,대림동,2023,63344,45845,270029,89387,303526,200726,640977,413286,847693,804465,633018,569549,530711,563401,532902,569479,556774,519458,564027,551918,582993,534425,629893,589737,658858,647970,796164,792992,734968,868623,498747,631230,382359,463832,352225,484710,312738,426705,138858,209623,32224,54207,4405,6106,2078,5725,2092,4544
서울특별시,영등포구,도림동,2023,6011,4168,18856,6369,77408,29784,219017,58566,259027,107892,175389,78249,113496,67465,98762,69420,97982,80490,94005,88541,85660,96023,83443,120882,92744,138233,101895,167401,94491,218591,64149,186806,49429,137923,44918,141060,34135,133817,15561,77605,3493,14366,14,43,0,3,0,0
서울특별시,영등포구,문래동1가,2023,14832,40671,21073,51482,18229,45130,53754,121959,76996,283804,50555,152067,34248,78636,32249,63293,34818,62838,42713,67160,43597,60518,45101,55114,54040,56851,92058,68159,142721,73610,49230,39240,32763,25837,30311,20127,23353,16351,10258,9807,4950,6300,2255,2179,1348,1156,1209,1863
서울특별시,영등포구,문래동2가,2023,1380,1508,1559,4617,3475,8958,7877,14700,12862,23826,7553,20096,7533,18026,8169,21998,11799,24977,15028,27459,17297,30462,23102,38115,28439,45198,39493,59435,47611,83976,30310,44866,32780,32660,36621,28098,36171,22497,20372,11839,8397,4575,1763,2000,480,1559,201,949
서울특별시,영등포구,문래동3가,2023,4975,4979,60799,44017,190732,205384,584371,679731,716491,1978055,423674,963554,307133,421475,308671,365596,366029,403486,389277,426747,407456,397888,469027,428269,563183,497029,920692,625935,1603183,896491,661701,601147,467710,343917,485081,302413,388287,264380,192332,155893,43306,49456,2612,3647,1395,1685,924,916
서울특별시,영등포구,문래동4가,2023,82,11,161,69,247,132,1285,570,816,479,221,172,270,135,375,152,540,98,635,156,712,149,643,268,691,231,1344,418,1794,654,970,269,998,203,744,131,853,129,76,9,0,0,0,0,0,0,0,0
서울특별시,영등포구,문래동5가,2023,1476,62,2758,143,7517,1672,24105,7512,25438,25853,10878,17384,6996,5754,5946,3933,6100,4307,6449,4515,7376,4339,7469,5025,7891,6727,13237,8104,23758,12272,9206,10140,3901,7056,2680,6665,1780,6404,76,5076,15,2218,1,157,0,0,2,0
서울특별시,영등포구,문래동6가,2023,3643,14,10977,159,40315,4327,126440,18220,116852,44189,61380,28745,39163,14559,34776,14331,37451,18467,35564,20223,32639,21698,34287,27810,39041,37236,46333,48606,59183,70670,24459,65921,14363,46109,11337,44268,6544,42089,839,27119,51,10477,3,778,0,1,0,0
서울특별시,영등포구,신길동,2023,141747,77580,762291,342694,1140345,654234,2840600,1673447,3774266,2676518,2296209,1488478,1574381,1113145,1452320,1118397,1555657,1248260,1501042,1341002,1430717,1371051,1560270,1627397,1780773,1922734,2043039,2455564,2428534,3334375,1297431,2420922,980666,1694925,905010,1676428,719609,1553504,315153,876845,68368,228543,4023,13396,2715,3820,2220,3503
서울특별시,영등포구,양평동,2023,0,0,1,0,0,0,1,0,0,0,1,0,2,0,0,0,0,0,2,0,0,0,0,0,1,0,0,0,0,0,0,0,7,0,0,0,0,0,0,0,0,0,0,0,0,0,0,0
서울특별시,영등포구,양평동1가,2023,3755,5978,7635,11524,19615,18962,68283,49148,89596,110493,48984,65109,35571,36664,32941,30705,35807,33209,38379,35637,38746,33003,42001,36643,48725,42293,58879,51822,95910,67840,40857,49830,28708,38144,26639,34893,20804,31982,9385,14926,2394,3601,760,763,493,585,520,403
서울특별시,영등포구,양평동2가,2023,4515,4684,38254,17421,108903,60677,358782,148306,428327,512762,205249,210006,135098,98671,129375,93403,140623,101801,139568,111517,129074,109050,145114,122751,176293,149449,251222,203258,429163,335486,142744,240100,99746,167297,82377,155519,59745,149151,29286,83807,5816,25665,874,1333,530,817,506,940
서울특별시,영등포구,양평동3가,2023,0,0,2501,3783,16817,9017,46856,25037,52571,56215,34151,29067,32275,25381,35923,24151,38601,27194,39224,28285,40113,28961,42397,30840,49855,33398,55594,34998,62726,45673,35268,40619,22936,28856,19290,25684,12226,24587,5739,13118,1139,1952,0,0,0,0,0,0
서울특별시,영등포구,양평동4가,2023,1540,4225,5868,21043,14292,33562,36443,76507,42227,161882,32274,75271,29711,36647,33487,33700,39303,37793,41374,38626,45678,36259,55545,40874,61329,44456,89893,54063,135332,66246,70741,51984,47830,37334,46324,37695,38264,36209,20283,21894,11344,10110,2456,2557,362,200,0,0
서울특별시,영등포구,양평동5가,2023,1844,3460,31726,27618,90502,81819,295602,272955,371695,670949,189446,323937,141403,141123,144428,129169,158374,134555,154687,138082,153696,139876,174706,148486,215033,172610,403674,223970,556687,325699,224711,248597,135574,152917,113306,149638,87090,144551,38794,86034,7533,26258,882,1208,472,306,0,0
서울특별시,영등포구,양평동6가,2023,0,0,309,227,1643,503,7063,1375,9489,4473,3702,1461,2139,1694,1753,2173,1968,2478,1775,2701,1557,3570,1800,5031,2222,5337,2396,5850,2516,7415,1223,9580,866,5925,602,5945,397,5755,43,2942,0,0,0,0,0,0,0,0
서울특별시,영등포구,양화동,2023,3326,5330,34685,31533,47731,42805,108887,80924,170078,149859,106660,85344,72583,57407,67361,56111,73541,61077,73924,66685,67651,61366,73588,72111,90088,87539,113507,105898,134096,126668,84282,93895,65702,71612,65102,73265,65088,74350,34300,40406,9803,12373,482,2392,226,1212,218,1309
서울특별시,영등포구,여의도동,2023,30328,120905,305700,694419,448530,1806711,1065109,6894823,1678867,11495126,1182814,5458421,1136034,2727366,1531779,2453902,1701176,2414890,1982787,2605408,2485180,2320364,3042446,2201294,3968281,2277690,8077667,2591307,9580088,2920903,4491102,1678226,3943982,1049552,3331758,866318,2238789,697742,909468,395460,165300,125710,20237,16374,7667,6797,3088,8762
서울특별시,영등포구,영등포동,2023,51960,4690,203218,89944,234435,307084,554468,749171,781283,1594282,556072,1171089,517012,943664,590169,1029121,703283,1109273,755721,1177475,787915,1001436,1085980,1003733,1292471,1031360,1519736,1178452,1993195,1424523,1208380,902967,1220493,521511,958198,421124,783646,344242,301128,200408,8217,41865,25,224,1,2,0,0
서울특별시,영등포구,영등포동1가,2023,1595,4812,27072,13237,57592,29685,207142,68621,311080,178103,145239,84293,94630,45557,77135,49857,82600,52214,76321,58937,68689,59194,76037,71676,88808,92528,119280,145500,172789,248642,74755,153109,55797,121376,57558,120776,47042,116053,26980,75851,6722,22843,3198,1998,2027,613,1264,244
서울특별시,영등포구,영등포동2가,2023,7408,9422,6694,18949,15212,27137,40423,46673,66484,93037,36718,61185,24593,48939,24727,45893,26312,51356,27516,57136,29179,51957,34445,52622,42544,55219,66512,72520,111044,91379,51959,62294,36061,45317,37137,42306,32553,36412,19621,19308,8909,7650,355,293,179,322,114,313
서울특별시,영등포구,영등포동3가,2023,19120,13135,81974,84650,83145,80265,209298,145229,486206,274615,246183,252780,170153,257011,196852,287365,254285,302680,297806,315297,337422,329775,438860,343030,515060,368758,575875,550653,697196,677577,515879,366358,490412,264277,451818,204913,402490,154446,245953,72687,95718,30609,29266,15885,16019,9611,11447,7856
서울특별시,영등포구,영등포동4가,2023,33844,64878,36518,77347,62807,103801,209029,197504,326584,320668,193796,304728,122593,289758,131533,312169,172720,325201,187564,330378,205996,306539,259053,298738,293545,301862,335097,337714,393200,419096,292356,219020,273179,132923,239632,102412,181902,82084,79977,46209,26574,26777,15387,15541,13646,10300,10334,7643
서울특별시,영등포구,영등포동5가,2023,421,138,11570,16052,21099,25982,41027,42806,53296,79315,43684,69334,39847,55365,44981,51378,50862,58831,56066,71702,61355,62296,79604,55690,100367,55114,111264,53296,119680,60572,78394,43676,62578,31079,59963,29765,53692,25629,33647,13614,13231,7040,3689,1323,1770,358,480,424
서울특별시,영등포구,영등포동6가,2023,1375,6047,16563,29068,24152,43171,47030,80063,84443,151878,64661,119593,53931,92215,57085,86670,68704,93569,71982,100848,80102,88884,94884,84579,109418,85922,121416,99241,120993,111844,90202,77844,75372,55054,71409,50857,60011,46495,29370,27924,9048,9187,3745,6480,2552,2549,1334,1665
서울특별시,영등포구,영등포동7가,2023,2112,7258,43764,27530,99273,82801,362063,215638,527139,577790,264008,333104,176484,242198,182633,234258,218379,278890,219286,321485,227397,268247,280556,237596,345217,248584,435395,309320,589214,493398,257657,318340,188488,209193,170156,200055,124577,187227,53984,120357,9489,30861,1236,2690,538,1115,442,824
서울특별시,영등포구,영등포동8가,2023,3698,5048,10832,13856,36710,23284,127446,59926,183689,124911,98609,68548,65957,45896,60483,43106,68005,47550,66273,52885,63782,48752,67546,57260,72415,64995,97474,87989,114524,127136,65521,96003,55605,72394,51314,67455,37560,66171,18577,39701,5059,13121,1513,3800,476,1352,357,994
서울특별시,용산구,갈월동,2023,8990,5130,82228,50085,204522,253461,499226,713851,773967,1446007,536456,858723,441582,583487,458295,525258,537126,492760,544719,521968,562880,495979,672878,519384,877317,608458,1066932,784766,1341972,1020930,700145,649341,603038,434333,615070,399325,522992,359497,257830,211214,33325,44214,3913,4071,2529,2266,2255,1747
서울특별시,용산구,남영동,2023,6268,7466,24464,34493,52070,51749,135162,123711,178697,158046,116577,124401,95767,101406,98093,98460,105352,94720,107634,97165,103924,94838,108143,94865,119819,104386,128192,121931,139440,145881,109362,100010,93961,76713,98010,73736,92330,69066,53366,32957,14250,13542,3669,3609,2296,2240,1972,2016
서울특별시,용산구,도원동,2023,0,0,3382,708,11330,1604,30116,2905,28122,4839,18966,5756,14328,6654,13630,9606,12098,11768,11522,13409,9886,14949,9907,19348,9809,25115,10318,28494,9329,36673,7583,32064,5184,22798,3477,22629,2905,21703,1252,11341,1,10,0,6,0,0,0,0
서울특별시,용산구,동빙고동,2023,1708,346,8809,3703,24573,12706,63652,25482,79049,37568,60613,30887,48617,27263,43180,31050,45122,35140,41766,36092,38784,38256,41907,46435,51592,53131,47697,56864,39489,67078,28712,61639,25188,52490,23531,49012,16377,48042,8581,25943,2545,7171,205,653,179,550,212,333
서울특별시,용산구,동자동,2023,13975,11732,123411,83194,175404,423064,406535,828651,549963,1552962,476807,1133307,440375,689314,504080,682074,580846,759372,608311,744495,525616,665794,657027,733347,759416,782215,1123336,898805,1353455,923730,742582,726342,537408,521391,528950,480608,414572,398632,222738,202090,25012,82374,3110,7847,1359,3097,1221,2243
서울특별시,용산구,문배동,2023,1558,1474,7111,1929,19116,4656,46024,9937,57579,20691,40510,16282,30006,10717,27363,11012,29860,13128,30045,14220,28913,14717,30475,15533,30800,19650,36939,21169,38223,29967,24164,23357,18657,16454,15750,15590,11814,16362,4474,6494,698,953,803,849,470,573,290,421
서울특별시,용산구,보광동,2023,9249,3097,36516,10082,70037,27504,153392,63069,215349,121314,175539,94023,141813,80593,128856,81476,132407,92439,125792,97779,120873,106298,137097,131124,153434,148497,139065,156939,123293,181327,86317,166963,66553,127287,55082,122724,42651,122291,17407,54096,5707,19198,349,1330,1,2,0,0
서울특별시,용산구,산천동,2023,0,0,2602,115,10527,1039,24364,5941,26632,10289,15971,5648,13583,4780,12855,5131,12248,6440,10981,7104,11445,7413,12225,9091,14731,10336,15580,12632,17179,16971,7675,15288,4714,11511,4021,10725,2516,11299,677,7317,9,429,0,0,0,0,0,0
서울특별시,용산구,서계동,2023,5568,1901,17526,7201,38548,20615,81974,59950,98363,68921,76944,44675,60195,40568,56696,42071,56587,48485,51629,51882,47478,57332,53054,67447,58040,77479,50129,83726,51251,105233,36028,84353,28225,67041,25637,67286,24998,65660,8680,29203,1950,5989,916,1468,548,1223,865,1262
서울특별시,용산구,서빙고동,2023,3911,2986,26984,34166,67457,91042,116986,114657,154272,216618,120912,116685,105679,100226,96077,93703,106024,91245,117020,115868,113605,112284,131571,132635,174953,144464,203342,129979,177171,155637,97473,133752,77993,86479,76969,79821,49574,69973,18857,37810,3490,8281,288,590,214,411,451,331
서울특별시,용산구,신계동,2023,0,0,214,378,1713,2802,4836,3636,5656,14754,3307,9294,2430,5700,2534,4300,2723,4049,3134,5621,2760,5631,2523,5690,2818,5874,2783,6554,4097,8135,2267,6932,1267,4457,1556,3928,1521,3584,787,1985,43,238,2,0,0,0,0,0
서울특별시,용산구,신창동,2023,0,0,4016,190,8791,2054,22277,6922,21661,8516,14515,4629,10826,4683,8979,5073,8545,6434,7724,7685,8036,8079,7813,10105,10155,12380,9749,13577,6924,17779,4071,18289,2295,13103,2267,13582,1295,12925,473,8308,9,1493,0,2,0,0,0,0
서울특별시,용산구,용문동,2023,31,2,14411,6754,37385,37225,91523,100493,140562,259060,100216,144580,73082,76891,73552,68590,83561,69626,86789,73769,88340,73520,99065,81007,120421,92459,145794,106602,226638,141560,102850,108146,73372,71493,62700,71109,51223,63737,22060,41843,988,4262,3,3,0,0,0,0
서울특별시,용산구,용산동1가,2023,1323,2497,970,6582,1740,13585,4380,35783,5524,33872,4886,22784,4630,16507,5919,16659,6795,19737,7077,19975,7674,20902,9324,22914,10209,24966,10553,26966,8539,31120,6954,28137,5755,22319,5754,21509,4759,19346,2662,10526,1492,2180,1281,1419,646,914,586,1229
서울특별시,용산구,용산동2가,2023,9736,3377,32836,10230,84605,37940,186578,118870,277985,134008,201247,110495,143587,102114,130259,108392,142276,129066,146100,140847,144314,146718,161464,176284,191582,208084,179026,229558,178862,261569,149857,226201,122374,170117,120552,154204,99027,136914,42993,71051,9020,15067,3687,4309,2097,1827,2287,1704
서울특별시,용산구,용산동3가,2023,4784,2754,10677,3718,11962,6281,23947,7011,33593,10298,27684,7792,23032,7534,23058,8152,25178,9533,27991,9605,28262,9223,29484,9391,34019,9882,38351,9941,44128,10560,29225,7851,25869,6626,26559,6359,24167,6835,14789,3701,8319,3179,3316,2423,2444,2309,1214,1438
서울특별시,용산구,용산동4가,2023,10392,6864,25711,21057,36860,69419,82595,126374,125039,241047,105590,134783,81691,111226,83737,109433,97134,125237,108740,137490,111705,129149,133028,143845,172139,152163,203738,181106,259271,210717,168785,149000,148745,96231,156841,83083,137322,75696,70845,41904,10892,13645,2097,2562,2425,2351,1759,1440
서울특별시,용산구,용산동5가,2023,902,143,29781,22074,105776,118891,269957,220595,341650,443231,253482,365033,209563,337449,232609,300328,301653,309191,305312,351284,325481,327400,390121,324158,483170,309783,537665,317774,499795,387785,222464,265390,187840,173071,174242,156066,97707,148748,37141,84274,5574,25900,14,369,0,0,0,0
서울특별시,용산구,용산동6가,2023,437,140,3044,5024,8063,12654,14534,14507,25378,25223,15400,25589,32703,29661,26895,28196,43713,27841,43524,34737,40967,33899,54069,34784,53690,31698,59324,22632,49809,24105,27342,21510,26705,11969,27616,9721,13832,9500,4095,3960,967,885,1,5,0,0,0,0
서울특별시,용산구,원효로1가,2023,1551,2145,11963,13518,30601,20977,104639,60866,157577,99493,106175,72912,77340,53650,74014,51434,76209,58176,79365,65976,76748,68354,88968,78902,97709,89481,106120,103819,123367,135306,74918,109265,56264,79465,53112,74568,41680,68293,21827,39083,3318,7592,465,1299,303,1067,215,809
서울특별시,용산구,원효로2가,2023,2536,1659,10215,11423,21934,22051,55911,40554,92679,93344,54441,71973,42044,49193,42186,46954,45135,51194,47691,55144,48830,56259,50619,63388,54247,71378,62267,82330,102446,106007,51846,71989,33356,50152,32254,45736,26516,40676,12990,19290,2753,3461,257,708,88,368,112,234
서울특별시,용산구,원효로3가,2023,3237,1263,12585,6105,18395,14982,48087,37615,66661,92938,42578,48439,32656,26315,32032,24356,33043,25050,35233,27647,33449,29835,39678,32983,47581,37051,58636,41912,85276,55896,38016,41081,25097,30914,20701,29158,16627,28319,7719,17408,1437,3626,20,64,0,0,0,0
서울특별시,용산구,원효로4가,2023,0,0,8603,4490,27004,9303,78418,26467,94086,53045,55863,29892,42634,17797,40418,20620,39275,24490,38927,26910,38308,29840,42161,35183,50639,42756,65137,51901,70376,68394,33496,57989,22112,43403,20544,42732,15506,45763,7462,19150,1504,2480,29,71,0,0,0,0
서울특별시,용산구,이촌동,2023,3178,3644,32762,39075,85934,60609,204517,111956,239273,184214,187172,142917,170087,128413,163839,126896,170755,140958,178391,160141,180936,168641,206401,194075,237896,217111,243408,227631,231455,241018,183473,198670,161927,145454,151862,129282,115608,119530,52793,57968,11671,10269,643,990,424,455,190,285
서울특별시,용산구,이태원동,2023,31202,9544,151646,45918,169217,175009,251996,289886,384726,583261,328684,517212,275977,408299,290610,388923,332621,450329,374990,455275,413110,450982,480942,486603,568190,562666,632043,647544,715886,758371,557937,631548,484343,473897,494155,416773,467681,368077,271004,248841,64469,92416,21196,15777,16656,9812,19309,8480
서울특별시,용산구,청암동,2023,0,0,512,265,5079,1127,15953,3203,20395,7505,10831,5690,8429,3782,7046,4652,8086,5681,7368,6372,7317,6706,6506,8905,7695,10679,9308,12562,8461,15748,5144,13371,3452,10790,3037,9635,2022,9638,1218,6736,232,765,0,1,0,0,0,0
서울특별시,용산구,청파동1가,2023,0,0,2543,2108,9524,6320,27251,14261,37208,26066,25948,19118,17673,16715,15821,16748,15782,19527,16091,21578,14701,23602,13039,28167,14245,31950,13458,35977,16116,51386,9393,45034,7054,33926,5197,31900,3890,31421,1347,10369,30,163,0,1,0,0,0,0
서울특별시,용산구,청파동2가,2023,299,207,3188,3537,11453,11076,32844,36701,55392,124375,44435,127616,44829,154033,45417,103558,46626,76967,59856,86456,65056,69034,60652,57873,88516,62640,75224,65662,67478,85031,53998,59934,45427,45271,45331,43542,34462,40718,15754,20548,1525,3203,71,264,0,0,0,0
서울특별시,용산구,청파동3가,2023,0,0,1059,4061,5881,7246,19506,18819,45696,25104,47385,20801,43427,18630,34621,18684,28487,17294,31404,19025,28446,19017,29744,19653,36967,21955,32408,27130,43102,39434,33489,21215,25555,13479,28500,11071,26634,8459,10574,4393,464,173,3,5,0,0,0,0
서울특별시,용산구,한강로1가,2023,7911,12790,46029,56768,99580,190323,285770,429378,470423,713300,304247,400863,227280,311023,248518,323019,281240,344572,315145,357665,330209,329646,375249,345292,444161,396819,605277,507467,789039,655277,404681,407228,358416,266976,393295,239136,359809,231986,202632,139393,37222,44183,4715,4130,2630,2282,2437,2165
서울특별시,용산구,한강로2가,2023,4755,18246,36112,90430,101256,262903,288945,654247,489131,1439779,339719,1117994,297977,618780,361657,571524,404272,603015,480698,618871,503397,584018,635939,609870,798834,673857,1117854,794371,1556517,935518,862157,547989,739055,334088,769697,263243,601303,205258,309781,105422,73261,31559,11568,5088,6448,2702,4321,2628
서울특별시,용산구,한강로3가,2023,9387,7523,83112,114055,139971,531178,415048,1190244,621006,2232377,613026,1637738,551366,1189467,755741,1084629,745834,1117350,917619,1157927,803449,1108131,1311094,1150129,1497325,1162431,1824657,1231515,2321508,1346291,1446016,916511,1394561,612870,1363842,455995,959810,284709,397648,146906,24729,33955,2289,1450,1293,885,798,480
서울특별시,용산구,한남동,2023,28022,24613,123463,161235,258006,450256,610555,1007122,896151,1522511,791807,1244479,582476,906744,581424,839061,645071,868430,684387,964077,761658,856019,948286,889132,1158399,979318,1478672,1090118,1569087,1201906,1086455,823726,886709,514125,871270,482113,874331,425355,365575,261902,94634,83942,23594,24202,14085,13954,14784,12628
서울특별시,용산구,효창동,2023,8090,3426,55113,15313,121011,64960,317332,136299,515224,395300,341034,248949,252158,186245,219698,165076,227674,173344,241560,195281,206301,192771,217939,211749,257040,253976,293463,285184,391717,390866,191357,292298,136102,210631,119696,197397,97233,185857,47844,115478,11398,36276,1619,3306,991,2084,827,1634
서울특별시,용산구,후암동,2023,0,0,28447,9261,65192,27018,173958,71355,244859,132982,158708,94711,119161,82968,113635,88573,129682,99718,119921,103974,119591,111372,131243,130994,151392,147578,154756,159554,138284,196764,100163,171059,78912,125709,73691,116767,48342,107766,19658,61177,1489,9057,287,1367,0,0,0,0
서울특별시,은평구,갈현동,2023,43461,7633,73083,32392,174997,102719,373116,328151,447448,320172,319708,224135,257043,197881,243487,197418,267099,215375,266401,223740,261040,235678,302760,275678,387928,331426,342895,343805,382026,382586,334872,359595,256119,257034,242082,234030,216233,206810,124585,132273,34656,47738,12811,10838,5307,3820,3275,2141
서울특별시,은평구,구산동,2023,57096,5019,158615,14205,311548,61934,747023,181108,833744,224670,501660,144253,359824,136251,332412,160723,340214,183837,312446,199884,273969,211222,315017,260025,371309,324569,299023,359889,273740,466964,186983,454157,141133,288810,124845,277264,112641,245038,34529,153593,7579,50530,2416,2779,1295,192,3779,112
서울특별시,은평구,녹번동,2023,38179,17917,209901,53124,501392,141599,1363311,262415,1521045,553467,949459,378198,669826,334787,580450,356709,591708,411283,569540,444313,521599,472931,521920,590704,558857,737510,591799,861402,684260,1305316,439180,1065606,328980,678368,290461,631880,238915,577453,113660,346900,26373,116520,7993,19549,3764,6107,1971,4519
서울특별시,은평구,대조동,2023,29691,11461,168968,98740,330474,261435,819845,560945,1001985,895993,624869,709551,486456,579764,472220,560370,506400,596802,514772,633681,518652,613605,584512,674905,649317,769599,645737,829649,693990,1077022,484437,844845,379765,545239,334981,485355,280235,434098,133010,258918,34611,105015,7040,18023,2087,4292,1478,2525
서울특별시,은평구,불광동,2023,117928,27248,524540,144322,1051383,445618,2455972,962030,2802328,1341823,1785206,1123981,1379418,1031256,1331045,1040140,1437936,1131594,1362566,1203545,1311864,1262475,1438097,1517696,1634025,1777146,1500057,2026294,1514919,2747802,1184829,2308780,922783,1468330,818260,1317184,710887,1211062,410008,762532,136564,287456,34806,51023,13902,15152,5962,9233
서울특별시,은평구,수색동,2023,22337,6541,76696,48060,223471,205251,543831,306414,579646,581535,343482,335833,249551,207157,233407,186420,243637,201946,236108,225637,229364,211043,258436,254857,323906,320519,394432,383902,456249,482612,253589,388282,166027,256996,140103,221736,116989,223822,63643,141274,18173,43996,4543,8187,1352,1170,1538,422
서울특별시,은평구,신사동,2023,68299,12701,395683,103254,796437,333711,1994980,745764,2375610,978326,1376164,663447,929841,568445,843485,596510,876749,688304,855464,734599,765790,766151,798031,976774,926995,1172535,881118,1415226,930380,2006508,684218,1654861,476994,1094091,419387,970698,349248,914133,158934,572289,40792,187547,7099,14914,2673,7330,2889,5551
서울특별시,은평구,역촌동,2023,71191,8253,116966,40060,206531,77511,412081,170408,459416,258567,326008,183783,258756,158723,249219,162005,264645,182964,261157,196124,242516,197422,270383,245765,312421,298295,319640,293853,337361,318070,273631,288800,210718,229572,192555,209346,182649,198002,87986,115322,27471,40785,4076,7771,2623,5342,2929,3760
서울특별시,은평구,응암동,2023,97640,33253,200469,135836,417242,276977,922355,619096,1012447,871709,714581,641648,582522,549436,564814,533212,604059,575120,599160,608621,574655,622187,619924,735348,691106,854962,689414,859941,728624,988810,578637,859667,431419,594668,381212,543308,321851,497175,166786,268431,51008,80877,6699,9925,3437,3098,2333,2496
서울특별시,은평구,증산동,2023,23137,11488,153483,60426,334103,192287,743854,473534,918780,626580,571712,411395,404311,300666,363362,302347,387143,329794,390423,342210,364764,351569,393560,423448,453733,527406,506001,622515,637008,828472,485161,639808,332547,424204,299955,406043,271360,373474,143424,211130,43070,73965,6739,8777,2692,4442,1850,3470
서울특별시,은평구,진관동,2023,51544,20975,234988,135394,692090,392888,1741928,913587,1678426,1114608,1070885,849461,855893,828550,817109,756220,856524,784552,842347,825849,882077,842139,1017598,906117,1166464,1080643,1106693,1162698,1020694,1549608,751940,1324870,576229,824413,503967,742289,429483,693002,197922,446996,76634,199273,16656,37051,6479,7708,3642,7815
서울특별시,종로구,가회동,2023,0,0,6,0,4004,6658,7865,14647,10172,18597,8507,27933,8478,25177,10494,18687,14630,16376,15247,17587,15221,19220,16609,18428,20570,16298,20394,14636,15766,11139,9073,6881,4826,5037,2684,4721,1433,4492,236,1922,0,0,0,0,0,0,0,0
서울특별시,종로구,견지동,2023,1499,18167,6178,38194,10865,59085,24244,149489,35287,254077,37946,185002,40668,123864,54313,120166,63755,109347,73080,101238,89541,89718,102328,83981,103519,82203,130543,86077,166588,77615,103285,47822,87624,36014,87833,29377,59813,23837,31544,14038,6463,2023,41,33,1,0,0,0
서울특별시,종로구,경운동,2023,232,1432,20814,27203,36014,269844,81206,1055283,137105,1433728,159311,1008271,193489,786079,282055,835846,403616,716289,480500,681810,607317,621753,788640,523073,1043439,464738,1448674,425371,1474527,372646,680878,180709,560969,97677,488658,82105,272710,71941,86985,40529,10038,11923,170,99,1,2,0,0
서울특별시,종로구,계동,2023,0,0,2,0,1190,8885,2674,28900,3875,34826,3838,15853,4843,9526,11350,7789,5526,9494,4451,10424,7113,9785,11029,9097,16088,8372,19230,7318,19389,7882,5952,5665,4704,4556,3485,4217,1426,3431,116,1687,0,0,0,0,0,0,0,0
서울특별시,종로구,공평동,2023,0,0,0,0,1793,225,4537,732,12707,2391,9130,2184,8603,1787,11442,2020,9654,2139,10318,1949,10643,1888,8442,2240,7760,2475,8679,2744,8574,2353,4544,1220,3592,660,2946,589,2355,196,744,54,0,0,0,0,0,0,0,0
서울특별시,종로구,관수동,2023,118,2490,88,995,209,722,405,1632,740,2302,1145,1246,923,680,930,830,806,967,794,989,953,956,884,972,916,1246,1103,1452,1152,1654,851,1055,921,621,1089,742,936,757,431,467,3,0,0,0,0,0,0,0
서울특별시,종로구,관철동,2023,3125,10676,50358,75030,54831,338974,86262,1316680,134853,3200354,164324,1843517,228929,800030,347281,756057,426272,665602,538473,659485,664081,561195,829542,501981,985053,533493,1833369,613139,2669058,649816,1188293,336409,1033422,170210,1102879,126598,818891,93662,358852,56889,15268,11039,3569,899,1307,529,1222,561
서울특별시,종로구,관훈동,2023,1155,1833,2628,3636,22086,13074,48338,31581,115657,41844,59642,42960,41829,46668,42734,54061,49359,56144,59940,58072,75278,57607,85431,57418,101752,58055,98744,58985,101310,49806,72240,26507,70312,19155,65267,17689,43693,13543,19643,6095,5832,2055,528,333,292,262,76,85
서울특별시,종로구,교남동,2023,1190,489,10074,5624,18940,9829,40562,22715,50808,36215,42680,29254,46799,29671,53485,35579,63890,41106,65535,47388,75122,52339,99177,60668,115927,64548,117655,69840,120659,74394,86412,64890,71748,51859,67489,49369,59950,47659,29517,30761,10843,13997,2258,2616,648,996,440,490
서울특별시,종로구,교북동,2023,9,0,1451,544,7537,3344,29109,7290,34150,12736,24587,12335,25078,13432,27608,13979,28903,14398,29201,15304,33341,17712,39034,19915,42229,24324,39746,25129,37939,25988,31157,18286,27752,13865,21633,12661,21135,12152,8742,4845,2059,1691,656,73,160,18,0,0
서울특별시,종로구,구기동,2023,2224,941,13109,7228,32517,15940,79057,33150,78624,63601,70630,53879,63473,53877,60550,44962,66402,44883,73780,46229,77467,48822,85733,53984,89257,60724,90184,64595,69174,70546,43957,65840,35604,48145,30804,45338,20727,40620,10892,23253,2443,7094,91,148,2,3,0,0
서울특별시,종로구,궁정동,2023,0,0,66,225,218,1153,384,10866,1814,6836,1258,4152,1129,4271,2133,3491,2036,3808,2390,4054,3135,3791,7583,3306,6502,2777,4614,2430,2813,2572,1990,2663,1897,1977,1867,1892,1694,1967,321,1407,102,538,0,1,0,0,0,0
서울특별시,종로구,권농동,2023,272,322,180,1223,154,1510,445,2209,807,5406,843,4110,1069,2260,1645,1916,2447,1953,2874,2327,3117,2029,3592,1955,5172,2287,5239,2014,5600,2324,3234,1642,2717,1181,2532,1171,2205,1014,1024,592,215,150,3,0,0,0,0,0
서울특별시,종로구,내자동,2023,3517,9392,9351,25918,26217,41530,60931,86187,105709,171934,85650,125009,63134,89390,65616,85018,79436,91419,93080,93461,96996,87632,118760,90917,130722,99656,139541,130316,168031,119180,111091,66411,101683,48516,109792,45913,91821,40288,46184,22724,12272,5746,961,421,3,0,0,0
서울특별시,종로구,누상동,2023,0,0,0,0,12713,9,25941,51,22661,55,14606,46,10970,44,9051,46,8933,42,7961,61,6729,45,6042,48,6782,55,6714,56,6584,26,4631,23,2538,11,1819,3,1166,3,371,1,0,0,0,0,0,0,0,0
서울특별시,종로구,누하동,2023,0,0,0,0,3108,1354,6116,4000,6866,9737,4630,7140,4458,4710,4679,6105,5187,6638,5183,7676,5406,7166,6016,7600,6214,6991,7622,8789,7979,9708,4129,8729,2259,5670,1876,5698,889,5174,293,2466,2,77,0,0,0,0,0,0
서울특별시,종로구,돈의동,2023,559,51,18905,5585,26248,70929,40127,172470,66020,509775,80025,418658,105817,367469,148068,409615,221968,399898,254861,386276,313432,345637,380244,321641,450177,329871,552759,369898,716169,429530,430933,242421,407740,136074,459102,104979,375549,82367,197985,53748,27547,18866,358,356,1,1,0,0
서울특별시,종로구,동숭동,2023,4135,2622,63717,55061,109922,305781,249627,649304,305063,1534307,350855,1159906,438140,925036,538942,894468,579903,1065210,634625,1303979,809843,1129702,1122703,936768,1278133,932133,1482230,1088894,1605977,1221358,1000817,827367,1022302,360610,1348967,335423,1209411,291716,462371,181785,80565,61344,7424,11590,2445,2942,1507,2504
서울특별시,종로구,명륜1가,2023,0,0,1840,23,8996,6809,19235,13515,23666,27200,18315,16303,13953,14496,14449,14832,15578,16302,15639,17440,15049,18006,16413,18955,17734,20183,19382,21835,16750,22022,10357,21514,6710,18300,6094,19195,4771,21208,2906,16223,151,2262,0,0,0,0,0,0
서울특별시,종로구,명륜2가,2023,0,0,892,2620,5732,6897,9210,13447,17552,33772,15198,28340,15897,27991,20661,33174,25085,37284,29084,40639,32002,40784,42346,46328,43335,54301,46463,62636,51185,79165,44709,50421,45812,35151,57472,32453,57601,29634,40468,19269,16687,9018,180,81,14,3,0,0
서울특별시,종로구,명륜3가,2023,0,0,4283,39,15977,7891,36152,23235,50310,82878,39261,50996,30598,48638,33247,57547,32708,44698,34477,49192,36106,49792,40659,38303,42183,38053,52818,43337,34641,45408,21903,36443,20072,29382,22063,30893,14101,31993,6939,23415,50,3585,0,0,0,0,0,0
서울특별시,종로구,명륜4가,2023,15062,24200,31471,40071,32709,50777,63606,102324,88076,177556,72257,133952,65185,101258,70715,95281,83191,94211,89810,96852,88535,90359,106464,84193,110735,85910,119385,90853,115933,85767,84556,54658,88424,38648,105754,36682,104887,30615,47915,14676,9963,2215,578,66,844,146,287,40
서울특별시,종로구,묘동,2023,267,13,11105,11056,27969,72869,49012,191894,86384,548935,88689,524879,107793,424169,133289,348582,155977,317594,177534,295358,210997,281510,249802,260611,295508,250571,431382,250600,656919,251222,357619,143668,227396,80847,246144,63283,200266,47943,94601,31018,9355,10726,65,305,1,0,0,0
서울특별시,종로구,무악동,2023,2772,483,64866,14346,79555,76819,201260,187585,251441,268349,204236,236520,186600,228797,193809,175934,216568,180670,201817,198175,216552,194301,255064,209981,265248,235861,262519,252366,255081,285203,143456,231447,111952,165121,97235,154805,75142,142101,32547,87112,16889,34671,5572,10319,546,1171,235,665
서울특별시,종로구,부암동,2023,2157,1476,13435,6320,28422,13948,65983,27678,80201,55135,59950,56350,54504,52322,51626,56107,59868,59086,66443,63237,73278,64875,81853,69295,91773,69586,91463,68742,80837,74129,50513,65259,38907,49093,27451,46433,18063,43385,7224,25055,1497,7507,9,101,3,5,0,0
서울특별시,종로구,사직동,2023,1434,4408,5169,15465,13004,27359,39614,78956,48519,127985,42362,107035,34947,69946,35239,61811,43584,65277,47701,66714,49563,61948,58628,64840,85500,70490,69689,85572,67358,81370,41357,50908,36024,37550,30189,32921,25485,31860,9107,16950,2117,4022,123,724,1,0,0,0
서울특별시,종로구,삼청동,2023,0,0,169,33,4369,7340,10149,15787,9958,36850,8588,37066,9208,17648,12774,17876,16206,17344,19017,16339,22362,14659,26553,13359,34911,12707,41990,13455,38052,12705,24696,8390,23205,6230,14231,4894,5234,4377,437,1496,0,0,0,0,0,0,0,0
서울특별시,종로구,서린동,2023,193,1310,504,3515,343,4681,1582,8269,3273,10333,2388,7920,1921,4578,2559,3361,2316,2913,3128,3792,4026,2708,5297,3041,4681,3310,7839,3645,15934,3592,10292,1837,8952,1298,8509,1190,7445,595,2580,391,0,0,0,0,0,0,0,0
서울특별시,종로구,세종로,2023,14851,33192,52463,100336,106356,514656,271128,1341360,430208,3916133,366273,1927112,382883,1015928,494563,1003437,577621,891309,715696,925948,864186,783422,1056292,694987,1324260,705001,2000591,810923,3324252,879352,1398892,439003,1179233,243065,1241369,195264,843855,144058,326438,78698,77618,31053,18256,13664,7415,6580,2423,3192
서울특별시,종로구,소격동,2023,0,0,1,1,22,1278,67,4749,207,7292,297,11832,255,10985,465,9951,629,10484,644,11053,610,10868,622,10624,652,8657,554,6048,398,4944,134,2773,83,1066,51,710,25,603,9,355,0,0,0,0,0,0,0,0
서울특별시,종로구,송월동,2023,0,0,0,0,4,89,26,635,55,1190,23,382,29,308,50,430,31,277,29,297,32,310,26,391,66,726,69,354,30,412,20,291,19,149,8,122,1,105,1,12,0,0,0,0,0,0,0,0
서울특별시,종로구,송현동,2023,125,1116,2438,6022,4336,7260,9564,20286,12993,37186,14652,31199,13373,28164,16955,27323,23049,28367,27206,30831,30724,28832,38169,26560,43403,22544,44857,17843,51020,16669,31614,11663,30469,9763,25662,8075,18160,8426,8727,4265,1553,668,92,32,113,37,34,177
서울특별시,종로구,숭인동,2023,43939,37275,109770,110999,137003,163593,270167,282177,422113,495734,337502,427137,339947,462275,411261,543935,520765,590647,609099,642644,659189,584240,697271,535946,732412,459691,705370,398547,586100,378077,355036,290260,244349,226403,214717,216329,183116,218246,101990,148927,43569,65631,24796,32263,17973,19680,17503,17214
서울특별시,종로구,신문로1가,2023,295,611,1136,2078,797,9326,1881,21394,2191,57712,2095,28052,3284,14201,4243,12392,5649,10759,6273,11305,8354,9163,10333,7903,11363,7741,19780,8315,34383,9110,17027,5864,12199,4098,15312,2957,12877,2836,5211,1919,1128,1555,794,1009,878,739,347,354
서울특별시,종로구,신문로2가,2023,9596,30331,28980,67088,25391,82547,55671,207272,80612,430946,67650,228796,70747,122281,94257,111014,95437,103948,96391,118163,113900,94800,142766,84274,163954,80830,285440,89406,338670,91428,145132,55983,105431,38128,94330,32878,72760,27223,26589,15278,10216,9295,4285,4178,2625,3400,1756,2924
서울특별시,종로구,신영동,2023,4512,941,21332,9533,38599,19762,73033,28116,95767,61776,71704,43312,62665,43205,55900,38669,55778,43995,61965,47094,64981,49819,64350,61871,73287,70926,74709,72078,70968,81492,51389,72788,36811,55275,28939,51479,25031,50684,14716,31276,4551,10739,82,171,1,3,0,0
서울특별시,종로구,안국동,2023,1080,9265,2641,17769,3989,22323,11896,56844,18756,88498,17076,66432,17800,54578,23973,52111,32941,49612,40875,49916,48830,46000,59484,47391,70660,47688,71275,50676,71853,42767,51232,27712,45627,21811,40264,20152,25979,18090,10454,7994,2550,1856,297,119,156,94,89,125
서울특별시,종로구,연건동,2023,18627,33716,29488,61239,71101,141347,183878,280582,296147,497579,192724,290360,160777,182408,158215,130304,150305,133934,154934,160451,188545,154068,228199,114054,241550,101197,264255,100182,247504,99177,136715,68077,125104,41379,113753,44220,105183,38234,43353,17128,6142,3744,1932,879,1052,432,635,511
서울특별시,종로구,연지동,2023,726,1511,1642,5438,3102,10256,5547,27931,8228,71929,6959,30024,7503,18356,10676,13350,10202,13553,9931,15833,9594,12957,11910,15654,12940,15285,30904,16032,35281,16315,12449,11354,8570,8412,6426,7997,5982,7178,2892,4295,278,801,75,432,43,472,12,271
서울특별시,종로구,예지동,2023,1268,5212,1027,10377,1312,10701,3629,21574,6203,44965,7909,34890,10060,25409,14527,23366,19012,22286,22111,20585,23091,18952,22683,19143,20850,19155,20851,20933,21116,22962,16731,10081,13533,7569,11642,4352,7236,4251,2756,3509,21,71,0,0,0,0,0,0
서울특별시,종로구,옥인동,2023,0,0,1330,6,7091,1498,18186,2213,19949,4863,11971,6696,9312,8997,7593,10430,8685,11428,8579,13221,8060,14869,8535,15767,8654,15935,8719,20840,5393,23925,3357,24264,2040,19752,1401,20821,829,18543,210,10638,2,1196,0,0,0,0,0,0
서울특별시,종로구,와룡동,2023,0,0,0,0,825,1489,1477,3596,4514,7465,3925,5195,2474,3399,2100,3544,2872,3279,3714,3349,4053,3413,3329,2821,3266,2640,3936,2586,5160,2640,2970,1532,1831,793,1972,907,1283,657,601,285,0,0,0,0,0,0,0,0
서울특별시,종로구,운니동,2023,5315,14874,10851,24442,15548,59341,32526,158380,51778,142996,43006,118004,39228,87391,50049,79779,53594,76374,63177,79442,75274,73551,98138,71310,126140,71110,157801,77238,138449,78490,80079,37360,68491,27530,74219,24626,54885,22024,27125,12214,8268,3557,1033,585,664,560,277,1004
서울특별시,종로구,원남동,2023,4592,14106,9567,23726,13564,36972,31120,81672,57159,187986,47163,100272,35394,59262,37828,45531,35798,40247,35680,40322,37674,35162,42099,34975,48066,35517,85401,36269,123102,33405,48153,21559,28600,19150,22990,18238,18193,16839,5159,8431,620,1887,249,606,158,623,54,218
서울특별시,종로구,원서동,2023,0,0,0,0,4497,1904,3808,2709,6919,5866,5679,4927,5064,3424,4119,3709,4097,4630,4802,5342,3399,5274,3607,6559,4434,7888,5627,8344,3482,10022,1801,9470,1208,7721,773,7700,347,6414,91,4433,0,0,0,0,0,0,0,0
서울특별시,종로구,이화동,2023,488,942,1482,6466,1658,8612,5220,23696,8646,37707,6470,23873,5872,16531,6332,13137,7439,13714,8715,15343,8866,13197,8354,14077,10536,15048,13434,15155,15493,16484,7772,12829,6218,10816,8043,10555,7399,10317,2615,6280,613,871,2214,1693,1520,1425,641,904
서울특별시,종로구,인사동,2023,0,0,98,61,1165,2040,5635,2639,8662,5484,5759,4791,6176,5155,7766,7070,6887,8858,7597,9983,7994,10109,7679,13571,7780,16374,8198,18656,7641,16191,6112,7806,5639,5302,5070,4852,3985,2263,1844,560,0,0,0,0,0,0,0,0
서울특별시,종로구,인의동,2023,0,0,151,605,517,2261,1859,4982,3697,12533,2960,7735,3337,7735,5520,8017,4449,7524,4913,6567,4938,6688,5285,8157,5253,8781,8942,8469,15021,7919,5830,4505,3328,3392,2690,2979,2763,2855,1042,1225,0,4,0,0,0,0,0,0
서울특별시,종로구,장사동,2023,29,1061,17,592,63,628,241,1207,368,1493,395,1135,306,540,349,616,355,711,374,641,456,668,416,723,511,1007,586,1057,498,1545,301,694,182,510,179,505,162,370,152,232,0,0,0,0,0,0,0,0
서울특별시,종로구,재동,2023,0,0,171,11,10176,4101,31549,8227,42732,11236,36102,11745,28578,12484,24821,18303,22129,15780,23686,15568,24878,16658,21752,21311,22985,24664,23825,29724,23244,25561,14251,11315,9914,8836,9043,8091,6769,3964,2560,906,0,0,0,0,0,0,0,0
서울특별시,종로구,적선동,2023,688,6,29463,19588,72275,168080,165686,488911,241846,1534363,237205,1047533,232910,739859,311450,679040,402594,615950,492305,620096,600377,522604,733010,454516,870275,416057,1066951,428127,1357702,452081,578270,284170,493903,155263,485319,131394,311396,123872,116025,69104,13924,18964,617,716,3,1,0,0
서울특별시,종로구,종로1가,2023,6785,35115,26687,111971,31184,112756,68900,265428,131370,498421,99975,342418,101775,204295,144851,214607,160524,203638,209805,219054,245770,203582,279648,197607,293572,208649,398795,238988,515946,250333,334106,140932,308314,99351,327937,82001,229242,67435,105735,41296,43402,25006,12565,10389,4743,5330,3079,4981
서울특별시,종로구,종로2가,2023,45124,45040,44540,69160,59319,109990,127916,281004,198340,461554,143941,375638,142636,295651,180437,316423,213616,298074,253690,300091,282338,279347,331343,272758,342155,289387,410444,329899,480025,351211,367786,220958,358553,140732,423904,117576,390052,101086,255120,64038,168473,51412,89954,35718,52987,23430,43402,22238
서울특별시,종로구,종로3가,2023,14468,31278,72028,87284,65453,196819,99482,402829,165794,996055,216795,958149,305127,834946,444738,938933,600101,950369,691887,899892,805382,787026,939164,678347,1033912,646990,1188430,636930,1374766,642740,851247,334911,699449,188941,742748,151992,585805,122538,274130,80414,74926,38412,28706,9946,15828,6471,10281,7213
서울특별시,종로구,종로4가,2023,5209,18937,13930,52153,18026,79061,42313,165992,81596,287220,73427,268430,100974,269238,142458,268977,181954,266558,208157,258929,231615,245950,254288,231397,264649,222340,289940,208617,299562,194592,193335,108044,137539,71346,127619,54176,96927,45758,53168,26583,31173,20172,11436,9700,5195,5236,4354,5260
서울특별시,종로구,종로5가,2023,9263,14041,36995,77894,53524,241553,99841,594052,165998,1329013,231755,935300,366191,875131,543316,920889,688005,877549,808784,820274,920179,773493,1003894,673514,1052784,613118,1298096,555004,1379885,508730,756247,294660,543342,168972,497561,127509,317862,96028,120343,58173,28643,25005,12294,9698,8065,6268,6405,5578
서울특별시,종로구,종로6가,2023,7263,5396,69964,39226,42098,179205,73615,427040,107555,869734,162555,808603,237957,730153,324119,676460,407978,593610,483817,558770,587835,522952,694098,447783,824102,348460,1052109,282898,770248,255465,430027,253093,321700,182813,329146,129966,223290,95015,101976,77188,18841,19660,2246,6680,1373,3378,965,2775
서울특별시,종로구,중학동,2023,909,3171,3321,10429,3237,19744,7923,55555,12525,94304,12789,60257,11508,41527,15039,40853,17012,40176,20823,42902,25257,40073,31564,38782,33846,34839,42859,30887,57256,28157,25734,14151,23971,9523,21556,8859,10150,5882,3791,3891,789,516,374,238,143,195,31,96
서울특별시,종로구,창성동,2023,0,1,829,2393,724,7043,4148,17426,7155,40529,6322,30158,6412,18012,7519,16718,10395,19800,13800,22039,14068,20778,16425,20774,17917,21527,16876,22389,18807,24422,14530,20495,12578,13309,10587,12944,7270,12396,3510,8073,695,2444,19,16,6,2,0,0
서울특별시,종로구,창신동,2023,82744,34706,331032,122735,341295,266224,622537,475090,842516,841381,681517,784232,591303,737107,642438,762146,757717,762255,776109,756151,818675,743776,882168,725375,950125,723632,925125,735241,868352,824782,594007,713405,494035,506399,441594,470278,364827,447063,201694,355310,82476,122332,40153,35705,30820,22912,28759,18862
서울특별시,종로구,청운동,2023,400,1053,3625,5474,10663,16161,22944,84030,30354,100081,29275,52130,29307,50434,36230,44057,42316,41425,45962,45545,51009,46043,92781,44352,100523,40141,61123,37444,48369,36704,28044,31615,21011,24244,19892,20756,12467,20368,2379,11640,311,3020,4,46,0,0,0,0
서울특별시,종로구,체부동,2023,1255,4146,3458,14857,8242,37757,18636,83911,25743,123187,19624,103628,16543,83424,20883,82029,28277,87742,35640,95118,37566,96988,42104,119237,47395,140600,45291,144909,48117,126772,32008,60960,27803,38279,27585,32091,19129,21855,8388,7618,542,217,14,14,0,0,0,0
서울특별시,종로구,충신동,2023,2614,1319,3933,7077,8222,10149,16318,17527,29066,34414,20564,25318,15230,21318,16654,18688,17950,17571,16974,18637,16384,17388,16032,18491,17152,18791,21450,19501,24336,22361,15831,19074,11316,16612,9919,15620,7993,14350,4047,9569,306,1452,1166,2001,1235,1579,792,1075
서울특별시,종로구,통의동,2023,1,2,3148,1873,19066,4761,73469,13952,113207,31868,88944,37489,80822,33342,71225,40371,73501,39679,78068,40799,84863,37936,87327,38206,91710,38202,100017,44395,114824,51326,106005,34058,90876,21835,89752,19211,83835,15396,47890,8476,9429,2347,168,49,21,9,0,0
서울특별시,종로구,통인동,2023,1607,2731,5596,8524,8387,15123,15795,30496,21831,42635,21263,40862,18527,31881,19702,35031,23611,36128,29284,38926,31000,36854,32797,42815,36640,46892,37870,49503,42590,42372,24169,22456,17611,13405,14517,12036,8042,8052,3413,3117,125,44,2,3,0,0,0,0
서울특별시,종로구,팔판동,2023,0,0,0,0,1250,7,3879,2114,4594,7390,2918,4961,4036,4308,7675,4348,10735,4937,11152,5772,13289,5457,15572,4807,19126,3843,20225,2783,15328,2422,9643,1660,7401,841,4887,820,2231,778,209,252,0,0,0,0,0,0,0,0
서울특별시,종로구,평동,2023,5047,4457,15407,13436,28627,24238,71074,72437,94990,102256,93056,47486,82012,34930,82882,39183,80858,41190,78261,48480,95832,49130,117227,52620,128338,55301,146881,64880,148132,68349,95176,48650,85767,40964,82650,39616,76951,34885,31952,20114,11176,10622,4883,4358,3336,2502,2056,1718
서울특별시,종로구,평창동,2023,8941,3461,25841,19244,65273,49073,149567,96462,145821,155210,123507,115426,112697,91534,111627,81826,116664,88394,117533,101512,125047,108871,139422,127103,145951,141216,161404,145473,138437,150074,90687,137779,69183,106822,70449,97360,53201,93496,15960,55490,5731,18014,85,179,1,6,0,0
서울특별시,종로구,행촌동,2023,0,0,0,0,4686,1930,17801,7016,18146,7212,8820,5949,6722,7321,5399,8762,5306,11091,6058,10762,5396,13747,4748,18477,6027,26376,4617,20386,3759,24176,2519,23645,1764,18403,1189,20515,588,18908,189,7759,0,0,0,0,0,0,0,0
서울특별시,종로구,혜화동,2023,16648,19858,29643,42168,68841,53972,141443,121912,197530,190264,149200,159755,127444,141540,124530,143913,143776,157989,153789,173066,158830,169393,187837,169598,209621,179858,212627,196423,213334,208328,175361,151800,178238,100253,219125,94074,221009,87778,119235,53228,47736,20801,16560,7258,6982,3829,3594,3023
서울특별시,종로구,홍지동,2023,1706,1226,6301,6473,18447,21688,48623,69335,55226,141881,48919,131195,52127,155073,56773,121938,75228,104615,73485,69798,99556,87741,126796,60968,162838,61131,178493,65014,132518,72817,71578,61247,56930,43925,50073,41750,34830,39778,14452,23993,2115,6332,44,98,2,6,0,0
서울특별시,종로구,홍파동,2023,0,0,0,0,391,19,1002,90,1225,276,910,344,659,365,849,496,558,457,478,611,491,865,404,883,432,2403,532,1280,751,916,314,725,236,549,179,470,158,444,11,49,0,0,0,0,0,0,0,0
서울특별시,종로구,화동,2023,0,0,3,4,3,865,35,2060,151,4334,177,7135,109,7303,164,6863,186,6999,210,6555,266,6202,245,5923,215,5517,251,5409,213,5029,116,3656,93,2074,34,1759,21,1605,4,602,0,0,0,0,0,0,0,0
서울특별시,종로구,효자동,2023,1192,1315,4843,4838,13119,12962,31639,34013,44256,65579,33565,43836,26084,30041,28119,23851,29471,26681,30210,29703,35806,29245,46490,28662,55356,28041,58968,25077,54130,26026,29040,23117,18308,16582,18629,14848,10761,15211,3770,9436,476,1877,20,12,4,3,0,0
서울특별시,종로구,효제동,2023,384,608,7007,4735,12241,14017,33080,44272,68806,91392,47238,54168,37690,42013,42145,36211,49369,38009,54582,43453,59267,41094,72060,43056,76205,43471,110278,47349,137079,53365,76711,37279,59772,28432,55661,29998,45374,28182,25242,17608,10171,9770,2453,1919,172,450,123,442
서울특별시,중구,광희동1가,2023,1358,1446,6552,10562,25176,44340,53482,129183,100621,388632,76831,164684,72527,64395,66844,55863,60701,55751,66868,58434,72064,55155,76879,53498,100361,58059,176756,63119,291320,67050,123439,44731,73452,34710,64507,35766,47833,35537,28090,24482,12222,8768,4484,1608,2499,1025,2136,775
서울특별시,중구,광희동2가,2023,2781,1130,3018,3836,3100,4573,6125,8895,9380,14316,8978,10738,9233,8879,7258,8326,7004,8851,7188,9827,7491,9895,7727,10702,7600,11290,7742,12707,9798,13578,7753,12901,6042,10259,5921,8654,5767,8506,3223,4085,2034,1162,20,21,1,0,0,0
서울특별시,중구,남대문로1가,2023,4469,18943,7204,51924,17826,73581,31675,172367,53120,271248,48710,174345,41470,118441,48684,119861,48129,110034,58119,103364,64212,89859,76391,85353,74052,86281,115192,99558,170078,103494,104352,68296,89009,46008,82039,39281,73925,32630,44008,20057,17289,7066,8805,5391,5527,4625,4193,4674
서울특별시,중구,남대문로2가,2023,11059,25735,38528,73655,54717,81616,134142,170747,169433,295055,138433,230474,134858,215826,184866,244326,236936,238265,288722,233531,344320,226802,424867,225550,483868,220933,646424,223503,786967,218574,640872,142449,589627,97659,485547,81004,437378,61821,235601,31320,56556,11346,13256,4107,4192,2805,2672,1685
서울특별시,중구,남대문로3가,2023,5161,14131,17638,46444,23440,56154,38579,103878,52160,197285,63729,187624,91555,177536,135535,192671,176381,175308,212843,165605,244284,157304,268065,136742,287695,110803,303021,94514,247061,86217,149495,51372,125675,38297,89704,38456,72008,34318,43985,20237,17576,9319,6841,2210,5357,1237,4009,1217
서울특별시,중구,남대문로4가,2023,0,0,29,1488,374,12437,782,42857,669,81816,644,39353,1098,29621,2066,29056,3447,21816,5629,18082,7746,14762,8831,11616,9545,9634,12288,9325,18615,7942,8368,8144,7172,5885,5868,4222,3934,3500,2369,2923,280,619,117,454,79,209,0,0
서울특별시,중구,남대문로5가,2023,4520,14054,30041,56114,49964,86813,88423,170122,119852,269202,98756,195472,89590,116632,113498,104950,120774,103916,130789,101330,140673,92057,174266,95249,207605,98352,328653,108956,392242,110527,218820,71142,171021,60725,163532,56087,140644,51679,91574,35266,46561,13670,17598,7623,6343,3639,2789,1862
서울특별시,중구,남산동1가,2023,937,2027,3207,11679,2313,12084,3995,21915,11236,40389,11763,30318,14159,26496,19194,25586,20959,28856,24233,29884,26351,28434,30446,29028,34095,28811,37453,30066,41423,30330,35916,24721,34989,20492,34633,16082,31392,12426,15176,6699,2265,1353,1473,799,868,517,617,437
서울특별시,중구,남창동,2023,4071,7692,29135,47842,54632,281075,94529,730729,155566,1808151,184927,1356013,256617,1063732,408072,1018096,551155,873404,689192,787429,833915,728279,980789,625540,1157508,503195,1411035,413205,1645984,360972,759412,224461,687872,148816,324127,141081,194030,109237,79867,59781,14920,18823,4077,3821,3084,1044,3646,1337
서울특별시,중구,다동,2023,0,0,345,2554,1235,16385,1216,65263,972,113201,921,73771,762,45541,1190,43271,1477,37149,2492,33454,3377,28219,4823,24887,5924,23013,11090,26012,26910,23239,10535,18511,8427,11414,8974,8509,7033,7575,3497,4926,121,266,28,194,6,71,0,0
서울특별시,중구,만리동1가,2023,548,972,1732,3394,5916,4094,16688,9629,34504,18978,21265,12047,21748,10644,24148,12252,28842,14252,33926,14822,33626,15500,41847,17830,47932,19550,61423,20649,74093,22384,60514,18189,46396,13189,47110,12532,37644,10219,16122,3429,4146,203,2369,277,422,172,663,141
서울특별시,중구,만리동2가,2023,3776,1249,12170,5961,17886,8562,43476,17957,64992,28195,44743,14621,36689,15023,31861,16583,33791,20688,33799,24619,33762,27941,36455,33614,45528,36430,44594,44043,43606,58885,31906,55606,22910,42946,21582,42699,19967,38506,7346,27653,1261,4846,972,2643,366,1616,509,1131
서울특별시,중구,묵정동,2023,438,541,3523,4127,3488,5355,4632,8260,8487,22177,9299,13518,10380,8183,10264,7932,11672,7152,14061,7183,16148,7164,17153,7094,18502,7519,23009,7907,26064,9165,17184,7664,13070,6751,11601,7113,9839,6742,5360,3907,1341,785,1088,518,941,410,422,307
서울특별시,중구,방산동,2023,597,3848,2853,8020,1480,9257,2127,10136,3946,15268,5162,13952,6274,13380,7336,12705,7207,11968,7691,11449,8387,11311,10067,10767,11392,9719,14056,9948,12882,10381,8698,6738,6473,4817,5405,4427,4090,3150,2174,2133,1054,665,9,4,0,0,0,0
서울특별시,중구,봉래동1가,2023,233,3886,448,9228,4076,9176,10965,19399,18696,34972,12237,26868,10944,10866,14425,11086,13405,12456,13815,15442,14406,15080,15895,16279,16265,17808,34393,21257,49958,24966,21822,15402,14362,12110,13051,10845,10431,8871,5263,5032,3753,1693,2073,760,484,525,367,529
서울특별시,중구,봉래동2가,2023,28409,50386,186584,331849,309730,1084769,1030013,2199604,1652947,3848416,1300714,2689924,1222975,1442843,1464731,1297736,1666771,1466303,1661883,1456559,1345218,1288399,1909551,1401075,2207343,1476342,3098290,1771855,3963465,1923331,2285287,1251119,1699156,916232,1784794,829287,1297076,597208,705672,300984,195033,65074,20334,12955,9744,5726,4186,4793
서울특별시,중구,삼각동,2023,0,0,39,661,421,686,231,1089,434,1143,579,1032,808,661,1246,746,1033,815,1342,905,1477,806,1991,785,1531,772,2694,868,4443,1024,2792,539,2433,384,3050,273,2894,266,2355,235,1125,103,0,1,0,0,0,0
서울특별시,중구,서소문동,2023,1834,6008,16270,49527,31961,253041,78452,899476,126886,2715638,169195,1131886,239004,416942,327738,380533,329993,371487,403041,397366,484302,347010,587159,320244,709303,298224,1351285,325889,2182467,323966,824080,171788,656719,116344,607033,113381,383893,101150,160895,67067,31509,23088,5613,5431,2658,2827,2384,2383
서울특별시,중구,소공동,2023,83,538,721,4662,2029,6444,3519,9404,4026,14644,5574,8858,6983,5647,8206,6107,8490,6861,10729,6887,11440,6694,12324,6471,12440,6527,15950,6680,20059,6189,11029,4076,10457,2740,11493,2472,8807,1884,4230,1001,2260,1206,906,1293,351,921,241,1091
서울특별시,중구,수표동,2023,0,0,52,78,173,798,756,1333,997,2307,1736,1509,2136,973,2752,722,2033,628,2188,790,1845,620,2180,586,2562,657,4563,574,6914,782,4096,519,3824,369,3890,393,3911,481,2699,392,1098,207,0,0,0,0,0,0
서울특별시,중구,순화동,2023,27,0,49,0,59,743,107,1620,92,4482,96,3820,96,836,94,746,110,608,131,715,104,639,121,686,121,721,200,724,254,946,247,492,85,260,56,241,68,169,23,0,18,0,7,0,0,0,0,0
서울특별시,중구,신당동,2023,31849,15007,272265,110665,420424,318417,968515,684465,1413155,1518139,1025481,973588,800503,691722,776386,675985,848354,716866,859730,759034,848559,781974,907834,888048,1029495,1001109,1145677,1172147,1463921,1492316,964430,1103533,742421,773796,701749,708564,614824,667142,322793,398401,73899,113971,25072,30509,14428,14463,15500,13649
서울특별시,중구,쌍림동,2023,3430,2201,2912,7487,5066,9816,7741,26279,14165,57263,12654,25710,13505,12125,15327,12150,14371,12657,15208,13102,16079,12635,17579,13367,17829,13221,29980,14788,45855,15318,23840,11726,14952,10457,11856,10597,8538,9820,4883,5842,2263,2303,702,1669,914,1653,805,1147
서울특별시,중구,예관동,2023,277,1781,677,9755,1252,5709,4116,13239,7200,28431,4529,14886,4692,9593,5184,7434,5585,6464,5817,6333,5972,6635,5884,5782,6106,6340,6739,7245,7070,8612,3877,4561,2812,3548,2548,3552,1817,3140,1211,2218,171,162,0,1,0,0,0,0
서울특별시,중구,예장동,2023,1022,2027,3259,9273,10629,15985,23460,32634,30550,45979,39689,47017,42316,63422,55545,74203,70732,75578,76133,81580,95844,94945,123625,106446,138305,113327,140226,118019,127486,114219,127874,99826,127997,73782,117378,45825,74542,24902,19720,10251,4144,1777,626,0,0,0,0,0
서울특별시,중구,을지로1가,2023,1776,5233,36008,57833,56602,375044,144735,1688174,238911,4272404,323413,2101378,395296,1075226,512519,949133,570146,855704,705466,853074,811831,767900,976532,744266,1161554,780693,2068572,880466,3509928,880650,1606461,549769,1477721,368651,1042736,328260,821003,275623,340768,162658,53400,58716,4827,10631,2125,1029,1461,830
서울특별시,중구,을지로2가,2023,4217,12855,13321,37830,26892,95680,78166,304300,108902,437387,77418,262795,66329,169084,74558,147831,70340,147482,76754,136544,82132,120052,94189,112989,90854,119566,143813,129176,199676,130741,119014,101559,103831,63998,103882,54036,91729,49762,56582,27093,26529,6749,7237,1912,3440,1771,2557,1181
서울특별시,중구,을지로3가,2023,1775,11621,25196,60182,50634,350026,118613,1295498,226963,3136969,303824,1287226,374447,615689,429344,531537,449008,498354,506563,541822,586713,490705,663167,487289,806871,542820,1619679,660747,2522791,769073,1037889,469594,770060,278905,826694,235408,704406,197029,408318,123114,77000,34724,7375,3301,2904,1460,1654,1048
서울특별시,중구,을지로4가,2023,2777,9136,16222,41335,29785,184468,73537,476100,144700,1024464,162784,533726,196390,344620,238983,337234,258697,309146,287650,298427,323403,280186,359895,256749,439953,247121,747643,252050,864080,253537,384549,163790,239630,115484,205455,111589,144237,106470,72744,68488,18864,22888,3195,2897,1651,1469,1876,1047
서울특별시,중구,을지로5가,2023,633,171,2687,1406,2849,3476,5260,6273,10682,12276,8828,12690,11484,12483,14003,13774,14979,13280,16303,13578,18921,13791,21037,13397,23605,12664,26065,12437,26130,12909,15913,9539,10152,8399,9867,9643,7715,9807,5380,5859,3285,3694,931,1290,474,581,373,398
서울특별시,중구,을지로6가,2023,19768,8870,26331,26904,15911,36203,26613,50332,39800,91333,39025,73483,49941,78664,64259,76912,79049,77426,88631,80679,107223,81483,124195,73690,132334,69642,133746,73154,117740,80646,93774,62849,79246,45473,79058,40375,64379,30946,40892,17851,24891,12363,23472,13061,15338,9266,15022,8226
서울특별시,중구,을지로7가,2023,40449,8895,180437,57438,119854,287818,204327,646711,344273,1435113,386573,926569,432784,813331,506771,794226,577730,771975,635640,794208,764005,794089,922029,735847,1093867,701142,1389979,754015,1627783,851996,982729,799129,793057,585294,779645,503947,634040,423967,350790,272439,104510,88215,39696,21791,30215,14749,29603,14516
서울특별시,중구,의주로1가,2023,2987,23228,22207,46988,29185,77272,55517,197643,88414,411302,75169,179026,61400,82833,74255,72545,75738,78710,84984,83785,107826,76851,151225,82348,183189,86028,279389,102860,418543,108917,183735,73259,149927,62995,145020,58479,119940,49123,65710,27256,22892,7864,4159,821,808,130,0,0
서울특별시,중구,인현동1가,2023,0,4,106,1826,124,994,322,1511,415,2925,702,2266,1044,1735,1182,1709,898,1729,961,1830,1021,1804,1082,1960,1011,2236,1282,2741,1743,2775,1018,2481,837,1732,1111,2073,899,1820,1088,1266,171,208,0,0,0,0,0,0
서울특별시,중구,입정동,2023,0,0,17,48,129,534,222,163,852,247,629,307,677,407,627,637,689,488,847,577,909,590,1080,553,1370,550,1330,721,1640,835,1291,629,1221,580,1336,498,1525,563,1474,379,1555,207,24,1,5,1,0,0
서울특별시,중구,장충동1가,2023,1117,2223,6123,11837,12915,20435,17588,31123,31998,73410,23839,56328,21977,39350,25508,40994,29852,39097,33233,39629,37269,36345,38561,36784,46749,39915,49065,49184,66404,53462,38216,36110,34159,27648,31773,26243,27183,24284,13244,11680,5515,4598,1637,2532,727,1808,679,1680
서울특별시,중구,장충동2가,2023,558,635,22817,17966,44897,142762,90875,237096,143191,740421,127114,494851,136512,407416,179638,339944,190429,280220,232209,298748,294949,249404,314844,218674,409802,224062,511878,268756,644913,299416,321459,161531,320499,95262,301480,86737,220397,64323,59960,38590,7091,12592,456,1490,142,334,181,328
서울특별시,중구,저동1가,2023,2116,5309,12277,28901,74187,118691,199764,369013,251351,525982,209670,363481,185083,283563,192344,270500,212028,256864,225308,243216,245360,218607,264607,211529,305982,220954,356327,240477,314950,222906,312804,182056,298688,126125,285089,107288,267214,94373,163616,49898,43012,11014,8202,3747,3379,2287,2746,1549
서울특별시,중구,정동,2023,2347,1865,28338,65027,48128,307616,96641,903084,128517,2375209,165151,1137983,197872,570499,275841,562023,298990,533928,367333,536454,472728,458328,612268,433080,742755,432754,1154627,453722,1973545,426996,794161,221510,701657,152895,634230,139548,400680,101810,134621,58551,11279,12523,6014,1322,2304,610,2084,942
서울특별시,중구,주교동,2023,59,1,6109,6947,11254,76857,27071,221406,42124,526987,43859,229256,55473,148803,76795,147141,90584,134940,108905,123940,127608,109347,144396,98525,174062,92703,322814,91805,465668,96755,180961,52768,119341,32740,101373,30735,68980,22856,33233,15569,5170,5832,18,58,0,4,0,0
서울특별시,중구,중림동,2023,1076,4769,12078,27184,27217,47481,44753,78375,52761,122250,40714,71881,35440,48540,38824,47680,40369,51850,42100,57346,40188,52481,42683,56460,48486,60895,57446,67393,86760,78009,37081,52446,27412,40655,25730,38106,20942,33561,13298,18852,7626,5994,3403,3791,1554,2545,1193,2593
서울특별시,중구,충무로1가,2023,2657,7334,4253,24343,4805,20953,11254,35035,17037,62558,17046,57075,23200,56206,30894,64391,38528,64940,45811,63383,53289,62661,63034,61808,64490,55671,71326,55514,77822,59093,67376,40901,66349,28566,62589,21375,50707,15027,28617,9540,10167,4231,1976,2577,787,1250,922,1202
서울특별시,중구,충무로2가,2023,3453,42,20924,12321,49662,217653,93165,613827,180151,1427812,332580,1045485,410741,734165,483949,736281,495842,807519,538128,806487,629272,757587,794982,775985,915950,790194,1156649,828256,1602157,780974,926150,585922,852773,430458,808021,328272,672734,218943,259122,122645,17986,38101,164,2082,1,29,0,0
서울특별시,중구,충무로4가,2023,2567,5965,6690,16952,7261,9758,13213,17920,20740,33996,14385,29143,14432,19949,15167,18088,15663,17609,17761,17479,19216,16353,19657,16522,21242,18533,23075,23556,25770,29495,19558,16426,17333,10908,17122,9505,17839,8210,14454,5474,5270,1718,1705,910,866,600,841,532
서울특별시,중구,충무로5가,2023,413,962,727,4088,1761,5652,4629,8484,8808,15575,5788,15328,5533,10761,6889,10270,6616,9877,5893,9874,6392,9218,6997,9547,9736,9803,9914,10124,11661,10888,6494,7483,4351,5338,4166,4864,2904,3834,1300,2219,560,1057,256,639,156,624,179,630
서울특별시,중구,충정로1가,2023,1386,21571,3309,28560,4806,36049,14714,81162,45881,123991,18626,74444,13759,47014,21667,35753,15658,33610,14533,36033,15025,27574,16035,22922,20767,22661,29170,21719,47632,20706,13211,12325,9679,11012,7387,10298,4881,9007,1758,3996,261,744,251,1127,181,1142,176,866
서울특별시,중구,태평로1가,2023,253,441,2957,9320,13950,18099,40518,42983,83525,89844,77817,59736,63153,38192,61369,46038,53853,42456,55637,46514,61456,41334,60930,40640,59713,42629,72928,48111,96501,52010,59257,31766,53392,22206,56911,20329,40891,12484,20556,4660,3970,2671,1480,1455,468,668,159,325
서울특별시,중구,태평로2가,2023,1709,1658,8204,34070,28274,108133,55243,241475,74660,452550,77337,235956,80454,163708,101007,167230,107328,153954,122928,140328,145025,130030,165406,123332,189170,123148,290924,132539,392216,133829,206359,95427,174443,81232,168563,80974,137028,65713,79008,31882,28077,10511,9897,5336,3926,1772,2091,1026
서울특별시,중구,필동1가,2023,3602,8045,7263,25566,12980,22930,30385,35256,42905,66558,33578,46375,34690,35361,40206,33844,36313,34340,40380,35576,43551,33649,44004,32275,44101,32068,51060,34201,65562,37414,41077,25364,32583,17515,30557,15908,23935,13742,16110,9046,6496,2658,2647,2044,1528,937,2301,819
서울특별시,중구,필동2가,2023,2326,451,45519,40081,68389,274084,149060,700016,257541,2101582,300851,1227227,333695,718485,383768,593446,405503,558474,480883,558558,560157,467315,638406,431277,775288,452731,1196928,523498,1812426,573149,851152,351110,656400,229224,631345,221696,498209,202140,274592,136688,52709,43473,2484,2703,2198,450,1629,519
서울특별시,중구,황학동,2023,8874,2954,97601,29112,177341,129522,417101,240812,688841,449324,440711,339251,313733,282172,298847,298692,344391,320840,354040,339347,350395,346590,365200,375625,414694,438196,450862,545247,474944,755881,339847,503950,271753,326503,253135,288111,222959,270047,112925,162195,23049,53298,3231,3611,2223,1786,1957,1277
서울특별시,중구,회현동1가,2023,0,0,77,705,304,699,518,1901,1115,5619,1284,3709,1197,3408,2263,5009,3524,7409,3717,7059,4300,6970,4229,8430,4901,11212,6722,11917,5776,10803,4300,9423,3730,7302,3325,5743,2497,3605,766,1295,44,450,9,95,0,0,0,0
서울특별시,중구,회현동2가,2023,532,1484,2040,9018,7972,11879,15805,40024,22838,76185,20818,56320,19364,42046,22876,42192,23688,43590,25230,42319,26690,42648,29805,43190,31293,45773,37921,48187,49890,49700,34295,39581,27539,31892,23078,28469,19267,19591,9484,8512,1772,3113,489,1571,271,1208,234,938
서울특별시,중구,흥인동,2023,7672,3295,86150,21597,71224,100121,102898,189686,157999,457666,135614,290433,123100,186982,155243,155532,182907,145535,157101,159579,162977,134135,191124,124567,238655,148661,280559,184184,332093,254710,210632,249358,188703,136360,198391,110981,225386,116418,93454,132022,25892,32762,3774,2855,2554,1314,2654,997
서울특별시,중랑구,망우동,2023,74984,30072,214803,94068,430394,246651,977634,609466,1053472,858750,658725,474658,546325,472150,512989,457584,563258,483736,556683,529710,540628,512775,647148,609607,785059,708674,726274,775931,750799,915126,572106,826018,366820,533987,309648,458243,225942,415868,111185,260614,45806,112839,12678,26531,5871,9156,2903,5809
서울특별시,중랑구,면목동,2023,214271,68401,696740,208803,1260710,543360,2891104,1108712,3586682,2149051,2179641,1385376,1548714,1153274,1388070,1089059,1525130,1256570,1472117,1308836,1364038,1331188,1477318,1634447,1695703,2003407,1706823,2286107,1795395,2986316,1545157,2692010,1003546,1676738,844901,1518012,668940,1363147,340813,794084,98277,299320,23024,49106,13053,24935,12391,20535
서울특별시,중랑구,묵동,2023,46581,16043,151293,49685,273474,121299,678641,303157,867361,481844,543931,328160,398816,282938,369976,295207,396096,333038,394138,353692,373632,361446,397998,426805,436796,512184,438089,605740,478315,768538,365983,664258,274576,434327,239509,384384,198618,358600,108894,215206,31584,68797,6026,12925,5250,6334,5933,3741
서울특별시,중랑구,상봉동,2023,83144,37990,419731,174033,721567,376663,1740232,736016,2098616,1266044,1220930,868024,889790,754368,845270,776929,964526,860800,960596,898016,936379,906065,995610,1033221,1118644,1237687,1214175,1501856,1373090,2082535,1059533,1702422,773578,1052384,713457,853051,561565,805981,309615,498205,120304,200811,27031,29273,8922,15566,5758,12373
서울특별시,중랑구,신내동,2023,79431,14401,219507,80802,530517,226072,1453001,615410,1386934,992670,810388,540831,640741,429091,594837,414482,618777,476987,610500,541573,587988,539317,630732,664109,712903,782440,794743,884260,865869,1092203,595255,1016563,417164,656593,363942,563377,316854,530271,133964,311289,35412,126619,4506,18610,2465,2419,5177,2236
서울특별시,중랑구,중화동,2023,80731,40461,281532,112679,459546,231335,1053517,426452,1271760,792163,809652,508769,561935,417248,525541,421164,552375,470861,545746,490545,496445,518638,504889,634524,580706,748480,624194,879023,691028,1141418,525056,966576,364252,632874,318959,555008,269812,522064,140857,300706,44397,92149,9132,13621,5813,5522,8167,4105
서울특별시,강남구,개포동,2024,26346,7350,134748,54768,448997,252926,1274474,600953,1456571,866682,989043,538750,765623,443221,677345,426349,719846,512566,719419,584806,703113,606945,794940,742277,929772,827546,937567,959040,883310,1198835,531277,1068339,367797,721728,328544,704413,277625,792173,117105,384804,20268,93991,5594,18593,2933,5152,1823,3583
서울특별시,강남구,논현동,2024,59303,46353,229870,236192,449723,880068,950306,2050892,1531537,5547335,1453213,4776624,1087406,2297668,1100664,1545575,1270408,1458500,1411719,1594960,1611460,1499167,1856337,1421090,2185753,1523104,3430546,1913656,5317043,2352265,3069421,1519720,1949499,946963,1883912,851113,1613228,734286,823715,447198,223528,185162,41578,30606,27506,19258,22890,15572
서울특별시,강남구,대치동,2024,41786,37859,156770,181956,526541,575760,1333455,1576404,1634276,2449294,1183629,1860833,900072,1233486,907524,1104223,1136322,1295366,1284569,1487867,1237902,1383209,1453552,1525467,1674692,1753170,2209403,1972769,2262600,1847531,1500547,1277337,1168967,827693,1453301,829277,1937753,827591,473063,394843,149550,147558,37215,31346,19489,16614,16889,15126
서울특별시,강남구,도곡동,2024,16986,15999,129769,130039,406952,522570,1098207,1351223,1493894,2565289,1081906,1701798,879086,1033615,888249,935294,994157,994969,1065593,1122121,1120687,995603,1305738,1063706,1473707,1200569,2049038,1529986,2431017,1685786,1326894,1142615,1096634,751663,1018609,698234,947914,647301,282479,324978,62928,89898,10693,15466,5479,4158,3784,2727
서울특별시,강남구,삼성동,2024,36637,47540,262818,429360,607084,1900396,1273899,4930276,2044920,12013602,1733460,9044155,1425026,4391032,1743431,3191739,2172909,3005118,2545123,3178139,3016232,2780097,3711092,2544185,4699818,2560406,7454011,2838045,10293210,3040688,5415086,1881959,3858888,1195763,3406757,1041906,2379655,922241,796243,501252,172717,204546,35501,39142,22903,21454,19789,22319
서울특별시,강남구,세곡동,2024,9942,5559,40787,18796,114884,46881,277412,93841,257833,145856,155050,84518,120413,66054,103318,66527,117545,85179,111528,95837,107244,104063,121929,140195,138565,166623,149923,170512,142753,210949,87588,182292,62893,123078,56682,118231,50952,119395,21880,69508,8010,21918,1902,4147,36,45,0,0
서울특별시,강남구,수서동,2024,16630,13576,144246,172744,403029,667816,1212719,1510827,1630220,2118680,1114470,1354711,1146697,946107,915196,853300,1137530,991668,1040963,870449,900008,893293,1247690,1030031,1377903,1183156,1715944,1452191,2038250,1812670,1200947,1251935,1025727,869699,820512,770516,801046,702261,440613,293863,75715,81876,13775,8838,2558,2515,2105,1555
서울특별시,강남구,신사동,2024,28212,31864,197606,234688,308432,691889,585059,1448192,975915,3590220,911797,4158512,886242,2294273,1034669,1838737,1227172,1653117,1402653,1725877,1655110,1610778,1915382,1554116,2216906,1609606,2927512,1898875,3906650,2116920,2787331,1297456,2119426,750661,1885350,615850,1492052,529695,649931,317369,143185,125986,6830,6773,1006,743,417,205
서울특별시,강남구,압구정동,2024,15385,17776,45144,66540,67323,72737,137224,131491,169935,205746,160655,181646,149175,145434,162523,150134,199538,160419,218804,176910,241640,183112,283784,204479,315999,217470,322110,249306,354665,298568,291155,218412,268511,154457,233654,130451,218528,133015,115536,70621,38751,27731,1428,1244,5,4,0,0
서울특별시,강남구,역삼동,2024,95597,83148,494180,660680,1196673,2809179,2585621,7927466,3910616,17061026,3441412,15214301,3143962,7504030,3744404,5138770,4468663,5008899,5063900,5563485,5583245,4934183,6752506,4707910,8245227,4951261,12890880,6213477,16466554,7647007,10064462,4826108,7146192,2889577,7323963,2503815,6324641,2195997,2917573,1252117,683673,450390,119757,99194,90149,62572,69188,56713
서울특별시,강남구,율현동,2024,1043,675,5315,4948,21511,13730,53149,32819,61900,55170,42919,31770,31559,25406,27239,23831,26571,29789,27122,33221,24168,34193,28510,48420,31754,56781,34587,66125,31524,85273,19296,79075,13419,52302,10585,47805,7697,47278,4254,30936,1335,7143,421,1858,8,25,0,0
서울특별시,강남구,일원동,2024,16652,4155,112204,67520,393231,387652,1038695,938977,1129477,921313,766878,607496,673208,505897,640837,433493,653999,508731,627948,561330,641764,574557,819412,625628,1028539,661369,1183656,769618,851915,990674,494192,797483,350472,579430,278509,559000,232316,602482,113583,268510,17292,80991,3242,6215,1741,1807,1249,780
서울특별시,강남구,자곡동,2024,14776,4445,51665,15054,179421,53472,432138,149758,466636,236882,286581,126340,213792,89752,184898,94835,198610,121012,186276,137336,179535,149910,207476,199487,250363,232102,225526,263291,223150,355420,132274,329770,96617,234689,82376,218061,70820,218442,34926,123525,11659,42826,3738,6270,598,1561,4,3
서울특별시,강남구,청담동,2024,25772,40470,117887,165177,213880,409785,442733,870514,779023,2258317,722847,2468605,538133,1359570,594577,993421,686919,927274,776611,968566,897441,892874,1072127,886952,1260946,933249,1759535,1123460,2344352,1328290,1554822,823383,1165724,502904,946374,437036,700051,391186,282347,217047,48940,63880,8128,9007,6893,7795,7585,8601
서울특별시,강동구,강일동,2024,45150,11241,141800,33505,335546,110311,845611,269095,739504,363029,474682,225554,368106,196684,313322,205391,305491,248826,298871,255640,262282,281183,296993,358293,320539,423925,297461,488805,293816,624333,172231,616288,130321,393495,109716,363493,86097,339406,33012,209650,14499,92486,7772,21380,2364,5781,3833,2905
서울특별시,강동구,고덕동,2024,28045,6459,98808,68660,259084,300214,644931,660166,610291,665766,431038,415990,382510,351624,380623,299527,403980,315767,386376,385144,392484,340615,473535,398184,618381,469900,622974,482615,510269,601267,313274,472976,230879,282146,219119,264783,205843,239928,57946,126024,16030,47042,9219,3771,5404,459,6657,659
서울특별시,강동구,길동,2024,33292,16671,150605,67119,271285,145798,613852,249768,688600,498652,443541,391907,377585,305702,364708,307013,396199,326641,404744,343643,367699,371269,384023,414804,418685,491828,456639,542158,464123,679189,288469,536661,226134,365621,209894,327835,178140,309183,90404,177534,26194,66503,6846,8398,7661,4656,4256,4836
서울특별시,강동구,둔촌동,2024,10303,5617,132486,68531,424403,470404,1072523,756602,1160812,1062537,750517,674591,567947,531505,554120,433088,558854,481089,523091,539755,582048,507822,664344,541746,791309,624425,879190,779004,884892,1112432,556616,827046,395618,511380,365045,490033,315017,463750,144391,237109,26841,80356,950,4927,1,15,0,0
서울특별시,강동구,명일동,2024,14426,12098,198516,79851,497765,171560,1140499,438976,1177634,615883,729488,499574,618905,455264,574511,462339,629719,470457,601881,553410,583801,549190,621679,636009,698321,799132,651318,830390,655345,1216095,459912,932110,387829,583026,382238,498497,321633,498074,111982,275712,29121,102365,4412,11455,1552,5896,1162,4845
서울특별시,강동구,상일동,2024,23768,12726,182703,53779,559981,218569,1274529,546490,1105153,666195,693206,365596,538337,294341,487993,289840,501290,380997,484388,430289,480538,429851,576527,550775,671001,620676,720673,809216,795351,1115663,549072,977468,380344,618793,331135,585859,280209,538664,132273,318917,50302,145321,8231,30909,137,4913,54,2428
서울특별시,강동구,성내동,2024,41371,20530,343761,180941,695301,445156,1615394,969110,2023439,1677789,1235202,1053474,924891,809097,888805,778116,945083,819759,953318,946918,952999,931286,1065296,1055634,1231687,1209526,1499631,1430421,1734239,1930918,1032070,1415398,803414,984986,715405,916846,589796,809875,311162,503940,92859,200776,13173,25804,9211,12218,6997,11516
서울특별시,강동구,암사동,2024,24532,5756,260075,45879,516068,180261,1362590,393952,1624985,607101,910622,400615,592084,321397,524180,356132,535576,404924,516147,440047,449948,470090,462212,589789,516003,718475,512524,874329,499079,1241592,323444,975525,243417,625215,196134,552047,139498,557390,64304,288977,18627,88908,4066,13107,3075,2552,2114,2527
서울특별시,강동구,천호동,2024,33669,14807,102365,56085,196152,130333,423522,263934,484007,385166,336921,321792,265617,264034,271492,264486,303549,277335,322354,295690,321371,293335,359983,336435,409677,379488,443164,392868,505962,447400,422750,371688,324709,271915,296302,254149,259621,231824,163705,132710,58721,52103,11299,11707,6348,5097,4586,5493
서울특별시,강북구,미아동,2024,278011,105082,882350,408569,1613776,857341,3557822,1854039,4145153,2838157,2839998,2119950,2341076,1911656,2299813,1991488,2454348,2106008,2455089,2232493,2406524,2364818,2660154,2802548,2925025,3139893,2896183,3438479,3037833,4223928,2392389,3462036,1869853,2349822,1496982,2108144,1257921,1887347,674862,1155013,172867,393042,39723,88212,17308,33210,20614,27720
서울특별시,강북구,번동,2024,96483,39289,501430,165596,959638,386948,2147919,761871,2490297,1520417,1710880,1092224,1339572,918687,1310308,983132,1388898,1075876,1349451,1162529,1320213,1220840,1390878,1455189,1523403,1720880,1631329,1958253,1868652,2548869,1336278,2209722,1019440,1515056,907106,1334287,756463,1225656,457623,799698,129698,260992,31949,52348,16770,25276,12602,20936
서울특별시,강북구,수유동,2024,354158,100940,538422,275913,815546,557044,1701177,1115351,1993907,1719477,1447620,1312361,1204610,1143202,1205579,1133258,1262642,1200881,1256723,1236936,1216071,1239118,1288221,1387265,1352333,1534551,1362130,1590883,1411891,1771813,1127568,1489986,851608,1079017,730693,933883,598967,814670,341370,491632,88327,196030,24585,41306,16462,9239,23811,6816
서울특별시,강북구,우이동,2024,43466,4200,103019,29115,178240,83022,445940,167616,520412,368648,359468,316028,301573,318798,313562,337473,353008,287468,373588,267840,385580,261299,402511,260705,426881,278451,388274,294858,315516,350075,205773,309269,155182,206328,123646,182264,79816,158173,30441,103365,6492,36730,1843,4383,1169,2531,913,2606
서울특별시,강서구,가양동,2024,12793,3261,328222,71667,668425,333018,1804981,876572,1893476,2057302,1072406,979210,833218,581571,808144,553678,871625,611232,826268,671846,762190,693641,847476,809411,977501,928869,1307717,1129617,1727646,1720283,711353,1439257,496971,920362,417454,836258,302212,765044,137602,482840,26513,148715,331,5656,2,10,0,1
서울특별시,강서구,개화동,2024,5411,5898,41331,33812,137136,130278,269831,243025,233132,244860,120991,118011,82732,80000,79797,79064,79357,79099,79457,77181,84858,83480,92510,91850,117298,104115,152209,137229,170136,173846,104536,128814,62085,77672,60002,73393,34912,47746,17680,26826,6376,10036,2042,2473,3304,729,552,1103
서울특별시,강서구,공항동,2024,32934,23402,138961,79163,279594,187947,592832,295313,724613,453567,465744,300531,374925,255422,347320,265707,363977,291918,359225,296632,358608,294160,377273,339632,406678,391018,453635,454003,479956,598805,335623,446110,266234,321091,256593,295121,204061,268782,102043,164623,24592,60255,6365,8563,3166,3224,1892,3353
서울특별시,강서구,과해동,2024,272,2999,11234,48886,54116,136615,210608,222077,273328,292557,141680,174373,136732,187442,180658,213698,199526,214919,229579,226359,271613,209447,302392,197234,284774,201909,348035,216711,411674,201827,264019,116574,220289,57977,200187,36910,177148,25832,75565,15019,4763,7186,56,81,1,0,0,0
서울특별시,강서구,내발산동,2024,16440,14309,62293,48732,145817,77579,344679,233768,382121,282841,281905,209358,233553,182798,235163,182581,257984,205966,246286,221011,250297,226850,324994,262306,315532,291473,308435,286298,314968,318032,240004,278975,187045,195897,170635,181183,177412,165739,64095,87106,14652,20731,8314,7602,8513,2319,6188,2061
서울특별시,강서구,등촌동,2024,44340,45864,129392,135894,275585,265027,652119,681998,873527,1074391,605626,708192,471785,516687,492745,516032,553552,556499,566799,595071,585749,592155,709334,659730,811935,746154,824363,828012,982485,1027701,667520,850116,502341,612453,469479,557364,391689,522276,187696,308422,54489,107561,8227,29308,6363,24125,4726,16070
서울특별시,강서구,마곡동,2024,33913,27317,265604,195052,661031,1130915,1756038,1828140,1940930,4442083,1141776,2372377,956376,1286993,1050384,1140191,1198071,1183312,1270001,1268665,1357699,1197879,1659755,1245393,2152212,1441941,3344872,1799246,3632958,2467926,1771966,1796155,1430496,1089827,1327140,946453,1084591,886035,448771,527755,95077,212876,20988,23964,18321,11139,9433,9135
서울특별시,강서구,방화동,2024,68436,19692,295773,148790,577075,634947,1377547,1183512,1467524,1431227,964388,832512,821971,781871,842311,827762,860186,885178,915267,902628,949250,878451,1013028,922826,1027878,1068679,1187753,1289292,1335634,1472107,859866,1052158,690017,629087,649349,534888,560265,467700,197753,277861,30192,117731,7289,16974,4520,6244,3575,4877
서울특별시,강서구,염창동,2024,6151,5432,209583,35180,478481,121970,1321349,241422,1439605,529826,870473,311373,597236,254845,540369,273645,567149,328793,549404,382609,501929,419242,535212,539803,586306,663821,675134,900638,804817,1308958,555231,1108036,414243,764247,377438,692711,325718,704921,174659,410317,47696,141008,8319,20916,4732,10195,3712,7993
서울특별시,강서구,오쇠동,2024,0,0,8,258,34,656,47,1269,97,730,92,506,131,374,162,255,201,270,251,297,401,343,320,357,375,374,323,451,255,641,196,565,150,576,94,557,53,268,14,175,0,10,0,0,0,0,0,0
서울특별시,강서구,외발산동,2024,5818,1598,8067,20369,18020,56303,28804,132387,42074,146015,37922,66044,44208,46789,47849,43070,42292,52470,41732,48426,51634,49106,64660,47063,94802,47183,147521,42509,95965,44683,41525,36404,31919,29674,24666,30969,16721,23364,3550,13302,844,6405,35,333,0,1,22,0
서울특별시,강서구,화곡동,2024,277948,114047,1168257,431048,2292329,1100769,5686673,2279874,6841499,3476958,3970276,2380732,2819560,1870766,2657490,1904031,2800156,2130420,2700782,2269737,2464886,2399344,2587452,2919462,2890028,3509802,3062379,4058657,3433275,5939114,2471497,4648426,1856873,3174741,1677080,2977754,1428887,2662324,727151,1587306,194380,502438,24135,48882,14800,21736,16666,17340
서울특별시,관악구,남현동,2024,18615,19946,67233,144160,159173,400384,342145,836362,393772,999810,260125,775758,194578,573174,200901,497383,231358,505170,247169,462400,266462,425773,321923,427814,409106,487610,557210,569789,721494,592936,640983,428434,477310,324458,508097,285960,491533,256701,349396,154264,133097,61496,30296,18393,7060,9742,6642,9029
서울특별시,관악구,봉천동,2024,257678,129406,1241380,511990,2299015,1231580,5990694,2542989,8086060,4280116,5693764,3413135,3832422,2843675,3448382,2764522,3756405,3050469,3830283,3248147,3544799,3358569,3763959,3951835,4155888,4555394,4394187,5599541,4889573,7629969,3509879,6282913,2920931,4377764,2750697,4112686,2448496,3936890,1386756,2409680,279481,650358,46374,111181,34252,47763,30035,36907
서울특별시,관악구,신림동,2024,363543,179276,1867710,1057036,3110870,2114022,7361104,4420638,9817790,6435621,6602721,5075155,4524534,3968165,4103244,3669451,4457751,3949257,4447989,4176874,4229088,4087772,4662808,4734453,5260683,5457032,5678755,6415123,6296110,8609316,4834114,7352492,3777692,5215737,3470617,4918882,3093650,4572311,1796924,2927138,407473,932926,50934,92432,49066,67086,49029,62625
서울특별시,광진구,광장동,2024,7415,1859,99505,104328,311394,249064,713961,454321,863848,809561,532153,514814,409715,424164,399965,377770,436246,392810,453945,406713,451657,393924,509156,427556,596548,507698,615920,603840,724755,760541,432080,543389,344568,376296,355310,352080,299546,334008,125049,190721,33534,52009,6459,7077,2514,2937,1118,1149
서울특별시,광진구,구의동,2024,40543,19933,321471,173934,781347,718873,1908689,1264249,2688391,2025549,1867846,1441194,1465638,1243410,1361625,1184277,1389703,1244497,1422482,1315470,1406318,1349074,1545884,1566041,1724843,1747301,1887646,2025607,2161369,2661191,1553560,1905602,1195379,1341772,1091187,1159419,895583,1035313,413390,563635,84504,162504,6236,5364,1608,1893,1273,1317
서울특별시,광진구,군자동,2024,21083,8858,74139,64584,106488,86807,216631,144751,298839,246225,227712,208917,170862,169997,164899,162194,183772,173730,195761,190283,189285,196025,196223,215598,213294,231940,237085,255886,257203,304907,193766,262010,147361,198357,137572,188684,117015,181237,73895,115911,37789,57694,11726,9578,9069,6272,5232,3398
서울특별시,광진구,능동,2024,11400,12393,65674,37091,127135,119682,312318,250842,497901,863966,362614,582703,267007,536135,299452,427562,337176,392916,380980,456658,417595,397316,465969,364372,595726,380953,723143,436310,705795,566711,417097,424521,338116,300840,341083,274038,298861,270173,171629,177207,50412,54189,12859,17719,9611,15246,6749,8652
서울특별시,광진구,자양동,2024,79037,39718,370338,125466,739939,675866,1740039,777209,2622007,1394689,1722120,942310,1085849,809182,962924,824499,1026845,933025,1047204,1048279,1022994,1099656,1141182,1305110,1356016,1473259,1435683,1836845,1543310,2587186,1088160,1983363,949948,1362461,852867,1269270,727644,1147727,373596,626687,78464,194974,23238,35941,18645,27590,17365,24027
서울특별시,광진구,중곡동,2024,89035,39642,465271,147997,797316,377974,1785235,775859,2507141,1513581,1617437,1015791,1100810,781973,1000652,763618,1078539,837936,1077391,906071,1012167,944324,1042719,1130465,1233723,1340788,1387690,1616400,1569437,2265828,1047287,1753599,820108,1173801,747058,1074316,591873,981679,307158,575139,88318,238331,15689,45487,9860,17097,9730,16346
서울특별시,광진구,화양동,2024,29235,17579,288628,113493,437693,397795,991639,737453,1606652,1539095,1171099,1256620,840327,1081765,858846,1075277,976278,1202944,1085069,1319000,1169218,1280794,1332251,1358758,1512837,1541096,1806854,1993806,1918448,2702641,1480063,1914033,1485281,1239293,1502077,1128938,1471534,1005279,904816,604494,239930,247778,50375,45917,37249,26997,24040,19698
서울특별시,구로구,가리봉동,2024,54296,57242,76910,77632,71757,72856,144567,186236,210598,370724,150092,257819,115767,142233,112275,129563,124508,131595,124510,130567,123535,124158,136511,132362,158203,149274,217771,187343,249384,190820,165211,142632,121329,108495,111134,101104,86194,94485,47583,57141,14494,23517,1475,4949,1328,4609,1468,6527
서울특별시,구로구,개봉동,2024,127534,50966,500155,239265,1057482,553859,2206670,886939,2161833,1149897,1457048,925474,1143768,819086,1060567,845628,1118515,967642,1084629,989102,1017820,1020589,1108466,1262181,1250596,1507140,1324194,1779048,1410018,2275319,1077116,1814756,802837,1237348,703771,1108379,582159,947323,292680,556951,54794,124649,12249,18099,10127,14728,10322,10636
서울특별시,구로구,고척동,2024,65907,30747,137126,57975,331180,127108,733029,304870,764403,487584,534624,443760,442294,351417,417435,333158,460677,389384,438781,431971,437593,421192,496330,491368,556856,556183,550632,629352,500088,752529,353273,635299,307821,436107,326043,389765,285640,358244,107378,222159,39151,87303,8020,12466,3520,3070,3529,1952
서울특별시,구로구,구로동,2024,422746,192363,2294486,618379,2769174,1524517,6551084,4055874,8051326,8864215,5344315,5652869,3798392,3708894,3588338,3443868,3909990,3531972,3986961,3860754,3960715,3730747,4403755,4244279,5012590,4950009,6899731,6285332,8485519,7962935,4775921,5747767,3627883,3926677,3286936,3934333,2656433,3600099,1273774,2178543,251901,777294,16327,58134,4301,10492,14553,10987
서울특별시,구로구,궁동,2024,10054,3604,38488,17791,77070,58933,196944,261539,223648,200302,133550,94045,101447,83062,106653,81302,113589,91275,98222,91782,83807,99146,145378,128563,181235,151392,108984,150834,100338,193261,67775,174982,53861,123007,63111,108835,38275,96014,19480,61945,3041,18027,306,2614,106,1925,27,1115
서울특별시,구로구,신도림동,2024,47086,92584,110942,282999,221064,392425,585055,868182,737897,1081755,469199,684240,343085,503998,338863,468944,408860,507775,439285,501724,455416,479324,526879,511979,612706,591001,730336,723049,898258,835038,704845,526639,584875,375500,543089,346010,518456,303336,350401,170219,217616,66949,31960,13050,7525,7084,7332,8689
서울특별시,구로구,오류동,2024,74669,32329,360912,106325,697598,267802,1714378,440744,1824287,738397,1135129,514662,824017,432395,733783,455322,771625,545087,719356,591085,648035,621483,689960,772254,747288,921391,742198,1127754,724716,1595992,493225,1355688,368310,885849,319045,785276,244775,693029,139274,439428,39996,130096,10236,21271,6543,7669,7857,5020
서울특별시,구로구,온수동,2024,16587,7293,192399,84105,397285,255297,992620,661450,1063014,864464,590784,480415,410812,328105,392676,322888,437593,358993,418236,358234,409785,361549,462829,433507,571593,520816,621308,620389,742817,906277,506211,692626,338734,445303,310273,393894,240106,344277,145430,220844,32498,78594,6858,16377,2267,5245,4698,2666
서울특별시,구로구,천왕동,2024,10689,633,27902,23889,94114,105486,247826,276959,241940,318396,156140,176956,115444,116039,109028,105257,118937,119138,128087,119178,129307,115038,147837,134478,179735,163659,220414,174422,298760,199459,242621,165637,153669,116872,121000,103037,106883,98519,54804,54826,4457,10421,2,22,0,2,0,0
서울특별시,구로구,항동,2024,8363,798,27663,4280,102832,19023,241179,33618,184806,80367,117644,48678,83576,39167,71205,40687,74544,53376,72531,61652,64298,64500,69253,78297,79356,97088,78588,110794,84926,150537,50161,157003,34143,99026,25450,84982,18412,83881,9152,47134,2035,12431,186,839,5,17,32,14
서울특별시,금천구,가산동,2024,80066,48514,426595,320062,763906,1121183,1894697,4044142,2349916,9291870,1481209,5167660,1028777,1772026,1064282,1244580,1236686,1241288,1344209,1290724,1476706,1178119,1781490,1224698,2466296,1368775,5316843,1742912,7142949,2159131,3278668,1635198,2037163,1057763,1612057,955449,1010075,855021,469409,521809,58297,109809,6463,5794,3729,1543,6300,2546
서울특별시,금천구,독산동,2024,251671,103690,547854,235831,750262,454247,1721043,960915,1968694,1641640,1359245,974038,986143,776724,924143,772211,1008948,822027,983273,865157,928225,905383,998915,1084688,1109108,1227975,1323333,1428761,1507066,1743433,1084952,1538123,747712,1070055,618349,1005713,487943,910198,242832,541231,64124,175028,12969,22977,10507,9198,12019,9087
서울특별시,금천구,시흥동,2024,196016,43035,559163,185950,971849,471719,2159963,1044244,2188345,1512347,1464089,947300,1153330,831598,1127526,866122,1181782,987888,1154384,1042160,1093989,1035352,1213632,1275452,1336650,1471962,1386975,1742097,1607455,2167232,1074459,1821039,799181,1215837,699563,1114613,559127,983483,288919,603741,46641,152837,5491,18566,5425,5763,7283,6477
서울특별시,노원구,공릉동,2024,64388,32896,442946,203461,891947,459551,2211508,974946,2399723,1682264,1459557,1220307,1139095,981961,1113632,1011463,1205463,1012131,1259762,1128803,1198838,1088375,1334188,1205688,1492677,1432579,1543704,1682476,1525585,2215329,1020902,1847143,796084,1187299,740003,1100798,650420,1087097,353763,690758,102597,271708,29324,51258,15960,18862,13456,11553
서울특별시,노원구,상계동,2024,168273,58491,1091275,355752,2414257,1144665,5590967,2564121,5617091,3863863,3672159,3221838,2960120,2639535,2933672,2646148,3221463,2901296,3186385,3047480,3149168,3054804,3431280,3457081,3702105,3981366,3801076,4592445,4012081,5960799,3074911,5035014,2503385,3200244,2200205,2776876,2015576,2547053,1042927,1604101,285469,553738,44142,78630,23171,23473,17312,14639
서울특별시,노원구,월계동,2024,144905,19855,436296,202762,844834,417508,1931203,948934,1959521,1393828,1301570,984109,1084271,852029,1064721,894976,1121497,938771,1114629,1032893,1081835,1014054,1211191,1169206,1383096,1396124,1327538,1535268,1276608,1930200,954208,1578846,726071,1092462,673062,974160,561426,888176,289730,555140,55032,205126,6733,15175,3561,3939,6521,2321
서울특별시,노원구,중계동,2024,50574,19359,273720,128896,653320,318281,1506634,888483,1480874,1039560,965342,733071,760441,598902,744096,617455,847133,712022,817160,767841,757568,739454,838643,854879,1027488,1017901,993446,1156659,964719,1405335,732195,1269367,583225,843414,620040,758671,654654,757151,224448,431640,53662,158471,6329,14069,3528,4780,4205,3374
서울특별시,노원구,하계동,2024,49055,20349,197232,90174,493026,253075,1178483,645765,1249557,847799,822245,613816,662977,495200,645337,482261,695296,585503,672231,633402,662746,596438,756767,664033,861532,764519,814820,856540,769150,1111086,553266,968037,452738,636825,384188,575298,337764,581799,155901,353409,53983,136352,8742,22394,5409,9758,6040,5616
서울특별시,도봉구,도봉동,2024,92595,31007,335542,147404,682329,392341,1570546,839328,1517213,1105991,1011444,914339,801909,856279,766095,799656,821084,822614,880372,782396,915245,748082,982050,827711,1060348,922512,1060132,1030406,1127595,1262119,827067,1147570,552233,751273,445858,647281,354301,568590,199253,355814,64586,153888,15227,38637,9865,12854,17794,9523
서울특별시,도봉구,방학동,2024,77092,23310,348387,80439,556211,189429,1230951,341952,1176025,718300,852127,485317,713373,467562,686705,475354,740073,556745,700768,584449,659836,627544,696051,760373,735161,878352,739588,942243,743548,1085559,514881,1034479,393447,710201,325026,614861,243536,570847,120877,359857,44453,148187,15156,36476,9620,14758,10719,10887
서울특별시,도봉구,쌍문동,2024,154968,32435,241705,183903,480911,436132,992233,943865,1061574,1185179,770623,774150,631949,650916,609606,631310,626572,659927,623065,685229,592237,682325,659974,756651,716080,852672,699262,883599,665520,999106,495939,892571,369731,650222,301447,563265,259848,516154,116985,325034,30572,99531,10569,18840,9092,4245,14716,1893
서울특별시,도봉구,창동,2024,72301,25215,671778,169967,1503587,557069,3450946,1099754,3630251,1858737,2393003,1400580,1892365,1260037,1815534,1286904,1891566,1486282,1835231,1640277,1753810,1694118,1914267,1999249,2140551,2311901,2204077,2693736,2399005,3521162,1817287,3079844,1328024,2041529,1154529,1792960,996155,1668601,551126,1034762,147056,364591,14163,54220,4929,20040,3178,16109
서울특별시,동대문구,답십리동,2024,55255,19286,254180,119558,489858,284046,1244005,531393,1611549,1019094,911330,587911,642580,441969,573403,438981,620989,491813,614431,548896,571186,531803,595988,626756,684798,736827,793204,887704,897588,1239538,557045,886293,387785,604820,325881,538474,267779,499856,137303,288724,30219,84616,2691,3510,1376,1197,2931,2280
서울특별시,동대문구,신설동,2024,20691,22337,196669,113188,209971,249296,467803,596785,735072,1216458,506417,798672,461633,582488,512337,531798,576685,540863,625549,566734,630209,508091,700947,523231,809107,555179,1042416,613026,1260265,731992,586176,522695,420063,385966,381543,372026,294940,338824,159067,228494,57742,91531,20353,25887,13596,14250,11236,13220
서울특별시,동대문구,용두동,2024,32406,43727,143114,149414,224441,223568,497791,396639,717853,747621,497134,524190,472491,483706,511861,511427,560711,535544,590459,577419,619943,580498,672020,621640,731093,627529,808578,652566,846478,726363,515683,523813,379376,390976,338648,375403,260992,343238,158572,218718,65697,97734,12943,31086,8278,15818,7862,14691
서울특별시,동대문구,이문동,2024,59876,26076,217484,140516,373764,342696,916933,310807,1039158,680784,668256,433485,537592,471417,535460,484051,573010,492783,584039,489657,577142,529646,633928,591156,774479,678581,798270,776195,636392,985088,440873,779476,341713,566834,326869,538520,271394,532627,129174,347982,28800,124853,8710,23690,5169,11347,3952,7904
서울특별시,동대문구,장안동,2024,48854,22106,294679,160916,662834,527901,1600954,987768,1992300,1881288,1192668,1012684,854483,763768,797051,720191,874712,781214,888111,816341,857674,809531,929900,935874,1129235,1130757,1373323,1366659,1772426,1841666,1104615,1463595,717261,959569,630979,869043,560091,800694,266089,483193,68195,155776,5292,9164,2448,2889,4551,4011
서울특별시,동대문구,전농동,2024,98107,58358,437958,250091,729548,589024,1784904,1066088,2296166,1655798,1576907,1574057,1465473,1487808,1535193,1704612,1746655,1712476,1798773,1738541,1827180,1803339,1970920,1857411,2317103,1931169,2181590,1988413,2154431,2427915,1530415,1767240,1350809,1150180,1016535,1104479,778329,912613,425048,536017,127756,189585,25328,32522,10114,17909,10044,14737
서울특별시,동대문구,제기동,2024,59615,59687,180519,161200,295934,321266,614199,641043,898978,1133185,701812,895972,722418,910999,849285,965343,966946,990520,1032660,1030030,1091255,977316,1178792,894241,1198290,858633,1141080,772692,1040608,758039,636419,548899,449992,407470,371681,378323,286947,353134,169592,229963,57517,86977,9183,11076,5183,6794,5072,7112
서울특별시,동대문구,청량리동,2024,29063,30227,60912,91040,105659,156518,209760,310126,275282,461383,203238,356071,173346,303836,181396,293377,205286,305056,207440,305241,211709,283733,247180,286315,271901,302089,282606,315123,297928,315077,202001,232723,142979,167969,115533,149275,92171,132201,50024,82219,17755,29450,5084,11870,2058,2645,3694,1936
서울특별시,동대문구,회기동,2024,6099,10563,16021,22673,32545,72002,87905,197185,127137,330721,122753,220278,138912,212277,159258,168272,141269,154459,142539,202928,191849,178957,226480,144837,246550,148862,256815,168645,158514,185608,109389,132666,105457,98802,111580,95923,94255,81985,36356,48320,18475,32456,5406,12520,2064,4333,1715,3058
서울특별시,동대문구,휘경동,2024,58545,45393,263399,188801,523837,402800,1287704,896709,1736753,1415489,1200177,1025889,1017035,865244,996981,801744,1048520,849684,1052912,908957,1036830,901721,1172474,955493,1345671,1096906,1441678,1305886,1302746,1606927,865012,1226518,703530,866782,713695,852135,628350,865585,328229,529373,73502,166526,17863,35333,7413,16680,6073,12853
서울특별시,동작구,노량진동,2024,62160,58579,403870,279977,648337,589159,1536115,1464568,2096134,2132779,1331486,1377892,1017187,968176,1027937,1009970,1124401,1099768,1236863,1161777,1179447,1085868,1233183,1187380,1414596,1409630,1734350,1814538,2019818,2372789,1439847,1563023,1276906,1100734,1372312,1046237,1416237,978692,634753,572930,117340,162375,24477,29366,15907,19869,13691,16267
서울특별시,동작구,대방동,2024,15166,9943,199404,93578,451723,238186,1175537,573994,1593279,799702,1010490,575740,701162,459839,642162,450350,689172,504132,660209,534530,641967,553997,685426,643993,790383,763108,800570,929508,869325,1278349,571289,954818,444767,644854,409316,610094,356160,549547,180252,327240,31193,90547,1009,1959,643,1078,384,876
서울특별시,동작구,동작동,2024,2968,4727,35729,32996,74383,93485,198659,137165,236590,226705,164252,158127,136593,140218,145817,118741,158827,124213,152069,141950,157479,142074,169299,145165,195306,154469,226989,178381,234272,225812,135036,168451,110983,129128,102778,104321,83018,100829,40775,59349,14403,26100,1194,5381,23,28,41,45
서울특별시,동작구,본동,2024,4401,3989,76734,32085,116327,57232,330661,134440,408541,191238,251089,133319,188384,120252,166430,126278,177981,150108,180587,164638,172664,185843,178128,223549,211861,269476,242925,338533,278333,441264,197837,329293,160026,243212,146194,225956,122575,211056,61955,120654,10334,30980,851,5175,414,2709,422,1701
서울특별시,동작구,사당동,2024,16700,7428,485285,158209,1226447,918498,3039566,1422693,3978775,2558798,2844789,1891494,2056126,1623179,1965822,1791248,2152238,1866016,2232528,1938483,2265358,2006862,2431123,2385615,2680168,2895259,3059047,3840285,3607949,5188460,2590305,3587902,2270970,2324349,2277941,2118108,2067343,1966832,1145984,1145168,222664,308934,35092,37600,18813,14457,14783,10463
서울특별시,동작구,상도1동,2024,9139,4568,115331,56364,251129,129245,630664,226338,824062,501386,601807,387223,454634,364876,420534,331674,458898,351023,445562,359339,433382,387242,449525,412276,501739,474522,559501,579569,584718,783653,378057,580941,308967,421852,294399,393938,250117,385013,143208,252869,25879,59956,1878,4114,1144,2247,850,2161
서울특별시,동작구,상도동,2024,75500,22641,415448,172014,845673,418773,2093951,760685,2587803,1561626,1790053,1184087,1339298,1138561,1259418,1087107,1328995,1108014,1352541,1232359,1315365,1267034,1346788,1420091,1580181,1653815,1705294,1920552,1598045,2537369,1144445,2050573,903190,1479078,826537,1397235,705091,1377122,383189,829946,73989,217229,11870,32001,8013,20973,8433,15617
서울특별시,동작구,신대방동,2024,30312,14606,104179,69090,209916,173764,553024,500597,624582,1093937,487903,576304,421218,394969,415742,336209,424479,355535,413470,403641,442881,397186,500214,389062,536885,409924,678340,471900,802230,589191,381052,450776,298923,304463,235543,277162,198494,244586,84406,136895,18734,41023,3832,6197,2384,3897,2343,3270
서울특별시,동작구,흑석동,2024,6935,4848,119636,81045,247917,219541,672496,443688,740710,805361,539436,592596,490182,570927,505598,509182,553463,561678,557446,565093,599462,556750,656730,541826,739289,597415,852105,717372,722583,892004,517086,671833,430982,504792,419782,455007,389254,457315,219720,291707,45847,83114,1128,1588,273,84,63,0
서울특별시,마포구,공덕동,2024,15950,11876,132321,102907,276087,316620,817040,1028285,1229798,2441307,757253,1278663,615680,664188,657499,651841,702560,639786,767539,668787,737611,643968,839640,690323,965277,832916,1512290,1140320,2139103,1540262,984810,911088,794164,610733,778805,564074,610086,516534,292437,315743,63098,101408,8918,10439,3974,4826,3813,3059
서울특별시,마포구,구수동,2024,0,0,691,278,4470,3190,14686,6409,20210,10176,14084,9433,12564,8916,11832,8675,11705,10007,12437,12096,11850,12780,11518,14476,11248,15314,11942,15843,13188,21021,9592,16818,6431,12399,5296,11048,3949,10978,1714,5037,884,960,3,1,3,0,0,0
서울특별시,마포구,노고산동,2024,18332,14848,48371,77742,85118,150845,176424,292628,274032,461996,241340,422178,221177,346842,243868,332544,298218,353622,324971,380260,321536,357301,349064,359479,406526,386666,440265,423600,474354,463271,350997,331278,308856,236533,317658,215322,297010,187407,138933,110962,45222,44968,28995,21932,18205,12450,13875,10712
서울특별시,마포구,당인동,2024,0,0,0,0,58,3,339,12,261,10,264,53,300,23,299,34,271,34,295,42,337,47,428,69,441,50,286,46,339,41,166,35,134,25,105,23,53,15,34,9,0,0,0,0,0,0,0,0
서울특별시,마포구,대흥동,2024,9933,9591,115574,60436,267048,209663,734261,507891,1020883,1188621,671352,967438,549763,815013,567579,624296,692757,699337,761037,784735,694334,644689,801257,680592,927296,751235,1130535,896758,1105636,1145544,657398,800983,558561,563752,567989,544658,488753,537844,191418,366117,41328,106570,4691,11421,2265,6099,1887,5018
서울특별시,마포구,도화동,2024,11416,6276,104849,71407,250366,238195,720916,570041,960188,1523767,609038,814978,532609,470541,537526,507439,559483,492224,581397,511090,566814,494256,607730,557056,696944,685866,981723,952416,1384988,1240248,689539,789510,590875,543361,601943,499056,484629,449995,229970,265395,38287,68299,7388,5185,4052,3137,3173,2890
서울특별시,마포구,동교동,2024,76113,43558,500341,189481,608047,543405,1180489,1219414,1640447,2479254,1362628,2751781,1237891,2319398,1380451,2663053,1615864,3066075,1890967,3315822,2103574,3086958,2531439,3153584,3079245,3355708,3643164,3774797,4189605,4337709,3546259,3109380,3430449,1960667,3882537,1591163,3742983,1336782,2030702,902662,445262,325601,99250,72539,49939,30860,36529,22753
서울특별시,마포구,마포동,2024,0,0,265,2289,1387,9025,5359,33515,6927,45342,4353,24287,4127,16343,4221,15538,5182,15683,4900,17023,5060,14696,5429,14375,5893,16295,8451,22627,9853,26405,5652,13465,4151,10039,4086,9699,3605,8234,1813,5614,437,1226,1,2,0,1,0,0
서울특별시,마포구,망원동,2024,13471,1053,44773,9243,105718,37953,257327,79607,321095,130486,233769,117540,182227,115459,172964,128488,196806,150305,202873,164963,199974,173541,204534,197925,215000,218179,225993,237782,217713,292450,175122,251353,139541,180299,117997,162383,92660,158304,48772,101190,14146,35092,4086,3157,3237,763,1582,247
서울특별시,마포구,상수동,2024,2233,658,77467,17117,94510,48835,143277,86402,191467,314595,144871,400571,117705,273443,127467,246910,168307,280622,199829,303844,209599,279580,235709,271531,297957,306277,349216,371322,402671,478179,301058,330648,280093,222384,318608,178902,321291,169208,219617,131013,42775,45123,295,334,4,1,0,0
서울특별시,마포구,상암동,2024,25423,16391,231828,160626,617531,531138,1602623,1589975,1961564,3315966,1259230,1945905,800721,886910,760724,729710,809229,791434,844422,831936,838049,767430,984146,851066,1235983,1053683,2100813,1397263,2850777,1803920,1490674,1311492,944258,846107,803740,755444,692793,713638,335101,441910,83568,180664,8056,15392,5065,5656,5611,3209
서울특별시,마포구,서교동,2024,39312,16047,255988,103433,462123,369284,1045204,770281,1392673,1985679,1031010,1889787,797780,1340932,851825,1359938,1032799,1465239,1138794,1636533,1206932,1511768,1314113,1570943,1531310,1765887,1903259,2101131,2517865,2623644,1790764,1872239,1516798,1097652,1600365,922555,1462159,804313,839732,549019,227655,184722,62892,35305,40378,18374,38248,16976
서울특별시,마포구,성산동,2024,33237,17308,230106,89292,508865,284102,1375146,569033,1810903,1104990,1157252,813912,861525,692282,850314,688576,904982,803342,902269,907627,881081,922813,966686,1052579,1111584,1116617,1146392,1313648,1331113,1709266,798124,1281300,597450,834504,616505,735511,611294,719079,199250,442424,38529,124144,6201,17048,3797,9128,3515,7370
서울특별시,마포구,신공덕동,2024,4864,4920,15156,15586,37656,21495,92130,51225,152200,88804,95948,61440,78845,52445,76972,55885,84365,60231,88914,62669,85258,65257,89352,76640,98516,89659,111404,95425,148059,115028,116094,87856,93076,74087,88844,71205,80137,70512,46792,35821,12274,9960,7341,6490,5039,5287,3999,4769
서울특별시,마포구,신수동,2024,2743,2448,11201,9163,32827,23772,93310,61118,118566,120286,85678,99766,73770,92420,77358,79593,88063,82074,113598,103572,93415,92723,104591,97236,123186,113052,127677,122699,118589,150718,80300,106454,67018,78286,74831,76474,79157,71453,29968,36863,9806,10733,1361,2087,666,1219,483,832
서울특별시,마포구,신정동,2024,0,0,34,38,32,68,279,210,253,242,150,283,264,245,139,211,204,337,214,314,173,331,172,356,180,391,267,480,276,491,140,428,155,364,376,397,132,276,72,142,0,0,0,0,0,0,0,0
서울특별시,마포구,아현동,2024,17585,10334,151889,61575,339739,165228,940715,370989,1311756,782846,749985,480928,543120,357162,520889,341333,558591,376985,541387,431112,498586,449574,542019,503432,610751,568770,642596,733018,739550,976086,413788,689717,310397,490125,254626,469910,200005,440531,89089,255282,22969,89834,3508,14821,2360,6883,3051,5135
서울특별시,마포구,연남동,2024,11941,11312,20988,20832,41357,35071,94992,92711,120746,112074,104764,107737,83974,92725,78039,94690,88411,98488,95147,99574,94332,95188,95550,102130,100324,107947,103500,125353,109511,132532,84630,98273,64605,61958,63117,51684,47904,46964,20680,25464,3469,3924,1796,1667,1233,1430,623,778
서울특별시,마포구,염리동,2024,1381,4340,8804,9431,22201,16138,54143,70277,64450,74569,46431,43672,39966,36512,43056,38067,51657,49964,56612,59627,49859,51330,77898,55927,80860,67505,64064,74838,63043,83479,49781,66990,41876,52171,45246,48035,42417,48218,14306,25624,3146,5020,741,1575,621,1109,455,832
서울특별시,마포구,용강동,2024,0,0,3434,1076,14165,5575,32191,12211,45528,25341,32394,19532,26059,15821,24156,15546,26308,18311,28654,20535,28764,19948,28913,21819,30464,26575,35940,28945,49829,38745,30968,28436,23831,21934,25321,19236,21622,17707,12208,10976,2153,2583,1,8,3,3,0,0
서울특별시,마포구,중동,2024,540,684,4466,3402,17884,6478,57190,13367,54467,23095,39800,19858,31491,19044,29475,21748,28682,25971,26794,30698,27506,35067,31925,43268,33634,53350,30453,57885,28302,76552,18483,67129,13565,52273,10323,50853,9993,52697,4318,29575,1065,9787,189,1775,64,744,40,539
서울특별시,마포구,창전동,2024,1858,1460,47270,31344,139803,84821,389507,210029,535913,459478,338822,292900,243344,198486,238285,175173,257032,193528,232758,205400,222274,211052,233232,234237,265931,260890,344152,353240,438552,496608,231827,340850,161500,224397,150686,201412,110524,186955,47396,102052,6493,24899,35,75,0,2,0,0
서울특별시,마포구,토정동,2024,0,0,0,0,2,0,7,1,0,0,0,2,4,1,0,0,1,0,0,0,0,0,2,0,0,0,0,0,0,0,0,0,0,0,0,0,0,0,0,0,0,0,0,0,0,0,0,0
서울특별시,마포구,하중동,2024,0,0,426,207,1284,284,2498,368,2258,582,1530,783,1994,575,1666,574,1447,799,1787,1061,1805,996,1544,1334,1581,1581,1747,1509,1466,1430,1050,1401,846,958,1272,1198,855,850,503,559,159,112,2,1,0,0,0,0
서울특별시,마포구,합정동,2024,22717,13582,80122,84346,148440,191206,315988,428454,492878,887196,369667,682530,302694,498063,336153,511081,411142,546550,463388,581547,501529,530977,558418,557352,629677,647409,769161,770571,1022291,985914,783811,659691,709737,400454,767511,342105,714265,309331,460772,206813,157916,72139,37409,22714,28872,14872,22978,11053
서울특별시,서대문구,남가좌동,2024,65517,34555,136772,61343,311338,116959,700391,226941,711896,431944,530069,342601,448903,372593,442416,343976,468726,353898,474544,400737,460336,406622,492810,481589,552222,533671,537836,564756,509733,669136,370621,609422,281998,430145,251458,410969,211177,413419,105672,265662,35460,114389,9433,20595,5709,12728,5241,8782
서울특별시,서대문구,냉천동,2024,6426,9909,8396,10847,10174,16240,18595,59014,31174,87947,22667,41931,20108,28464,19744,24008,23435,24507,22967,25226,21877,22691,25547,23004,24733,22875,26031,25955,27833,26545,19166,15997,14866,10952,13683,10037,9658,8246,3415,3777,432,516,270,351,147,393,73,511
서울특별시,서대문구,대신동,2024,1913,2867,10862,40783,34142,76071,70488,232598,104121,402540,103274,302060,115870,212750,122956,151452,156818,187802,204546,203537,173877,146915,277141,133380,309395,119074,351901,123928,277816,128031,150150,99297,122187,82749,126979,96202,98650,89428,41031,58699,9066,17198,395,1070,1,9,0,0
서울특별시,서대문구,대현동,2024,4334,4235,17661,26858,36227,38228,89998,72873,143921,138729,117746,139848,94883,125290,96849,116476,125531,132557,135412,145170,130162,134594,144860,146247,150445,160146,185463,179897,205053,212814,155498,149311,129248,113651,132829,109552,128825,106294,74914,64114,27920,27308,4664,9950,1690,5194,1635,4488
서울특별시,서대문구,미근동,2024,0,0,1070,4410,1330,4466,2717,9737,3351,17833,2747,4732,2613,3547,4716,3820,3183,5022,3318,5227,3702,4168,4487,4432,5407,4555,6768,5463,11698,6543,3580,4254,2924,3172,2419,2847,1959,2740,833,2106,178,694,0,0,0,0,0,0
서울특별시,서대문구,봉원동,2024,0,0,345,37,501,2431,1635,2663,2414,5008,2485,8824,3763,7726,4362,7155,7061,6453,5538,7251,5528,8538,6855,6881,8306,4981,8885,3501,7440,2861,6336,2572,5522,1544,7005,1798,1962,1607,51,919,0,27,0,1,0,0,0,0
서울특별시,서대문구,북가좌동,2024,73003,15047,112759,35087,253548,80965,521138,154230,528151,227893,374320,175012,294073,176282,273164,187893,273334,214378,277156,229615,252379,247017,258846,310144,279752,363500,280634,370250,291852,434252,213916,377767,147678,274907,129539,258669,110009,254983,62497,144280,20250,61836,3131,8911,18,81,0,0
서울특별시,서대문구,북아현동,2024,7420,3475,31720,18895,99728,70009,206342,144639,265992,196479,222535,166629,194701,165006,186212,166682,206275,193371,207884,207663,201500,223652,228716,260035,256974,293406,255157,331537,269148,405178,211817,326971,163766,262067,149538,256115,132558,247498,52352,116481,18500,30831,7195,11288,4354,6477,4237,5496
서울특별시,서대문구,신촌동,2024,1954,7256,16659,64854,35220,81946,50876,199868,61782,298202,67350,223359,80195,143815,87821,111221,98294,122930,94065,157640,125306,111780,154211,99499,208701,98339,262652,106115,192494,111974,121449,79190,90763,56676,105699,61312,124819,40153,58159,28260,15408,11056,355,665,0,1,0,0
서울특별시,서대문구,연희동,2024,51896,40259,173988,126964,317690,236660,645547,423511,825343,822677,698679,656655,607309,587548,614936,632346,690376,708378,733684,761530,738941,765112,803184,849428,911563,954037,946654,991150,1033182,1123298,738902,937576,573852,683382,561522,662560,464065,649505,268150,425296,82858,156880,8451,13133,2580,4333,1638,2847
서울특별시,서대문구,영천동,2024,33378,42295,41302,45677,62344,67343,105819,132886,140918,182451,125205,139378,92253,100047,88139,90147,93469,98670,85985,96312,80208,97432,83962,110560,89490,128964,88142,123290,85370,118868,55865,81485,39512,61870,31196,60256,24658,55068,10124,24612,1267,2415,641,829,666,655,224,540
서울특별시,서대문구,창천동,2024,37909,42948,196884,214922,362336,413498,799889,871317,1301135,1758142,1012290,1865330,929504,1442198,1066262,1350715,1316849,1437143,1428767,1585729,1481650,1383880,1693121,1365964,1998466,1501562,2291185,1817723,2328332,2212424,1765389,1489580,1731843,976192,1872955,883705,1876416,779580,1026863,507735,300582,176853,69060,35237,39095,21822,28942,15899
서울특별시,서대문구,천연동,2024,0,0,447,5,3675,1699,7880,3622,10311,11749,8978,9454,7845,9056,9823,11463,11903,11253,9527,10938,10371,11605,10140,13993,9537,14949,7843,15155,6092,17065,3958,13883,2868,9589,1843,8635,1746,6612,763,2205,36,127,0,0,0,0,0,0
서울특별시,서대문구,충정로2가,2024,6383,26210,50451,59603,100381,285672,274111,1072939,384841,2413662,279551,772744,270313,397897,320429,362958,326064,347383,322406,400322,374031,325918,476188,296625,600087,312682,1049993,364451,1579892,442684,473675,264745,375402,191066,337999,189266,238855,154637,91984,88772,16639,31124,1873,3529,1125,2157,828,1787
서울특별시,서대문구,충정로3가,2024,12613,19091,78240,52209,160914,165813,373006,632555,567705,1396520,378885,638333,295688,311081,336466,307563,336644,309953,354181,350674,372343,343997,397094,348455,472486,393033,825460,485967,1176548,611717,457323,420875,333917,316397,308398,310485,231210,281215,122374,173435,41444,60423,6983,10265,2857,5909,2413,5027
서울특별시,서대문구,현저동,2024,13319,24618,30053,40916,66641,55633,158988,115816,213116,151056,167832,133626,120804,100296,111091,85935,120941,92274,115202,98823,102968,88952,105531,95367,108428,98296,106819,97697,97395,104116,64705,86980,49191,68649,42526,64008,33765,55881,17316,33730,4372,9383,871,1109,356,524,372,573
서울특별시,서대문구,홍은동,2024,48304,21208,174080,72203,380715,168753,837517,426568,922699,589124,670685,464428,556717,386670,536526,400149,563215,437844,556890,499809,588557,499330,710608,581408,746898,650782,673069,693571,598221,796796,409443,725836,317651,553358,284007,521087,238115,505716,110982,301561,27681,96310,4046,14067,2644,9403,2995,7205
서울특별시,서대문구,홍제동,2024,76708,22482,309271,129915,724855,389364,1775234,743325,2043654,1192574,1453393,999709,1163470,877683,1094164,860598,1158155,917473,1114560,975093,1087876,1042327,1148726,1252582,1252369,1433724,1297983,1591551,1339709,1965870,966231,1587495,728335,1079028,634342,987267,517863,870188,261234,504323,65616,152339,9996,19017,5283,10262,4308,6424
서울특별시,서초구,내곡동,2024,2045,1964,15694,12753,38774,31638,99830,86742,103468,147349,72643,44103,53723,32715,47747,33733,48354,42088,49916,47259,46434,46440,58912,57713,97207,72401,145341,78504,98670,95735,42790,89773,28393,70124,20490,61003,15677,61182,7497,37460,3027,16349,614,3585,4,8,0,0
서울특별시,서초구,반포동,2024,28788,35074,186289,321348,468068,1247341,1314443,1910003,1953908,2722179,1871943,2550936,1686967,2303343,1863240,2316500,2116417,2273971,2263246,2409350,2457619,2413104,2923278,2453393,3325910,2504101,3647260,2685543,3445137,2926796,2666678,2009627,2734503,1344487,2068583,1151586,1525399,953100,597212,474506,142845,146929,31189,29402,18665,12711,12605,11653
서울특별시,서초구,방배동,2024,86761,41933,386753,335950,1039283,1136360,2561542,2263171,3513673,4231193,2594149,2970256,1881410,1944456,1747745,1851736,1908686,1919581,2001629,1911826,2036080,1876300,2192449,2076153,2532159,2386207,3041914,2959685,3692571,3696372,2114869,2488314,1678347,1658520,1655660,1520915,1409081,1406827,632637,757064,132722,232120,24068,30367,12574,11042,12582,9168
서울특별시,서초구,서초동,2024,51794,69693,369562,683511,1248575,2767125,2915388,6574235,4185447,12983723,3322070,9305824,2752590,5224141,3068886,4327376,3381074,4180525,3918930,4395124,4254235,4007438,4865476,3915178,5747645,4182510,8584093,5013068,11240206,5602384,6263300,3788902,4880775,2478979,4879717,2233179,4130471,2075957,1931931,1155309,563983,377290,136847,86434,71447,40432,44806,36945
서울특별시,서초구,신원동,2024,2492,1447,20588,10773,56205,48436,151695,112818,185104,216116,175194,224168,132960,175895,115236,146974,124325,134451,159489,111429,187722,115398,186157,120122,182101,136301,184144,162809,183979,187742,113752,147000,87852,103376,67688,92561,40690,83234,13780,39849,1165,9591,0,0,0,0,0,0
서울특별시,서초구,양재동,2024,24387,13589,142530,197569,511575,744792,1320040,1965240,1892498,3402519,1381385,2163686,958421,1301083,929801,1144481,1049672,1131643,1143102,1151684,1215458,1073913,1426333,1119480,1741406,1263905,2481578,1633342,2951932,1923612,1725170,1295581,1313721,884001,1216165,792189,973251,694305,499239,395604,137642,136358,16988,23700,2432,4112,1043,2249
서울특별시,서초구,염곡동,2024,3267,4899,10032,17834,27677,46708,62244,162619,75246,198439,49909,63525,40507,32513,48538,30447,55583,36354,45449,44880,50118,31348,68305,31917,108872,38440,206540,49500,178353,46913,72534,31964,37452,22672,23837,19264,17635,15997,8183,9963,2520,3527,295,887,437,359,320,575
서울특별시,서초구,우면동,2024,4650,1719,64909,34187,167445,101780,402693,179738,411434,310020,309652,214852,234071,150038,212256,126553,212662,145131,207605,158950,192376,172018,229450,226887,276078,256863,290799,269617,283437,335486,159349,312923,106999,228008,87438,215490,64818,218233,27846,115135,7517,34242,1443,4464,105,794,0,1
서울특별시,서초구,원지동,2024,133,376,580,1366,2079,5341,3681,5841,4538,11266,4282,11793,5711,10555,6756,10600,8795,10152,10080,8902,10736,8795,10472,8023,10762,7688,8963,8223,7325,6695,6368,5138,9889,3906,4464,2858,1939,2799,335,1142,9,44,0,0,0,0,0,0
서울특별시,서초구,잠원동,2024,33555,48128,195343,309274,429194,805922,1110072,1004699,1381902,1430042,1094401,1367691,918992,1278018,988145,1346659,1127260,1415921,1215057,1465388,1279931,1497986,1469607,1580612,1711735,1710916,1805721,1862893,1776215,2091615,1421217,1493997,1243295,1065685,1089349,973168,943522,961979,423622,463508,148005,156905,31021,30763,16715,16149,11887,13727
서울특별시,성동구,금호동1가,2024,1850,850,47954,8938,151410,58186,381937,156333,517527,241652,311803,163411,226574,143068,208671,154915,211056,177056,207987,196174,197635,212790,195172,262834,231392,301106,222642,362578,224996,487271,161802,357434,114070,246218,89602,227968,69051,204821,29294,118403,5240,29596,3,85,0,0,0,0
서울특별시,성동구,금호동2가,2024,0,0,3640,3150,19840,14039,56341,46332,70965,69032,54285,42055,40980,38355,36874,39640,38744,45091,40366,48841,42552,52911,45441,57784,54381,70728,50162,65315,58744,80084,46339,69701,30164,48342,25794,41260,23206,38470,10663,21584,347,694,0,3,0,0,0,0
서울특별시,성동구,금호동3가,2024,7995,1511,73669,15727,164717,66590,412711,149181,573933,251147,367835,190296,252689,159667,229505,164455,230342,183802,213796,202241,196794,219234,198381,259814,214350,298369,229241,365370,239545,484236,180064,354409,129669,246359,104257,218872,85470,203476,39006,103152,4831,24514,16,48,0,1,0,0
서울특별시,성동구,금호동4가,2024,9756,1585,29625,11172,60733,23069,162635,43601,219379,71346,152361,65048,127060,69969,123959,73199,131585,81751,136628,90357,131437,103771,136196,124529,146942,134543,158079,142002,169854,173016,127349,159087,91904,115300,82144,106421,73103,101805,36801,48525,6511,6143,26,35,0,0,0,0
서울특별시,성동구,도선동,2024,3693,10032,8512,23742,16743,23458,43631,44712,80779,82636,47783,52612,34930,39041,37591,38732,43717,41689,48368,43884,46659,41924,49678,44978,56627,51209,69946,59692,96150,65926,79882,43342,59311,31545,56891,27138,52197,24618,32989,14047,11863,2770,116,35,0,0,0,0
서울특별시,성동구,마장동,2024,15353,22308,71660,72503,137554,152853,321872,259418,406342,450386,280573,282331,218893,214511,216113,201183,240232,226379,235762,224232,234223,206319,254711,232707,300803,264812,321509,319820,319456,406970,219599,284575,165502,204341,144897,182227,110289,171109,44889,93834,7305,25766,35,220,1,5,0,0
서울특별시,성동구,사근동,2024,2368,1193,36406,8271,56587,38401,135765,50578,209463,84940,132742,91248,101358,72032,96497,59175,102940,74678,101143,84306,95719,81484,103284,90630,125733,104904,125715,121652,96504,174835,63125,132365,48283,102627,38210,114329,32206,107748,15894,66981,1737,13590,5,51,0,0,0,0
서울특별시,성동구,상왕십리동,2024,3696,1928,12765,15155,22433,15781,47478,33800,60413,47131,40596,39005,33231,39160,31054,36686,35855,40185,35527,40314,35190,42378,33656,48535,36451,55909,40707,61279,42586,75404,35117,65419,27097,49660,23866,46146,21987,42946,10572,21005,1937,3796,642,1524,370,1148,230,621
서울특별시,성동구,성수동1가,2024,19682,23842,117352,108599,225012,391138,496420,956313,751843,2499818,525559,1845101,413829,1074041,478744,935218,599644,958820,717202,1021557,858722,971100,1069876,981214,1339510,987275,1937197,1058123,2685259,1226462,1559450,762388,1117221,433423,954311,358439,622096,324213,235751,186218,40027,59427,5173,7052,3444,5206,3789,4453
서울특별시,성동구,성수동2가,2024,38553,29525,159299,130321,230962,510901,507487,1040389,732003,3344381,581684,2114740,461005,1266490,495467,1149862,633526,1190181,787672,1250648,958376,1238500,1162856,1223120,1445834,1198066,2190412,1220684,3460997,1268672,1852531,795728,1432502,444072,1180356,353797,805406,307966,336519,220006,85823,108653,16538,25089,10579,12210,8050,10226
서울특별시,성동구,송정동,2024,10042,2662,25364,16885,45402,25953,86282,42557,113143,89694,79966,59307,60020,35691,55013,30473,54801,31983,57768,37843,57930,38388,54728,41277,58869,43129,86300,48245,101627,58404,53556,53797,33989,38834,28244,37092,18990,34006,11264,19678,987,1547,4,12,0,0,0,0
서울특별시,성동구,옥수동,2024,5772,1471,58300,24917,170179,107693,417875,224432,590091,386272,423216,276220,323218,224109,301979,243954,312868,269941,322778,295344,334995,314348,351101,363303,376150,408669,414710,503497,440618,626520,324336,474191,246452,327461,220962,294583,165026,268947,75381,136212,7587,29215,10,34,0,2,0,0
서울특별시,성동구,용답동,2024,6125,10234,70610,64666,103511,97865,207239,141033,317132,283534,186661,167771,139421,140460,136727,137503,145794,149345,152656,158662,147100,165656,163661,191484,188919,221430,234206,268225,282800,357847,189368,254163,130763,176633,116576,172277,101952,153743,65728,96164,25423,39419,4426,11150,4405,9007,2123,3024
서울특별시,성동구,응봉동,2024,5891,2222,35421,12597,93052,32540,224455,50431,261629,93400,174188,59215,129726,62661,113374,70137,108686,88272,106242,96740,103003,108189,114442,128859,120532,156664,108348,174613,97923,225127,67962,209030,48701,150966,36643,135799,28117,129225,12426,69879,2480,13824,1,4,0,0,0,0
서울특별시,성동구,하왕십리동,2024,14219,9693,115514,54438,256846,137539,687100,292433,1017779,609765,619054,405764,436456,310855,390694,303760,419042,344904,401456,365852,371931,387331,394018,456917,417485,540809,478409,692492,500734,952966,372799,681391,256889,470250,228717,435021,172372,407139,85704,240110,21303,74910,7614,12353,4762,6862,5224,5891
서울특별시,성동구,행당동,2024,69249,41058,336587,167505,614031,532163,1526754,1024289,2270600,2237718,1454113,1720940,1113926,1452770,1194152,1226944,1389759,1503892,1472759,1488260,1532137,1456267,1780641,1532577,2073740,1722935,2335519,2164297,2342988,2879561,1668128,1920238,1468970,1270038,1541783,1115346,1390116,1012446,731415,594781,155594,215925,16602,17410,10633,7633,7686,5977
서울특별시,성동구,홍익동,2024,243,973,3029,6186,4577,10754,9479,29095,13617,48408,12292,30740,8525,21756,7878,19367,8546,20428,9621,20979,9181,20262,10132,21685,10256,23372,10431,26511,13110,26146,11148,15801,7725,10694,7902,9920,5935,7973,2679,3137,839,301,0,0,0,0,0,0
서울특별시,성북구,길음동,2024,80064,81243,267778,143691,685388,332454,1638286,647405,1745028,987408,1059863,730345,798154,625886,740097,650187,780682,692660,766900,757821,740989,778875,807517,894422,907515,1052165,942488,1247747,957383,1577017,648165,1258288,499509,853718,402388,785121,411216,773706,185560,454435,54888,149999,10821,22947,6056,8735,4846,7194
서울특별시,성북구,돈암동,2024,78387,42988,116980,69110,224827,115554,512567,299809,634618,397920,451619,251580,380158,223291,356704,241529,366282,287056,354649,315446,345646,328671,406093,411197,437472,483585,437737,520796,476252,593407,370327,491001,269250,384255,246621,359718,256140,352298,145968,220838,38763,81783,6231,16718,1793,6780,1750,5867
서울특별시,성북구,동선동1가,2024,31330,34390,41970,45952,51739,52700,110718,115662,186106,182564,133403,159899,130628,149678,150351,172893,178937,186111,188495,195498,199590,206427,228250,234382,256186,269843,280011,305582,303904,347493,264148,254737,253673,198011,278302,183119,271489,166208,174774,106174,107641,72604,36123,28868,14553,9574,10809,7019
서울특별시,성북구,동선동2가,2024,0,0,1572,1437,5341,1635,8060,4618,15960,13735,11501,10205,10951,9141,10136,15331,10179,12672,11303,12243,11368,13574,10531,13028,10650,15398,11977,22377,11380,25976,8800,18352,7629,12374,6758,10996,5099,10699,3228,9076,195,1308,0,0,0,0,0,0
서울특별시,성북구,동선동4가,2024,1820,1896,90619,30999,264631,108181,638804,257551,782247,615315,577144,463826,479567,382144,514033,473061,580521,461022,595265,495650,602366,526223,646197,544888,717860,648361,819941,802626,875707,1020961,644365,778390,565561,526372,596576,478558,546388,434663,279480,287350,58516,89832,1966,1430,3066,3004,2098,2443
서울특별시,성북구,동선동5가,2024,201,222,961,1413,2694,1982,9091,2791,8917,7938,6934,6677,6558,6843,7664,7442,9242,9964,8945,11558,8278,12382,9377,16596,11384,20190,11279,21685,12354,27195,12111,24405,9276,17763,9467,16325,9934,15071,3343,9424,1121,4425,79,259,158,542,61,285
서울특별시,성북구,동소문동1가,2024,0,0,710,111,3173,654,16006,1370,15925,2063,8158,2221,10413,2361,12780,2666,17365,2821,20293,3299,23899,3323,31275,4488,37910,5171,44426,5766,62361,6535,61546,5568,47024,3647,45806,3268,47574,2646,32679,1365,5494,240,0,0,0,0,0,0
서울특별시,성북구,동소문동2가,2024,5324,4767,14230,11534,33063,24123,68458,39077,114301,62059,97768,67639,95967,70217,102452,80668,123549,94388,126643,103614,141567,121419,171122,158350,201907,182673,198699,197899,210245,235117,155928,172927,138096,144119,138637,145253,126654,136967,79540,91724,54435,46684,13800,10828,2967,5663,2127,4189
서울특별시,성북구,동소문동3가,2024,19,241,209,568,1943,2660,5777,4818,8147,6957,7403,7455,6610,7831,7035,8938,7601,10124,7883,11019,8079,12101,8307,16163,8727,18779,9316,19622,9172,20990,6980,14648,6274,12227,7363,11892,6053,10933,2740,8158,1184,3210,3,15,0,1,0,0
서울특별시,성북구,동소문동4가,2024,52411,28496,68778,58018,71031,47098,150536,91534,195829,132196,152987,119516,122740,100213,115307,96324,119304,100087,115262,102567,104698,97016,103236,94877,112480,101176,108044,104336,103927,107115,78625,68033,65114,48729,59654,42780,54151,38251,23779,17517,5646,4255,2387,1972,1791,1269,1401,979
서울특별시,성북구,동소문동5가,2024,0,0,6461,4287,10703,5775,36184,15543,44559,24393,35586,27257,33554,30245,32142,29848,37515,29745,45757,29700,44205,32448,46373,34393,50778,35985,55754,37716,61401,38166,55131,26039,47330,17454,47954,12352,40237,9805,24872,7793,655,481,0,0,0,0,0,0
서울특별시,성북구,동소문동6가,2024,3557,2163,4365,25986,7698,73551,18486,168323,25499,186643,17350,130780,17029,99088,16916,92794,17162,94323,16219,90541,15475,86890,15511,85065,15237,91372,16468,104195,15412,94115,11000,56628,9717,35643,10510,26042,10758,21275,4219,10656,1873,2338,325,274,765,769,247,291
서울특별시,성북구,동소문동7가,2024,4151,1064,7603,9248,15484,20901,32249,40281,35535,42942,25135,29861,19440,23613,18556,21575,19529,22667,18964,22381,17556,21884,16362,22205,18144,25526,17460,26729,17892,25984,11977,17730,7985,12489,7424,9760,6957,9478,3167,4887,541,895,107,96,185,260,270,124
서울특별시,성북구,보문동1가,2024,2793,2428,57568,20214,117812,71988,330258,153521,498143,293137,281830,161318,190992,119977,176235,123418,185795,134057,190922,146902,177375,139683,188578,168973,230916,195527,246681,257949,300515,365571,167055,269806,128935,186104,119982,186254,105511,183445,61952,127556,17763,46425,1041,4159,594,2231,854,1795
서울특별시,성북구,보문동2가,2024,5555,2316,16859,10233,27923,28463,49736,69391,86362,113975,73670,74185,56155,51133,54695,48211,57254,51016,59800,54801,57531,53590,60464,59527,70291,66101,64379,70237,69552,81479,47943,58963,36721,44610,31524,42188,27204,39965,13811,22510,4224,6364,739,554,578,421,510,441
서울특별시,성북구,보문동3가,2024,0,0,0,0,20,390,251,917,234,1913,98,1470,52,1838,94,2433,71,3322,107,3759,127,4418,134,5888,144,6692,110,7748,132,10132,173,10078,69,7315,46,7099,36,6168,19,4138,7,527,0,0,0,0,0,0
서울특별시,성북구,보문동4가,2024,716,1125,1816,3270,3974,3679,12648,6078,16873,10456,12795,9664,10348,9166,10548,9675,10959,10960,10150,11661,10484,12987,9863,14822,10103,16350,11516,19628,11939,22105,9033,18621,6399,14143,5727,14332,4076,14793,2865,8968,2229,5259,508,2753,246,1596,243,1993
서울특별시,성북구,보문동5가,2024,5012,1977,7116,3079,12904,5898,27213,8776,36522,16621,27056,15179,22855,9789,20421,8441,18969,11020,21005,10778,19220,11396,17381,12852,16384,14118,17262,14703,16823,16601,13038,14002,10171,11634,7935,12024,5885,11935,3109,6212,1117,1968,415,500,386,318,413,269
서울특별시,성북구,보문동7가,2024,2921,5201,7418,9859,15011,11069,37572,19339,46614,33176,36774,29006,28607,20555,27495,20037,29073,23089,27900,23981,28772,26248,29360,29285,32680,33088,36383,36939,39833,42493,24341,36000,17040,29070,15765,29250,13928,27211,6494,15092,2593,7195,1114,3559,879,2377,1323,2511
서울특별시,성북구,삼선동1가,2024,920,27,81609,16087,162601,110211,364011,227605,456730,394204,336634,329323,260664,278812,256956,275259,290811,286686,302204,294844,300551,297070,333184,316176,416208,364700,434041,428461,412243,492200,258635,396157,218511,277932,197275,258803,144180,242957,65140,149799,9369,69682,28,18335,0,0,0,0
서울특별시,성북구,삼선동2가,2024,0,0,607,376,3723,11311,13162,43184,13944,81530,11002,67230,14089,71421,22698,68408,28675,76936,29095,78858,30912,77092,38386,71491,52687,79986,39085,80729,31917,74723,31525,69655,28383,50004,19406,47428,12878,44648,4614,29968,91,2816,0,0,0,0,0,0
서울특별시,성북구,삼선동3가,2024,0,0,2564,427,10605,4181,28795,7844,27999,14309,19465,9857,14497,10586,12156,12392,10990,14361,10768,15771,10398,15196,9853,20192,11201,24904,10131,23129,8564,24153,5309,21195,3362,15821,2749,15126,1892,14693,714,8202,4,675,0,0,0,0,0,0
서울특별시,성북구,삼선동4가,2024,8986,8189,26264,26136,42443,37963,94881,74546,129725,107145,105304,99294,101798,94613,107135,97858,119999,107584,127189,112869,125051,113299,138858,130948,156038,146325,155212,150570,161360,161364,130768,114444,112308,89514,108619,81082,102658,75079,54505,45315,14552,17602,2569,4876,1455,2866,1070,2217
서울특별시,성북구,삼선동5가,2024,6495,4214,18470,18167,34593,26353,86454,80648,131630,127647,97710,78819,82856,66434,84464,72853,89160,82021,95028,83739,96963,82856,106534,96761,110796,109314,105715,119025,130885,134427,83058,94269,73270,72787,67293,67985,57855,64894,35058,39176,10126,14059,2449,4497,1197,2598,927,2124
서울특별시,성북구,상월곡동,2024,9422,1951,75683,10825,122378,39010,312743,71496,379309,205822,219216,130770,154764,130723,148856,111128,151823,107307,152547,125477,144525,119322,144630,144055,166231,170093,155996,211869,162379,287359,110173,249356,64511,155894,76899,145716,50037,141103,24872,91524,4235,31164,455,788,345,598,528,415
서울특별시,성북구,석관동,2024,55488,15379,258077,103243,533062,223811,1297701,338979,1468763,613464,835358,448617,623342,394164,567401,410694,611604,465798,600469,491827,563972,501559,578702,614325,639934,742822,672706,906181,683794,1312353,542838,1068767,372301,662920,335127,584709,284757,551047,167951,342756,42764,125090,7026,17002,3240,9895,3709,8255
서울특별시,성북구,성북동,2024,2229,1131,13500,17561,34122,59208,76908,147612,97658,191185,80316,142407,72247,117506,72781,109617,89586,105916,91556,102683,90104,96773,110200,99793,123474,108728,107723,114583,85102,117843,48102,94936,50366,70777,36046,65003,21978,58080,9363,37579,693,2194,0,0,0,0,0,0
서울특별시,성북구,성북동1가,2024,304,852,8064,10168,35852,25779,73320,61232,110153,80040,91697,65774,84087,57660,84266,59217,84054,66945,84755,67730,85467,64696,86048,71689,89783,83896,91861,81315,93201,71973,79430,42625,62595,36177,61735,27764,53032,20295,35930,10125,4333,929,0,0,0,0,0,0
서울특별시,성북구,안암동1가,2024,0,0,2620,289,4670,1671,8799,3535,14073,5137,10124,4046,8254,5029,7291,5039,7693,5693,8565,6259,7253,6471,7191,7447,6997,9345,9211,10971,6593,11584,4992,10521,4318,8555,3924,7951,3160,8693,2466,5639,142,418,0,0,0,0,0,0
서울특별시,성북구,안암동2가,2024,844,1669,3943,5580,6791,7276,17135,24920,29491,37913,23485,21301,22007,18907,19040,16938,19076,17314,19683,19954,18885,19738,23557,20601,30244,23097,19073,26443,19251,28629,12815,23005,8923,18997,7948,18539,7636,18661,4301,13663,1112,2793,9,6,0,0,0,0
서울특별시,성북구,안암동4가,2024,1796,3325,5963,8964,11730,6604,18945,11632,24047,15445,18437,11540,13442,8737,12637,8466,12601,8596,12326,8243,11301,7531,10644,7412,10317,8202,11886,9532,13672,9693,9055,6865,5306,5103,3856,4844,3680,4244,1932,2341,253,396,187,269,235,309,195,215
서울특별시,성북구,안암동5가,2024,12455,22765,54903,93245,72933,155436,190509,368812,263627,834156,254637,675968,284206,636838,340884,440894,366832,415740,394322,504901,456318,423437,500563,350863,674822,360048,824347,403914,649897,485437,403088,345827,362438,251302,383299,263768,352122,254188,232876,158440,49872,56604,2725,2224,1853,286,1632,281
서울특별시,성북구,장위동,2024,86301,26346,148108,66999,320830,189033,718717,399088,765210,586995,513197,315012,420327,286846,393984,308423,405212,346617,405044,362179,384303,379164,408185,475513,441622,544678,449322,563680,478465,685370,414133,671357,257350,477394,216533,421441,171805,396800,92153,245218,31454,103006,5996,14133,3855,5981,3759,4484
서울특별시,성북구,정릉동,2024,130185,40405,335948,123161,688346,298405,1569769,644764,1840193,1236289,1352686,988413,1140181,942493,1112386,941027,1141693,946820,1175603,1021143,1152035,1034322,1195371,1164416,1390129,1308007,1428408,1424892,1258674,1658249,861747,1456304,669925,1104001,579584,1029844,497751,992779,253335,632996,72264,226845,6037,29996,3529,10592,3716,6124
서울특별시,성북구,종암동,2024,69653,41514,191846,106468,344661,190791,763358,414816,931186,783025,623099,473865,508937,416997,495386,385732,533459,413823,556309,479785,523312,463655,582926,526677,674997,604963,707472,659078,694111,849450,458161,705421,349015,510753,335072,473324,277462,465893,143695,302148,39198,100994,4931,10250,1797,4948,1809,4353
서울특별시,성북구,하월곡동,2024,32260,33469,168973,97288,326481,215093,819881,437779,1050350,899620,665548,611399,537731,537965,559921,513688,592474,553344,607994,596984,616473,598229,660270,694877,757495,798016,786664,875898,941160,1107975,643757,876183,512656,581683,414021,522677,340483,492207,165406,303804,50610,112755,5546,15566,2439,8647,1681,5980
서울특별시,송파구,가락동,2024,76059,59671,305698,203380,719934,589236,1729978,1197514,2029685,2440830,1408872,1292917,1155082,936379,1115101,889242,1151628,969160,1160054,1046215,1159542,1043989,1325834,1186298,1442339,1374691,1728832,1669600,2132844,2085449,1129152,1577332,894766,1116537,820537,1009964,700942,937033,336573,538333,102768,189876,19705,31961,10398,10132,8140,7495
서울특별시,송파구,거여동,2024,28871,6368,142560,36039,367083,146816,924352,372085,930100,555961,546802,316325,403331,245308,360919,253715,388721,278966,375442,333273,341574,329676,386350,431861,443590,533250,476243,613255,512596,862182,365368,743777,245305,454774,216337,413370,180658,423281,80143,234028,29982,91770,4281,6620,5202,5327,4571,4059
서울특별시,송파구,마천동,2024,48912,3569,184240,27533,330007,94538,866504,208055,804470,326758,466927,226788,349670,216652,313857,209894,339385,237097,320575,269209,294656,266964,298261,393825,316206,426029,318129,459752,328576,594427,196930,515963,146523,333299,118800,331031,87250,319864,43185,189277,10428,76576,8,76,0,30,0,0
서울특별시,송파구,문정동,2024,40354,35722,102658,96419,322837,324246,800856,1108448,970175,2850917,624655,1421023,502159,680814,521806,534111,592964,558575,639736,601166,687171,569741,787433,625936,935865,721038,1680738,845428,2313847,1091095,1007935,829602,756049,564620,665823,524736,535034,498956,237972,294919,76535,132561,18446,41016,6524,11398,4860,6830
서울특별시,송파구,방이동,2024,19380,15247,212187,161183,611887,539503,1465460,931031,1868938,1880033,1238982,1210772,915160,924150,877719,937626,977527,1042373,1019530,1140311,997954,1137405,1137082,1261896,1367621,1439184,1526061,1713442,1775167,2034699,1084208,1529379,1097501,967791,1201712,868954,1000362,778080,387743,480770,98701,159624,13650,9821,11637,6981,5630,2983
서울특별시,송파구,삼전동,2024,10837,4161,78885,28014,179501,67503,452518,131955,700333,322166,453622,238542,278183,164196,253883,167645,278408,207029,262134,222378,242099,233704,257321,274360,291212,326445,311953,398325,377665,584344,215326,475239,172019,331396,150556,317997,136420,305216,60959,174378,16797,54758,1276,1581,0,2,0,0
서울특별시,송파구,석촌동,2024,14736,14664,106928,64415,281807,155993,628477,275764,895195,483396,602825,395951,395615,314012,364479,317463,408906,361136,419623,379529,413779,385816,446710,428576,520061,491548,561772,616667,643409,826066,460809,653626,403526,468567,425818,420897,377410,423575,196038,229948,63825,89711,11136,20286,2038,7125,1385,4097
서울특별시,송파구,송파동,2024,23048,11484,81941,60243,190835,157757,474932,343229,659734,621943,421873,549548,325675,410405,315282,433740,356356,460838,368761,484100,367673,468040,411757,514578,461079,578271,512263,708611,563480,887504,383106,629226,341863,422942,358916,372893,312648,345926,150541,208416,40370,72502,5598,7493,4476,5856,3086,3194
서울특별시,송파구,신천동,2024,19354,24440,294793,295469,953789,1088665,2261549,2335458,3090243,4596517,2247488,3686402,1701108,2764787,1796973,2729638,2008282,2707071,2235062,2776437,2521975,2702629,3062771,2885506,3666618,3137380,4402380,3746296,5161856,4566735,3613692,2940723,3461920,1928749,3199470,1722539,2335024,1559812,871258,849737,203201,204916,24791,15862,11066,9167,9041,6713
서울특별시,송파구,오금동,2024,28332,7846,167279,60702,362078,171071,944388,440253,1056032,754830,645057,412954,476043,320817,423668,304600,457108,341724,444399,376829,401947,386049,437426,454756,524904,552507,574472,653110,630252,848117,330711,680054,246823,454831,230844,400914,182053,422877,73957,226187,16014,80909,1691,1257,2225,811,1157,1276
서울특별시,송파구,잠실동,2024,72786,63075,327720,321678,856152,1172539,2160229,2222350,2962934,3297300,2063023,2550464,1486269,1937768,1462772,1897031,1640697,2090842,1761324,2213983,1833224,2032532,2154350,2262827,2613372,2662578,3239462,3353996,3696277,3824107,2903812,2445975,2686290,1599565,3166166,1478647,2570545,1375664,1208880,745361,271681,237739,36146,41288,18378,21384,15934,16093
서울특별시,송파구,장지동,2024,66950,28960,225629,129398,600524,466523,1455987,1024526,1684259,1549592,1056146,1018138,734950,680316,642694,634376,718246,700934,718375,692417,707505,702667,860352,824340,1051150,987001,1313703,1205774,1462294,1590180,941727,1144522,681289,746048,570128,675435,415788,630171,146590,343403,49735,124301,30800,40861,18019,18600,18346,18014
서울특별시,송파구,풍납동,2024,35641,14321,333832,181714,532663,569452,1249948,784466,1575136,1325894,990558,1074382,766155,809416,786870,798045,865597,845309,903585,966384,920175,926628,1090902,1022584,1254460,1109145,1409986,1353545,1405491,1793453,938990,1253354,798352,788531,610495,728955,465249,607851,267334,368754,43530,103166,6088,3096,3287,608,3948,795
서울특별시,양천구,목동,2024,106574,69568,557966,347112,1318851,795584,3605294,1922431,4062909,3123919,2488738,2420418,1944124,1788941,1907448,1736891,2110722,1912426,2110520,2133084,2060642,2104749,2243848,2341114,2575205,2783480,2882396,3336219,3222375,4424036,2112823,3225649,1841082,2103848,1678248,1919694,1710914,1828373,643729,1014630,146919,298513,27498,23959,17367,13389,11914,8298
서울특별시,양천구,신월동,2024,189752,44830,392731,137233,766573,319591,1593197,631322,1539304,889714,1042295,571781,812415,519766,756274,530320,809986,611296,788912,663395,712877,673665,770972,838848,909851,994652,867953,1069595,923944,1345872,669930,1281952,490963,894004,413149,816643,320915,776418,166126,453898,60426,184875,6677,21629,3926,10628,2241,6122
서울특별시,양천구,신정동,2024,136342,57891,624017,274757,1349309,644500,3326012,1624259,3399185,2156162,2133826,1415443,1600785,1114329,1511561,1118895,1621003,1279545,1593350,1414701,1486172,1435112,1624537,1741050,1906700,2084516,1899135,2385204,2037885,3071329,1396897,2493384,1052508,1687308,981461,1559021,945473,1492764,404234,853269,113224,288894,26699,42993,22714,29783,15216,18730
서울특별시,영등포구,당산동,2024,1696,3853,7060,30485,20113,49851,61131,104967,81441,148875,50688,87036,39374,65130,40691,62617,45982,67497,52164,71136,57786,67394,74472,72774,88247,78711,138183,91302,163534,116703,108583,89219,81589,66594,71350,61029,62412,57914,38065,33663,6876,10118,2078,5281,1556,2289,813,1826
서울특별시,영등포구,당산동1가,2024,7863,9760,16616,31534,23939,29846,54439,65412,74499,175567,51440,114226,41633,66615,41865,61388,47019,66200,50253,70914,54267,67964,57486,70358,68710,70100,95104,79534,141351,96362,66064,62390,50796,49041,48134,46700,39453,44981,23384,23948,7491,4842,3230,1904,2285,1310,1980,1064
서울특별시,영등포구,당산동2가,2024,5698,7152,9348,15107,12267,18565,34099,42676,54200,107592,39764,67523,34117,40392,37559,36050,40842,39049,40937,41081,44649,39595,50696,41565,53679,46642,67103,51752,97789,61338,49136,42694,36897,33293,35505,31119,29883,32375,14759,15071,4507,5604,1176,1436,841,1131,812,729
서울특별시,영등포구,당산동3가,2024,473,36,86017,66092,208929,249896,618743,602281,828234,1879475,500725,829699,387534,451763,414777,414993,461097,433818,486529,468744,509460,438189,566925,462117,659593,522052,950132,655177,1617075,967329,642738,613565,490736,388303,457313,354376,343091,322918,173843,203439,31211,66813,95,1762,2,0,0,0
서울특별시,영등포구,당산동4가,2024,365,0,4834,9247,12863,15419,33800,24129,42174,52145,29781,36571,27606,22521,27421,20785,29186,21005,31363,23344,32978,23488,33728,26895,36425,27578,46665,31157,54413,40820,31099,30960,22663,21737,18713,18097,13213,15989,5715,9578,851,1125,3,7,0,2,0,0
서울특별시,영등포구,당산동5가,2024,7032,10328,123958,86680,267507,221245,782141,454474,977191,895831,573057,524422,430086,373714,418460,398298,460045,419567,444530,448755,421567,430784,442737,498401,494877,575863,646946,779033,837100,1064588,493652,799601,397267,546031,380376,526436,333177,479350,164877,307974,32462,85403,4676,11234,3126,4144,2057,1522
서울특별시,영등포구,당산동6가,2024,3373,4624,118385,128388,292463,318980,708792,684999,934972,1308030,584407,681956,432712,426428,431292,405342,477142,439933,489666,452103,487623,444932,557240,505023,683663,605625,957608,828063,1245867,1138686,812218,764792,661786,536255,667908,511195,635251,475992,396986,292812,97250,81855,19387,14815,9233,8277,3772,5185
서울특별시,영등포구,대림동,2024,68202,39275,273481,85776,307580,201304,662611,435584,850702,821813,660042,604239,556557,599026,557821,611716,591836,560908,605963,591955,626208,571440,666797,628848,690979,680122,832540,820242,776604,890247,517284,660877,401420,495158,371482,511151,335868,445323,152935,222167,33927,57119,5020,8194,2449,6558,3094,5484
서울특별시,영등포구,도림동,2024,5872,4227,19061,7647,77364,28799,220942,58171,274472,109441,182797,80702,119667,71691,105220,74989,102145,88404,97256,93496,88677,100861,87289,130694,96892,143412,103650,175018,98754,233495,66047,190454,52728,149594,47112,149974,36395,139271,16790,79390,3861,14754,32,86,0,4,0,0
서울특별시,영등포구,문래동1가,2024,13263,37284,22840,54935,19942,49983,56246,120045,78509,287675,53566,152329,35724,77863,33902,66279,37451,64772,45123,71862,47484,62881,47666,58918,56497,61673,94592,73204,148695,79280,48310,41431,34992,28564,32747,21846,25763,17356,12025,11400,5929,6632,2376,2116,2287,1804,1368,2008
서울특별시,영등포구,문래동2가,2024,1287,2114,1899,5062,3029,7765,7102,15161,11749,24196,7742,19854,7181,19250,8206,22829,12032,26425,14915,29008,17795,31723,22293,39686,28631,46400,42565,64061,48673,86689,32512,47965,35623,34781,37660,29089,36897,23681,20822,12331,9734,4597,2078,2197,595,1915,338,1583
서울특별시,영등포구,문래동3가,2024,5923,5330,63050,48507,198215,209675,593924,714202,738169,2080946,428216,991087,318825,451342,327432,391102,392113,421295,415768,448752,443907,427676,495804,457825,599343,526956,992303,670253,1684042,952702,678037,625079,496112,361768,529708,321182,421452,278999,208779,157841,47772,54738,3908,3924,1856,2001,1180,1378
서울특별시,영등포구,문래동4가,2024,66,2,226,105,847,267,1691,482,1866,781,989,461,729,362,826,469,1088,588,961,657,1231,886,1338,969,983,1176,1925,1380,1968,1716,1331,1325,939,882,863,607,1016,535,126,168,0,0,0,0,0,0,0,0
서울특별시,영등포구,문래동5가,2024,1403,34,2821,166,7622,1742,24487,7797,22755,23600,11055,15895,7134,5587,6014,5504,6192,4837,6957,4654,7744,4880,7030,5278,7751,6380,13771,7918,20512,11776,8050,10138,4334,7468,2993,6350,2204,7028,94,5293,10,2123,0,134,0,1,1,0
서울특별시,영등포구,문래동6가,2024,3402,39,10798,131,45005,4272,136013,19818,120811,48763,62289,27867,39914,15290,35020,14678,38036,18663,36093,20264,33703,22481,34202,29080,37540,39097,49852,49513,57901,73457,25151,66269,16551,46868,12360,45759,7133,43940,1120,28330,41,10418,4,628,0,1,0,0
서울특별시,영등포구,신길동,2024,134262,73370,754762,321283,1146456,658617,2871473,1718076,3780578,2682734,2320486,1527426,1620840,1163853,1503589,1170633,1611615,1303123,1560225,1409024,1490520,1441159,1644785,1720962,1820934,1996002,2123505,2543906,2493545,3390732,1335828,2449308,1018108,1744954,934325,1717509,738385,1566575,322956,879038,73976,238966,4753,14626,3518,5148,2023,4063
서울특별시,영등포구,양평동,2024,0,0,0,0,0,0,0,0,0,0,0,0,0,0,0,0,0,0,1,0,0,0,0,0,0,0,0,0,0,0,0,0,0,0,0,0,0,0,1,0,0,0,0,0,0,0,0,0
서울특별시,영등포구,양평동1가,2024,3992,5644,7713,12317,21065,19916,70605,49399,86870,119045,52128,66938,38100,38578,36573,33468,39949,35467,42976,38093,42820,37197,48307,40572,55108,45468,68465,54954,100099,69447,45737,53388,31061,40233,27992,37488,21589,35890,11261,16388,2827,4063,1008,896,756,611,592,651
서울특별시,영등포구,양평동2가,2024,4282,4783,41489,23094,108637,77005,358456,154551,428475,559626,211391,218857,142942,107033,134990,99193,148065,106327,146679,115397,135586,115956,155066,129999,192170,158341,283652,214605,449207,342636,154233,244618,108919,172362,88284,161562,63149,150087,27476,83891,5575,25424,1003,1430,677,905,656,905
서울특별시,영등포구,양평동3가,2024,0,0,2860,3941,16341,7059,45903,22925,51243,53388,34521,28687,32533,27524,37919,26020,41871,29673,41543,31035,42941,32173,44937,34423,50452,35812,58333,39228,61243,48652,36882,42395,24711,30807,20494,26939,13774,24716,5547,13222,1370,2231,0,0,0,0,0,0
서울특별시,영등포구,양평동4가,2024,2123,4270,7934,22421,15941,37222,38357,78777,41870,154808,34387,72097,30164,36844,36184,36378,42839,39824,44767,40270,48395,38775,59557,44733,64068,48063,94338,58611,132880,68482,74646,54152,49602,40762,47423,40101,37378,37700,20753,23061,12247,9055,2522,1795,352,256,3,1
서울특별시,영등포구,양평동5가,2024,2128,3697,32377,30750,96102,87232,309916,274762,378844,659731,192194,335219,147174,150508,146602,138295,160574,144877,164053,145328,163945,147590,187252,159066,227011,175852,406528,229382,545258,346514,227313,244656,144051,160300,117948,143233,88884,145113,39464,78660,7528,23561,1108,1141,717,292,5,5
서울특별시,영등포구,양평동6가,2024,0,0,327,222,1651,307,7067,1287,8622,2931,3321,1185,1974,1762,1735,1795,1754,2188,1951,2449,1637,2617,1572,4481,2093,4542,2366,4873,1831,6279,1338,6594,772,4431,505,3956,560,3719,54,1565,0,0,0,0,0,0,0,0
서울특별시,영등포구,양화동,2024,4461,5999,36763,32539,52459,48117,120625,85745,180426,163177,114393,89647,81983,65111,76639,63054,83872,70683,84650,77590,78293,72911,84656,85427,104200,103444,126920,121622,154709,151690,93330,107727,71714,82940,71908,86615,71117,86882,38894,49604,11795,16377,797,3084,537,1691,645,1596
서울특별시,영등포구,여의도동,2024,29380,117139,319971,701079,475840,1738508,1115783,7260846,1727486,11687420,1224170,5404619,1209502,2810984,1656462,2578952,1825173,2562037,2133564,2769732,2640771,2535796,3198861,2420428,4103122,2467946,8374554,2761897,9714143,3035950,4674540,1800336,4159589,1133772,3444286,930982,2277970,758417,936866,427282,172975,133106,23188,17222,8856,7512,3680,9347
서울특별시,영등포구,영등포동,2024,49518,2768,201383,90799,227282,316915,558065,747177,773613,1586186,550069,1164873,538996,948864,607231,1057851,719761,1138735,778110,1201120,804218,1037579,1139477,1001376,1312984,1045876,1533561,1169355,1996947,1382523,1230564,868095,1207092,521720,938873,419457,741099,347812,308417,195018,11106,49773,49,160,2,0,0,0
서울특별시,영등포구,영등포동1가,2024,1408,5118,30887,13746,62856,34088,220210,72034,329490,183790,148906,93323,102823,49812,84561,53530,90928,58716,82613,64655,74521,68541,81575,82980,96714,104654,136653,160013,189092,271677,83278,163968,63824,132553,62236,133071,53490,125253,31133,77993,8693,22116,4224,1782,2916,829,1722,412
서울특별시,영등포구,영등포동2가,2024,6748,9281,8419,20801,18239,27178,44212,51895,72404,101010,40982,67576,27880,57128,29970,56683,31367,63899,32046,69043,32946,64094,39604,63755,50386,67486,75357,88142,121855,107469,59075,73831,42788,56538,45459,51432,40526,42877,21236,24269,9471,10317,829,985,464,748,420,755
서울특별시,영등포구,영등포동3가,2024,21570,12764,81345,81094,78705,74105,208526,133103,484319,258888,243924,243006,173263,240239,207258,275762,262424,293175,311498,308764,339157,320523,447743,333184,505653,363557,571876,542660,679439,640115,505839,365772,484626,267299,444750,211851,392113,160369,243420,78385,93626,33631,27434,16375,19789,11946,12688,8148
서울특별시,영등포구,영등포동4가,2024,37117,64674,34964,73230,63495,107167,204705,199386,322516,320903,194428,308657,126942,298895,141393,329008,180495,344498,198500,351699,218259,326016,272018,314533,301693,317430,345129,354452,399395,432039,296804,227021,275653,140419,240089,105405,185127,86046,82970,48209,30003,26068,15295,15955,14355,11800,12229,10290
서울특별시,영등포구,영등포동5가,2024,921,182,9204,14180,20239,24769,37885,43430,49315,84725,43185,71614,39950,58957,44614,54398,50279,62837,57039,74614,63083,64870,82541,57945,97872,57547,107920,55382,116155,63016,75343,45692,61402,33762,61520,32132,52123,27690,33660,16085,14336,8308,2557,1410,1869,893,994,502
서울특별시,영등포구,영등포동6가,2024,1808,6446,15813,25786,22845,39923,46779,77504,85772,163055,62814,119026,55476,92492,60728,89680,72311,96115,76747,103051,85185,89157,100340,85935,115612,90012,130151,99585,128313,112893,93916,79661,78144,56377,76205,52911,63173,47627,31943,30277,9413,10278,3342,5372,2723,3758,1926,2377
서울특별시,영등포구,영등포동7가,2024,2919,7365,47791,26868,105059,83531,384898,221797,553403,633537,270675,357579,188932,249750,197988,247304,230702,300783,234834,334895,247189,278345,297377,248319,363763,263415,478254,327291,640831,522027,280847,333644,198712,223898,180348,209246,134089,195025,57669,122102,9784,30967,1342,2952,971,1946,576,1074
서울특별시,영등포구,영등포동8가,2024,5487,7144,11492,12254,41508,22876,131345,58632,183451,118328,104179,66275,69674,46389,65766,45434,72441,50230,69660,54876,65998,52154,68748,63056,73957,70047,98114,94469,114638,132487,66812,102628,57932,78774,51252,73354,37664,72079,18957,44959,5184,14643,1560,3559,686,2156,377,1065
서울특별시,용산구,갈월동,2024,8963,5897,84763,52466,207611,264808,503360,716046,767522,1417474,542670,886605,453896,584728,466498,544588,545982,512297,562749,551697,588151,527584,681272,556129,886433,648858,1107884,812408,1333930,1037913,714666,669670,634016,461813,632275,418715,541510,376363,269127,212335,38319,51504,4722,4154,2961,2695,2290,2144
서울특별시,용산구,남영동,2024,6850,7285,26467,36132,55044,51977,133231,115706,179591,151367,117696,125681,101564,100132,106775,102235,117583,99928,119487,103318,116987,101584,121002,102192,135046,111963,141835,127242,149515,149406,118481,104506,104297,84427,110648,79608,101952,73219,58579,34022,17682,15322,5830,5027,3747,3277,3127,2749
서울특별시,용산구,도원동,2024,0,0,3518,834,11078,1609,32755,2852,29726,5254,19875,6060,16171,7447,14494,10516,13652,13160,12261,14995,11061,16321,10653,21250,11286,26709,11528,30321,10536,39407,8485,33751,5302,25320,3945,24343,3344,23447,1294,12105,2,19,0,1,0,0,0,0
서울특별시,용산구,동빙고동,2024,1627,456,10103,4297,25056,14038,63176,25420,79002,38670,63966,32736,51677,29286,46673,34133,46705,37180,45447,39403,41841,41335,45309,49666,54311,54759,50062,60011,42571,69272,31643,62136,31129,56156,26814,52443,18119,50239,10325,27745,3359,8515,338,779,245,820,584,398
서울특별시,용산구,동자동,2024,14764,13337,127218,84062,184932,455668,414955,875325,586370,1673152,522991,1183094,496541,782960,592257,777517,655900,825445,658771,822939,587708,747265,717834,825466,805495,865166,1218761,964530,1410115,982693,794238,775592,574751,561444,577060,522715,433813,433524,242168,217431,31626,88525,3864,8423,1890,3733,1662,2994
서울특별시,용산구,문배동,2024,1802,1696,7423,2464,20272,5386,50500,9906,63226,23419,46047,16435,32464,11882,31364,12163,33645,14679,33613,15299,31389,15769,32189,18121,32854,21840,38611,24178,42609,32813,26710,27717,19776,20334,15984,17800,12894,18220,5845,6913,833,1189,722,1254,488,1015,348,518
서울특별시,용산구,보광동,2024,7728,1837,26845,8373,50150,24438,106523,59901,149342,106145,136147,84617,115453,69177,101530,69285,107380,77964,103030,81010,100163,88924,116939,105321,132872,117472,118404,124956,101887,138468,72515,122549,55736,97758,47028,95375,34196,85416,14767,40922,4946,15612,338,1541,4,13,0,0
서울특별시,용산구,산천동,2024,0,0,2727,173,12039,1298,26582,8251,30085,14987,18520,6887,14372,5648,14884,6018,13924,7382,12701,8546,12431,9263,14490,10733,17479,13097,17976,14664,19776,19736,8832,17330,6114,13805,5181,13164,2926,11925,965,8211,12,355,0,0,0,0,0,0
서울특별시,용산구,서계동,2024,4402,2115,16265,8045,40916,21741,80775,59639,94770,68372,79295,45192,65934,41962,58466,44847,57823,50968,54766,57274,52290,63230,57905,72074,62339,81794,53072,87192,52455,109203,38725,88715,29078,69814,27638,70247,23189,65946,8630,28125,2194,6685,1195,1753,752,1572,1317,939
서울특별시,용산구,서빙고동,2024,3351,2291,26923,32452,67640,83547,113972,111693,155282,220622,118318,116586,110917,109235,99716,100438,112567,101081,124007,134170,122879,128106,146376,153388,183903,154666,223047,139766,189518,167163,101175,144159,80159,91704,80845,83148,50938,71247,19935,35824,4025,8969,322,665,399,769,669,413
서울특별시,용산구,신계동,2024,0,0,143,767,1851,1883,3934,3458,4077,11138,3563,7338,2278,4242,2777,4000,2608,3740,3017,4911,2965,5000,2962,5638,3189,5405,3363,6143,3815,7455,2252,6444,1483,4275,1331,3701,1237,3262,740,1745,41,85,0,0,0,0,0,0
서울특별시,용산구,신창동,2024,0,0,4806,130,7505,1916,22499,5109,20038,9439,15136,4978,11413,4881,9425,4990,8832,6404,8224,7613,8460,8345,8162,11744,10483,13022,9288,13639,7840,17874,4224,17506,2524,13306,2041,13782,1446,12636,416,8130,20,1198,0,3,0,0,0,0
서울특별시,용산구,용문동,2024,23,0,14127,6820,39423,41558,89907,100355,138048,267843,99720,146763,76088,82570,77345,73149,87699,73066,89582,76836,91589,75568,105052,86295,124717,99522,153707,113445,225707,148532,105819,107630,73935,74265,62336,73091,48804,63566,21491,41249,1052,4405,2,14,2,1,0,0
서울특별시,용산구,용산동1가,2024,1423,3242,1002,6790,1738,13513,3600,34882,5109,33947,5161,22242,5187,17795,6385,19451,7260,21951,8231,22845,9038,23475,10789,24911,12396,28637,11700,29920,9855,33651,7544,30656,6555,25485,6541,24723,5258,21125,3103,12229,2265,2682,1916,2191,1051,1865,831,2157
서울특별시,용산구,용산동2가,2024,10047,4110,31516,11720,87416,41478,187979,119892,293161,141830,215173,117072,158910,115530,149783,130073,161900,158833,167154,173967,172969,187533,196828,221635,228511,256801,214528,273057,218648,296086,187631,256671,157751,194835,153033,172791,120388,148361,51332,76040,12821,17664,5430,6182,3658,2851,3316,2908
서울특별시,용산구,용산동3가,2024,5011,2971,12687,4770,14040,6055,25652,9108,36976,10876,33447,8872,27787,8989,28015,9573,31265,11783,35024,12214,34883,10710,35252,10975,40042,11246,46464,12289,52909,13767,36487,10153,31763,7621,31842,7803,30243,8580,19223,4901,11761,5049,4760,4216,3973,3632,1875,1907
서울특별시,용산구,용산동4가,2024,11875,8494,28331,23337,39399,73377,80824,130730,120562,248428,105409,139359,83695,117812,86910,115397,97713,140083,110670,150588,117171,144295,142443,162196,185327,163412,221248,193652,275401,225760,182085,154455,161935,101183,173473,90578,145469,79115,72656,42189,11289,14837,2625,2921,3028,2924,2623,1562
서울특별시,용산구,용산동5가,2024,1222,197,30748,21840,111345,124167,273423,223838,355370,427585,259016,335933,213520,307399,235071,283653,294765,293965,297347,344267,311180,319633,376074,318642,473542,305947,520855,324302,469758,394517,211035,270809,181181,177272,171737,161415,104273,143607,36328,83042,6010,26597,19,371,0,2,0,0
서울특별시,용산구,용산동6가,2024,266,170,3360,4264,8507,11368,14952,13811,25783,24015,16204,24078,35211,28394,28585,27577,46132,27962,43912,37219,40348,35069,54959,35857,54473,31960,61883,24713,50866,24483,28386,23384,27094,12577,30147,9867,15566,9894,4223,3976,1022,990,5,4,0,0,0,0
서울특별시,용산구,원효로1가,2024,1105,2565,11904,13694,33472,21138,111879,63587,164617,102743,110261,75797,85829,57676,82556,57625,86896,64135,86551,71753,83947,74039,97900,85535,105002,96482,114286,113344,130392,143603,81884,115009,65079,88323,58206,83024,46738,75369,24967,42151,3968,8639,688,1598,458,1302,290,1272
서울특별시,용산구,원효로2가,2024,2867,1919,9450,12662,23597,23933,61727,42367,97171,94664,58785,73339,46897,53855,45824,52219,49725,57538,50141,59494,49417,61236,53861,69973,55976,77119,63832,91185,94751,111927,51748,78818,34994,56282,33751,49965,27475,43220,14302,21840,3208,4233,297,785,107,426,115,314
서울특별시,용산구,원효로3가,2024,3952,822,12428,8140,19689,17057,51162,41125,70785,95637,45346,49961,34718,27594,34578,24841,35654,26345,37941,29084,34420,30679,43459,36552,49449,39851,64269,46285,86861,59594,38041,46657,26881,34569,21438,31901,17148,31514,8317,18320,1631,4185,37,82,2,2,0,0
서울특별시,용산구,원효로4가,2024,1,0,10135,4294,26929,10293,79774,30418,89779,50347,57452,31161,45083,18935,41271,22282,42422,25718,41699,29105,41207,30157,43578,38015,52854,46062,69204,53910,72616,70160,34694,60240,24274,46215,23714,45542,18425,45880,8392,19961,1701,2743,32,97,9,2,0,0
서울특별시,용산구,이촌동,2024,3541,3836,34965,41324,88064,62721,206101,116182,244170,190616,197428,146609,180769,137704,176829,138830,183202,158685,194185,180645,195525,190243,225981,223183,254956,246906,265480,266332,264006,278317,221990,220302,200314,162422,180618,144419,130171,127750,58099,60441,13496,12407,967,1509,577,681,286,435
서울특별시,용산구,이태원동,2024,48062,12060,194002,50454,189957,196190,246537,299159,359569,593589,319180,530775,279865,418152,296883,401768,336049,461518,380065,475002,418377,466123,496883,505507,595206,583824,643832,673306,730290,773069,578163,656102,514642,518295,523777,465963,492425,430278,302971,300845,81823,121481,31359,22379,27146,13711,34043,13046
서울특별시,용산구,청암동,2024,0,0,377,239,5961,1088,16545,2529,21074,8053,11658,6020,8621,4343,7979,5200,8043,6285,7823,6893,7451,7555,6751,8976,7997,11386,9837,13649,8105,16680,5146,14303,3261,11547,2887,10608,2062,10190,1071,7370,280,775,0,2,0,0,0,0
서울특별시,용산구,청파동1가,2024,0,0,2107,2261,9735,6685,26253,14228,36125,25538,25438,19747,18237,17129,16090,17868,16820,20153,16166,22056,15442,24969,13611,29306,14972,33402,14447,37745,15476,53985,8799,47157,7043,35588,5284,34939,3905,34088,1356,12370,33,205,1,2,0,0,0,0
서울특별시,용산구,청파동2가,2024,240,323,3601,3991,11876,10354,32214,40368,54125,124946,47402,136185,48160,155718,49654,114036,51255,83633,62711,94213,69977,76579,65784,64457,94758,69499,79809,70496,73558,90056,57386,62214,49167,48230,48982,45140,37617,43433,18433,23873,1881,3868,67,277,0,0,0,0
서울특별시,용산구,청파동3가,2024,0,0,1473,4553,6359,7598,19331,18499,46516,26806,46641,21794,43758,18604,37960,20604,30143,18604,32694,20063,31075,20719,30479,20478,37707,22805,33156,27481,46252,39402,36200,22018,29364,14062,29896,11555,28903,9578,12147,4868,574,255,3,3,1,0,0,0
서울특별시,용산구,한강로1가,2024,10417,15639,49012,63434,103697,202119,286129,434459,475014,728853,302580,420982,239956,336828,259626,356651,299415,388601,338498,395773,356940,355954,409514,384131,482372,435984,644240,558260,829631,715448,436716,445916,398813,287885,435829,256701,400304,245643,226487,148387,44357,51070,7626,6980,4851,3635,4001,3383
서울특별시,용산구,한강로2가,2024,6202,22860,36916,96253,100810,286724,292896,691467,490017,1481444,357133,1163144,315135,647633,400084,633065,446203,667634,534979,683875,557573,645123,713562,684582,887072,762000,1203918,908518,1615353,1044272,933306,615667,829107,379720,853300,290758,670379,220553,338761,114126,82108,33839,16324,7050,8571,3140,6225,3247
서울특별시,용산구,한강로3가,2024,10653,7845,82343,108958,134587,545415,427249,1243830,613385,2195914,645346,1659593,573400,1231781,813284,1125361,797814,1187401,976539,1201650,843193,1175473,1408464,1213412,1584448,1244961,1895065,1356437,2317688,1408151,1533995,961991,1488023,668850,1458128,482177,1010930,302711,398806,145079,38429,42682,3608,2466,1764,1098,1361,900
서울특별시,용산구,한남동,2024,25320,25601,101483,156279,223098,479056,543527,1020337,782535,1512414,705680,1241247,536157,925340,552515,852150,621443,890102,656707,1004543,743365,879004,936816,923017,1146283,1009996,1518650,1104818,1587140,1205832,1104455,799337,901853,502341,839373,459262,849948,401383,341571,253007,98173,88270,28209,25814,16849,14057,18236,14296
서울특별시,용산구,효창동,2024,8512,3683,57242,16909,124145,67519,335012,141214,519457,398927,345882,246736,266768,192717,235128,173561,239079,179529,247713,202141,217023,203508,227135,218156,275202,267661,307939,299538,395633,397819,197716,298983,140454,220974,123292,205294,102464,188785,52678,118134,13621,37699,2062,3806,1236,2502,980,2014
서울특별시,용산구,후암동,2024,0,0,29662,9837,67847,27466,173444,72858,249141,135015,163864,100339,128926,94220,124468,104182,144806,120262,136804,121131,133408,131007,147519,153627,168359,172248,172147,188025,153873,223162,118672,193264,93704,142287,85394,128282,54511,115512,20956,65002,1504,9734,237,1637,1,3,0,0
서울특별시,은평구,갈현동,2024,45027,8813,73520,32563,179970,100928,377707,322405,442298,312639,322284,222077,263610,199437,253397,199575,274236,214865,272222,226443,271107,239081,311720,277989,375865,330001,342073,339850,377122,385713,332236,355611,256992,265596,232824,237977,210679,211988,120733,131854,35047,51568,14494,10260,6455,4803,4899,2779
서울특별시,은평구,구산동,2024,55189,4749,169827,17555,323673,65856,735448,187045,851681,236089,515011,156843,369918,145589,346228,177208,351344,197745,328904,207194,293340,230530,330606,284486,380512,347191,316644,389040,285871,495393,197198,468741,148856,302261,127753,287772,119251,250516,38500,159852,7673,50712,3163,2694,1474,319,6302,170
서울특별시,은평구,녹번동,2024,39448,16906,215811,49399,518124,148581,1354473,265399,1503311,552284,943653,389412,681185,340233,602204,374837,608141,419031,589362,457217,537860,497180,536712,613355,570100,752114,604445,897272,679931,1305610,452150,1063688,343607,689329,298241,639610,243100,584683,113135,343453,27425,115334,7344,20529,3216,6740,2286,4425
서울특별시,은평구,대조동,2024,27559,11517,169851,98868,330064,268024,835349,557151,1009105,901746,644806,714897,504748,586958,496270,578263,534136,614567,540092,644613,546617,633761,612715,703497,665694,796103,658274,859992,697324,1086226,501929,853423,393099,567808,346890,507991,288163,446593,138456,265827,39197,109926,6777,17383,2410,5526,2344,3469
서울특별시,은평구,불광동,2024,114584,29357,518597,143787,1071428,461924,2447466,951075,2823038,1345180,1799858,1135472,1415667,1056714,1381155,1080919,1464868,1168188,1416033,1245079,1367973,1317283,1491840,1582034,1644251,1808465,1532287,2083943,1545011,2767879,1221947,2310025,958460,1495264,840043,1348835,726650,1230409,409500,758619,139137,290470,34860,52645,13659,15457,8364,10173
서울특별시,은평구,수색동,2024,23052,6311,91054,44297,259749,174928,640948,322081,668103,572231,398799,333736,289266,216673,269658,204860,276346,221501,269670,244085,259753,237183,281582,290947,328893,353033,397211,431600,474775,560358,270726,444402,180116,300829,152299,264135,123786,264451,70482,162217,21129,52011,5651,10298,1716,1549,1363,632
서울특별시,은평구,신사동,2024,72374,15539,405471,107141,808412,362760,1998353,751286,2366377,998084,1379896,691356,956244,596591,880117,625365,906025,708880,887066,770563,794708,799523,843821,1018556,979315,1212883,919631,1436094,960261,2028204,699121,1650230,498839,1095293,435701,985748,355033,907944,162046,556719,43324,187539,8475,17504,3251,8387,3705,6444
서울특별시,은평구,역촌동,2024,76699,9428,117139,43428,215607,81078,411948,172516,473271,273983,339409,195667,273682,170167,264964,178294,283004,199067,281365,211196,264096,216691,291931,264349,330134,316509,333769,313423,349740,329721,283132,296889,220966,242655,203890,225826,190580,208198,92678,119718,28767,42742,4960,9818,2974,6776,4902,4958
서울특별시,은평구,응암동,2024,98589,36487,199019,134449,421000,281755,925048,620433,1001163,858907,717193,641465,612198,568190,598294,561585,635796,601614,632007,636223,614825,664238,663272,785468,723469,891643,719159,903860,753448,1035749,599239,892488,455359,629051,400652,564151,331867,512165,171132,278050,56383,86626,7637,11332,3690,4523,2949,3222
서울특별시,은평구,증산동,2024,20619,12343,151058,65078,314793,190870,717247,474066,868644,610050,569499,420147,410109,308647,370422,314685,394838,331595,393196,350923,370970,361321,403548,435458,466444,539203,505013,626705,636013,831478,483133,630673,336086,424902,303425,406925,277271,369860,147304,208703,47998,76308,7095,9961,2833,5206,1953,4921
서울특별시,은평구,진관동,2024,53842,21564,254623,148141,721492,429770,1742146,933325,1696382,1129988,1093376,889330,884475,854754,858605,807082,904667,829827,892756,878102,943281,900479,1100909,975305,1233844,1134421,1167442,1232939,1065743,1600771,797044,1367147,614306,857584,537257,767363,451728,712820,200549,451407,79390,203405,18221,41181,8434,10506,4512,9472
서울특별시,종로구,가회동,2024,0,0,9,1,4817,7170,8256,16300,10663,20889,8800,33380,9897,28599,14331,22632,19995,19713,20230,21385,20179,22196,21911,21613,24819,19097,22691,15705,17992,11759,11083,6954,5057,5195,2857,5060,1456,4909,334,1979,0,0,0,0,0,0,0,0
서울특별시,종로구,견지동,2024,2129,19652,7804,41405,10972,61677,23109,148822,34128,265493,38498,185436,43510,125611,60093,123791,69439,114579,78131,108997,96153,96710,108761,92917,108851,90131,133582,90055,161138,81419,102314,49797,85106,37881,81278,31987,59408,26868,31761,15293,6765,2447,32,18,2,0,12,6
서울특별시,종로구,경운동,2024,269,1393,21147,32293,38713,308726,79012,1115409,141334,1513011,188043,1086057,231177,842791,324879,869758,452676,750791,519814,715432,646267,655236,829950,542152,1098513,484584,1525578,432170,1531242,370186,719669,183130,574285,102990,482579,85958,261790,74852,83350,42026,9525,12478,30,60,0,0,0,0
서울특별시,종로구,계동,2024,0,0,2,0,1513,8232,2164,29154,3023,37986,3387,17515,4947,8857,13562,7797,5182,9705,4568,11370,7011,9476,10209,9503,15056,8146,17998,6850,19530,7608,6068,5253,4807,4409,4188,4335,1765,3858,152,1434,0,0,0,0,0,0,0,0
서울특별시,종로구,공평동,2024,0,0,0,0,1974,486,4350,952,12372,2343,9050,1748,8147,1879,10991,2013,9318,2070,9856,2006,10124,1971,8631,2226,7903,2393,8442,2381,8073,2095,4136,1233,3235,689,2910,838,2038,317,594,70,0,0,0,0,0,0,0,0
서울특별시,종로구,관수동,2024,97,2027,136,986,189,885,551,1972,1097,2243,1579,1324,1341,833,1032,890,969,1146,838,1232,911,1222,1020,1236,1086,1446,1159,1825,1349,2155,1151,1273,1051,917,1145,937,979,803,538,632,0,1,0,0,0,0,0,0
서울특별시,종로구,관철동,2024,3523,9280,52269,81216,55053,401375,88495,1374653,140129,3222369,169851,1810789,241005,799414,363250,755729,441603,677422,550291,667894,685042,565075,845249,508850,1047325,550028,1908890,623903,2648784,642888,1209371,327241,1050013,175799,1088361,134934,791765,100709,344715,60420,24874,16036,2705,776,1543,692,1566,750
서울특별시,종로구,관훈동,2024,1062,1553,2837,3669,18737,15006,52238,31296,112288,42945,63215,44645,46307,49173,47768,57420,54812,60516,66293,63022,81417,62055,93104,62665,108883,62552,109951,62543,108039,51496,78074,28626,75589,19732,66780,17019,43393,12799,20061,6520,6319,2453,335,300,486,387,178,382
서울특별시,종로구,교남동,2024,1169,381,9348,5448,18465,10338,41001,24381,50446,39616,45757,32018,50832,33290,57692,39574,65027,43842,71099,51340,80067,57502,109437,67395,118704,68584,120910,75287,123557,80518,90907,68986,75646,57437,74599,55960,65809,51995,33400,34861,13400,17849,1577,2698,738,1075,521,728
서울특별시,종로구,교북동,2024,1,0,1643,722,8668,4563,28052,7189,31574,11864,24103,12138,25500,14045,27538,14334,30810,14993,30570,16096,35218,19190,40442,21855,44360,25271,40207,26873,39537,28334,32428,19751,28797,15686,23965,13878,22412,12417,8677,4866,2217,2298,725,154,218,30,0,0
서울특별시,종로구,구기동,2024,2314,1022,13329,7501,32763,15375,77030,34952,80821,65662,74852,57579,67589,56455,65760,46338,70390,46760,78607,50894,81270,51303,87965,56074,94297,63434,90542,67420,72020,73032,45387,66815,36965,49775,30718,46261,19540,41859,10693,23177,2341,7487,144,269,0,1,0,0
서울특별시,종로구,권농동,2024,158,318,304,1451,280,1682,246,2596,813,5273,826,3955,1339,2402,2034,2548,2986,2748,3414,3297,3783,3039,4526,2987,6099,3287,6279,3175,6467,3209,4218,2235,3184,1426,3282,1383,2793,1306,1294,807,259,188,0,0,0,0,0,0
서울특별시,종로구,내자동,2024,4375,9510,11037,25760,23987,42274,61662,82883,103947,172699,83799,125834,63416,94205,66488,91825,83267,97587,97656,101278,103441,94831,123614,97662,138331,106320,147370,137451,170835,122825,116291,68108,103137,49240,105960,46900,92138,41743,45020,22069,12864,6162,1002,461,1,0,0,0
서울특별시,종로구,누상동,2024,0,0,1,0,11457,6,28143,25,23432,92,15118,69,11243,50,10010,60,9228,57,8264,49,7470,70,6859,60,7060,116,7157,38,7501,26,4892,23,2772,8,2226,5,1239,1,329,1,0,0,0,0,0,0,0,0
서울특별시,종로구,누하동,2024,0,0,0,0,3074,915,5913,4335,7447,9632,5324,7241,5326,4627,5532,7068,6117,7807,5810,9146,6644,8624,7116,9583,7825,8563,8677,9956,8971,10090,4941,9121,3288,5775,2276,6038,1176,5240,468,2699,7,67,0,0,0,0,0,0
서울특별시,종로구,돈의동,2024,609,32,18103,5326,27288,79249,41350,181539,68414,537323,90426,439415,126159,381339,164944,432293,234577,428521,269681,414537,329276,377108,401726,361531,472911,371049,579375,414298,728154,475546,448781,276119,431035,159769,481101,126249,401432,101549,221533,62170,31174,20891,139,292,1,2,0,0
서울특별시,종로구,동숭동,2024,4664,3515,62840,53793,109069,295492,251198,647579,323669,1503820,359976,1163857,449029,906259,538591,918612,579663,1073850,628673,1312032,810603,1145215,1111283,949629,1284153,971323,1525537,1128181,1608561,1262479,1010124,838622,1057464,375843,1386701,348416,1226677,307936,459950,187553,80697,66096,7083,13515,3314,3993,2496,3573
서울특별시,종로구,명륜1가,2024,0,0,1277,52,9002,7357,22425,10942,25680,24164,20636,15764,16328,14044,15729,15029,17558,17494,17713,18095,17110,18911,18919,20394,19636,20735,22007,22955,17690,24348,11973,23045,7818,19574,6716,21214,5322,23354,3486,19761,174,2398,0,0,0,0,0,0
서울특별시,종로구,명륜2가,2024,0,0,844,2469,5725,7386,11092,13967,20440,33875,18528,28695,19623,29916,23830,37255,32120,41464,34877,44600,38333,45581,46818,51307,48570,60117,51793,70245,54730,81863,46648,53786,50626,37849,61312,34277,59537,30972,44319,20386,18553,10218,100,74,12,1,0,0
서울특별시,종로구,명륜3가,2024,0,0,4298,58,15469,9209,37137,29455,47934,112053,41974,79096,34012,72367,41058,85495,41746,68886,43513,79060,49811,73709,53012,57340,56092,54580,69753,60349,45006,60681,29287,44407,27857,34928,28839,35733,15109,34379,7820,26571,73,3910,0,0,0,0,0,0
서울특별시,종로구,명륜4가,2024,16008,21711,30299,39425,32866,52911,59989,104364,86390,173122,74084,130604,69318,107122,73515,101178,89390,105122,95588,108274,91644,101545,109881,99568,117758,97762,123766,107700,122253,101385,89507,62747,94372,46725,107905,43683,109384,33351,53879,16843,11433,2318,947,100,1309,191,339,58
서울특별시,종로구,묘동,2024,372,18,12201,13896,28356,76795,51746,195227,86647,527046,98246,524108,122075,444939,147903,371544,172485,340472,197253,320514,237310,306752,278771,285308,338629,279220,487827,276827,663860,271384,365512,158696,255109,92423,274166,72637,228656,55766,108159,34858,13067,12752,22,246,2,3,0,0
서울특별시,종로구,무악동,2024,2949,421,66009,15945,87744,80910,205336,194239,259681,290588,215033,260820,199629,244415,207222,187095,231830,193068,217745,211804,229409,204323,273125,226247,277701,244262,274172,264580,261431,293966,148782,240908,117376,173347,98622,162148,74542,149024,34187,88574,16635,35178,4934,9836,514,1445,204,828
서울특별시,종로구,부암동,2024,2261,1448,13218,6396,28927,15036,66238,31610,80563,55075,61831,54500,57351,50892,52803,53149,59795,57040,64387,61127,71904,60954,77182,66265,88926,70459,84209,71187,74719,76743,50596,66527,39745,51357,26612,46916,17351,43665,7916,25129,1314,7953,22,105,6,3,0,0
서울특별시,종로구,사직동,2024,1746,4988,5823,17417,12172,27625,40375,78918,47353,126398,41248,107229,35390,74768,37574,66695,45452,70210,49056,74238,53767,68486,65859,73278,86754,77424,73427,91050,70538,85604,43837,54569,39752,39796,33652,35005,26943,32569,9357,16820,2175,4311,245,829,4,1,0,0
서울특별시,종로구,삼청동,2024,0,0,97,4,4055,13227,10791,18318,11026,37434,9497,33657,9144,17117,12923,18188,15603,17580,19701,16236,21758,13798,26654,12718,40663,11839,40646,13026,36499,11848,21492,8636,19667,7056,11829,5262,4173,4894,249,1540,0,0,0,0,0,0,0,0
서울특별시,종로구,서린동,2024,293,1809,612,3017,444,3911,1515,8993,2406,10423,2152,7986,1883,4393,2641,3314,2404,3178,3369,3664,3795,2784,4900,2832,5071,3292,8664,3823,17878,3738,10456,2026,8645,1506,8220,1139,7518,691,2726,455,0,0,0,0,0,0,0,0
서울특별시,종로구,세종로,2024,13500,30973,52080,105490,113881,562515,274978,1390076,416527,3973396,370687,1969666,398366,1069544,526399,1062048,620088,957891,784888,999854,933614,845618,1137403,755107,1452558,759060,2159731,847102,3391053,882415,1453959,438485,1212524,253359,1277054,200780,813816,142070,314174,78644,77144,32265,17150,12638,6755,6219,3235,4490
서울특별시,종로구,소격동,2024,0,0,0,0,19,1671,262,4229,257,7472,258,12165,308,9310,688,9105,931,10256,918,10262,761,9498,694,9345,679,7857,639,6265,342,4606,162,2500,116,968,60,818,37,581,10,280,0,0,0,0,0,0,0,0
서울특별시,종로구,송월동,2024,0,0,0,0,13,222,18,569,37,1455,29,520,25,339,33,459,41,349,42,336,33,342,43,417,61,511,45,342,24,441,12,335,7,210,9,117,6,111,2,9,0,0,0,0,0,0,0,0
서울특별시,종로구,송현동,2024,129,1254,2557,6478,4227,7413,9080,17922,13349,38720,15323,35034,15815,32441,19004,32443,25365,32816,31453,36888,35570,33699,43439,30689,47908,25966,50906,21483,53280,18794,35160,13652,32545,11116,26093,9218,18646,9271,8978,4857,1628,679,123,57,78,52,41,232
서울특별시,종로구,숭인동,2024,47846,39896,108401,106011,142281,166825,289326,289039,453678,496095,366386,438529,367442,491156,447276,595994,571075,642202,661689,693862,716050,619341,738568,566788,769186,490681,738926,425364,609891,405808,378285,311282,258387,245368,219274,236862,182864,231820,105921,165084,50901,76143,28267,37317,21810,24425,22473,21642
서울특별시,종로구,신문로1가,2024,376,873,1391,2684,793,9605,1811,25180,2484,56605,2380,29030,3645,16078,5083,13624,6088,11951,6755,12473,9179,10239,10610,8514,12892,8253,22398,9241,35150,9453,18136,6199,13853,4392,15813,3501,11775,2637,4849,2021,1630,1618,1204,1149,1111,904,409,524
서울특별시,종로구,신문로2가,2024,10055,30013,30037,70532,24984,86148,59469,223395,83585,443905,74256,239379,81713,135501,111474,127133,112456,122141,115159,136923,132702,109526,163119,97353,185017,91555,322495,100840,357118,99906,156233,60957,116492,41451,106096,36492,78112,28384,28923,15995,12536,11321,5609,5555,3543,4630,2763,3765
서울특별시,종로구,신영동,2024,4111,1259,18863,8718,37272,19069,73578,28855,94779,61654,74742,44773,64672,45496,58625,40719,58182,45264,62644,48669,67341,52402,67490,64848,74742,72879,75971,74800,74001,82210,50967,70796,39276,58907,30880,54920,25303,51291,15802,32538,5256,12153,82,247,2,8,0,0
서울특별시,종로구,안국동,2024,1403,9141,2660,18074,4803,23308,11321,57377,21064,90010,18579,70622,20377,58034,27600,54132,36518,51640,45458,52033,52849,46769,64050,48630,74394,47872,73686,50386,74352,42152,51348,26656,43907,20904,37486,19338,24071,17558,9480,7988,2273,1666,329,120,143,128,69,291
서울특별시,종로구,연건동,2024,14992,26936,31313,65235,73231,132423,190609,286017,311776,485550,201627,293239,169725,189762,173181,139701,158325,145046,163417,163911,194420,154063,228810,116303,243414,108683,272928,104098,249074,103959,134217,67757,123444,45782,116202,46164,110777,40834,43798,19794,7234,4673,2101,1064,1307,579,1013,763
서울특별시,종로구,연지동,2024,1134,1621,1942,5928,3838,9841,6056,29167,8213,64109,7954,31982,8531,19939,12917,15042,10936,15646,11505,17604,11383,14182,14633,15518,14649,17151,35973,17023,37878,17520,13347,12156,9491,8844,7016,8839,6748,8192,3229,4947,282,1008,80,486,38,723,20,536
서울특별시,종로구,예지동,2024,757,4910,1589,10153,1457,11091,3197,21156,6614,40947,7726,32645,11346,23970,15649,22163,20703,20615,22405,19842,24088,18647,23403,17885,22668,18801,22646,21376,22594,21971,17919,9784,15292,7152,13135,4945,7366,4064,3041,3714,18,67,0,1,0,0,0,0
서울특별시,종로구,옥인동,2024,0,0,1526,9,7025,2273,19047,2539,19540,5762,12574,7476,10168,9568,8701,10519,8913,12535,9150,14068,9096,15405,9343,17551,10684,18141,9397,22221,5644,25477,3381,24923,2033,20524,1283,21314,762,18923,214,12527,2,1311,0,0,0,0,0,0
서울특별시,종로구,와룡동,2024,0,0,0,0,769,2143,1114,3172,3991,7050,3809,5373,2476,4191,2187,4115,2995,3732,3620,3752,3830,3904,3467,3758,3764,3445,3956,2773,5101,2642,2748,1615,1709,826,1528,718,1305,592,474,228,0,0,0,0,0,0,0,0
서울특별시,종로구,운니동,2024,6404,16508,11410,27081,13912,65475,29232,157045,49232,142109,44382,118782,42520,96926,57067,87088,59726,85079,69482,89547,78029,81308,108873,79519,138417,79126,172251,83329,137515,82324,84570,40168,73500,29109,78337,26868,60013,24119,29358,13293,8706,4531,949,687,976,894,622,1534
서울특별시,종로구,원남동,2024,3777,12174,10574,24989,14255,37180,30595,80206,56097,177275,48409,98269,36602,58363,39031,44813,36110,40300,37093,40625,39522,36282,44709,35739,50621,36715,87728,37208,116595,35234,45835,21993,26601,19420,23252,19260,16617,18093,5082,9270,676,2283,229,653,203,766,104,615
서울특별시,종로구,원서동,2024,0,0,0,0,4304,1919,4057,2683,7165,6335,5968,5657,5808,3853,4237,4728,4459,5226,4842,5775,3771,5994,3928,6910,4272,8113,6079,9041,3784,10824,1747,10038,1068,8326,968,8313,557,6518,81,3887,0,0,0,0,0,0,0,0
서울특별시,종로구,이화동,2024,1078,1600,1841,6901,1916,8094,5269,21445,8539,38089,7153,25552,6729,17615,7188,14251,9004,14307,9578,16481,10199,14186,9928,14061,11816,15200,15258,16431,17326,18200,9278,13856,7540,11458,7961,11149,7654,11854,2634,7178,1064,1230,2358,2111,1894,1912,1488,1674
서울특별시,종로구,인사동,2024,1,0,42,0,1406,1971,5864,2526,9691,5722,7527,5220,7579,5846,9558,8808,8967,11308,9626,12504,10246,13038,9851,17018,10200,20577,10276,23175,9241,20136,7947,9448,7145,6124,5982,4654,4417,2364,1979,634,0,0,0,0,0,0,0,0
서울특별시,종로구,인의동,2024,0,2,140,820,841,2261,1794,5485,4405,13113,3562,8441,3676,7528,6041,7400,5086,7612,4937,6682,5746,6905,5216,8557,6411,8979,10053,8873,15343,7860,5535,4628,2822,3661,2220,3426,1926,3258,874,1333,4,0,0,0,0,0,0,0
서울특별시,종로구,장사동,2024,25,968,30,603,49,762,230,1199,663,1266,523,1114,358,702,382,717,497,880,478,797,514,972,426,999,474,1088,756,1357,620,1883,339,906,244,618,205,675,167,510,112,315,2,2,0,0,0,0,0,0
서울특별시,종로구,재동,2024,0,0,240,9,12767,5280,32683,9050,43796,11586,38731,12947,28293,13982,25347,21185,22680,18901,26318,18608,24624,18880,22413,23395,22663,25512,24869,28462,24145,26862,14434,12398,10151,8962,9486,8444,7309,4690,2771,1140,0,0,0,0,0,0,0,0
서울특별시,종로구,적선동,2024,505,11,28045,18573,72820,175176,163868,494669,247385,1585344,245087,1074335,240117,761545,330138,710702,417783,653472,514795,664007,625969,561125,758838,496759,912943,457109,1135085,444081,1392238,445995,604593,287091,509322,160518,477343,133776,307687,120294,112287,67410,13282,19053,53,540,0,0,0,0
서울특별시,종로구,종로1가,2024,5927,32771,27589,114533,30191,126391,70789,275667,130507,510878,100871,355735,109899,221142,160929,238085,179919,229865,228846,243068,266527,226150,304182,220248,326659,234297,435730,262389,544094,263085,356673,149535,328528,107181,345202,88257,238551,71556,109123,44710,46292,30234,13168,12292,4747,6761,3072,6550
서울특별시,종로구,종로2가,2024,46784,44971,46906,72075,62046,120319,133667,299827,202599,465101,157756,390610,157278,317352,201915,339663,241571,325921,280938,322857,308020,300752,356562,299411,371162,321194,441469,363256,503543,384595,389208,243482,385891,160347,445039,135707,412393,117760,276376,75619,187837,63218,105702,42192,67220,27586,52698,25778
서울특별시,종로구,종로3가,2024,16184,30069,71757,86748,65676,203555,104063,421184,171205,960452,223368,941483,312432,820412,457630,943491,609047,948836,696831,887105,812652,775252,937604,682196,1044108,668288,1208059,652104,1321626,648149,830910,346444,706194,202108,740812,164579,584256,132880,281266,85895,85330,43616,37254,11980,19192,8607,12741,8287
서울특별시,종로구,종로4가,2024,5430,20095,12919,51831,19316,81985,41938,161226,83976,276352,79061,267174,108356,271008,150094,270878,188833,268909,210499,259245,234736,249406,256645,237813,268589,226630,292046,213326,297217,197507,182044,112558,134627,77259,124323,61601,91369,49362,51425,31234,34173,23792,14284,12312,6432,6865,5516,6943
서울특별시,종로구,종로5가,2024,10081,14001,38045,78900,53113,257987,98154,588365,168254,1294407,237651,943162,380792,861317,548554,892656,678117,838750,795824,789686,915772,747508,980702,647153,1060300,599569,1291466,534291,1327192,481136,720600,285972,526256,176494,475430,130185,299752,97552,113304,63313,32085,29771,16134,13582,9087,8194,8290,7261
서울특별시,종로구,종로6가,2024,6712,4880,69453,39826,42440,182267,73927,417663,110169,836771,168602,804063,246200,765566,335770,689474,419787,617343,497422,576959,609853,543126,715132,461539,859554,371275,1054472,297887,757638,266319,435570,264395,333779,190495,312848,136064,243290,99813,108670,75093,21633,21586,1937,7723,1439,4696,1473,3503
서울특별시,종로구,중학동,2024,788,4739,4693,12574,3701,20539,9405,54845,13486,93367,13630,60519,13742,46743,18185,46592,19482,44350,24149,48136,29234,43181,35197,41206,38685,36649,46593,32386,57231,27709,27532,14863,26133,10140,22221,8977,10984,6395,3953,3854,976,514,274,139,126,183,96,151
서울특별시,종로구,창성동,2024,0,0,829,2434,1051,7345,4584,16890,5767,37757,6277,32313,6224,18297,7783,18596,11032,22271,13843,24456,15180,23171,17389,23892,17969,24180,17726,24537,18599,26463,14385,19937,12410,14006,10943,14232,7958,13910,3514,8222,819,2867,9,20,1,0,0,0
서울특별시,종로구,창신동,2024,84676,36127,337719,120619,351779,268560,645984,467078,869998,817171,711216,774528,620175,759271,673671,805861,784510,805275,808454,813866,863964,799878,934178,774729,989827,777508,963614,785355,894093,865776,622321,753339,518866,534633,456035,501384,370594,492367,212614,360605,90689,134292,46634,42920,38411,27910,35695,23199
서울특별시,종로구,청운동,2024,378,1295,3882,6464,11054,18037,24400,95557,34535,105799,32893,52929,31320,53451,37123,47635,46605,46615,50590,51102,60683,51219,106510,49382,104419,44989,66313,40084,53553,40007,31631,36389,25655,28369,20153,24888,12785,22953,3231,13160,428,3889,8,38,0,0,0,0
서울특별시,종로구,체부동,2024,865,4305,4507,14143,8436,38690,18235,86843,24955,124413,19357,104242,16960,84604,22625,83823,31161,87574,37748,93056,40246,92929,44422,113943,49329,133717,49174,135824,49371,118720,34050,59671,28817,38948,26344,30836,19422,20622,8676,7673,735,233,3,5,0,0,0,0
서울특별시,종로구,충신동,2024,2470,1648,4297,6509,7532,9804,16140,16724,29637,33991,21423,26192,17175,21835,18937,20234,20370,20508,19133,21181,18022,19462,17544,20622,17449,21652,22090,21891,25821,26036,16539,21503,11414,17948,10330,18141,7926,17389,4075,10932,425,1984,1589,2508,2169,2756,1386,1799
서울특별시,종로구,통의동,2024,15,0,3288,2343,18967,4866,73378,14559,107124,35757,85805,38280,76635,36537,68976,43597,73891,45432,79732,46541,83899,42315,88590,42326,93931,43279,99776,49124,113334,53263,105413,34933,92587,22633,90487,19722,82324,16044,46378,8791,10059,2671,71,43,1,9,0,0
서울특별시,종로구,통인동,2024,2138,2234,4637,8519,8375,15739,15695,32134,21130,42042,21040,43312,17946,33980,20947,39673,25919,41429,31598,41435,34637,40309,36289,44640,40972,48978,43562,50055,45836,44337,28194,24297,19773,14509,15916,12088,8678,7536,3499,3036,160,34,4,0,0,0,0,0
서울특별시,종로구,팔판동,2024,0,0,0,0,1671,7,3597,2617,5549,7567,2860,7109,3896,5719,7385,5777,9719,6234,11540,7808,14191,7334,16482,6507,20432,5622,20190,3613,17010,3011,10899,2075,6925,1285,3340,1035,1694,878,282,329,0,0,0,0,0,0,0,0
서울특별시,종로구,평동,2024,4766,4770,15887,12316,28569,26024,68867,70394,92367,99379,92956,49213,85443,38057,85676,42080,83677,45927,85327,51828,103116,51977,126524,55662,131692,58244,153913,66146,150700,70035,100091,49025,88103,40621,85676,40801,77751,34862,33116,19599,12640,10914,5287,4731,3077,2727,2231,2092
서울특별시,종로구,평창동,2024,9083,3410,25699,18196,68048,50971,148545,92973,144951,153953,128538,111866,117158,92929,118441,89561,123931,93298,122721,107074,125574,113306,138650,130355,149359,144720,161506,153670,143694,156229,90977,141682,70919,109233,75514,102928,52110,93852,16334,54712,5810,18417,62,189,2,4,0,0
서울특별시,종로구,행촌동,2024,0,0,0,0,5328,2506,17819,8252,17647,7030,10410,5696,7586,7918,5824,8954,6189,11343,6742,11933,5975,15227,5468,20967,6155,26838,4923,21284,3706,25539,2601,25061,1557,19365,1377,21877,659,19445,164,7473,0,0,0,0,0,0,0,0
서울특별시,종로구,혜화동,2024,17589,21195,28815,42375,70865,56662,151417,129646,209066,182090,168889,162760,142099,146911,146542,151732,169993,169359,179437,186356,184668,178906,214112,181240,232655,191869,234524,213690,236413,233672,195672,164246,195188,109240,241623,100702,232842,92703,129243,56879,53498,25368,20345,9455,9378,5218,5327,4192
서울특별시,종로구,홍지동,2024,2018,1052,6519,6218,18274,23056,46020,69233,54818,125026,49298,126300,51466,152829,55742,111270,74835,102073,72835,73584,94277,88162,124706,61872,157445,62767,173683,69042,123727,75015,68618,59779,54883,44596,49887,41988,33963,38418,14762,22500,2539,6548,39,103,1,2,0,0
서울특별시,종로구,홍파동,2024,0,0,0,0,490,15,925,113,1103,421,860,347,718,414,839,523,524,507,436,679,438,911,429,1254,418,2368,556,1255,806,1045,277,666,210,612,129,447,88,370,10,54,0,0,0,0,0,0,0,0
서울특별시,종로구,화동,2024,0,0,0,0,12,1017,45,2078,308,4405,256,6737,107,7432,146,6713,281,6615,330,6151,292,6030,284,6057,224,5227,274,5189,185,4756,137,3538,124,2068,55,1755,33,1851,14,630,0,0,0,0,0,0,0,0
서울특별시,종로구,효자동,2024,1772,1164,5131,4255,13834,12596,31204,34166,45550,60613,33438,43169,26059,27434,29459,24290,29943,26486,30287,30423,34753,29899,46782,30817,59675,29208,59871,26731,55602,26712,29515,22272,18150,17147,16311,16567,11302,16154,3765,9611,565,1975,4,16,0,2,0,0
서울특별시,종로구,효제동,2024,610,1056,6177,4303,12160,15020,32486,47319,67278,90648,48075,58120,38883,44966,44613,39354,51381,43216,57613,48129,62328,44310,72309,45493,82691,48044,113835,51396,138859,56059,77666,40658,62002,31551,57745,32012,45593,32344,24215,21741,10044,12316,2077,2173,320,724,363,710
서울특별시,중구,광희동1가,2024,1492,1969,6845,10859,27853,45309,53583,134601,98311,385145,83805,153967,81760,65042,72881,58181,66471,58974,71749,61509,78041,58547,83730,57764,108319,61880,197407,68990,294989,73135,124796,49085,76587,39149,67375,40469,50583,39987,29285,28315,12840,9495,6009,2125,3780,1528,2618,1093
서울특별시,중구,광희동2가,2024,3601,1406,5563,3384,3314,4937,7290,9394,10778,14548,12311,11331,12277,9203,9668,9519,9535,10218,9420,11271,10018,11743,10676,12310,10140,12571,10047,14083,11000,14559,9120,14645,7234,10918,7401,10698,6695,11178,4500,5483,3502,1723,10,18,1,0,0,0
서울특별시,중구,남대문로1가,2024,5161,21428,6803,53225,25366,75977,48708,176303,63359,267925,59953,172868,54133,120777,64332,124151,66907,116068,79769,111534,89294,98297,110190,93673,118456,97217,194855,109957,263056,110198,172022,70744,148950,50951,139696,43682,129650,36089,79147,22403,25636,8653,12703,7752,7437,5411,4906,5178
서울특별시,중구,남대문로2가,2024,11331,25461,36549,76633,50872,85062,113279,165924,152291,300314,134401,237810,133558,227687,188628,262637,243206,258452,294789,254975,349694,246415,431641,246371,485139,241069,613297,243110,769673,235918,595033,153658,564583,107463,454349,87704,413187,62193,233240,34188,61450,12690,15770,3891,6010,2984,3102,2119
서울특별시,중구,남대문로3가,2024,6450,14036,18432,48933,24365,56894,38703,110501,54530,215806,71984,192091,100661,185649,144405,205224,187020,187909,225566,180064,259450,169041,284936,150208,304276,119492,320738,103229,256737,92793,158946,56066,134150,42370,90689,40612,73292,38318,47782,25401,17864,10965,6938,2447,5154,1475,3583,1227
서울특별시,중구,남대문로4가,2024,1,0,49,1781,414,13776,592,48737,680,81383,799,44121,1183,30532,2013,31600,3452,23906,5963,18615,8444,14863,10158,11694,10917,9743,12817,8503,15090,7604,7362,7651,6413,5644,5272,4096,3679,3455,2171,2425,267,495,125,355,39,156,0,0
서울특별시,중구,남대문로5가,2024,5928,17298,31272,61587,52317,94550,89794,177966,117085,279901,97156,199703,97700,124230,126474,116631,135760,116036,144868,112801,161113,103761,197409,105170,232729,109437,377139,118425,422212,117693,241156,78340,185754,67766,172527,61614,147750,57523,98237,42628,50331,18556,20709,10884,7614,5269,4184,3399
서울특별시,중구,남산동1가,2024,1042,2087,3981,12566,2548,15286,4651,22495,11827,38716,13825,32380,16105,29280,22222,29686,25108,32913,28507,33386,31729,32935,36634,33030,41362,33447,41740,35247,46767,33575,41309,30023,41946,25559,43663,20705,43253,14411,23236,8034,3892,1758,2455,1069,1241,623,749,475
서울특별시,중구,남창동,2024,4193,8606,30798,49744,58262,306183,96991,752495,163972,1889262,201333,1348375,278791,1131728,434859,1093324,580171,922152,735165,842281,893773,770026,1041738,652376,1216817,521451,1495155,428683,1601914,367797,796281,228577,737116,152846,314745,142943,189054,115361,77775,64832,13910,19394,4092,4389,3215,1355,2636,2208
서울특별시,중구,다동,2024,0,0,221,2643,928,17597,769,65847,707,106696,729,68524,806,41698,1106,40245,1562,33461,2600,29867,3343,25220,4831,21608,6773,21742,12344,22633,22160,21155,9917,16508,8495,10865,8733,8382,6604,7027,2974,4336,67,194,27,143,25,81,0,0
서울특별시,중구,만리동1가,2024,586,1344,1444,5192,6146,5210,17966,13555,35763,21895,25749,14206,25854,12800,28480,14650,34731,17465,37980,17952,38471,18586,47510,20887,53104,23890,68603,23258,80651,25304,67345,20260,50654,15271,52867,15763,42700,12775,18536,4288,5434,343,2879,353,578,223,690,224
서울특별시,중구,만리동2가,2024,3667,1611,12827,5663,18828,9084,44541,16615,66170,27726,44920,15177,36365,15988,34475,18247,35686,21894,36520,27241,35511,31294,40665,35461,50793,39143,46868,47839,47663,61668,33393,57906,24575,45774,22380,45312,19809,40871,7512,28582,1218,5281,949,2952,576,2011,993,1246
서울특별시,중구,묵정동,2024,754,1001,3246,3285,3349,3589,5830,7735,10782,23720,11721,14048,12884,8620,13332,8279,14672,8892,16271,8910,18630,8982,18962,9391,20497,9174,25893,9780,28503,11219,18977,9683,14376,9284,13709,9323,10813,9627,6548,5621,1775,1101,1677,815,1270,582,780,275
서울특별시,중구,방산동,2024,580,3528,2530,7911,1073,9124,2190,9975,3791,15681,5183,14114,6563,13925,7264,13354,7557,12532,7599,11819,8530,11416,10455,11013,11596,10282,14608,10610,12521,10768,8567,7426,6470,5891,6364,5051,4286,3791,2090,2528,1129,1035,8,0,0,1,0,0
서울특별시,중구,봉래동1가,2024,403,3642,606,9799,4426,8699,10828,20562,18101,38612,12268,29711,11591,12676,15738,12884,14710,14604,15547,17752,16105,16805,17305,18351,18592,20005,40475,23108,52625,25477,23234,16384,15000,13541,13331,11183,10089,9397,4744,6172,3433,2359,1156,735,464,595,336,769
서울특별시,중구,봉래동2가,2024,29303,58241,187729,341727,320420,1167451,1049023,2289555,1675291,4019824,1398336,2737944,1302809,1571811,1577885,1422644,1786795,1577152,1738742,1567041,1459952,1433145,2067485,1515523,2306329,1602455,3342801,1874991,4097266,1990903,2438454,1325117,1773283,973991,1902186,891918,1347236,636347,774037,312318,220603,81758,25443,14483,11103,7051,5690,5762
서울특별시,중구,삼각동,2024,0,0,57,648,168,784,195,1001,590,1215,600,866,980,690,1534,764,1262,841,1464,997,1545,726,2009,756,1891,777,2755,842,5204,962,2832,548,2737,394,3035,335,2996,306,2643,179,1246,110,1,0,0,0,0,0
서울특별시,중구,서소문동,2024,2373,6512,18365,53237,34036,282681,76010,960623,132337,2821972,184499,1189652,263644,435228,353462,399254,346124,395526,425562,422746,519782,371992,635924,335676,775592,308513,1457757,339042,2249299,331683,866161,184264,685231,127143,611684,118734,386368,102094,161348,66249,29409,22519,5332,5761,2653,3382,2008,3023
서울특별시,중구,소공동,2024,125,761,838,3409,2376,5312,3262,8738,3586,13441,6016,9480,7789,6577,9315,6782,9801,7752,11434,7030,12570,6942,14816,7150,14691,6771,16903,7342,20156,6721,12637,4743,11748,2942,11349,2597,8198,1868,4316,1338,2914,1273,1082,1357,412,934,349,1027
서울특별시,중구,수표동,2024,0,0,32,199,342,1051,465,1342,1031,1851,1514,1591,2223,953,2693,735,2332,650,2291,789,2273,640,2356,643,2764,747,5402,685,6097,713,3949,554,3966,531,3860,430,3581,625,2805,458,1313,268,2,0,0,0,0,0
서울특별시,중구,순화동,2024,41,0,92,0,95,670,76,1483,164,3516,85,2129,114,753,185,630,112,496,124,618,150,545,123,496,159,598,190,541,437,646,136,414,87,185,50,200,35,123,38,0,23,0,13,0,5,0,0,0
서울특별시,중구,신당동,2024,37245,19084,272121,109726,431819,326605,974012,695712,1401159,1516849,1049049,1013749,844586,731987,815094,728160,887361,768055,913658,812850,908051,846706,978008,945628,1083344,1052518,1205666,1229392,1510680,1536145,1004186,1135504,785043,813000,728431,730559,625520,676372,338200,407339,85268,121451,32462,37310,19446,17818,20732,17666
서울특별시,중구,쌍림동,2024,3817,2373,3534,6948,5044,8924,8885,24932,15156,53601,16329,24329,16229,13691,18338,13607,16519,14728,16813,15130,18049,14859,19294,14946,20460,15357,32290,15968,43535,17521,23386,13259,15141,11781,12296,12363,8606,11853,4749,7894,2665,3090,1194,2771,1122,2199,1052,1184
서울특별시,중구,예관동,2024,401,2000,975,10376,1376,6796,3586,14155,6213,27388,4927,13858,5241,9743,5739,7856,6304,6544,6415,6804,5933,6889,6354,6453,5959,7024,8081,7937,7667,9879,4488,5063,3264,3745,2905,3479,2132,3545,1570,2637,229,209,0,3,0,0,0,0
서울특별시,중구,예장동,2024,1832,3159,9141,12576,27762,23678,60872,50011,79658,63858,88386,67915,92023,95366,108169,113453,129554,118233,141843,128044,180265,154006,224016,171751,238825,185137,234906,187809,211577,187822,211300,159423,208758,123859,178266,86265,139037,54423,55272,23527,13196,3978,1693,1,0,0,0,0
서울특별시,중구,을지로1가,2024,2667,5628,35726,56774,60708,412467,147748,1708551,239857,4316161,341713,2141441,420900,1191528,544181,1006552,606032,901771,745437,924037,863611,826564,1042751,804221,1254859,847845,2190641,958311,3472481,954323,1677230,611037,1614950,416429,1108053,351511,897569,281742,387682,160907,59204,55794,5469,12887,2595,1132,1733,817
서울특별시,중구,을지로2가,2024,4993,12416,12916,38251,28532,101016,77281,304706,114685,437414,81869,270305,72124,173085,84685,159473,77874,157000,87657,145658,92721,127691,103565,122800,102083,125793,153729,137517,207004,143198,128673,111526,113659,71923,112120,58509,101123,55054,65361,29148,28442,7958,8350,2176,4179,2324,2767,1392
서울특별시,중구,을지로3가,2024,2385,12801,26649,65520,53819,390336,134554,1321324,254590,3063804,332283,1276625,397889,621927,451265,553556,467765,528073,539585,576075,621602,518953,704352,524756,872068,608521,1691579,733983,2500664,847885,1070449,523705,821769,315268,863561,262071,740029,218117,422453,133337,84331,36786,9258,3111,5072,1837,2823,1266
서울특별시,중구,을지로4가,2024,3821,9274,16624,39663,32191,198946,77950,486337,158423,996547,178935,519200,215980,340669,257810,335809,270382,308393,296489,299112,331397,282812,378243,264658,450774,259055,781923,265740,846005,272501,381899,182005,245198,133098,211052,128669,150283,123366,76060,77233,19816,23792,3556,3071,2278,1946,1852,1568
서울특별시,중구,을지로5가,2024,630,133,3130,1514,3761,3424,6312,6298,11442,11897,10612,12486,13127,12789,15663,13973,16066,13815,17336,14064,20133,14425,21947,14324,24532,13752,26720,14061,25527,14813,15950,11148,10219,10462,9255,11671,7940,12696,6047,7984,3661,4752,1083,1699,695,667,467,381
서울특별시,중구,을지로6가,2024,20929,9792,27131,26254,15402,37463,26265,49738,37134,85220,42630,77125,53586,86057,71473,85229,85065,83654,96031,85976,114694,88788,133263,82612,139068,78956,140724,82389,122453,91177,100396,72893,85529,52740,84129,46447,69963,34959,44417,20915,25591,14270,26896,16032,19549,12585,18634,10201
서울특별시,중구,을지로7가,2024,48070,10493,193196,55900,122580,295765,218092,658722,359391,1422975,432533,960734,487190,879674,554240,848025,629026,837590,692247,855531,824988,864498,1004779,808423,1172297,775045,1484643,826059,1662341,908113,1043309,859287,851054,639012,810366,543829,676047,458723,367518,294508,110142,97777,49775,29379,36242,19203,36572,18051
서울특별시,중구,의주로1가,2024,4141,22184,19662,45578,24268,73496,45061,194583,78190,394034,61904,167996,53334,78135,68180,71224,68208,78776,75226,82008,94653,73559,129508,79659,160606,82663,253967,99801,370245,101411,165811,67108,133397,57149,126030,54355,105704,44511,57675,26068,18429,7798,2190,484,579,70,0,0
서울특별시,중구,인현동1가,2024,0,0,70,1698,136,1026,428,1661,395,2409,832,1878,1264,1818,1557,1654,1166,1685,1179,1825,1300,2005,1285,2130,1184,2390,1462,2721,1992,3107,1181,2817,957,1939,1421,2205,916,2382,1174,1661,328,288,0,0,0,0,0,0
서울특별시,중구,입정동,2024,0,0,46,32,482,593,366,221,957,290,936,351,1073,522,963,577,993,565,1304,646,1333,705,1592,766,1773,828,1906,1106,2561,1119,1919,891,1950,976,2097,743,2284,630,2059,566,2418,332,6,3,0,0,0,0
서울특별시,중구,장충동1가,2024,1767,2497,6259,11000,12276,20372,17603,30000,31260,79469,24822,59899,24294,45774,28418,46575,33815,45318,40373,47051,42033,42091,43914,42042,50789,46262,59902,55173,68965,58286,42158,39846,44722,31086,36746,27717,33179,25604,14386,13093,6440,5651,1919,3091,986,1993,876,2166
서울특별시,중구,장충동2가,2024,764,796,23307,17041,43694,137011,89682,231845,152141,787586,133626,499809,157045,470469,200163,364679,208448,317500,282432,356627,314770,280303,341394,252758,428508,263342,563909,306302,645038,331464,344012,181723,389898,104755,327565,97541,241763,73187,60375,41773,7015,13807,304,1476,162,500,200,340
서울특별시,중구,저동1가,2024,2183,5267,15506,29757,82000,125506,216326,365399,271234,532276,219196,368650,194458,293996,202996,286238,223176,274751,242410,263694,260606,232027,287158,229614,334032,234870,375894,255882,341570,236597,334655,188130,321507,133347,306901,112984,299842,97957,185932,54410,51937,14103,9998,4359,4327,2940,3295,2134
서울특별시,중구,정동,2024,2753,2205,25522,72692,48679,332558,95459,922635,133319,2387894,168031,1140142,201721,606009,278746,585518,305762,548127,393380,565001,501730,484996,654926,440930,806532,434455,1216324,450187,1977722,415515,803674,215047,715262,156189,629827,135849,384241,96478,130014,53650,11371,13552,5572,1455,2821,813,2548,1382
서울특별시,중구,주교동,2024,62,2,6130,6470,11805,74709,30026,219945,48593,520616,46660,236574,58245,148701,77737,145240,91975,128976,109846,117643,127777,106206,146918,98385,178748,91504,334107,90671,453504,97388,179648,55118,124108,36669,104195,33377,72444,23956,34545,17523,6091,5901,21,32,3,0,0,0
서울특별시,중구,중림동,2024,1310,4038,11467,25154,26360,41485,48615,74398,56710,108269,44040,65930,37482,44700,40084,44584,42978,48707,43267,52449,41465,49326,42411,52506,43433,55323,57043,61509,83803,70175,36798,50318,27286,40506,24876,37377,19628,34350,13044,20446,7612,6371,2853,4019,1472,2354,1139,2697
서울특별시,중구,충무로1가,2024,1297,3657,3866,14070,3150,14633,6530,25097,10105,41671,12001,40879,17545,41089,25432,45220,32457,45241,39219,43786,46107,43462,52652,44132,56130,41559,60485,40468,64352,42759,57905,29289,54331,20441,48911,15175,41636,10350,26366,6063,10903,3656,1294,955,523,381,609,431
서울특별시,중구,충무로2가,2024,5330,3910,24054,28887,51369,285785,107279,649112,205047,1538810,368275,1163855,452921,835191,529800,860722,545035,922083,599358,926392,729670,875075,909892,896625,1083470,914212,1246680,949073,1702897,899695,1044559,701310,961877,532946,940951,382817,858848,232482,363247,121186,26579,36200,1679,3571,407,827,555,803
서울특별시,중구,충무로4가,2024,4131,5975,8032,17883,8000,10097,14323,18238,22971,30791,16456,27495,18354,20110,18358,19973,19064,19573,19978,18588,20902,17337,21263,17855,21181,19921,22593,24496,26272,30015,19987,17300,18442,12455,17732,10806,18295,9567,16523,6606,6509,2458,2129,1451,1100,746,926,773
서울특별시,중구,충무로5가,2024,449,1004,912,3970,2227,5018,5413,8891,11826,16197,7135,14362,7476,11368,8108,11889,8027,11771,7149,11030,7345,10579,7359,10424,8690,10774,9825,11765,12256,12425,6988,8609,5258,6666,4440,6305,3214,5105,1943,3069,819,1677,328,1148,246,766,204,858
서울특별시,중구,충정로1가,2024,1209,19991,3542,29388,5271,38785,16902,81902,49832,125552,18757,73171,14521,46588,23388,35688,16439,33596,14841,36914,15343,27997,16276,23414,20557,23173,30613,22901,50972,19822,14221,11696,9487,10356,7945,10834,5386,8439,2018,3796,292,890,257,1067,177,1179,120,1132
서울특별시,중구,태평로1가,2024,571,909,2831,9273,16368,18453,39905,42412,78890,90499,69330,59888,58329,40809,60188,51785,54060,48214,56620,51859,62101,47190,63857,46273,61845,48951,77783,53814,96994,56896,61649,35536,57733,24739,57756,22098,40411,14111,19323,5103,4100,3430,1573,1571,832,808,461,726
서울특별시,중구,태평로2가,2024,2697,2811,9137,36528,29068,117836,52386,253439,76948,469335,81246,248459,87394,173419,113982,179320,117784,168998,136635,156504,161633,142401,184383,135568,213973,136616,323017,141825,411182,139838,219813,100950,182807,86920,171562,85075,136254,68261,80595,35206,29865,11976,11736,6036,4478,2288,2559,1375
서울특별시,중구,필동1가,2024,4040,8133,8746,28919,13159,22511,30948,36022,42594,65202,36517,46039,40990,38425,47445,37073,41994,38600,44862,39009,45914,36820,45610,35548,45814,35841,53382,37476,66378,40193,42324,29105,36006,21049,33230,19621,27080,17903,19340,11993,8682,4131,3819,2585,2311,1186,2224,1156
서울특별시,중구,필동2가,2024,2014,552,44244,39019,75444,273200,166438,731401,301557,2134964,358595,1238716,410096,732375,454109,619299,452210,578575,524485,591240,604959,509457,674654,478344,829734,517986,1286963,585183,1891874,628828,880653,405005,695070,288919,658625,288546,513502,268865,288772,180553,55441,51919,2976,3380,2396,578,1642,558
서울특별시,중구,황학동,2024,9116,3374,100664,30165,182264,123172,434644,236705,713442,441279,458947,336810,331525,291398,320091,320799,364597,340740,374225,355977,370378,361741,387299,395581,429665,468646,467323,591530,493236,803946,355126,534806,287446,350961,270512,311543,237695,280861,121046,170841,26295,57802,3665,4044,2592,2077,2132,1558
서울특별시,중구,회현동1가,2024,0,0,66,811,109,996,697,2349,1387,6186,1543,4237,2102,5034,3535,6506,5707,9630,6383,8983,6824,9311,7181,9635,7799,12103,9837,12783,9327,12593,7177,10783,6073,8304,4861,6272,3236,4237,1140,1658,89,362,19,94,0,0,0,0
서울특별시,중구,회현동2가,2024,678,1911,2208,9861,8582,14128,15514,43238,23114,80965,25028,59161,23677,46267,26383,47854,27489,48665,28233,48287,29101,46680,33002,48084,34197,49215,40395,52772,51922,53465,39131,43597,31502,38285,27530,33421,21584,22307,11098,9934,2053,3596,736,1893,242,1403,346,1204
서울특별시,중구,흥인동,2024,10018,3061,85535,22659,70079,110447,103303,188877,162268,446818,133653,287176,119206,188871,154211,161021,177371,158340,166580,170830,173624,153166,207628,140009,255019,165302,301373,192400,346317,266422,222588,265718,209241,144392,209601,114721,226833,116294,101093,124803,28288,33340,4736,3168,3800,2034,4309,1780
서울특별시,중랑구,망우동,2024,77260,32514,215105,93157,448559,223532,1012764,619705,1070573,870822,682303,493000,573719,490800,544576,473337,603449,510241,587996,555546,573577,546797,698478,656604,787607,739894,752092,826656,759745,977454,574702,862385,376944,561500,316049,474851,232864,431681,112506,266556,47660,116166,13844,29821,7553,10492,4679,6948
서울특별시,중랑구,면목동,2024,226855,72921,704837,204726,1279291,560514,2871581,1109873,3560573,2157651,2167891,1347748,1596564,1180410,1471498,1157037,1593429,1337012,1535723,1348950,1430640,1401506,1563875,1727233,1711959,2051297,1755306,2343182,1872345,3076269,1573392,2680000,1030311,1701917,866210,1536762,688560,1382844,347738,788326,108090,311993,27655,58539,17460,29733,13933,24996
서울특별시,중랑구,묵동,2024,47547,16466,144572,48514,272115,125852,664134,300076,842226,475472,547930,341001,411587,296284,381875,312919,419144,354816,416718,377931,395211,389851,423366,458859,452949,536629,452277,617162,503386,789383,384648,653893,289021,440976,249677,391824,202979,355724,113673,217206,35113,71098,7215,13102,5955,7587,6311,3979
서울특별시,중랑구,상봉동,2024,87930,41639,432488,172758,717190,372058,1744141,726885,2093961,1265100,1240119,861268,922731,772130,888087,803491,1007488,891810,1005407,942201,977079,964294,1054919,1089499,1163915,1299384,1256147,1571544,1389866,2173294,1083760,1748327,809379,1103965,748566,884534,583806,825049,317598,494987,122883,203260,30418,31859,11725,17469,7371,15363
서울특별시,중랑구,신내동,2024,81284,15358,231379,81438,544186,234203,1432322,615601,1407250,983037,825844,546216,661845,435094,617613,429780,649543,496371,639674,563527,612954,557541,660123,706109,740880,813588,824910,912936,891272,1110957,599167,1013165,430552,671091,377888,577029,327620,542438,138557,312442,37401,127869,4883,21066,3387,3116,5712,2426
서울특별시,중랑구,중화동,2024,81589,40081,270273,109503,458728,234870,1031107,437466,1268579,785101,816896,508414,576023,430217,543394,436683,570809,485317,563393,505409,517728,547697,541067,658247,609313,773524,640154,891933,709865,1168654,525253,959568,376465,650035,323312,562237,270818,522942,145079,294220,45600,91754,9862,14142,6527,6078,8425,4838
