발생량_10시,시군구,발생량_09시,도착량_01시,도착량_17시,발생량_14시,도착량_10시,도착량_08시,발생량_23시,도착량_18시,발생량_12시,발생량_07시,발생량_22시,발생량_00시,시도,도착량_19시,년도,발생량_20시,발생량_04시,도착량_16시,도착량_20시,발생량_05시,도착량_14시,발생량_02시,도착량_22시,읍면동,발생량_08시,발생량_06시,도착량_02시,도착량_05시,도착량_03시,발생량_03시,발생량_11시,발생량_21시,도착량_00시,발생량_19시,발생량_16시,도착량_21시,도착량_23시,도착량_09시,발생량_18시,도착량_07시,도착량_15시,도착량_11시,발생량_01시,도착량_12시,발생량_13시,발생량_17시,도착량_13시,발생량_15시,도착량_04시,도착량_06시
3,고창군,11,0,0,4,0,0,0,0,0,8,0,0,전라북도,0,2023,0,0,0,0,0,0,0,0,고수면,27,0,0,0,0,0,13,0,0,0,2,0,0,0,4,0,0,0,0,0,2,2,0,3,0,0
3712,고창군,4280,0,0,3226,0,0,0,0,3218,6106,0,0,전라북도,0,2023,1110,0,0,0,0,0,0,0,고창읍,5653,822,0,0,0,0,3104,38,0,1782,4804,0,0,0,3037,0,0,0,0,0,3503,4104,0,3484,0,0
609,고창군,784,0,0,607,0,0,0,0,583,1186,0,0,전라북도,0,2023,214,0,0,0,0,0,0,0,공음면,1057,130,0,0,0,0,681,12,0,263,936,0,0,0,497,0,0,0,0,0,658,699,0,693,0,0
34,고창군,65,0,0,49,0,0,0,0,55,251,0,0,전라북도,0,2023,1,0,0,0,0,0,0,0,대산면,102,2,0,0,0,0,43,0,0,0,21,0,0,0,67,0,0,0,0,0,24,50,0,102,0,0
11,고창군,18,0,0,5,0,0,0,0,10,15,0,0,전라북도,0,2023,0,0,0,0,0,0,0,0,무장면,16,3,0,0,0,0,4,0,0,1,13,0,0,0,5,0,0,0,0,0,19,7,0,24,0,0
5,고창군,17,0,0,4,0,0,0,0,5,25,0,0,전라북도,0,2023,0,0,0,0,0,0,0,0,부안면,13,0,0,0,0,0,20,0,0,0,3,0,0,0,3,0,0,0,0,0,6,1,0,3,0,0
14,고창군,19,0,0,4,0,0,0,0,2,19,0,0,전라북도,0,2023,0,0,0,0,0,0,0,0,상하면,12,1,0,0,0,0,6,0,0,1,5,0,0,0,9,0,0,0,0,0,2,3,0,0,0,0
705,고창군,879,0,0,427,0,0,0,0,414,2130,0,0,전라북도,0,2023,15,0,0,0,0,0,0,0,성내면,1077,264,0,0,0,0,632,0,0,150,573,0,0,0,334,0,0,0,0,0,413,543,0,496,0,0
19,고창군,6,0,0,26,0,0,0,0,3,24,0,0,전라북도,0,2023,0,0,0,0,0,0,0,0,성송면,28,0,0,0,0,0,13,0,0,2,3,0,0,0,3,0,0,0,0,0,8,17,0,4,0,0
2,고창군,57,0,0,21,0,0,0,0,47,119,0,0,전라북도,0,2023,0,0,0,0,0,0,0,0,신림면,241,0,0,0,0,0,122,0,0,25,17,0,0,0,8,0,0,0,0,0,2,55,0,1,0,0
7,고창군,24,0,0,1,0,0,0,0,3,15,0,0,전라북도,0,2023,0,0,0,0,0,0,0,0,심원면,26,5,0,0,0,0,12,0,0,1,1,0,0,0,2,0,0,0,0,0,7,12,0,6,0,0
26,고창군,19,0,0,19,0,0,0,0,11,23,0,0,전라북도,0,2023,1,0,0,0,0,0,0,0,아산면,34,0,0,0,0,0,25,0,0,1,7,0,0,0,2,0,0,0,0,0,13,9,0,8,0,0
35,고창군,34,0,0,34,0,0,0,0,27,16,0,0,전라북도,0,2023,7,0,0,0,0,0,0,0,해리면,68,1,0,0,0,0,47,0,0,5,23,0,0,0,25,0,0,0,0,0,16,18,0,34,0,0
275,고창군,215,0,0,167,0,0,0,0,185,235,0,0,전라북도,0,2023,25,0,0,0,0,0,0,0,흥덕면,229,22,0,0,0,0,153,0,0,45,145,0,0,0,100,0,0,0,0,0,152,213,0,173,0,0
89,군산시,141,0,53,596,2,31,0,2,37,39,0,0,전라북도,4,2023,22,0,1,2,0,53,0,4,개사동,505,0,0,0,0,0,549,9,0,43,16,1,0,5,47,2,24,141,0,8,115,233,21,99,0,0
2003,군산시,1713,0,744,2488,617,1822,0,682,4061,1924,70,0,전라북도,534,2023,511,0,792,410,0,493,0,562,개정동,1956,628,0,0,0,0,2369,360,0,1104,6201,605,151,765,1781,631,612,505,0,490,2173,2825,417,4403,0,37
1606,군산시,2398,0,921,1388,625,997,1,574,1542,2968,24,0,전라북도,354,2023,101,0,1078,317,0,747,0,237,개정면,2775,392,0,0,0,0,1750,80,0,380,1326,343,7,757,1082,589,685,585,0,654,1587,1154,774,919,0,183
11816,군산시,10774,0,11230,16398,8812,7705,10,9240,14139,15413,5482,0,전라북도,5545,2023,10814,0,11428,3403,118,10258,0,1296,경암동,17169,3485,0,4,0,0,12081,8674,0,11476,17632,2934,79,8542,20683,4791,9930,9733,0,10517,14721,20677,11441,16447,0,1900
14994,군산시,16447,0,11330,16527,8676,12176,14,10299,18888,16471,5762,0,전라북도,5607,2023,11117,0,11910,4722,267,9168,0,1819,경장동,22365,4182,0,37,0,0,16675,9724,0,13226,25213,3078,5,10132,23636,7525,10262,8670,0,9364,17127,25935,9571,22227,0,2725
3385,군산시,4595,0,2682,2439,1189,1354,2,2415,2536,8080,229,0,전라북도,1245,2023,825,0,3054,973,39,2000,0,591,구암동,6708,1606,0,3,0,0,3107,632,0,1117,2280,1170,13,1404,2521,1109,1979,1421,0,1951,3188,2966,1828,2188,0,394
3262,군산시,3422,0,1754,4806,1266,2673,0,1448,6791,3773,1717,0,전라북도,837,2023,2388,0,1882,477,0,1416,0,267,금광동,5451,907,0,0,0,0,4262,3646,0,4262,13669,514,0,1226,7643,2062,1576,1500,0,1619,5665,11768,1673,4564,0,83
2,군산시,0,0,0,2,22,6,0,0,1,0,0,0,전라북도,0,2023,0,0,9,0,0,14,0,0,금동,0,0,0,0,0,0,0,0,0,0,2,0,0,0,0,0,0,0,0,14,0,0,0,0,0,0
209,군산시,190,0,292,320,338,290,0,164,543,249,75,0,전라북도,136,2023,112,0,276,60,0,332,0,22,금암동,265,5,0,0,0,0,460,110,0,172,372,58,0,335,325,169,422,474,0,262,658,386,530,346,0,39
59422,군산시,67821,0,40166,54304,21533,27500,1093,32966,60268,87727,17502,0,전라북도,19567,2023,31030,0,34501,12155,1381,27379,0,8412,나운동,120018,30389,0,167,0,0,54071,28435,0,37369,70149,11917,545,23686,57145,13807,32748,25095,0,24282,60576,67204,28203,65702,0,3470
1419,군산시,2353,0,485,857,299,751,0,255,912,1991,1,0,전라북도,211,2023,43,0,397,223,0,304,0,47,나포면,2162,937,0,0,0,0,1463,55,0,223,668,99,0,483,460,252,427,396,0,378,1544,1794,442,1231,0,49
378,군산시,14,0,3,217,20,99,0,15,265,13,20,0,전라북도,8,2023,21,0,71,13,0,93,0,3,내초동,651,19,0,0,0,0,20,92,0,6,397,1,0,12,84,34,0,5,0,40,18,36,1,46,0,7
5340,군산시,4122,0,1593,5081,482,753,0,1730,4224,3023,435,0,전라북도,1112,2023,3009,0,1602,796,255,1054,0,599,내흥동,4060,1706,0,0,0,0,3079,1792,0,1485,4005,626,40,564,5071,363,1315,720,0,879,1942,2627,1012,3158,0,224
6032,군산시,5961,0,3424,6856,3046,3142,6,2781,6734,5175,2911,0,전라북도,1573,2023,6297,0,3077,904,0,2340,0,342,대명동,6730,329,0,0,0,0,6895,5625,0,6861,8626,954,0,3983,8651,1781,2908,3100,0,2723,8287,10025,3137,8339,0,634
5536,군산시,6469,0,1930,3984,2400,2459,6,1602,6148,3069,333,0,전라북도,1052,2023,1036,0,2407,531,0,2174,0,383,대야면,5672,1204,0,0,0,0,4137,773,0,1913,5634,467,22,2930,2144,1761,2425,2293,0,2355,4070,3424,2460,4794,0,130
656,군산시,726,0,487,1219,388,1522,0,495,991,744,122,0,전라북도,244,2023,250,0,662,219,25,473,0,244,동흥남동,830,353,0,6,0,0,730,734,0,394,4726,210,1,371,974,295,436,376,0,458,928,1109,387,1778,0,206
2250,군산시,1755,0,2296,2351,1584,2300,8,1501,4167,2787,609,0,전라북도,956,2023,758,0,1945,570,0,1657,0,279,명산동,1756,783,0,0,0,0,2768,1200,0,1850,11932,455,18,1810,3140,2366,1732,1971,0,1996,3359,5709,2327,2968,0,253
7137,군산시,7299,0,3999,7169,2760,7550,24,3306,10057,8279,1583,0,전라북도,1681,2023,2591,0,3702,1214,6,3373,0,666,문화동,10095,4062,0,1,0,0,7667,2583,0,3572,23261,1230,10,2920,8789,2356,3566,2961,0,3384,8032,12611,3545,16179,0,485
31557,군산시,32892,0,19424,41079,13008,19129,30,18382,39389,49886,5807,0,전라북도,13469,2023,19679,1,19245,8786,2991,14156,0,6593,미룡동,51736,16604,0,73,0,0,33660,18940,0,26045,68707,10155,1196,13613,48402,9301,16858,11594,0,14377,39766,56266,16042,44417,0,1259
87,군산시,119,0,90,166,174,159,0,108,189,171,21,0,전라북도,30,2023,48,0,140,35,0,135,0,26,미원동,136,0,0,0,0,0,84,19,0,65,1064,17,0,80,220,62,66,121,0,203,176,74,93,72,0,0
7511,군산시,8361,0,5934,7241,2548,3379,2,5080,7195,14162,3588,0,전라북도,3160,2023,5317,0,5563,2848,0,3221,0,1676,미장동,20564,3766,0,0,0,0,6483,5371,0,5882,7654,2310,1,3025,10160,1969,4353,2789,0,3437,7607,8389,3503,9131,0,783
881,군산시,855,0,386,1295,421,534,1,265,1018,507,33,0,전라북도,215,2023,573,0,357,149,397,397,0,15,비응도동,999,1318,0,4,0,0,1189,372,0,993,1720,52,1,538,1199,494,358,534,0,438,1447,2005,509,1731,0,257
2192,군산시,2622,0,1105,1577,1225,1395,0,864,1551,2673,207,0,전라북도,490,2023,411,0,1237,332,0,1042,0,304,사정동,3831,448,0,0,0,0,1711,677,0,634,2345,448,6,1192,1353,696,1197,1046,0,1032,1395,1690,1183,1717,0,120
5463,군산시,7162,0,2909,4254,1382,2156,53,3641,4928,11959,412,0,전라북도,1686,2023,1379,0,2798,1011,5,2145,0,608,산북동,13227,3606,0,0,0,0,5332,690,0,2122,4713,1413,118,1399,3085,1023,2490,1504,0,1931,4560,4159,2315,4986,0,214
1667,군산시,2251,0,168,420,153,246,0,99,1774,3407,5,0,전라북도,31,2023,120,0,179,142,0,104,0,32,서수면,2232,697,0,0,0,0,661,27,0,451,904,39,0,102,257,48,247,184,0,137,1877,761,129,679,0,16
295,군산시,409,0,214,403,161,181,1,206,465,392,70,0,전라북도,112,2023,60,0,272,91,238,217,0,72,서흥남동,445,699,0,4,0,0,206,27,0,71,340,83,0,141,161,33,190,254,0,194,274,226,196,296,0,22
1859,군산시,3069,0,777,2199,1089,1362,0,662,2234,2148,36,0,전라북도,357,2023,485,0,1443,241,0,973,0,106,성산면,4258,669,0,0,0,0,3245,328,0,1710,10810,215,0,1001,1914,802,670,728,0,950,3611,4240,703,4157,0,387
23255,군산시,28378,0,12067,18588,7252,11237,79,10927,21849,44821,2381,0,전라북도,6919,2023,6524,0,11865,5407,3,9339,0,3464,소룡동,41555,11924,0,0,0,0,22853,5408,0,10919,22895,4859,269,8354,20482,8192,10666,7621,0,7652,23826,25282,8693,25318,0,2202
334,군산시,424,0,68,189,73,143,0,70,166,299,29,0,전라북도,47,2023,75,0,112,58,0,79,0,16,송풍동,190,102,0,0,0,0,397,306,0,106,323,120,0,108,313,29,128,82,0,121,220,248,156,394,0,45
9169,군산시,8308,0,8405,13697,6229,4791,0,8347,11804,9690,12847,0,전라북도,4669,2023,16035,0,8776,3712,42,7739,0,1769,수송동,12326,2132,0,23,0,0,10154,16058,0,15505,17813,2782,0,5198,20375,1332,7056,5343,0,6719,11591,18214,6800,15568,0,355
343,군산시,104,0,78,232,143,274,0,58,332,296,15,0,전라북도,33,2023,60,0,160,31,0,138,0,5,신관동,84,13,0,0,0,0,187,41,0,130,259,43,0,108,230,71,79,66,0,158,323,230,98,172,0,2
1422,군산시,1915,0,624,1116,280,282,0,579,1136,1636,137,0,전라북도,308,2023,156,0,640,369,0,444,0,210,신풍동,3351,441,0,0,0,0,1570,179,0,340,1546,209,5,231,752,113,570,353,0,523,1396,815,433,1329,0,30
321,군산시,493,0,477,356,174,437,0,438,375,1469,7,0,전라북도,311,2023,577,0,526,188,0,282,0,159,오식도동,1038,248,0,8,0,0,376,131,0,273,1319,238,0,278,608,1032,369,201,0,314,604,1268,275,299,0,166
3582,군산시,3282,0,434,3664,894,1421,0,585,4564,2199,29,0,전라북도,211,2023,262,0,1007,388,0,860,0,148,옥구읍,5069,1657,0,0,0,0,2046,124,0,579,5532,159,3,886,1830,735,616,752,0,1010,2285,2113,529,2172,0,57
1230,군산시,853,0,1113,2755,1319,825,0,649,1600,530,0,0,전라북도,345,2023,987,0,1462,280,0,1640,0,0,옥도면,985,22,0,0,0,0,1296,293,0,1392,3433,56,0,1259,2646,395,1596,1396,0,1376,2099,3602,1581,3873,0,115
1256,군산시,2047,0,1122,1146,435,524,0,870,1237,1927,258,0,전라북도,532,2023,454,0,967,398,0,659,0,280,옥산면,4144,799,0,0,0,0,1213,305,0,541,927,289,5,404,660,387,671,472,0,660,1382,1289,550,1024,0,98
1160,군산시,1321,0,269,678,211,105,0,93,462,931,2,0,전라북도,161,2023,83,0,159,30,0,205,0,13,옥서면,1022,156,0,0,0,0,1058,39,0,147,266,93,12,269,303,327,355,210,0,143,748,385,285,477,0,1
22,군산시,36,0,35,55,57,558,0,39,80,76,1,0,전라북도,18,2023,17,0,61,8,0,24,0,13,월명동,101,0,0,0,0,0,28,15,0,36,52,7,0,37,69,55,41,29,0,43,222,282,35,52,0,0
1602,군산시,2211,0,431,1306,511,736,0,466,1780,2326,4,0,전라북도,307,2023,191,0,517,162,96,305,0,140,임피면,2251,600,0,3,0,0,1380,145,0,645,1250,169,3,363,1077,312,503,466,0,382,1735,1814,573,1185,0,86
735,군산시,373,0,334,1394,495,1049,19,299,598,112,215,0,전라북도,282,2023,452,0,314,201,1,356,0,68,장미동,433,114,0,1,0,0,548,376,0,531,757,162,2,687,1356,379,292,552,0,525,1339,771,443,723,0,87
11348,군산시,9889,0,5349,14151,6548,5295,4,4433,13887,15034,464,0,전라북도,2659,2023,2315,0,6537,1302,0,6077,0,590,장재동,11998,2830,0,0,0,0,12590,2086,0,4463,16004,1242,14,5737,8277,7971,7104,6394,0,6826,13309,11948,6611,16009,0,2622
10410,군산시,9891,0,8769,10169,6619,11702,25,7293,12326,16207,4495,0,전라북도,4607,2023,6900,0,9741,3776,65,8230,0,2012,조촌동,18173,3762,0,1,0,0,9956,6975,0,8315,30912,2733,59,6893,14398,6229,8064,6387,0,7413,10985,20232,8009,13007,0,881
60,군산시,84,0,316,130,172,161,0,223,86,31,7,0,전라북도,127,2023,20,0,279,56,0,223,0,118,중동,39,0,0,0,0,0,82,17,0,54,114,112,0,184,91,173,344,268,0,167,162,99,269,121,0,8
2209,군산시,1121,0,747,2683,2002,3366,15,675,2175,906,315,0,전라북도,504,2023,1124,0,936,224,0,1342,0,54,중앙로1가,1406,580,0,0,0,0,2530,710,0,1069,3396,136,5,2210,2486,638,1148,2066,0,1349,2528,3010,1564,3032,0,196
2101,군산시,1022,0,1272,4549,4683,4605,0,773,4225,845,320,0,전라북도,386,2023,1494,0,2231,239,1,3536,0,60,중앙로2가,1241,196,0,0,0,0,3681,739,0,2027,11879,120,5,4705,2912,8802,3302,4994,0,3903,4285,3338,4501,5090,0,6400
2696,군산시,3169,0,1091,3585,2566,2755,2,1006,3681,5764,203,0,전라북도,295,2023,623,0,1697,189,0,1963,0,189,중앙로3가,5948,428,0,0,0,0,3599,378,0,1136,4686,192,2,2501,2676,2930,1687,2579,0,1790,3542,3779,2340,4372,0,929
1717,군산시,2021,0,1277,1662,799,993,0,1083,1625,2707,420,0,전라북도,659,2023,914,0,1049,361,48,788,0,180,지곡동,3502,132,0,49,0,0,1380,714,0,1411,1936,336,0,1083,1610,558,1053,627,0,870,1715,1946,1035,1994,0,47
1543,군산시,1921,0,260,1340,701,801,0,188,1119,1992,14,0,전라북도,126,2023,225,0,410,51,0,526,0,22,해망동,1320,704,0,2,0,0,1822,178,0,589,1690,18,1,445,1369,621,703,554,0,481,1466,1979,705,1347,0,159
2479,군산시,3303,0,511,1076,302,431,0,561,1603,2729,42,0,전라북도,353,2023,253,0,635,346,0,432,0,130,회현면,3704,1385,0,0,0,0,1695,72,0,489,3434,220,3,240,986,68,385,421,0,497,2072,1254,405,1990,0,63
198,김제시,304,0,0,265,0,0,0,0,243,1304,0,0,전라북도,0,2023,523,0,0,0,0,0,0,0,검산동,768,54,0,0,0,0,230,1,0,393,400,0,0,0,621,0,0,0,0,0,482,505,0,354,0,0
2739,김제시,237,0,29,1497,43,104,0,176,16,983,1,0,전라북도,21,2023,100,0,224,54,0,175,0,19,공덕면,4711,1399,0,0,0,0,2007,20,0,275,241,37,0,91,166,150,128,141,0,54,1024,868,72,1119,0,11
0,김제시,0,0,0,0,0,0,0,0,0,8,0,0,전라북도,0,2023,1,0,0,0,0,0,0,0,교동,0,0,0,0,0,0,0,0,0,0,0,0,0,0,0,0,0,0,0,0,0,0,0,1,0,0
4564,김제시,7445,0,95,3407,56,73,320,62,4929,8327,2164,0,전라북도,47,2023,2157,0,56,43,0,55,1,15,금구면,4888,1319,0,0,0,0,6195,2862,0,3961,4614,29,1,57,4944,54,108,107,0,93,6821,7606,129,6413,0,14
4527,김제시,5592,0,34,5256,64,77,259,28,4669,3240,733,0,전라북도,16,2023,1937,0,65,18,66,119,0,4,금산면,4088,1350,0,0,0,0,4586,1468,0,2135,5782,10,1,83,3270,78,76,124,0,88,5076,4109,86,4728,0,5
158,김제시,420,0,0,603,0,4,0,39,612,51,1,0,전라북도,27,2023,62,0,65,22,0,77,0,5,만경읍,401,67,0,0,0,0,2,17,0,506,397,0,0,65,11,79,0,0,0,72,42,1,0,42,0,0
5081,김제시,7754,0,1032,3254,407,732,130,414,3533,9146,310,0,전라북도,441,2023,824,0,305,230,0,531,0,24,백구면,7628,1146,0,0,0,0,3778,277,0,829,2689,99,0,443,2666,1074,553,309,0,394,5931,3266,603,2841,0,49
534,김제시,226,0,1,12,2,3,0,78,7,343,0,0,전라북도,2,2023,4,0,80,32,0,14,0,7,백산면,277,52,0,0,0,0,18,4,0,66,360,0,0,12,16,49,11,10,0,3,776,113,9,296,0,0
0,김제시,1,0,0,1,0,0,0,0,0,0,0,0,전라북도,0,2023,0,0,0,0,0,0,0,0,봉남면,0,0,0,0,0,0,0,0,0,0,0,0,0,0,0,0,0,0,0,0,0,1,0,0,0,0
0,김제시,0,0,0,1,0,0,0,0,0,89,0,0,전라북도,0,2023,0,0,0,0,0,0,0,0,부량면,9,0,0,0,0,0,0,0,0,0,0,0,0,0,0,0,0,0,0,0,0,0,0,0,0,0
80,김제시,130,0,0,85,0,0,0,0,123,346,0,0,전라북도,0,2023,3,0,0,0,0,0,0,0,서암동,138,46,0,0,0,0,114,0,0,3,83,0,0,0,64,0,0,0,0,0,48,80,0,16,0,0
1,김제시,0,0,0,1,0,0,0,0,0,0,0,0,전라북도,0,2023,0,0,0,0,0,0,0,0,성덕면,3,0,0,0,0,0,0,0,0,1,0,0,0,0,1,0,0,0,0,0,0,0,0,0,0,0
537,김제시,678,0,0,242,0,0,0,0,516,707,0,0,전라북도,0,2023,106,0,0,0,0,0,0,0,신풍동,465,184,0,0,0,0,295,8,0,100,424,0,0,0,254,0,0,0,0,0,191,344,0,268,0,0
0,김제시,0,0,0,0,0,0,0,0,0,1,0,0,전라북도,0,2023,0,0,0,0,0,0,0,0,양전동,0,0,0,0,0,0,0,0,0,0,0,0,0,0,0,0,0,0,0,0,0,0,0,0,0,0
1089,김제시,1077,0,0,717,0,0,0,0,987,1894,0,0,전라북도,0,2023,121,0,0,0,0,0,0,0,요촌동,2922,189,0,0,0,0,993,8,0,198,699,0,0,0,443,0,0,0,0,0,1159,937,0,1071,0,0
767,김제시,1380,0,136,1129,83,95,95,44,542,1713,122,0,전라북도,57,2023,342,0,114,10,17,128,0,13,용지면,1937,191,0,8,0,0,740,92,0,256,1093,3,0,56,667,116,83,16,0,156,705,614,46,494,0,9
2,김제시,0,0,0,0,0,0,0,0,0,0,0,0,전라북도,0,2023,0,0,0,0,0,0,0,0,장화동,0,0,0,0,0,0,0,0,0,0,0,0,0,0,0,0,0,0,0,0,0,0,0,0,0,0
0,김제시,2,0,0,0,0,0,0,0,0,11,0,0,전라북도,0,2023,0,0,0,0,0,0,0,0,진봉면,0,5,0,0,0,0,0,0,0,1,0,0,0,0,0,0,0,0,0,0,3,0,0,0,0,0
596,김제시,585,0,101,585,83,88,0,57,394,507,0,0,전라북도,79,2023,59,0,84,35,0,179,0,15,청하면,1172,191,0,0,0,0,624,195,0,46,247,33,0,117,148,35,87,86,0,112,745,208,153,530,0,14
0,김제시,0,0,0,0,0,0,0,0,0,1,0,0,전라북도,0,2023,0,0,0,0,0,0,0,0,황산면,0,0,0,0,0,0,0,0,0,0,0,0,0,0,0,0,0,0,0,0,0,0,0,0,0,0
43,남원시,160,0,7,6,5,38,0,70,179,677,0,0,전라북도,33,2023,8,0,8,45,0,6,0,0,갈치동,375,1,0,0,0,0,89,0,0,45,121,0,0,7,137,31,14,2,0,4,111,5,9,66,0,0
3008,남원시,2625,0,116,2048,155,290,0,197,1868,3290,0,0,전라북도,53,2023,899,0,130,26,0,332,0,0,고죽동,2963,162,0,0,0,0,2169,252,0,858,1642,4,0,345,1361,187,127,133,0,88,1264,1675,175,2224,0,31
97,남원시,1191,0,112,97,32,25,0,48,54,268,0,0,전라북도,58,2023,0,0,105,1,0,90,0,0,광치동,46,37,0,0,0,0,23,0,0,6,58,0,0,60,12,5,62,76,0,110,64,104,79,211,0,1
14648,남원시,12792,0,1646,14401,1748,2067,0,1291,17393,9195,0,0,전라북도,1189,2023,5398,0,2022,398,649,1505,0,0,금동,14078,1942,0,1,0,0,18146,943,0,7951,21185,67,0,2394,12864,1487,2187,1699,0,1586,16365,21044,2147,22253,0,10
2059,남원시,1730,0,152,1133,69,191,0,157,714,2915,0,0,전라북도,65,2023,33,0,107,81,0,130,0,0,금지면,4288,1334,0,0,0,0,600,0,0,226,487,0,0,80,472,24,62,40,0,123,1134,732,124,338,0,5
537,남원시,0,0,15,239,7,0,0,0,0,468,0,0,전라북도,0,2023,0,0,0,0,0,33,0,0,내척동,0,0,0,0,0,0,1,0,0,0,0,0,0,0,0,1,6,0,0,0,2,11,0,13,0,0
568,남원시,3213,0,206,464,123,366,0,201,2002,5278,0,0,전라북도,107,2023,151,0,292,94,0,114,0,0,노암동,5869,278,0,0,0,0,2191,0,0,565,1522,0,0,93,1220,206,96,124,0,160,2734,680,155,2266,0,1
1184,남원시,2162,0,34,624,53,70,0,15,302,3303,0,0,전라북도,30,2023,63,0,6,3,0,43,0,0,대강면,2081,912,0,0,0,0,855,0,0,67,281,0,0,16,340,3,18,53,0,7,215,97,48,402,0,2
1665,남원시,763,0,102,881,35,45,0,80,435,4110,0,0,전라북도,64,2023,27,0,112,31,0,17,0,0,대산면,868,43,0,0,0,0,1114,0,0,87,262,0,0,50,177,36,71,64,0,135,513,404,52,1000,0,24
277,남원시,1316,0,1,226,1,10,0,14,126,878,0,0,전라북도,0,2023,2,0,52,0,0,12,0,0,덕과면,505,78,0,0,0,0,296,0,0,30,318,0,0,8,89,0,6,5,0,9,444,2,4,301,0,5
7777,남원시,9687,0,3697,8136,1776,1712,0,2188,7971,12166,0,0,전라북도,1296,2023,6352,0,3088,803,0,2156,0,0,도통동,22201,2107,0,0,0,0,6695,1747,0,9952,19123,75,0,1833,15144,1106,2107,1550,0,1839,8659,14794,2034,10608,0,13
8513,남원시,8951,0,863,4198,1914,1632,0,579,7905,4703,1,0,전라북도,561,2023,967,0,1551,158,13,1161,0,3,동충동,8106,1543,0,0,0,0,8462,141,0,2065,6332,63,0,2146,3330,1230,1476,1180,0,1299,4906,5474,1359,6150,0,21
1376,남원시,3049,0,113,555,36,34,0,165,814,2006,0,0,전라북도,20,2023,50,0,27,28,0,27,0,0,보절면,3622,172,0,0,0,0,492,0,0,24,542,0,0,106,718,72,18,50,0,44,738,59,31,302,0,0
1948,남원시,1987,0,28,689,27,58,0,15,681,2428,0,0,전라북도,33,2023,20,0,185,7,0,51,0,0,사매면,3137,821,0,0,0,0,1159,0,0,112,557,0,0,23,224,125,63,46,0,55,1534,336,59,918,0,31
5,남원시,0,0,0,0,0,0,0,0,0,0,0,0,전라북도,0,2023,0,0,0,0,0,0,0,0,산곡동,0,0,0,0,0,0,0,0,0,0,0,0,0,0,0,0,0,0,0,0,0,0,0,0,0,0
1219,남원시,647,0,14,0,62,7,0,61,216,1899,0,0,전라북도,0,2023,0,0,21,0,0,0,0,0,산내면,18,0,0,0,0,0,448,0,0,0,405,0,0,43,348,15,50,17,0,43,409,5,18,52,0,0
2824,남원시,1509,0,83,1856,66,15,0,45,136,4670,0,0,전라북도,25,2023,95,0,61,9,0,64,0,0,산동면,2806,218,0,0,0,0,1265,16,0,191,381,0,0,64,326,17,72,89,0,49,1514,404,82,604,0,7
573,남원시,3677,0,56,221,57,275,0,40,772,1899,0,0,전라북도,52,2023,62,0,84,16,0,102,0,0,송동면,3202,933,0,0,0,0,1414,0,0,130,1796,0,0,62,147,20,10,138,0,87,1743,491,28,508,0,57
798,남원시,1418,0,0,11,4,75,0,29,260,1959,0,0,전라북도,10,2023,11,0,14,15,0,22,0,0,수지면,1952,454,0,0,0,0,327,0,0,136,648,0,0,25,30,17,32,45,0,26,703,349,24,349,0,10
1418,남원시,1748,0,127,1759,147,93,0,194,994,2621,0,0,전라북도,193,2023,314,0,110,68,0,108,0,0,식정동,2050,70,0,0,0,0,1378,80,0,438,880,9,0,176,873,83,147,156,0,143,2238,852,235,1550,0,4
4253,남원시,2993,0,331,2730,328,207,0,274,2608,4041,1,0,전라북도,277,2023,737,0,267,79,0,255,0,0,신정동,5461,128,0,0,0,0,3503,55,0,2128,6014,18,0,252,2156,155,284,246,0,451,2739,3094,326,3122,0,10
7,남원시,3,0,3,0,31,4,0,27,3,240,0,0,전라북도,17,2023,0,0,26,1,0,26,0,0,신촌동,47,0,0,0,0,0,0,0,0,2,1,0,0,41,5,182,64,0,0,45,0,1,4,3,0,0
1016,남원시,550,0,214,1599,218,486,0,153,1235,250,0,0,전라북도,150,2023,1232,0,203,75,35,252,0,0,쌍교동,837,156,0,0,0,0,1216,43,0,1536,2566,5,0,178,2381,38,291,198,0,173,1310,3050,302,2235,0,0
4,남원시,469,0,1,339,1,23,0,8,412,2575,0,0,전라북도,1,2023,4,0,17,18,0,25,0,0,아영면,4789,211,0,0,0,0,14,1,0,65,72,0,0,11,41,10,8,1,0,14,655,651,5,484,0,0
58,남원시,2,0,0,1,0,0,0,4,0,1,0,0,전라북도,0,2023,0,0,0,0,0,0,0,0,어현동,1,3,0,0,0,0,0,0,0,1,9,0,0,1,0,0,7,0,0,0,3,0,0,1,0,0
6059,남원시,6684,0,1133,4226,1753,1221,0,797,7156,9534,3,0,전라북도,599,2023,907,0,1385,262,325,1188,0,10,왕정동,10108,1638,0,0,0,0,5689,115,0,2626,13563,75,0,1795,4884,935,1279,1203,0,1366,5076,5768,1300,7297,0,40
265,남원시,391,0,27,176,10,7,0,27,123,552,0,0,전라북도,54,2023,11,0,9,1,0,20,0,0,용정동,127,4,0,0,0,0,158,0,0,44,65,0,0,18,80,8,28,13,0,23,213,177,46,63,0,1
2049,남원시,3494,0,546,1959,264,304,0,256,1225,8998,0,0,전라북도,343,2023,232,0,267,176,0,268,0,0,운봉읍,4764,1171,0,0,0,0,3369,136,0,793,2988,5,0,323,1378,396,386,300,0,201,3380,2360,422,1711,0,16
10851,남원시,12037,0,1677,8157,826,1236,0,1338,9355,17633,0,0,전라북도,747,2023,3987,0,1307,352,7,944,0,0,월락동,23594,1554,0,0,0,0,8659,1649,0,6448,19768,40,0,1223,11955,773,1225,688,0,749,9792,13835,1052,9981,0,55
3064,남원시,3648,0,201,800,104,81,0,160,489,6507,0,0,전라북도,84,2023,65,0,116,62,0,134,0,0,이백면,1719,192,0,0,0,0,779,102,0,235,851,14,0,67,848,107,67,53,0,74,1862,613,110,732,0,24
2046,남원시,2755,0,207,614,225,160,0,86,2255,2530,0,0,전라북도,120,2023,122,0,153,37,0,235,0,0,인월면,1713,1171,0,0,0,0,1264,141,0,194,2070,17,0,241,686,128,270,198,0,153,755,781,170,1661,0,33
1318,남원시,2701,0,145,1232,65,110,0,45,676,6848,0,0,전라북도,32,2023,97,0,42,24,0,84,0,0,조산동,3145,107,0,0,0,0,1031,95,0,383,899,6,0,111,750,38,58,75,0,51,1052,1079,49,1370,0,10
3044,남원시,2238,0,84,1748,223,89,0,87,1124,4992,0,0,전라북도,84,2023,103,0,66,64,2,111,0,0,주생면,4297,999,0,0,0,0,1060,11,0,277,2722,0,0,79,1104,159,131,66,0,89,1543,732,108,764,0,36
941,남원시,2572,0,44,1120,127,145,0,131,1338,4491,0,0,전라북도,51,2023,36,0,101,11,0,71,0,0,주천면,2655,176,0,0,0,0,161,0,0,41,467,0,0,86,465,165,30,38,0,85,211,208,35,642,0,15
11843,남원시,10490,0,2569,10164,1968,2339,0,2175,15325,6858,0,1,전라북도,1669,2023,4306,0,2277,515,114,2283,0,0,죽항동,11796,2010,0,2,0,0,12734,517,0,7236,15453,107,0,2476,10733,839,2562,2150,0,2263,11478,13454,2653,11866,0,40
220,남원시,1072,0,356,454,36,155,0,169,2335,498,0,0,전라북도,149,2023,227,0,250,181,1,209,0,0,천거동,523,104,0,0,0,0,563,68,0,577,1531,8,0,66,837,22,164,205,0,275,3086,1218,263,1748,0,1
12789,남원시,8879,0,1475,7724,1617,1405,0,1131,14381,5367,1,0,전라북도,714,2023,2461,0,1434,386,12,1673,0,1,하정동,7936,1207,0,0,0,0,10952,98,0,3263,14998,101,0,1882,7422,687,1776,1742,0,1803,11333,9951,1714,11180,0,27
872,남원시,1058,0,293,647,191,836,0,161,620,1655,0,0,전라북도,37,2023,20,0,284,26,0,205,0,0,향교동,1740,333,0,0,0,0,546,1,0,159,5513,3,0,201,1124,456,109,105,0,149,1039,458,279,681,0,3
0,남원시,0,0,11,0,2,0,0,3,38,50,0,0,전라북도,0,2023,0,0,7,0,0,0,0,0,화정동,0,0,0,0,0,0,48,0,0,0,0,0,0,2,6,1,2,1,0,5,1,23,4,0,0,0
954,무주군,638,0,109,987,197,44,0,66,1136,1615,0,0,전라북도,66,2023,0,0,114,0,0,127,0,0,무주읍,880,0,0,0,0,0,1018,0,0,391,711,0,0,81,366,17,85,130,0,143,957,841,99,961,0,0
0,무주군,0,0,0,0,0,0,0,0,0,10,0,0,전라북도,0,2023,0,0,0,0,0,0,0,0,무풍면,226,0,0,0,0,0,0,0,0,63,0,0,0,0,5,0,0,0,0,0,147,0,0,0,0,0
0,무주군,1,0,0,8,0,0,0,2,6,0,0,0,전라북도,0,2023,0,0,0,0,0,0,0,0,부남면,0,0,0,0,0,0,25,0,0,0,0,0,0,0,0,0,0,4,0,0,0,0,0,37,0,0
0,무주군,0,0,0,0,0,0,0,3,0,283,0,0,전라북도,0,2023,0,0,0,0,0,0,0,0,설천면,0,0,0,0,0,0,0,0,0,0,0,0,0,0,463,0,0,0,0,0,0,0,0,0,0,0
64,부안군,50,0,0,86,0,0,0,0,105,44,0,0,전라북도,0,2023,18,0,0,0,0,0,0,0,백산면,38,9,0,0,0,0,35,0,0,51,238,0,0,0,86,0,0,0,0,0,92,63,0,87,0,0
0,부안군,0,0,0,0,0,0,0,0,0,0,0,0,전라북도,0,2023,0,0,0,0,0,0,0,0,줄포면,11,0,0,0,0,0,0,0,0,0,0,0,0,0,0,0,0,0,0,0,0,0,0,0,0,0
5099,순창군,7531,0,0,2157,0,0,0,0,4438,11576,0,0,전라북도,0,2023,68,0,0,0,0,0,0,0,구림면,2082,979,0,0,0,0,2353,0,0,1448,2752,0,0,0,2375,0,0,0,0,0,1894,2739,1,638,0,0
1855,순창군,4164,0,0,2354,0,0,0,0,1690,882,0,0,전라북도,0,2023,2,0,0,0,0,0,0,0,금과면,1942,1293,0,0,0,0,1955,0,0,519,1128,0,0,0,199,0,0,0,0,0,2108,811,0,383,0,0
3156,순창군,4163,0,0,2158,0,0,0,5,2358,5959,0,0,전라북도,0,2023,574,0,1,0,0,0,0,0,동계면,3484,70,0,0,0,0,2424,0,0,1308,1905,0,0,15,2724,7,6,0,0,13,3234,1899,1,2151,0,0
2589,순창군,3664,0,0,92,0,0,0,0,3198,6342,0,0,전라북도,0,2023,798,0,0,0,0,0,0,0,복흥면,2494,0,0,0,0,0,129,2,0,630,201,0,0,0,1360,0,0,0,0,0,2680,4331,0,4245,0,0
6651,순창군,6048,0,0,2338,0,0,0,0,4041,3813,5,0,전라북도,0,2023,40,0,0,0,1,0,0,0,순창읍,3939,323,0,0,0,0,3088,2,0,1130,2846,0,0,0,2500,0,0,0,0,0,4977,2807,0,3420,0,0
1579,순창군,4884,0,0,1250,0,0,0,0,1277,5129,0,0,전라북도,0,2023,466,0,0,0,0,0,0,0,쌍치면,1112,1,0,0,0,0,2489,19,0,1194,1358,0,0,0,1072,0,0,0,0,0,2041,412,0,2005,0,0
349,순창군,1463,0,0,291,0,0,0,0,894,3993,0,0,전라북도,0,2023,0,0,0,0,0,0,0,0,유등면,1708,34,0,0,0,0,877,0,0,75,194,0,0,0,54,0,0,0,0,0,702,517,0,386,0,0
3279,순창군,1992,0,0,1206,0,0,0,0,1473,2939,0,0,전라북도,0,2023,57,0,0,0,0,0,0,0,인계면,3794,519,0,0,0,0,1411,0,0,237,1810,0,0,0,662,0,0,0,0,0,3196,261,0,543,0,0
1608,순창군,2915,0,0,1136,0,0,0,0,1339,1814,0,0,전라북도,0,2023,6,0,0,0,0,0,0,0,적성면,4669,487,0,0,0,0,2570,0,0,192,1044,0,0,0,529,1,1,0,0,7,1194,725,0,820,0,0
3890,순창군,4790,0,0,677,0,0,0,0,2677,8423,0,0,전라북도,0,2023,0,0,0,0,0,0,0,0,팔덕면,2540,15,0,0,0,0,922,0,0,953,1571,0,0,0,1557,0,0,0,0,0,1857,262,0,2235,0,0
1893,순창군,1863,0,0,922,0,0,0,0,945,4119,0,0,전라북도,0,2023,0,0,0,0,0,0,0,0,풍산면,1312,0,0,0,0,0,587,0,0,205,800,0,0,0,269,0,0,0,0,0,1475,515,0,423,0,0
230,완주군,642,0,55,296,106,42,0,23,136,778,0,0,전라북도,0,2023,1,0,38,13,1,89,0,0,경천면,1615,10,0,0,0,0,702,0,0,21,89,0,0,69,20,17,251,251,0,52,268,108,143,118,0,1
16580,완주군,21431,0,5260,13991,8320,9229,2,2936,16060,11657,304,0,전라북도,1784,2023,3118,0,5367,534,11,4811,0,206,고산면,18749,3056,0,0,0,0,18448,614,0,4305,17689,352,71,11093,8306,6221,4176,7811,0,7348,15054,11573,7045,11475,0,1208
20108,완주군,19425,0,4077,20360,6367,3507,371,3028,20904,18944,1164,0,전라북도,2334,2023,3531,0,3817,1555,274,3861,0,1042,구이면,15541,9003,0,2,0,0,17310,2847,0,7743,23857,1235,146,6690,12467,3276,4114,5470,0,4602,20037,18923,5092,20235,0,1805
590,완주군,1043,0,54,396,93,115,0,6,150,198,0,0,전라북도,22,2023,37,0,5,1,1,13,0,0,동상면,1237,855,0,0,0,0,602,24,0,51,467,3,0,24,219,11,44,1,0,34,561,198,116,197,0,7
38531,완주군,55754,0,9904,41804,9404,11809,425,7909,45325,78727,10763,0,전라북도,6312,2023,26760,0,10714,5006,169,9906,1,2778,봉동읍,72603,18785,0,0,0,0,46202,18831,0,32094,71571,3968,798,9373,50641,9399,10456,8518,0,9586,45040,60384,9022,49765,0,2854
1387,완주군,1043,0,306,660,299,74,0,110,556,2255,0,0,전라북도,49,2023,50,0,162,13,0,116,0,25,비봉면,979,849,0,0,0,0,489,52,0,179,424,24,6,450,396,838,172,118,0,89,556,438,275,516,0,29
62355,완주군,59670,0,17795,67712,15234,13645,121,16491,74689,92928,10313,0,전라북도,11314,2023,27901,0,17590,7013,15,13322,0,4169,삼례읍,81896,27968,0,0,0,0,61453,24624,0,39747,115273,7490,831,14595,72292,13032,16366,15432,0,14359,69163,95739,14459,90229,0,2735
9886,완주군,9604,0,1412,6653,1723,1248,18,906,6504,14775,649,0,전라북도,848,2023,2058,0,1214,599,0,1103,0,246,상관면,15518,5191,0,0,0,0,8713,1175,0,3015,8254,548,82,1220,5230,917,1620,1201,0,1379,11457,6045,1725,8745,0,123
16786,완주군,22793,0,5066,14874,7478,11387,1,3842,16221,15722,776,0,전라북도,2816,2023,3744,0,6664,1704,0,5961,0,635,소양면,28375,4163,0,0,0,0,11005,2052,0,7553,15870,1168,25,8150,9409,3911,5226,5978,0,7607,15420,11448,7373,10507,0,1012
13695,완주군,14721,0,2498,11065,3488,2166,42,2304,11380,15268,727,1,전라북도,1284,2023,2636,0,3069,1083,1,2640,0,569,용진읍,17275,5454,0,0,0,0,10904,1732,0,4504,16676,720,84,3165,7914,1437,2888,2205,0,2552,10638,14087,2842,12984,0,575
1431,완주군,1239,0,91,402,938,1014,0,39,329,2438,0,0,전라북도,19,2023,3,0,87,10,0,72,0,0,운주면,3852,855,0,0,0,0,696,0,0,27,235,0,0,347,129,382,318,325,0,194,297,184,252,480,0,189
21967,완주군,27601,0,6724,22759,4481,9041,2368,7726,26299,44369,19480,0,전라북도,4862,2023,20840,1,5455,3761,864,4832,0,2602,이서면,41509,16850,0,32,0,0,20626,25423,0,23476,36095,3575,535,5280,41720,5070,5072,4501,0,5046,24496,36114,4901,26082,0,2796
4336,완주군,4109,0,432,636,2554,132,0,80,1430,2341,0,0,전라북도,27,2023,0,0,211,15,2,439,0,0,화산면,1795,1127,0,5,0,0,904,0,0,53,289,0,0,540,277,324,1217,474,0,590,1244,790,374,1663,0,4
4432,익산시,3223,0,1784,5624,2683,3082,0,1258,6330,2212,454,0,전라북도,921,2023,2147,0,1707,420,0,2240,0,80,갈산동,3533,821,0,0,0,0,5190,1619,0,2922,7621,299,0,2717,6225,1291,1972,1988,0,2152,4573,7800,2342,7244,0,247
182,익산시,643,0,186,178,50,36,0,132,189,404,4,0,전라북도,61,2023,66,0,107,49,0,58,0,8,금강동,713,302,0,0,0,0,193,26,0,125,214,15,0,76,465,256,76,35,0,68,238,850,66,194,0,171
10966,익산시,10504,0,5004,8913,3929,5708,0,3680,9914,15941,165,0,전라북도,2469,2023,2362,0,3331,1295,12,2953,0,209,금마면,12913,2643,0,0,0,0,10835,890,0,4232,10412,513,0,5386,8286,7921,4459,4893,0,2505,9795,11390,4651,11821,0,1177
47715,익산시,40174,0,16004,48828,22168,17773,2,11839,57897,36450,4210,0,전라북도,6332,2023,16413,0,16633,4832,0,18982,0,1046,남중동,57110,11858,0,0,0,0,53093,13414,0,26201,102957,3490,2,20408,60265,8737,18695,19656,0,18053,53752,65790,19479,69315,0,1627
5268,익산시,3518,0,320,1522,455,175,0,340,4518,5023,0,0,전라북도,118,2023,107,0,305,81,0,277,0,0,낭산면,6225,656,0,0,0,0,2029,13,0,233,740,29,0,243,330,134,437,412,0,346,2837,811,405,1139,0,106
382,익산시,232,0,321,298,214,209,0,77,403,314,7,0,전라북도,95,2023,339,0,139,47,0,92,0,11,덕기동,817,33,0,0,0,0,311,52,0,465,384,32,0,246,225,361,130,143,0,116,515,479,209,368,0,9
28013,익산시,35037,0,4694,24723,2574,3077,15,4407,26975,61228,1274,0,전라북도,2459,2023,8644,0,4587,1637,6,3988,0,557,동산동,56964,17113,0,0,0,0,24295,7652,0,11781,25805,1327,0,2165,22026,2310,4296,3098,0,3803,28623,24364,4067,21736,0,609
9652,익산시,10645,0,1996,9551,1267,2533,0,1960,9607,10948,715,0,전라북도,1238,2023,4518,0,1597,909,0,1872,0,310,마동,17852,3575,0,0,0,0,9168,3355,0,6734,15466,835,0,1458,13352,2200,1894,1416,0,1833,10181,16257,1671,13406,0,345
0,익산시,0,0,0,0,1,1,0,1,0,0,0,0,전라북도,0,2023,0,0,0,0,0,0,0,0,만석동,0,0,0,0,0,0,0,0,0,0,0,0,0,0,0,0,1,0,0,0,0,0,0,0,0,0
1738,익산시,4592,0,343,812,294,166,0,351,1779,3295,0,0,전라북도,76,2023,45,0,876,53,0,340,0,2,망성면,3349,310,0,0,0,0,2426,26,0,213,558,37,0,354,377,193,495,441,0,579,1591,515,501,898,0,2
33918,익산시,36436,0,6429,38975,4619,4572,0,6299,40185,45502,5301,0,전라북도,3955,2023,28677,0,8285,2454,0,5464,0,741,모현동1가,62509,12955,0,0,0,0,36055,31160,0,31249,68827,2159,0,4227,48951,2100,5825,4742,0,4891,40806,54731,5633,41883,0,462
10987,익산시,12471,0,5019,13070,2933,2597,0,4688,12521,16995,1080,0,전라북도,2603,2023,7316,0,4502,1756,59,3732,1,624,모현동2가,21261,4463,0,0,0,0,12410,7402,0,9221,19677,1409,0,2472,13089,1573,3892,3489,0,3076,11761,14995,3145,14094,0,178
2512,익산시,2943,0,433,1461,392,659,0,239,2141,4169,0,0,전라북도,474,2023,411,0,358,115,0,458,0,3,목천동,4292,1161,0,0,0,0,1615,342,0,503,1438,118,0,262,564,600,439,294,0,425,1839,2259,373,2130,0,64
45062,익산시,53141,0,11914,39656,7677,9016,15,12124,42335,83619,5057,0,전라북도,8015,2023,22603,0,11348,6300,1,10172,0,2323,부송동,95037,15297,0,0,0,0,38079,17056,0,27882,47300,5540,1,7231,43652,7628,10875,7301,0,9471,43535,48385,9823,37699,0,1545
2458,익산시,2351,0,317,1795,390,647,0,219,2186,2399,0,0,전라북도,227,2023,138,0,563,43,0,274,0,28,삼기면,4825,1078,0,0,0,0,2344,39,0,290,1931,79,0,311,1257,259,496,251,0,366,1999,1506,319,1382,0,52
594,익산시,532,0,53,165,5,32,0,22,191,566,0,0,전라북도,29,2023,11,0,66,7,0,17,0,1,석암동,197,145,0,0,0,0,207,7,0,17,67,2,0,8,58,4,21,19,0,53,533,41,44,99,0,0
465,익산시,372,0,86,2431,110,1117,0,21,813,681,20,0,전라북도,17,2023,180,0,155,32,0,146,0,0,석왕동,417,14,0,0,0,0,418,74,0,309,3906,10,0,106,784,198,105,117,0,79,1081,1138,219,765,0,6
73,익산시,80,0,31,493,12,295,0,12,359,26,4,0,전라북도,58,2023,16,0,9,2,0,72,0,3,석탄동,1191,342,0,0,0,0,506,104,0,217,143,10,0,44,34,29,95,36,0,109,441,149,155,206,0,34
2011,익산시,1907,0,184,865,395,217,0,122,1098,2305,2,0,전라북도,86,2023,72,0,217,15,0,299,0,2,성당면,5018,966,0,0,0,0,1164,0,0,172,724,9,0,321,279,153,290,184,0,223,1679,985,259,1431,0,1
9088,익산시,10243,0,1682,8597,1848,2220,0,1488,8443,13919,692,0,전라북도,800,2023,3138,0,2096,579,3,1753,0,201,송학동,14657,5180,0,1,0,0,7862,2755,0,4278,14718,497,0,1531,9208,1103,1927,1355,0,1414,9255,8484,1280,10522,0,411
104168,익산시,96078,0,74000,129496,60140,75202,3,62301,119351,68325,25416,0,전라북도,39327,2023,71596,0,67480,33032,1,60012,0,9849,신동,113670,19329,0,1,0,1,110382,69930,0,89412,184199,31465,13,64910,146299,42000,60463,54950,0,57402,119804,228407,63092,162162,0,9213
2917,익산시,3677,0,1344,2590,504,1466,0,1107,2486,4330,148,0,전라북도,600,2023,1120,0,798,478,0,616,0,138,신용동,3679,805,0,0,0,0,2545,706,0,1512,2736,530,0,981,4077,459,723,646,0,829,2280,5480,623,3880,0,169
228,익산시,97,0,32,119,19,38,0,13,64,283,31,0,전라북도,39,2023,16,0,20,16,0,87,0,1,신흥동,336,198,0,0,0,0,169,15,0,161,189,3,0,28,78,384,35,24,0,24,95,270,35,84,0,69
30555,익산시,33900,0,9392,26358,5159,4743,0,7847,29838,56176,3691,0,전라북도,5094,2023,14550,0,7478,3303,0,6955,0,1185,어양동,56688,11423,0,0,0,0,26188,14863,0,18300,31688,3184,0,4945,29415,3261,7024,4872,0,5537,29522,30789,5956,27084,0,772
3237,익산시,4140,0,805,2182,1548,537,0,869,3870,5355,0,0,전라북도,317,2023,277,0,1221,211,0,893,0,115,여산면,4148,463,0,0,0,0,3069,185,0,657,3091,60,0,1019,980,1276,817,716,0,1459,2428,2728,690,2225,0,43
75041,익산시,72688,0,36341,93182,26492,25188,3,33451,82060,83097,33426,0,전라북도,18650,2023,90348,0,33256,14124,0,31958,0,3269,영등동,114487,18768,0,0,0,0,77622,95425,0,97999,116284,10936,3,23886,133092,10968,31121,25795,0,26461,86596,124608,29730,98340,0,2189
6542,익산시,8102,0,1039,4522,858,919,0,1348,5910,14837,191,0,전라북도,583,2023,1783,0,941,326,0,681,0,300,오산면,16662,3458,0,0,0,0,4827,1817,0,2502,4393,341,0,854,3953,703,789,690,0,804,5858,5076,933,4212,0,90
3151,익산시,3388,0,183,2169,221,604,0,94,971,4452,2,0,전라북도,203,2023,190,0,360,73,0,417,0,12,왕궁면,4245,950,0,0,0,0,2037,76,0,310,1904,32,0,785,1185,466,385,176,0,213,2564,1140,433,1645,0,128
649,익산시,1671,0,153,357,290,430,0,133,1379,2059,0,0,전라북도,31,2023,6,0,149,28,0,158,0,0,용동면,3367,36,0,0,0,0,766,2,0,29,160,7,0,211,181,107,259,271,0,227,803,122,267,322,0,1
3120,익산시,2640,0,610,1153,545,239,0,162,1971,4592,1,0,전라북도,83,2023,60,0,205,18,0,306,0,26,용안면,5039,1437,0,0,0,0,2103,30,0,93,874,59,0,382,606,162,566,366,0,361,1286,1151,257,936,0,74
162,익산시,153,0,53,98,11,5,0,6,72,100,1,0,전라북도,14,2023,22,0,18,42,0,22,0,6,용제동,42,118,0,0,0,0,77,30,0,38,75,6,0,154,108,123,31,36,0,39,81,227,34,107,0,2
2438,익산시,2569,0,227,1249,181,123,0,138,1834,4552,0,0,전라북도,76,2023,211,0,137,34,0,172,0,9,웅포면,3727,2188,0,0,0,0,1502,154,0,651,2045,22,0,244,705,132,275,451,0,133,2804,383,288,1624,0,1
50,익산시,381,0,40,404,10,1,0,20,102,176,0,0,전라북도,27,2023,198,0,8,1,0,1,0,0,월성동,865,97,0,0,0,0,934,0,0,4,24,1,0,4,67,11,69,8,0,146,237,470,30,39,0,0
31,익산시,0,0,24,194,57,1,0,0,0,9,0,0,전라북도,0,2023,27,0,27,2,0,9,0,0,은기동,961,6,0,0,0,0,170,0,0,0,5,0,0,0,0,0,0,2,0,0,0,78,0,0,0,1
6387,익산시,4126,0,931,5305,2544,1938,0,704,7022,3680,145,0,전라북도,394,2023,1122,0,1083,269,0,2050,0,71,인화동1가,4068,1344,0,0,0,0,5697,994,0,2299,8048,244,0,2314,5051,870,1457,1958,0,1652,5838,6755,2001,6423,0,93
5742,익산시,5628,0,3490,7587,2186,2504,1,2622,7551,6823,814,0,전라북도,1460,2023,4154,0,3748,837,0,5472,0,220,인화동2가,8606,1828,0,0,0,0,6759,3479,0,4124,9405,543,0,1886,9062,1606,2890,2563,0,3843,7568,10002,6942,9026,0,726
9,익산시,879,0,10,40,13,0,0,14,377,377,0,0,전라북도,1,2023,15,0,4,11,0,0,0,0,임상동,148,5,0,0,0,0,149,0,0,1,5,0,0,26,118,51,31,1,0,33,68,66,5,111,0,0
1,익산시,158,0,0,37,1,0,0,0,146,24,0,0,전라북도,0,2023,0,0,2,0,0,0,0,0,정족동,3,0,0,0,0,0,145,0,0,0,0,8,0,0,56,0,0,0,0,0,0,66,1,40,0,0
3245,익산시,4434,0,1086,2710,701,1148,0,777,2751,5477,147,0,전라북도,553,2023,1358,0,904,303,0,703,0,142,주현동,6304,1265,0,0,0,0,3018,858,0,1488,3276,257,0,728,2918,492,709,834,0,783,2700,3664,557,3442,0,101
6959,익산시,5404,0,8317,10895,7323,6253,1,7962,8242,4191,383,0,전라북도,6035,2023,5161,0,7550,4029,0,8318,0,1034,중앙동1가,5975,987,0,0,0,0,7640,4057,0,5502,9418,2585,21,5719,9350,3405,8450,6731,0,8113,8529,10274,9330,11732,0,649
880,익산시,1227,0,397,1166,420,485,0,364,1425,636,208,0,전라북도,178,2023,1238,0,411,211,0,461,0,22,중앙동2가,1343,199,0,0,0,0,1067,753,0,973,2097,194,0,275,1946,170,378,554,0,368,1218,2787,461,1270,0,83
2613,익산시,1950,0,1805,5424,2560,2628,0,1797,5296,1043,393,0,전라북도,1191,2023,1778,0,2108,479,0,2603,0,123,중앙동3가,1348,441,0,0,0,0,3688,1571,0,2939,8263,280,0,2459,5563,1532,2623,2478,0,2894,4112,6375,3005,6291,0,425
22813,익산시,22928,0,3628,29472,3951,3496,0,2956,28224,12120,6679,0,전라북도,2162,2023,24727,1,3543,1145,0,3043,0,303,창인동1가,22253,3455,0,0,0,0,24453,19771,0,23835,34922,905,0,2959,34946,1839,3216,3570,0,3474,28126,42792,3482,34346,0,985
2192,익산시,1726,0,3812,2140,4448,4271,0,2929,2464,899,151,0,전라북도,1618,2023,1159,0,4172,938,0,4722,0,164,창인동2가,2468,71,0,0,0,0,2273,761,0,1184,2599,647,7,3810,2813,1664,4768,4734,0,4704,2231,3744,5115,3238,0,396
4825,익산시,7445,0,556,4565,359,503,0,357,3511,6893,40,0,전라북도,486,2023,679,0,577,224,0,381,0,56,춘포면,4202,2419,0,0,0,0,4621,649,0,1021,2749,134,0,251,2631,118,416,345,0,533,4840,2804,471,2362,0,22
4965,익산시,5739,0,760,5195,937,1533,5,803,5767,5769,175,0,전라북도,531,2023,1865,0,951,277,0,844,0,64,팔봉동,6206,2180,0,0,0,0,4107,649,0,2503,5520,249,0,1007,4966,262,698,834,0,867,5077,6175,1315,4309,0,64
33681,익산시,31126,0,12094,36938,12335,13419,25,9834,40569,34480,7148,0,전라북도,6409,2023,19425,0,11085,5273,2,11145,0,1162,평화동,41285,14438,0,0,0,0,32283,21478,0,25720,83970,4654,18,10365,42781,11794,13180,11784,0,11529,43370,45468,11109,39595,0,2692
1362,익산시,6010,0,307,1744,126,513,0,309,4735,3282,2,0,전라북도,85,2023,264,0,177,88,0,472,0,51,함라면,2445,1600,0,0,0,0,2380,34,0,198,682,44,0,409,809,232,330,655,0,373,2087,1815,109,1400,0,23
33196,익산시,25917,0,7697,22250,10524,13458,0,5919,28966,29001,937,0,전라북도,2911,2023,4810,0,7707,1556,1,7683,0,369,함열읍,31669,4069,0,0,0,0,26688,2238,0,8121,23719,901,0,9611,16582,11216,7437,9028,0,9766,25399,24406,7185,23527,0,624
257,익산시,105,0,21,194,2,1,0,5,180,416,0,0,전라북도,1,2023,0,0,0,1,0,2,0,0,현영동,390,0,0,0,0,0,0,0,0,13,1,0,0,2,0,0,10,7,0,3,0,52,7,96,0,0
15950,익산시,19568,0,3998,13804,4545,4449,0,3171,22749,20692,413,0,전라북도,1665,2023,3247,0,4604,1335,0,4193,0,298,황등면,20533,5956,0,0,0,0,15064,1898,0,5136,23016,851,0,5217,12161,3883,4467,4465,0,5089,16897,20239,4636,17129,0,827
669,임실군,676,0,5,666,8,41,0,1,712,435,0,0,전라북도,56,2023,15,0,4,1,0,0,0,0,강진면,1434,109,0,0,0,0,302,0,0,141,1873,0,0,10,317,12,6,1,0,6,587,841,5,733,0,0
6542,임실군,6033,0,36,5379,45,23,304,39,5816,7787,1066,0,전라북도,29,2023,1836,0,45,28,1,33,0,3,관촌면,6971,1279,0,0,0,0,5880,1345,0,3073,6180,7,4,38,4327,15,59,65,0,72,4949,6169,58,6092,0,2
376,임실군,462,0,32,45,64,22,0,0,286,774,0,0,전라북도,9,2023,30,0,18,8,0,25,0,0,덕치면,369,1,0,0,0,0,52,0,0,52,101,0,0,39,23,7,19,0,0,84,277,175,16,104,0,0
453,임실군,578,0,24,396,1,3,0,4,335,1061,0,0,전라북도,0,2023,10,0,0,2,0,9,0,0,삼계면,1214,31,0,0,0,0,468,0,0,33,131,0,0,3,194,0,17,2,0,0,279,579,3,298,0,0
781,임실군,519,0,0,300,0,0,0,0,165,270,0,0,전라북도,0,2023,2,0,0,0,0,0,0,0,성수면,1283,559,0,0,0,0,370,0,0,56,483,0,0,0,224,0,0,0,0,0,597,208,0,329,0,0
159,임실군,1400,0,0,92,0,0,0,0,587,1089,0,0,전라북도,0,2023,6,0,0,0,0,0,0,0,신덕면,179,472,0,0,0,0,59,0,0,22,166,0,0,0,222,0,0,0,0,0,180,102,0,434,0,0
734,임실군,915,0,0,468,0,0,0,0,643,703,0,0,전라북도,0,2023,44,0,0,0,0,0,0,0,신평면,1470,272,0,0,0,0,37,0,0,140,211,0,0,0,279,0,0,0,0,0,528,460,0,184,0,0
2047,임실군,2598,0,59,1604,20,286,0,37,2109,2447,0,0,전라북도,5,2023,84,0,26,6,1,110,0,0,오수면,2343,61,0,1,0,0,1047,0,0,523,1782,0,0,144,797,130,20,73,0,71,1344,1372,26,889,0,4
792,임실군,1082,0,0,484,261,20,15,11,429,1299,0,0,전라북도,3,2023,72,0,5,5,0,5,0,1,운암면,1665,379,0,0,0,0,147,22,0,98,1093,3,0,319,238,3,4,11,0,8,472,1193,13,343,0,1
3259,임실군,3604,0,0,3280,0,0,0,0,4713,4103,9,0,전라북도,0,2023,827,0,0,0,0,0,0,0,임실읍,4712,1566,0,0,0,0,2908,0,0,2584,5617,0,0,0,6384,0,0,0,0,0,2383,7210,0,5034,0,0
516,임실군,363,0,0,2,0,0,0,0,52,238,0,0,전라북도,0,2023,0,0,0,0,0,0,0,0,지사면,564,218,0,0,0,0,6,0,0,13,156,0,0,0,0,0,0,0,0,0,375,221,0,0,0,0
362,임실군,1128,0,0,284,0,0,0,0,581,576,0,0,전라북도,0,2023,13,0,0,0,0,0,0,0,청웅면,1319,229,0,0,0,0,96,0,0,55,410,0,0,0,92,0,0,0,0,0,864,323,0,507,0,0
614,장수군,717,0,19,282,53,29,0,59,517,933,0,0,전라북도,34,2023,26,0,82,8,0,42,0,0,번암면,673,208,0,0,0,0,249,1,0,152,252,0,0,28,144,47,50,4,0,78,147,236,31,214,0,5
439,장수군,325,0,22,175,12,5,0,0,384,68,0,0,전라북도,9,2023,0,0,0,2,0,21,0,0,산서면,462,140,0,0,0,0,2,0,0,25,309,0,0,0,1,0,0,1,0,9,256,211,0,0,0,2
148,전주시,379,0,56,1,3,1,0,1,380,442,14,0,전라북도,17,2023,119,0,2,20,0,0,0,5,강흥동,210,0,0,0,0,0,0,2,0,80,7,0,0,0,0,1,14,0,0,20,123,127,64,122,0,0
283,전주시,1,0,0,215,0,0,0,0,138,44,0,0,전라북도,0,2023,0,0,0,0,0,0,0,0,경원동1가,60,0,0,0,0,0,260,0,0,178,841,0,0,0,780,0,0,0,0,0,501,683,0,232,0,0
165,전주시,3,0,0,116,0,0,0,0,106,755,0,0,전라북도,0,2023,0,0,0,0,0,0,0,0,경원동3가,195,0,0,0,0,0,207,0,0,17,295,0,0,0,319,0,0,0,0,0,226,177,0,120,0,0
569,전주시,1455,0,158,760,35,73,16,131,1704,2571,114,0,전라북도,78,2023,197,0,338,61,6,31,0,42,고랑동,722,615,0,0,0,0,1001,226,0,401,3520,171,6,71,797,38,80,65,0,96,384,1213,68,739,0,3
9681,전주시,6809,0,14917,26175,8865,5136,3228,14421,18278,4777,37233,0,전라북도,8321,2023,41870,0,15393,5003,2,13719,0,2131,고사동,6981,1478,0,0,0,0,15016,53639,0,40668,47468,3556,264,6888,58094,2372,15095,12723,0,14005,27367,56206,16526,35983,0,829
4,전주시,0,0,0,4,1,0,0,0,0,0,0,0,전라북도,0,2023,0,0,0,0,0,0,0,0,교동,7,0,0,0,0,0,3,1,0,17,0,0,0,0,0,0,0,0,0,0,0,2,0,2,0,0
607,전주시,310,0,31,519,18,34,0,5,702,964,12,0,전라북도,1,2023,82,0,12,0,0,2,0,0,금상동,1587,360,0,0,0,0,924,40,0,141,573,1,0,6,374,6,13,74,0,22,247,409,10,235,0,0
13693,전주시,14386,0,8487,17672,6391,6567,1019,8612,18706,10418,15880,0,전라북도,5573,2023,15337,0,8294,4035,0,7672,0,2344,금암동,16331,4520,0,0,0,0,16109,16213,0,17661,30355,3391,269,6441,29674,3122,8107,6407,0,6368,19207,30012,7655,20610,0,1579
93,전주시,74,0,2,96,1,0,0,6,12,194,0,0,전라북도,0,2023,0,0,0,1,0,0,0,1,남노송동,190,0,0,0,0,0,63,0,0,18,0,4,0,1,17,4,3,4,0,0,0,3,4,97,0,0
131,전주시,1377,0,34,244,66,11,0,7,224,981,10,0,전라북도,10,2023,14,0,19,28,0,47,0,4,남정동,2338,362,0,0,0,0,550,52,0,85,300,3,0,41,363,17,61,169,0,77,539,114,44,364,0,1
168,전주시,228,0,82,213,69,25,0,63,82,89,71,0,전라북도,34,2023,168,0,46,23,0,62,0,19,다가동2가,127,28,0,0,0,0,169,200,0,120,178,27,0,26,210,13,38,48,0,56,289,390,67,132,0,18
3260,전주시,2732,0,4899,5093,2343,2119,433,4509,3887,1682,8624,0,전라북도,2584,2023,6197,0,4412,1460,2,3096,0,787,다가동3가,3093,1563,0,0,0,0,2676,9026,0,6065,7569,1265,32,1969,9252,752,3355,2716,0,3393,4099,10962,3093,5915,0,554
699,전주시,1150,0,121,929,59,112,0,100,2011,1252,30,0,전라북도,122,2023,129,0,90,96,4,104,0,25,대성동,3125,513,0,0,0,0,845,117,0,297,1114,77,1,65,1731,73,82,54,0,226,785,2001,208,1226,0,4
19366,전주시,17657,0,14198,31074,8085,7300,3354,13527,35772,14394,52197,0,전라북도,9571,2023,41092,0,11594,7381,0,9354,0,4981,덕진동1가,23243,5377,0,0,0,0,30226,46171,0,41723,52291,6805,631,7739,60062,4516,10784,8559,1,9293,37495,70082,10322,45958,0,1498
213,전주시,153,0,67,0,6,1,0,0,152,30,1,0,전라북도,46,2023,12,0,0,54,0,1,0,1,도덕동,100,157,0,0,0,0,1,0,0,46,4,0,0,0,0,0,90,0,0,17,177,144,104,121,0,0
64,전주시,60,0,44,1,3,2,0,21,37,19,3,0,전라북도,41,2023,26,0,3,53,0,6,0,2,도도동,152,4,0,0,0,0,2,1,0,79,2,4,0,5,5,3,7,6,0,9,31,64,10,23,0,1
761,전주시,291,0,474,698,199,216,3,328,406,286,30,0,전라북도,304,2023,68,0,365,247,0,409,0,294,동서학동,1345,430,0,0,0,0,344,113,0,192,461,284,66,207,335,43,354,218,0,387,241,704,327,483,0,4
181,전주시,222,0,15,147,64,117,0,13,59,151,18,0,전라북도,4,2023,24,0,14,4,0,36,0,5,동완산동,356,16,0,0,0,0,158,31,0,27,87,4,0,40,90,132,39,30,0,26,83,111,13,94,0,118
16997,전주시,20169,0,4674,20885,2587,5872,401,4406,16913,29349,9095,0,전라북도,3334,2023,12651,0,4105,2078,186,3145,0,1614,만성동,28979,7901,0,0,0,0,16182,14933,0,17655,26755,2411,200,3329,36229,2503,3318,2640,0,3428,19829,32148,3740,21670,0,902
10008,전주시,10315,0,2104,6566,4449,5460,255,2490,9998,16106,1573,0,전라북도,1192,2023,3392,0,2805,669,0,2511,0,404,반월동,16695,6886,0,0,0,0,7859,4171,0,4386,15390,601,45,3452,8243,2001,3504,2624,0,3037,7213,8009,2932,7496,0,1088
90,전주시,304,0,57,283,68,40,0,60,417,478,14,0,전라북도,40,2023,60,0,158,56,4,64,0,24,산정동,1137,145,0,0,0,0,1000,28,0,164,226,16,0,110,82,21,108,93,0,83,132,362,78,155,0,13
20013,전주시,24546,0,5356,18962,3172,3134,892,4928,21593,36296,5214,0,전라북도,3392,2023,8698,0,4875,2323,147,4109,0,1669,삼천동1가,41366,9386,0,6,0,0,18642,8914,0,13235,18670,2560,382,2424,19578,1830,4525,3420,0,3674,19881,22032,3518,18767,0,448
914,전주시,681,0,577,1261,446,317,122,436,985,1277,545,0,전라북도,288,2023,1272,0,701,176,0,387,0,240,삼천동2가,1131,470,0,0,0,0,988,1628,0,929,1323,181,52,386,1390,228,431,442,0,501,1001,1562,356,1257,0,68
1592,전주시,2194,0,227,905,289,411,0,233,2592,4763,156,0,전라북도,149,2023,348,0,266,96,725,224,0,76,삼천동3가,2003,2836,0,1,0,0,1840,185,0,683,10018,70,3,352,1640,381,213,196,0,334,1667,3095,228,759,0,87
220,전주시,183,0,203,304,109,198,14,98,198,415,51,0,전라북도,59,2023,56,0,95,41,0,106,0,17,상림동,372,131,0,0,0,0,264,61,0,176,506,49,1,75,591,65,87,81,0,116,272,275,100,255,0,5
1919,전주시,3347,0,171,1765,47,59,0,328,1618,2824,144,0,전라북도,91,2023,418,0,159,41,0,127,0,20,색장동,2830,1552,0,0,0,0,3258,977,0,597,2663,16,1,68,1828,95,124,115,0,103,2402,1613,126,1511,0,18
2635,전주시,1936,0,1678,4626,2250,2285,23,1215,4616,2679,1326,0,전라북도,846,2023,2818,0,1871,401,0,2331,0,354,서노송동,3168,841,0,0,0,0,3637,2097,0,3952,6095,528,27,1922,13816,1129,1846,2138,0,1917,3846,11305,2198,5504,0,432
11167,전주시,13333,0,3225,12009,2791,2644,272,2921,12844,13103,2930,0,전라북도,2409,2023,5512,0,3749,1992,0,3405,0,1537,서서학동,17627,5832,0,0,0,0,10848,4037,0,8982,15828,1963,184,2447,16564,2108,3834,2983,0,3280,11755,16509,3366,12825,0,894
20825,전주시,26447,0,6502,19267,4285,4161,948,7305,23297,32161,10118,0,전라북도,4305,2023,13499,0,6242,2970,1,5525,0,2125,서신동,46129,12779,0,0,0,0,18998,12248,0,15464,25032,2913,239,4037,25484,1603,5811,4334,0,4639,22280,25447,4997,20930,0,636
7334,전주시,9709,0,1356,7380,1492,1907,23,1131,7991,10906,1416,0,전라북도,758,2023,2572,0,1172,523,17,1328,0,374,서완산동1가,14730,5580,0,0,0,0,7964,2290,0,3522,7508,490,5,1642,6451,805,1410,1451,0,1162,9191,9872,1368,8345,0,549
445,전주시,969,0,99,368,44,24,0,190,770,938,30,0,전라북도,216,2023,206,0,72,122,0,72,0,41,석구동,607,174,0,0,0,0,618,50,0,381,454,56,3,39,474,16,62,71,0,104,712,1204,73,288,0,14
657,전주시,1432,0,71,357,110,32,0,157,412,1131,16,0,전라북도,49,2023,163,0,90,59,0,113,0,43,성덕동,1700,548,0,0,0,0,741,108,0,487,371,57,0,170,2809,40,97,78,0,121,856,803,105,748,0,46
675,전주시,678,0,230,934,200,362,0,310,937,602,157,0,전라북도,110,2023,381,0,132,56,5,142,0,13,송천동1가,928,515,0,0,0,0,773,222,0,332,1949,66,0,518,1118,328,240,332,0,209,734,1042,335,1239,0,45
38934,전주시,48991,0,11435,41894,6791,6105,1363,11131,43639,82681,32930,0,전라북도,8745,2023,40726,1,12722,5999,81,8744,0,4348,송천동2가,73529,22393,0,0,0,0,41218,38979,0,47718,60461,5546,802,6515,66994,3790,8952,7140,0,8557,47006,68612,8594,49082,0,1116
1427,전주시,949,0,587,1227,697,953,10,689,1399,1217,456,0,전라북도,301,2023,912,0,751,241,4,625,0,81,여의동,1609,305,0,0,0,0,929,965,0,1111,2448,121,4,831,2065,485,647,707,0,835,1006,2007,630,1351,0,612
5903,전주시,2953,0,383,3867,868,413,0,529,6613,4948,485,0,전라북도,254,2023,1728,0,723,184,0,355,0,127,여의동2가,2511,2215,0,0,0,0,3338,2364,0,1862,5547,209,0,558,3817,325,398,309,0,568,3117,4784,468,4860,0,50
515,전주시,417,0,28,178,55,23,0,3,482,383,8,0,전라북도,5,2023,35,0,40,7,0,39,0,2,용복동,306,160,0,0,0,0,345,37,0,89,321,13,2,35,122,41,31,27,0,17,328,200,15,222,0,3
742,전주시,843,0,54,270,148,111,0,58,761,846,36,0,전라북도,10,2023,65,0,165,29,0,141,0,21,용정동,1032,359,0,0,0,0,1047,25,0,137,831,44,0,106,350,50,90,113,0,208,659,796,257,590,0,39
694,전주시,708,0,184,1283,113,99,35,226,1393,815,413,0,전라북도,113,2023,395,0,265,76,3,201,0,76,우아동1가,682,1203,0,0,0,0,861,453,0,494,1398,70,24,122,1006,29,177,229,0,271,1144,1299,241,708,0,13
171,전주시,151,0,14,183,58,25,0,0,0,196,0,0,전라북도,13,2023,39,0,30,0,0,21,0,0,우아동2가,117,44,0,0,0,0,244,136,0,73,160,2,0,5,0,84,0,68,0,0,155,90,57,1,0,55
4332,전주시,5745,0,987,3085,381,411,102,772,3846,8113,726,0,전라북도,490,2023,1969,0,796,413,0,555,0,307,우아동3가,8335,1977,0,0,0,0,3349,1196,0,2173,4554,363,60,449,4008,159,812,537,0,572,4164,3905,701,2882,0,199
547,전주시,743,0,16,155,25,9,0,13,336,1064,8,0,전라북도,4,2023,58,0,18,1,0,8,0,2,원당동,918,253,0,0,0,0,363,64,0,41,334,4,0,30,256,22,14,1,0,23,345,165,26,265,0,2
503,전주시,768,0,60,785,14,13,0,42,306,610,58,0,전라북도,57,2023,46,0,35,9,42,66,0,8,원동,1161,529,0,19,0,0,1217,48,0,102,296,40,0,10,375,9,48,16,0,21,537,519,21,667,0,4
1323,전주시,2041,0,118,1268,118,256,1,176,1097,1919,121,0,전라북도,95,2023,342,0,213,65,0,121,0,37,인후동1가,2533,1152,0,0,0,0,1243,361,0,481,1276,55,16,98,797,84,251,309,0,184,1254,756,118,900,0,37
7838,전주시,10879,0,2078,10308,2836,2849,103,1664,12761,9422,1330,0,전라북도,831,2023,2802,0,2952,663,0,3194,0,374,인후동2가,14192,5048,0,0,0,1,9069,2919,0,5073,29797,510,29,3672,11264,1216,3483,3264,0,2637,9982,13242,3511,12674,0,509
2353,전주시,3129,0,1094,2392,554,1397,25,1298,1615,2479,685,0,전라북도,700,2023,1081,0,983,518,6,858,0,560,장동,4508,1435,0,0,0,0,1711,1411,0,1668,4197,539,92,550,3183,626,797,842,0,611,2455,3454,844,2618,0,680
15080,전주시,15135,0,8721,15861,10720,12525,128,6272,16504,15450,2587,0,전라북도,3270,2023,5624,0,8048,2311,0,10058,0,921,전동,18115,4592,0,0,0,0,16251,4901,0,8848,21245,1813,45,11327,18511,10508,8292,10037,0,10664,16044,20707,9483,21036,0,5421
77,전주시,277,0,1,67,8,9,0,2,61,573,4,0,전라북도,0,2023,14,0,3,1,0,2,0,0,전미동1가,166,39,0,0,0,0,196,14,0,54,56,4,0,11,47,9,5,9,0,2,156,92,4,96,0,0
228,전주시,100,0,1,91,6,2,0,6,81,183,1,0,전라북도,0,2023,5,0,7,1,2,2,0,1,전미동2가,26,28,0,0,0,0,55,7,0,3,77,0,0,4,56,12,1,1,0,2,5,3,7,3,0,0
44,전주시,29,0,71,26,93,27,1,131,61,131,0,0,전라북도,29,2023,0,0,47,17,0,46,0,52,중노송동,51,4,0,0,0,0,57,0,0,8,79,39,35,38,64,20,29,51,0,27,33,54,48,22,0,7
5165,전주시,5992,0,1031,5954,489,1901,543,988,5896,7899,4505,0,전라북도,606,2023,6548,0,713,372,0,630,0,340,중동,9011,1633,0,0,0,0,5345,6606,0,5751,6497,381,45,588,10123,786,493,554,0,562,6531,9045,792,6735,0,411
1407,전주시,1001,0,1494,2955,839,561,1795,1844,1941,461,8421,0,전라북도,1561,2023,5771,0,1276,838,0,1059,0,456,중앙동1가,1331,541,0,0,0,0,1396,8854,0,5137,4833,593,110,558,6640,147,1107,1207,0,1607,2313,5402,1510,3655,0,69
349,전주시,376,0,489,718,680,154,36,484,622,249,553,0,전라북도,356,2023,884,0,739,175,0,832,0,97,중앙동4가,496,87,0,0,0,0,780,699,0,1139,1858,119,12,475,3632,95,686,1266,0,1234,786,1638,927,934,0,35
348,전주시,417,0,188,362,110,61,0,191,357,368,14,0,전라북도,129,2023,116,0,355,76,0,115,0,70,중인동,419,286,0,0,0,0,527,44,0,103,701,108,11,87,327,37,172,166,0,161,532,406,144,543,0,20
3390,전주시,3744,0,1012,3475,918,1100,265,957,5044,3086,3421,0,전라북도,650,2023,2452,0,1125,511,0,900,0,337,중화산동1가,4922,1597,0,0,0,0,3569,2688,0,2852,17670,502,58,1007,7507,481,1085,861,0,977,5361,6716,999,5564,0,292
8857,전주시,8652,0,1028,8742,1813,1658,38,1033,3846,9258,1702,0,전라북도,415,2023,2337,0,1449,184,0,1682,0,132,중화산동2가,12260,991,0,0,0,0,9803,2109,0,3456,11016,172,8,2124,10773,1798,1516,1785,0,709,8531,10499,1455,10096,0,16
17,전주시,37,0,4,4,11,4,0,0,25,2,0,0,전라북도,0,2023,3,0,16,0,0,3,0,0,진북동,2,0,0,0,0,0,5,0,0,2,13,0,0,24,3,3,16,2,0,7,26,7,23,38,0,0
517,전주시,899,0,226,736,172,22,0,178,609,1185,299,0,전라북도,150,2023,436,0,169,102,0,156,0,46,태평동,2051,593,0,0,0,0,488,340,0,696,659,64,0,95,1175,8,164,173,0,263,534,1095,253,690,0,7
283,전주시,320,0,47,625,103,762,3,144,478,640,98,0,전라북도,65,2023,1628,0,185,75,0,130,0,38,팔복동2가,302,169,0,0,0,0,476,493,0,1238,966,80,4,554,3183,243,91,131,0,120,287,2940,134,1025,0,15
73,전주시,91,0,24,88,28,30,2,26,168,17,8,0,전라북도,11,2023,23,0,34,7,0,36,0,7,팔복동3가,44,36,0,0,0,0,81,23,0,162,157,6,1,30,193,19,30,58,0,37,87,327,34,108,0,6
12,전주시,6,0,80,118,118,54,0,67,25,12,1,0,전라북도,45,2023,23,0,107,49,0,91,0,14,팔복동4가,9,115,0,0,0,0,13,5,0,14,685,29,0,157,165,18,74,71,0,177,10,372,89,291,0,1
14017,전주시,17177,0,1902,11466,1449,1679,222,1947,13255,22126,1948,0,전라북도,1258,2023,4246,0,1820,946,1502,1591,0,559,평화동1가,29599,10269,0,13,0,0,12505,3253,0,6561,12293,774,85,1240,10087,560,1770,1508,0,1541,14657,9570,1684,9932,0,532
6486,전주시,6255,0,736,3667,420,397,11,637,4422,8665,407,0,전라북도,490,2023,1296,0,737,312,0,634,0,305,평화동2가,9107,3981,0,0,0,0,4162,722,0,1359,3561,278,47,294,2758,130,668,435,0,551,4580,4362,642,3476,0,40
433,전주시,341,0,77,452,76,153,0,52,328,448,21,0,전라북도,28,2023,209,0,83,15,0,70,0,11,평화동3가,230,71,0,0,0,0,321,559,0,171,428,17,1,61,402,86,81,85,0,94,386,374,89,405,0,12
2,전주시,0,0,0,1,0,0,0,0,0,5,0,0,전라북도,0,2023,0,0,0,0,0,0,0,0,풍남동1가,5,0,0,0,0,0,1,0,0,0,1,0,0,0,1,0,0,0,0,0,1,0,0,0,0,0
94,전주시,418,0,434,349,138,218,7,518,288,208,180,0,전라북도,226,2023,119,0,325,114,0,548,0,59,풍남동3가,165,27,0,0,0,0,362,196,0,571,802,121,4,287,866,193,385,735,0,317,272,596,377,479,0,13
30,전주시,129,0,302,73,90,85,0,268,113,267,28,0,전라북도,188,2023,99,0,304,95,0,134,0,135,호성동1가,441,94,0,0,0,0,359,23,0,90,101,145,32,101,134,24,189,188,0,222,199,112,199,258,0,5
992,전주시,1139,0,321,984,206,267,61,218,908,2072,735,0,전라북도,259,2023,768,0,319,131,1,259,0,89,호성동2가,2319,406,0,0,0,0,1113,749,0,916,1286,139,12,226,1061,163,240,238,0,203,1106,1374,262,1028,0,15
160,전주시,91,0,29,58,3,1,0,13,68,299,0,0,전라북도,16,2023,8,0,8,0,0,3,0,1,호성동3가,243,61,0,0,0,0,50,2,0,19,75,10,0,3,46,9,8,6,0,4,109,92,7,66,0,0
798,전주시,1345,0,0,0,11,0,0,49,527,1078,12,0,전라북도,12,2023,3,0,22,0,0,0,0,0,화전동,0,66,0,0,0,0,0,18,0,34,151,1,0,1,157,3,19,0,0,29,435,0,19,223,0,0
41512,전주시,47591,0,15396,42175,12067,12813,749,13876,48087,52747,15276,0,전라북도,8062,2023,21377,0,15593,5770,1349,13119,0,3350,효자동1가,72836,21450,0,197,0,0,40561,24029,0,26385,48768,5493,423,11954,52206,7735,13523,11878,0,11598,43648,57837,11782,44351,0,3506
26209,전주시,24178,0,5519,35160,2936,3156,500,5334,33178,23964,17212,0,전라북도,3483,2023,20591,0,4372,2526,5,3789,0,2171,효자동2가,38921,8652,0,0,0,0,32886,24085,0,25337,61709,2402,265,3452,49161,1795,4160,3346,0,3700,28948,56469,3888,44420,0,485
23304,전주시,19658,0,4149,30947,2889,3614,258,4093,26793,20312,13811,0,전라북도,2942,2023,15204,1,3812,2047,315,3517,0,1600,효자동3가,27375,7577,0,1,0,0,27074,15254,0,19038,49467,2450,265,3512,41625,1005,3570,2577,0,3499,23822,50953,3337,40237,0,435
3774,정읍시,4684,0,0,3375,0,0,0,0,3356,6853,0,0,전라북도,0,2023,982,0,0,0,0,0,0,0,감곡면,5764,888,0,0,0,0,3489,29,0,1738,5110,0,0,0,2777,0,0,0,0,0,3480,3859,0,3241,0,0
2478,정읍시,2976,0,0,2023,0,0,0,0,2258,5456,0,0,전라북도,0,2023,769,0,0,0,0,0,0,0,고부면,4422,688,0,0,0,0,2075,24,0,839,3872,0,0,0,1888,0,0,0,0,0,2083,2025,0,1945,0,0
81,정읍시,102,0,0,59,0,0,0,0,22,396,0,0,전라북도,0,2023,7,0,0,0,0,0,0,0,공평동,231,27,0,0,0,0,135,0,0,0,784,0,0,0,33,0,0,0,0,0,147,50,0,623,0,0
57,정읍시,189,0,0,6,0,0,0,0,15,316,0,0,전라북도,0,2023,12,0,0,0,0,0,0,0,과교동,118,4,0,0,0,0,80,0,0,12,113,0,0,0,43,0,0,0,0,0,36,13,0,108,0,0
14,정읍시,63,0,0,24,0,0,0,0,0,164,0,0,전라북도,0,2023,0,0,0,0,0,0,0,0,교암동,86,0,0,0,0,0,13,0,0,0,1,0,0,0,7,0,0,0,0,0,0,14,0,15,0,0
67,정읍시,73,0,0,31,0,0,0,0,30,101,0,0,전라북도,0,2023,7,0,0,0,0,0,0,0,구룡동,70,103,0,0,0,0,38,0,0,9,21,0,0,0,23,0,0,0,0,0,108,29,0,43,0,0
2377,정읍시,1878,0,0,1867,0,0,0,0,3021,7803,4296,0,전라북도,0,2023,520,0,0,0,0,0,0,0,금붕동,10568,242,0,0,0,0,2980,123,0,768,14882,0,0,0,2523,0,0,0,0,0,1910,2586,0,5374,0,0
203,정읍시,186,0,1,537,1,3,0,0,423,285,0,0,전라북도,0,2023,57,0,0,0,0,5,0,0,내장동,266,60,0,0,0,0,301,5,0,72,813,0,0,3,518,2,3,0,0,0,589,878,0,1104,0,0
3230,정읍시,4110,0,0,3227,0,0,0,0,2704,5938,0,0,전라북도,0,2023,1010,0,0,0,0,0,0,0,농소동,5876,858,0,0,0,0,3163,20,0,1995,5748,0,0,0,3074,0,0,0,0,0,3694,4226,0,3215,0,0
247,정읍시,351,0,0,159,0,0,0,0,165,517,0,0,전라북도,0,2023,22,0,0,0,0,0,0,0,덕천면,280,98,0,0,0,0,122,0,0,30,254,0,0,0,106,0,0,0,0,0,178,91,0,155,0,0
40,정읍시,39,0,0,32,0,0,0,0,9,148,0,0,전라북도,0,2023,0,0,0,0,0,0,0,0,망제동,157,18,0,0,0,0,23,0,0,9,38,0,0,0,31,0,0,0,0,0,37,11,0,9,0,0
175,정읍시,141,0,0,120,0,0,0,0,157,170,0,0,전라북도,0,2023,31,0,0,0,0,0,0,0,부전동,243,1,0,0,0,0,150,14,0,66,195,0,0,0,215,1,0,0,0,2,98,104,0,251,0,0
453,정읍시,785,0,0,319,0,0,0,0,387,1148,0,0,전라북도,0,2023,42,0,0,0,0,0,0,0,북면,938,101,0,0,0,0,437,1,0,179,522,0,0,0,172,0,0,0,0,0,274,733,0,455,0,0
73,정읍시,171,0,0,41,0,0,0,0,29,208,0,0,전라북도,0,2023,6,0,0,0,0,0,0,0,산내면,256,4,0,0,0,0,90,0,0,10,58,0,0,0,31,0,0,0,0,0,26,32,0,115,0,0
1289,정읍시,1478,0,0,1067,0,0,0,0,1071,1821,0,0,전라북도,0,2023,192,0,0,0,0,0,0,0,산외면,2032,195,0,0,0,0,1060,2,0,494,1186,0,0,0,830,0,0,0,0,0,935,1262,0,1157,0,0
0,정읍시,1,0,0,4,0,0,0,0,0,3,0,0,전라북도,0,2023,0,0,0,0,0,0,0,0,삼산동,0,0,0,0,0,0,3,0,0,0,3,0,0,0,7,0,0,0,0,0,14,0,0,6,0,0
7006,정읍시,8958,0,50,7950,74,156,0,57,5956,13305,0,0,전라북도,12,2023,3425,0,107,3,0,118,0,0,상동,14055,1533,0,0,0,0,6258,173,0,3859,7707,0,0,128,5385,98,68,0,0,79,3622,8518,0,4382,0,0
8,정읍시,58,0,0,9,0,0,0,0,4,168,0,0,전라북도,0,2023,1,0,0,0,0,0,0,0,상평동,129,15,0,0,0,0,58,0,0,16,58,0,0,0,11,0,0,0,0,0,22,4,0,49,0,0
1800,정읍시,1335,0,0,1201,0,0,0,0,544,1844,0,0,전라북도,0,2023,59,0,0,0,0,0,0,0,소성면,1742,387,0,0,0,0,1826,0,0,544,1570,0,0,0,853,0,0,0,0,0,1822,980,0,997,0,0
324,정읍시,674,0,0,280,0,0,0,0,215,1487,0,0,전라북도,0,2023,104,0,0,0,0,0,0,0,송산동,1650,147,0,0,0,0,367,4,0,220,352,0,0,0,368,0,0,0,0,0,383,367,0,370,0,0
1747,정읍시,2725,0,0,2102,0,0,0,0,588,6268,0,0,전라북도,0,2023,436,0,0,0,0,0,0,0,수성동,4386,181,0,0,0,0,1858,0,0,1351,2531,0,0,0,2622,0,0,0,0,0,2096,1798,0,2379,0,0
8953,정읍시,9272,0,0,10538,161,371,0,46,8747,11443,0,0,전라북도,10,2023,3228,0,83,0,0,271,0,0,시기동,12599,1763,0,0,0,0,8521,40,0,4585,12001,0,0,740,6721,237,0,0,0,169,8549,12847,0,10298,0,0
0,정읍시,0,0,0,19,0,0,0,0,0,0,0,0,전라북도,0,2023,0,0,0,0,0,0,0,0,신월동,0,0,0,0,0,0,12,0,0,0,3,0,0,0,0,0,0,0,0,0,0,2,0,0,0,0
27,정읍시,95,0,0,47,0,0,0,0,0,70,0,0,전라북도,0,2023,5,0,0,0,0,0,0,0,신정동,47,0,0,0,0,0,72,0,0,3,53,0,0,0,41,0,0,0,0,0,4,8,0,58,0,0
9415,정읍시,12323,0,0,10949,0,0,0,0,7097,17312,0,0,전라북도,0,2023,4049,0,0,0,0,0,0,0,신태인읍,17107,1499,0,0,0,0,10045,39,0,5057,14102,0,0,0,9824,0,0,0,0,0,7405,13539,0,10687,0,0
16,정읍시,42,0,0,12,0,0,0,0,15,92,0,0,전라북도,0,2023,20,0,0,0,0,0,0,0,쌍암동,52,0,0,0,0,0,40,1,0,21,13,0,0,0,9,0,0,0,0,0,22,12,0,34,0,0
28268,정읍시,32663,0,0,24691,240,726,0,156,23018,40334,0,0,전라북도,64,2023,8489,0,181,0,0,291,0,0,연지동,41829,5676,0,0,0,0,26343,81,0,13674,36876,0,0,736,22118,66,0,0,0,165,26336,29618,0,24489,0,0
226,정읍시,278,0,0,214,0,0,0,0,191,339,0,0,전라북도,0,2023,62,0,0,0,0,0,0,0,영원면,668,166,0,0,0,0,212,0,0,133,316,0,0,0,260,0,0,0,0,0,168,347,0,336,0,0
1,정읍시,0,0,0,0,0,0,0,0,0,0,0,0,전라북도,0,2023,0,0,0,0,0,0,0,0,영파동,0,0,0,0,0,0,0,0,0,0,0,0,0,0,0,0,0,0,0,0,0,0,0,0,0,0
522,정읍시,339,0,0,306,0,0,0,0,298,563,0,0,전라북도,0,2023,67,0,0,0,0,0,0,0,옹동면,677,87,0,0,0,0,421,1,0,72,280,0,0,0,201,0,0,0,0,0,223,329,0,544,0,0
500,정읍시,598,0,0,223,0,0,0,0,212,1171,0,0,전라북도,0,2023,61,0,0,0,0,0,0,0,용계동,735,154,0,0,0,0,526,3,0,117,1405,0,0,0,331,0,0,0,0,0,327,328,0,1001,0,0
0,정읍시,0,0,0,0,0,0,0,0,0,0,0,0,전라북도,0,2023,0,0,0,0,0,0,0,0,용산동,0,0,0,0,0,0,0,0,0,0,1,0,0,0,0,0,0,0,0,0,0,0,0,0,0,0
1479,정읍시,1351,0,0,835,0,0,0,0,1047,2033,0,0,전라북도,0,2023,132,0,0,0,0,0,0,0,이평면,2116,186,0,0,0,0,1256,1,0,432,1247,0,0,0,692,0,0,0,0,0,1004,1052,0,828,0,0
224,정읍시,426,0,0,90,0,0,0,0,3,464,0,0,전라북도,0,2023,13,0,0,0,0,0,0,0,입암면,238,15,0,0,0,0,187,0,0,26,165,0,0,0,66,0,0,0,0,0,278,76,0,111,0,0
309,정읍시,393,0,0,280,21,157,0,19,327,1082,0,0,전라북도,1,2023,379,0,13,0,0,23,0,0,장명동,1117,92,0,0,0,0,293,5,0,251,911,0,0,57,534,24,0,0,0,8,301,734,0,695,0,0
544,정읍시,854,0,0,194,0,0,0,0,371,1008,0,0,전라북도,0,2023,47,0,0,0,0,0,0,0,정우면,674,157,0,0,0,0,246,0,0,62,316,0,0,0,202,0,0,0,0,0,207,306,0,230,0,0
0,정읍시,0,0,0,4,0,0,0,0,0,7,0,0,전라북도,0,2023,0,0,0,0,0,0,0,0,진산동,49,23,0,0,0,0,51,0,0,0,0,0,0,0,0,0,0,0,0,0,0,0,0,0,0,0
31918,정읍시,33044,0,0,23902,0,0,0,0,30145,44692,0,0,전라북도,0,2023,6902,0,0,0,3,0,0,0,칠보면,42026,6454,0,0,0,0,24776,43,0,13853,38139,0,0,0,29132,0,0,0,0,0,25917,32063,0,28177,0,0
2130,정읍시,1926,0,0,1377,0,0,0,0,1238,3281,0,0,전라북도,0,2023,378,0,0,0,0,0,0,0,태인면,3030,289,0,0,0,0,1724,2,0,608,1765,0,0,0,1249,0,0,0,0,0,1451,2268,0,1668,0,0
788,정읍시,1444,0,0,522,0,0,0,0,287,1793,0,0,전라북도,0,2023,88,0,0,0,0,0,0,0,하북동,693,31,0,0,0,0,753,3,0,294,1153,0,0,0,1127,0,0,0,0,0,319,1303,0,1293,0,0
91,정읍시,759,0,0,759,0,0,0,0,6797,40465,3956,0,전라북도,0,2023,23,0,0,0,0,0,0,0,흑암동,39436,12,0,0,0,0,632,2601,0,42,31073,0,0,0,16087,0,0,0,0,0,6243,11292,0,19181,0,0
81,진안군,134,0,0,93,0,0,0,0,14,42,0,0,전라북도,0,2023,0,0,0,0,0,0,0,0,백운면,3,0,0,0,0,0,11,0,0,0,32,0,0,0,18,0,0,0,0,0,56,1,0,14,0,0
34,진안군,310,0,0,80,0,0,0,0,2,144,0,0,전라북도,0,2023,0,0,0,0,0,0,0,0,성수면,7,5,0,0,0,0,58,0,0,1,4,0,0,0,0,0,0,0,0,0,0,0,0,15,0,0
46,고창군,65,0,0,93,0,0,0,0,89,54,0,0,전북특별자치도,0,2024,22,0,0,0,0,0,0,0,고창읍,53,3,0,0,0,0,24,4,0,25,78,0,0,0,51,0,0,0,0,0,66,99,0,45,0,0
0,고창군,0,0,0,6,0,0,0,0,0,0,0,0,전북특별자치도,0,2024,0,0,0,0,0,0,0,0,대산면,0,0,0,0,0,0,0,0,0,0,0,0,0,0,12,0,0,0,0,0,0,1,0,10,0,0
131,고창군,218,0,0,114,0,0,0,0,55,516,0,0,전북특별자치도,0,2024,1,0,0,0,0,0,0,0,성내면,277,51,0,0,0,0,177,0,0,87,132,0,0,0,177,0,0,0,0,0,282,102,0,98,0,0
0,고창군,38,0,0,14,0,0,0,0,14,223,0,0,전북특별자치도,0,2024,0,0,0,0,0,0,0,0,신림면,210,0,0,0,0,0,126,0,0,6,12,0,0,0,4,0,0,0,0,0,0,13,0,0,0,0
304,고창군,329,0,0,215,0,0,0,0,276,972,0,0,전북특별자치도,0,2024,27,0,0,0,0,0,0,0,흥덕면,777,31,0,0,0,0,247,0,0,88,208,0,0,0,142,0,0,0,0,0,218,156,0,119,0,0
80,군산시,118,0,167,616,9,363,0,10,48,57,2,0,전북특별자치도,15,2024,14,0,5,16,0,125,0,3,개사동,723,0,0,0,0,0,383,4,0,35,27,9,0,25,26,16,48,367,0,20,61,253,45,31,0,1
1263,군산시,1145,0,992,1069,940,2731,0,988,2227,1189,79,0,전북특별자치도,562,2024,410,0,1789,438,0,874,0,314,개정동,1549,519,0,0,0,0,1327,377,0,558,3512,506,63,1033,1453,1130,1129,732,0,963,1274,1445,883,2361,0,192
1665,군산시,2265,0,1986,1321,1492,2427,1,1478,1348,2227,20,0,전북특별자치도,959,2024,145,0,3456,548,0,1432,0,526,개정면,2286,615,0,0,0,0,1368,72,0,398,2596,564,7,1719,872,1692,1573,1586,0,1752,1722,1551,1759,940,0,761
12985,군산시,12073,0,21854,17662,16547,15939,2,17514,16598,16071,6053,0,전북특별자치도,10697,2024,11852,0,21204,7914,114,17389,0,3810,경암동,18195,4277,0,22,0,0,14813,8957,0,13816,19384,6293,124,15750,20355,12658,18348,17860,0,18617,17092,22048,19969,18941,0,4809
16384,군산시,15989,0,22177,17910,15194,26154,5,17552,19491,18741,6327,0,전북특별자치도,10898,2024,12038,1,24074,8324,516,15548,0,3719,경장동,21508,3933,0,76,0,0,18255,10633,0,14463,27316,6783,76,16746,23288,17510,18865,15708,0,16238,18267,27331,17010,22861,0,4935
3254,군산시,4072,0,6749,2588,2803,3938,1,5115,2752,9632,269,0,전북특별자치도,3332,2024,870,0,6831,2593,107,3799,0,2097,구암동,7101,1861,0,69,0,0,3111,755,0,1106,3222,2629,32,3134,2268,4306,4369,3152,0,3706,3333,3227,3641,2775,0,905
3610,군산시,3798,0,4340,4723,2658,6070,10,2914,7130,3674,1432,0,전북특별자치도,1509,2024,2467,0,5084,1169,0,2658,0,732,금광동,6021,789,0,0,0,0,4280,3226,0,3997,14554,1568,10,2789,7047,5573,3109,2646,0,3806,5802,10996,3215,4626,0,342
2,군산시,11,0,15,9,23,20,1,6,4,1,0,0,전북특별자치도,6,2024,1,0,33,2,0,16,0,0,금동,2,0,0,0,0,0,2,0,0,14,7,1,0,5,10,5,7,11,0,25,5,3,14,3,0,5
184,군산시,167,0,302,267,482,453,0,192,245,164,44,0,전북특별자치도,145,2024,94,0,265,40,0,374,0,48,금암동,130,3,0,0,0,0,361,66,0,95,365,49,0,530,258,361,400,801,0,317,370,246,622,279,0,83
61976,군산시,69976,0,97928,57308,46760,76376,1487,76524,62432,91123,18197,0,전북특별자치도,47442,2024,33939,0,84144,31719,1423,58234,0,22577,나운동,114939,32452,0,657,0,1,58367,29688,0,39756,77431,29939,1878,49461,60574,41689,69108,50716,0,53608,63171,69793,60592,66722,0,13006
1525,군산시,2043,0,1163,803,786,1437,0,630,784,1480,0,0,전북특별자치도,524,2024,106,0,1294,330,0,857,0,61,나포면,1828,841,0,0,0,0,1198,27,0,252,1167,177,0,824,537,878,1070,1084,0,1043,1433,1366,940,1106,0,313
273,군산시,18,0,12,121,62,185,0,55,182,9,5,0,전북특별자치도,2,2024,71,0,140,23,0,115,0,2,내초동,449,41,0,0,0,0,24,55,0,21,222,4,0,52,108,23,23,14,0,87,20,46,38,27,0,14
3745,군산시,3538,0,5703,3903,1645,2653,0,5620,3778,4082,691,0,전북특별자치도,3874,2024,1915,0,4819,2548,320,3412,0,2446,내흥동,3522,1072,0,42,0,0,3261,1240,0,1663,3614,2443,175,2030,3137,2263,3688,2497,0,2647,2252,3198,2998,2508,0,720
6857,군산시,7251,0,5805,7707,5741,7928,44,4873,7090,6906,3116,0,전북특별자치도,2750,2024,6394,0,6404,2197,27,4821,0,924,대명동,9729,846,0,12,0,0,8445,5114,0,6768,10425,1602,8,7045,9220,5103,6240,6419,0,4558,9293,10391,5919,9558,0,1463
4813,군산시,5250,0,4355,3544,5378,6586,2,3303,5423,3435,158,0,전북특별자치도,2538,2024,950,0,5397,1347,0,4796,0,738,대야면,5951,982,0,0,0,0,3794,615,0,1712,5007,1200,35,6555,2386,4739,4526,5458,0,5597,3273,3591,5387,4280,0,756
759,군산시,818,0,1590,1227,849,6915,0,1388,999,1207,66,0,전북특별자치도,932,2024,273,0,2425,505,2,1017,0,339,동흥남동,811,139,0,11,0,0,938,518,0,501,6307,528,1,1260,1034,2338,1191,877,0,1112,1216,1451,1102,2260,0,263
2211,군산시,2213,0,3729,2717,3178,5992,8,3110,4905,2438,473,0,전북특별자치도,1815,2024,1139,0,5871,1077,52,2766,0,599,명산동,1911,901,0,2,0,0,2978,1240,0,2109,12619,1028,8,4440,3434,8650,3315,3745,0,4056,3563,5469,3330,2966,0,652
7904,군산시,7816,0,10368,8157,6620,29877,13,7772,10724,8875,1518,0,전북특별자치도,4550,2024,2870,0,13552,3287,96,7080,0,1792,문화동,10473,4381,0,13,0,0,7272,2979,0,3557,33378,3057,78,7028,9855,9202,9570,6536,0,7949,9842,13605,8422,17961,0,1710
33140,군산시,36064,0,49575,43019,28147,48172,76,41852,38349,52054,5691,0,전북특별자치도,29446,2024,19880,0,45497,20425,2993,30592,0,16265,미룡동,52257,18022,0,1175,0,1,34881,19024,0,26204,67064,24240,2784,33043,47869,27751,34920,23845,0,30979,40693,57702,33624,45894,0,6564
79,군산시,56,0,378,185,408,384,0,207,196,151,13,0,전북특별자치도,84,2024,43,0,540,68,0,270,0,55,미원동,484,32,0,0,0,0,126,75,0,101,1140,46,1,224,286,746,295,324,0,392,346,220,251,170,0,4
8119,군산시,8876,0,18392,8578,5586,9988,1,13391,7967,16992,3958,0,전북특별자치도,8777,2024,6218,1,15247,7133,1,8433,0,4428,미장동,19617,3660,0,0,0,0,7547,6521,0,6945,8733,7198,8,7237,10232,6820,10483,5763,0,7427,8145,9262,8506,9990,0,1764
771,군산시,791,0,390,1334,824,1145,0,385,1168,616,26,0,전북특별자치도,371,2024,579,0,419,287,203,630,0,27,비응도동,853,825,0,16,0,0,954,461,0,991,1761,105,1,1163,1054,744,608,881,0,672,1260,1552,575,1431,0,642
2005,군산시,2450,0,2689,1341,1994,2625,0,2029,1306,1893,176,0,전북특별자치도,1336,2024,363,0,2509,822,0,1924,0,749,사정동,3173,450,0,0,0,0,1410,359,0,477,1690,846,3,1932,1059,1408,2165,1784,0,2002,1536,1481,1921,1664,0,338
5789,군산시,6901,0,7110,4385,3367,5589,108,6633,4703,11340,952,0,전북특별자치도,3620,2024,1259,0,6441,2472,129,4761,0,1722,산북동,10896,3563,0,21,0,0,4500,823,0,1940,4542,2437,636,3985,3829,5152,4898,2964,0,4487,5094,4204,3891,4583,0,771
5,군산시,10,0,4,8,7,1,0,11,9,18,0,0,전북특별자치도,1,2024,1,0,11,4,0,5,0,0,삼학동,16,0,0,0,0,0,4,7,0,3,8,2,0,6,16,2,5,1,0,5,9,6,8,15,0,0
1365,군산시,1789,0,647,313,381,985,0,461,1193,2907,4,0,전북특별자치도,244,2024,142,0,878,401,4,270,0,165,서수면,1581,603,0,1,0,0,752,65,0,462,1171,202,0,702,168,868,764,683,0,587,1431,721,563,772,0,107
276,군산시,196,0,536,411,362,516,1,456,338,761,65,0,전북특별자치도,249,2024,98,0,523,218,158,445,0,172,서흥남동,733,631,0,49,0,0,329,68,0,153,294,229,2,240,191,202,390,469,0,432,318,213,336,375,0,95
2463,군산시,3189,0,2733,3173,2113,4699,4,1282,3641,2863,178,0,전북특별자치도,1268,2024,830,0,5374,755,180,2198,0,323,성산면,3910,867,0,8,0,0,3983,570,0,1879,14449,657,12,3024,2593,3748,1904,2024,0,2339,4196,5823,2038,5191,0,648
22807,군산시,25788,0,30361,19808,14895,26879,122,23931,22802,42590,2681,0,전북특별자치도,14664,2024,6501,1,26917,11831,75,17939,0,7533,소룡동,42574,13090,0,16,0,0,20888,5125,0,10442,25700,10579,1079,16655,19132,19259,21834,14260,0,17054,21842,23825,17191,23430,0,7584
353,군산시,562,0,221,212,245,392,0,228,270,191,44,0,전북특별자치도,69,2024,89,0,287,228,0,279,0,19,송풍동,328,190,0,0,0,0,317,212,0,76,801,195,0,247,329,271,264,336,0,311,228,378,402,465,0,375
9847,군산시,8502,0,25264,13995,10828,11192,51,20533,12306,10822,15036,0,전북특별자치도,12518,2024,17574,0,19280,10405,32,14664,0,6389,수송동,12062,2399,0,25,0,0,10868,17275,0,17170,17913,8735,25,9908,22257,5534,15842,10647,0,12261,12407,19837,13689,15801,0,1199
388,군산시,152,0,244,96,373,724,0,216,144,319,9,0,전북특별자치도,99,2024,35,0,486,66,0,373,0,16,신관동,96,34,0,0,0,0,116,22,0,179,120,36,1,239,118,318,234,288,0,289,243,141,349,61,0,38
266,군산시,119,0,144,389,222,124,0,94,497,48,1,0,전북특별자치도,39,2024,14,0,202,26,5,226,0,23,신영동,55,41,0,1,0,0,337,10,0,34,431,19,0,189,114,111,272,244,0,276,387,287,212,462,0,28
1340,군산시,1462,0,1463,1034,742,1242,17,1055,1064,958,180,0,전북특별자치도,677,2024,199,0,1643,656,0,1000,0,360,신풍동,2736,587,0,0,0,0,1144,226,0,339,1557,552,4,811,805,538,1300,807,0,1229,1402,943,1075,1179,0,108
40,군산시,16,0,67,54,71,37,0,24,24,2,9,0,전북특별자치도,31,2024,28,0,65,26,0,89,0,12,영화동,21,27,0,0,0,0,44,20,0,24,56,19,0,99,76,16,88,101,0,82,41,77,113,53,0,41
443,군산시,561,0,1016,632,526,1278,0,1059,434,1016,27,0,전북특별자치도,683,2024,585,0,822,587,1,523,0,196,오식도동,1296,228,0,9,0,0,492,234,0,467,1482,478,0,938,972,2393,756,467,0,567,903,1523,624,790,0,251
3338,군산시,3300,0,1161,3128,2493,4169,0,1509,3577,1758,20,0,전북특별자치도,604,2024,362,0,3264,984,0,2453,0,315,옥구읍,4869,1541,0,0,0,0,1963,151,0,619,4963,414,13,2037,1866,2260,1733,1791,0,2642,2418,2094,1776,2176,0,447
1234,군산시,1078,0,1455,2575,1927,1396,0,915,1548,858,0,0,전북특별자치도,534,2024,771,0,1853,654,0,2056,0,0,옥도면,1014,17,0,0,0,0,1291,323,0,1307,3300,169,0,2057,2430,584,2120,1904,0,1798,2052,3321,1985,3100,0,232
1531,군산시,1842,0,3073,1075,1206,1836,2,2450,1134,2288,252,0,전북특별자치도,1377,2024,520,0,2807,1241,0,1666,0,1158,옥산면,2992,804,0,0,0,0,1397,339,0,694,996,1086,9,935,804,1874,1659,1318,0,1768,1535,1162,1539,1059,0,410
1099,군산시,1143,0,458,589,498,463,1,237,468,907,5,0,전북특별자치도,139,2024,65,0,477,132,0,584,0,59,옥서면,871,147,0,0,0,0,1137,43,0,159,479,222,38,530,283,864,628,497,0,397,608,448,515,502,0,12
19,군산시,24,0,104,48,28,2328,0,120,342,43,7,0,전북특별자치도,28,2024,29,0,56,54,0,76,0,14,월명동,127,0,0,0,0,0,59,89,0,65,26,69,0,75,163,180,113,79,0,113,89,392,51,65,0,1
1789,군산시,2263,0,1561,1480,1125,2211,0,1159,2003,3029,23,0,전북특별자치도,1081,2024,263,0,1475,538,114,1020,0,334,임피면,3129,777,0,74,0,0,1604,156,0,592,1504,453,8,1650,1182,2012,1288,1365,0,1297,2013,1582,1537,1488,0,290
780,군산시,339,0,703,1299,1278,2456,10,906,773,275,185,0,전북특별자치도,770,2024,490,0,771,435,3,822,0,118,장미동,560,207,0,6,0,0,562,816,0,455,797,309,7,1548,1373,577,773,1592,0,997,1694,874,997,778,0,143
9052,군산시,7862,0,8247,11785,8220,7525,2,6691,11443,11879,515,0,전북특별자치도,3706,2024,2192,0,9441,2487,0,8271,0,1090,장재동,9655,2745,0,0,0,0,10782,1804,0,3312,12679,2184,101,7396,6376,8816,9162,8837,0,9048,11154,9907,8701,13546,0,3591
11132,군산시,11046,0,23325,12098,14391,33508,22,17522,13842,17334,5570,0,전북특별자치도,11318,2024,8109,0,23503,9424,282,16212,0,5758,조촌동,17340,4136,0,48,0,0,11343,8576,0,9345,35253,7432,80,15096,16276,20574,16924,13278,0,15682,12524,22062,16735,14565,0,2740
80,군산시,30,0,326,105,171,288,0,186,59,6,7,0,전북특별자치도,103,2024,23,0,204,86,0,269,0,79,중동,34,2,0,0,0,0,44,12,0,27,156,130,0,247,80,202,341,298,0,210,87,101,345,68,0,25
2121,군산시,1034,0,1664,2967,4463,8341,6,1836,2358,925,416,0,전북특별자치도,1716,2024,1137,0,2140,695,1,2480,0,178,중앙로1가,1375,492,0,2,0,0,2446,997,0,1342,3575,483,9,5140,2397,1628,2216,4797,0,2999,3277,3176,3202,3164,0,596
2116,군산시,1045,0,2906,4234,7490,10435,2,1998,5121,996,599,0,전북특별자치도,1246,2024,1479,0,5540,771,5,5375,0,411,중앙로2가,1418,356,0,4,0,0,4061,1204,0,2749,12493,560,8,9245,3666,15086,5342,8140,0,6833,5345,4294,7639,5879,0,8097
2784,군산시,3106,0,1923,3723,3945,4849,2,1896,3625,6092,292,0,전북특별자치도,808,2024,695,0,2495,372,3,2544,0,391,중앙로3가,7366,1073,0,1,0,0,3320,402,0,1222,4198,467,4,3927,2681,4840,2650,3429,0,2849,3638,3952,3393,4500,0,1357
1934,군산시,2415,0,4681,1829,1685,3793,0,3044,1761,3630,412,0,전북특별자치도,2380,2024,991,0,3010,1170,5,2125,0,765,지곡동,4560,531,0,34,0,0,2014,1196,0,1593,2158,1298,0,2487,1930,2552,2822,1607,0,1933,2284,2284,2826,1984,0,262
1331,군산시,1712,0,678,1082,740,1263,0,581,1003,2246,15,0,전북특별자치도,267,2024,76,0,598,203,0,694,0,24,해망동,1459,568,0,3,0,0,1790,74,0,319,1649,74,0,1036,1141,1269,743,773,0,760,1315,1766,851,1069,0,278
1924,군산시,2597,0,1495,1158,1011,2509,0,1398,1573,2481,50,0,전북특별자치도,942,2024,168,0,1914,881,0,1238,0,311,회현면,3293,1038,0,0,0,0,1655,68,0,602,2643,600,35,1077,859,1182,1129,1320,0,1431,1869,1076,1271,1634,0,456
144,김제시,307,0,0,210,0,0,0,0,233,907,0,0,전북특별자치도,0,2024,263,0,0,0,0,0,0,0,검산동,612,27,0,0,0,0,167,0,0,258,277,0,0,0,379,0,0,0,0,0,279,436,0,287,0,0
2188,김제시,558,0,224,1062,629,840,0,1785,52,1464,7,0,전북특별자치도,196,2024,76,0,1661,395,0,1335,0,77,공덕면,4196,1560,0,0,0,0,1939,12,0,274,224,521,0,543,170,1662,540,1542,0,311,982,482,1167,969,0,110
17,김제시,29,0,0,25,0,0,0,0,12,119,0,0,전북특별자치도,0,2024,9,0,0,0,0,0,0,0,광활면,36,18,0,0,0,0,15,1,0,6,38,0,0,0,6,0,0,0,0,0,23,15,0,27,0,0
1,김제시,2,0,0,1,0,0,0,0,4,3,0,0,전북특별자치도,0,2024,0,0,0,0,0,0,0,0,교동,11,0,0,0,0,0,8,0,0,0,3,0,0,0,0,0,0,0,0,0,0,0,0,0,0,0
4270,김제시,6494,0,93,2667,61,27,379,66,4380,7724,2415,0,전북특별자치도,61,2024,2436,0,80,44,0,26,0,13,금구면,4610,1219,0,0,0,0,5761,2908,0,3469,4425,34,3,40,3926,25,123,88,0,92,6339,7313,155,6352,0,10
4145,김제시,6822,0,36,4955,94,18,181,27,5967,3150,567,0,전북특별자치도,18,2024,1881,0,78,19,54,119,0,0,금산면,3151,1119,0,0,0,0,3754,1142,0,1916,6665,8,1,58,3255,5,92,71,0,120,4955,3840,94,4459,0,4
16,김제시,40,0,0,26,0,0,0,0,24,67,0,0,전북특별자치도,0,2024,2,0,0,0,0,0,0,0,난봉동,84,5,0,0,0,0,29,2,0,4,11,0,0,0,1,0,0,0,0,0,8,38,0,18,0,0
197,김제시,405,0,70,464,105,236,0,218,389,151,1,0,전북특별자치도,35,2024,69,0,442,66,0,239,0,6,만경읍,578,143,0,0,0,0,42,23,0,268,849,8,0,518,32,388,73,14,0,297,159,78,71,187,0,13
4383,김제시,6438,0,4390,2712,2325,2315,0,1476,3130,8234,2,0,전북특별자치도,1240,2024,418,0,2176,965,0,2055,0,85,백구면,6074,1053,0,0,0,0,3704,310,0,595,1636,554,0,1760,1717,2800,3134,2071,0,2188,5470,3001,2565,2603,0,243
485,김제시,233,0,107,87,178,94,0,178,34,524,1,0,전북특별자치도,35,2024,9,0,348,148,0,171,0,44,백산면,413,216,0,0,0,0,63,59,0,102,301,25,0,127,22,279,216,149,0,45,675,129,116,293,0,67
0,김제시,0,0,0,0,0,0,0,0,0,0,0,0,전북특별자치도,0,2024,0,0,0,0,0,0,0,0,복죽동,0,0,0,0,0,0,0,0,0,0,2,0,0,0,0,0,0,0,0,0,0,0,0,0,0,0
16,김제시,39,0,0,14,0,0,0,0,0,18,0,0,전북특별자치도,0,2024,0,0,0,0,0,0,0,0,봉남면,6,0,0,0,0,0,11,0,0,2,16,0,0,0,8,0,0,0,0,0,4,0,0,3,0,0
0,김제시,0,0,0,0,0,0,0,0,0,33,0,0,전북특별자치도,0,2024,0,0,0,0,0,0,0,0,부량면,5,0,0,0,0,0,0,0,0,1,0,0,0,0,0,0,0,0,0,0,0,0,0,0,0,0
0,김제시,2,0,0,0,0,0,0,0,1,21,0,0,전북특별자치도,0,2024,0,0,0,0,0,0,0,0,서암동,1,2,0,0,0,0,0,0,0,0,0,0,0,0,0,0,0,0,0,0,0,0,0,2,0,0
4,김제시,11,0,0,2,0,0,0,0,1,8,0,0,전북특별자치도,0,2024,0,0,0,0,0,0,0,0,성덕면,8,2,0,0,0,0,3,0,0,1,3,0,0,0,1,0,0,0,0,0,5,4,0,5,0,0
255,김제시,303,0,0,212,0,0,0,0,300,507,0,0,전북특별자치도,0,2024,270,0,0,0,0,0,0,0,신풍동,466,76,0,0,0,0,150,0,0,75,423,0,0,0,245,0,0,0,0,0,170,278,0,226,0,0
1,김제시,4,0,0,0,0,0,0,0,0,3,0,0,전북특별자치도,0,2024,0,0,0,0,0,0,0,0,양전동,0,0,0,0,0,0,0,0,0,0,0,0,0,0,0,0,0,0,0,0,0,0,0,0,0,0
1331,김제시,1255,0,0,977,0,0,0,0,1029,2039,0,0,전북특별자치도,0,2024,98,0,0,0,0,0,0,0,요촌동,4221,151,0,0,0,0,1218,23,0,265,1297,0,0,0,621,0,0,0,0,0,1467,1175,0,1280,0,0
603,김제시,1448,0,509,1045,310,685,0,254,573,2101,5,0,전북특별자치도,261,2024,236,0,423,66,9,180,0,41,용지면,1664,104,0,7,0,0,655,194,0,319,990,82,0,400,1428,341,489,68,0,517,453,787,305,326,0,6
26,김제시,14,0,0,0,0,0,0,0,12,10,0,0,전북특별자치도,0,2024,0,0,0,0,0,0,0,0,죽산면,16,0,0,0,0,0,2,0,0,0,14,0,0,0,1,0,0,0,0,0,15,0,0,13,0,0
133,김제시,129,0,0,108,0,0,0,0,171,322,0,0,전북특별자치도,0,2024,44,0,0,0,0,0,0,0,진봉면,221,58,0,0,0,0,108,1,0,33,112,0,0,0,88,0,0,0,0,0,139,100,0,165,0,0
893,김제시,820,0,523,706,469,637,0,302,571,561,1,0,전북특별자치도,206,2024,53,0,491,86,0,558,0,25,청하면,1639,312,0,0,0,0,758,242,0,187,780,54,0,445,326,468,303,307,0,540,803,413,414,547,0,17
0,김제시,1,0,0,0,0,0,0,0,0,2,0,0,전북특별자치도,0,2024,0,0,0,0,0,0,0,0,황산면,0,0,0,0,0,0,0,0,0,8,0,0,0,0,0,0,0,0,0,0,0,1,0,0,0,0
0,남원시,129,0,4,8,5,2,0,27,160,739,0,0,전북특별자치도,29,2024,3,0,2,6,0,0,0,0,갈치동,694,6,0,0,0,0,78,0,0,23,80,0,0,2,60,42,10,6,0,5,158,5,21,102,0,0
2702,남원시,3348,0,159,2682,148,290,0,109,1988,3632,0,0,전북특별자치도,72,2024,1188,0,99,36,0,246,0,0,고죽동,3716,181,0,0,0,0,2689,341,0,955,1625,2,0,249,1795,248,87,109,0,92,1777,1684,158,2648,0,44
84,남원시,1423,0,101,163,14,21,0,92,31,418,0,0,전북특별자치도,63,2024,2,0,108,1,0,67,0,0,광치동,124,32,0,0,0,0,29,0,0,8,18,0,0,68,14,10,70,35,0,57,33,351,31,404,0,6
24281,남원시,19942,0,2420,21812,1807,2181,0,1257,28423,15303,0,0,전북특별자치도,1246,2024,5512,0,2399,373,1028,1790,0,0,금동,25382,3312,0,0,0,1,28633,503,0,9114,29633,50,0,1985,16883,1279,2286,1756,0,1810,23701,26601,1582,31744,0,23
3363,남원시,2241,0,131,1337,73,36,0,92,1232,3168,0,0,전북특별자치도,78,2024,54,0,64,66,0,72,0,0,금지면,6322,1295,0,0,0,0,865,1,0,349,621,0,0,65,428,31,58,43,0,91,1519,592,96,449,0,7
575,남원시,0,0,4,321,7,0,0,0,0,634,0,0,전북특별자치도,0,2024,0,0,0,0,0,3,0,0,내척동,0,0,0,0,0,0,0,0,0,0,0,0,0,0,0,0,6,0,0,0,2,17,0,36,0,0
767,남원시,4506,0,166,701,110,369,0,209,3359,6047,0,0,전북특별자치도,130,2024,225,0,252,109,0,137,0,0,노암동,7463,415,0,0,0,0,2557,2,0,658,2362,0,0,75,1043,85,64,98,0,143,3273,953,99,2041,0,6
1486,남원시,3278,0,46,863,55,46,0,24,444,4842,0,0,전북특별자치도,26,2024,50,0,4,3,0,39,0,0,대강면,2928,1071,0,0,0,0,1028,2,0,96,294,0,0,5,387,7,11,38,0,7,488,95,45,454,0,1
2040,남원시,834,0,49,1094,20,52,0,42,632,3943,0,0,전북특별자치도,133,2024,25,0,87,12,0,19,0,0,대산면,1310,37,0,0,0,0,1140,0,0,28,361,0,0,17,216,49,34,36,0,94,717,430,52,1247,0,70
106,남원시,1193,0,2,277,2,3,0,5,183,938,0,0,전북특별자치도,2,2024,1,0,34,0,0,12,0,0,덕과면,402,136,0,0,0,0,255,0,0,27,400,0,0,1,91,2,16,0,0,8,749,8,4,217,0,0
10737,남원시,13567,0,3870,10750,1506,1431,0,2690,9646,14287,0,0,전북특별자치도,1466,2024,7823,0,3278,932,0,2275,0,1,도통동,24728,2434,0,0,0,0,8178,2692,0,12685,18193,127,0,1437,15663,869,2139,1650,0,2014,12477,17797,1890,13137,0,26
13243,남원시,13133,0,1004,6611,1642,1363,0,681,12829,5527,2,0,전북특별자치도,452,2024,1035,0,1395,201,4,1127,0,0,동충동,10470,2289,0,0,0,0,12741,209,0,2250,10887,35,0,1584,4149,1038,1138,1032,0,1131,7196,6856,1324,10863,0,14
738,남원시,1707,0,32,489,12,4,0,138,901,2406,0,0,전북특별자치도,15,2024,67,0,7,25,0,17,0,0,보절면,4461,294,0,0,0,0,273,0,0,7,549,0,0,24,531,6,9,20,0,26,771,57,24,456,0,2
1759,남원시,1974,0,27,448,9,32,0,31,390,2265,0,0,전북특별자치도,43,2024,5,0,40,4,0,16,0,0,사매면,3265,1079,0,0,0,0,1339,0,0,161,483,0,0,20,181,76,38,30,0,25,1380,552,26,635,0,29
8,남원시,0,0,0,0,0,0,0,0,0,0,0,0,전북특별자치도,0,2024,0,0,0,0,0,0,0,0,산곡동,0,0,0,0,0,0,0,0,0,0,0,0,0,0,0,0,0,0,0,0,0,0,0,0,0,0
1019,남원시,1399,0,6,6,19,34,0,39,281,6,0,0,전북특별자치도,0,2024,0,0,2,0,0,1,0,0,산내면,49,0,0,0,0,0,291,0,0,1,297,0,0,25,268,0,36,9,0,18,555,2,6,10,0,0
3056,남원시,2301,0,56,1671,54,3,0,31,148,5332,0,0,전북특별자치도,69,2024,69,0,34,29,0,46,0,0,산동면,3797,288,0,0,0,0,1357,1,0,127,370,0,0,45,327,10,86,83,0,38,2269,258,82,429,0,10
620,남원시,5432,0,41,339,33,77,0,24,1349,2177,0,0,전북특별자치도,35,2024,101,0,91,44,0,41,0,0,송동면,3832,1422,0,0,0,0,2303,0,0,151,2020,0,0,37,202,13,11,98,0,37,2533,561,35,603,0,10
1039,남원시,1904,0,5,16,0,11,0,31,367,3766,0,0,전북특별자치도,21,2024,19,0,49,20,0,22,0,0,수지면,2479,802,0,0,0,0,444,0,0,169,528,0,0,7,19,30,41,13,0,20,1255,268,24,585,0,2
3126,남원시,3617,0,123,1648,275,75,0,332,2054,4723,0,0,전북특별자치도,213,2024,386,0,148,67,0,179,0,0,식정동,3626,136,0,0,0,0,4653,47,0,926,806,5,0,246,946,48,194,246,0,191,3017,798,255,2651,0,9
3450,남원시,2561,0,182,3764,92,90,0,163,3812,4289,0,0,전북특별자치도,154,2024,924,0,230,42,9,165,0,0,신정동,5084,144,0,0,0,0,3451,64,0,3175,7561,9,0,104,1514,92,194,127,0,245,4075,3468,219,5035,0,18
17,남원시,4,0,10,3,12,1,0,27,6,373,0,0,전북특별자치도,4,2024,0,0,32,0,0,14,0,0,신촌동,29,0,0,0,0,0,0,0,0,0,2,0,0,22,2,97,44,0,0,76,0,1,7,0,0,0
1354,남원시,982,0,239,1906,192,340,0,175,1612,529,0,0,전북특별자치도,203,2024,1295,0,214,81,264,199,0,0,쌍교동,878,165,0,0,0,0,1810,41,0,1545,2466,1,0,225,2548,243,324,206,0,207,1682,2977,293,2273,0,1
12,남원시,671,0,2,249,1,29,0,2,445,3872,0,0,전북특별자치도,2,2024,41,0,19,39,0,10,0,0,아영면,6652,183,0,0,0,0,2,12,0,77,147,0,0,3,42,1,3,0,0,10,854,668,7,418,0,0
82,남원시,5,0,0,4,0,0,0,0,2,2,0,0,전북특별자치도,0,2024,0,0,1,0,0,0,0,0,어현동,31,4,0,0,0,0,1,0,0,0,7,0,0,1,0,0,0,0,0,1,2,6,0,0,0,0
11658,남원시,12679,0,1620,8240,1535,1122,0,1186,11477,12590,2,0,전북특별자치도,736,2024,1031,0,1356,321,295,1545,0,34,왕정동,13035,2059,0,0,0,0,10612,140,0,2704,15683,152,0,1475,5592,935,1523,1331,0,1296,7987,8225,1496,9718,0,23
340,남원시,482,0,13,154,5,1,0,19,137,585,0,0,전북특별자치도,10,2024,5,0,5,0,0,4,0,0,용정동,199,1,0,0,0,0,177,0,0,32,69,0,0,14,63,4,9,9,0,9,187,354,19,71,0,1
2931,남원시,4238,0,539,1936,190,288,0,318,1784,10731,0,0,전북특별자치도,267,2024,257,0,282,214,0,236,0,1,운봉읍,5933,1519,0,0,0,0,3597,615,0,865,2367,29,0,191,1086,352,346,221,0,153,4102,2840,291,1369,0,16
16125,남원시,17949,0,1809,12179,781,986,0,1419,12766,21702,0,0,전북특별자치도,820,2024,5103,0,1325,488,58,950,0,0,월락동,27625,2331,0,0,0,0,17690,2064,0,7781,28093,58,0,928,15116,783,1404,918,0,896,14261,16995,1033,15898,0,18
3196,남원시,3315,0,151,856,70,133,0,130,555,7165,0,0,전북특별자치도,33,2024,87,0,94,47,0,59,0,0,이백면,1878,318,0,0,0,0,840,20,0,210,737,0,0,68,654,195,78,31,0,58,2492,604,95,720,0,6
2559,남원시,3534,0,195,1046,174,189,0,36,3221,3497,0,0,전북특별자치도,43,2024,167,0,159,41,0,202,0,0,인월면,2561,1345,0,0,0,0,1562,244,0,232,2215,61,0,154,645,133,111,158,0,96,1052,1454,114,1701,0,11
1904,남원시,3717,0,117,1465,54,349,0,50,775,7337,0,0,전북특별자치도,80,2024,161,0,36,16,0,76,0,5,조산동,4365,149,0,0,0,0,1386,110,0,447,1179,12,0,90,1305,109,47,46,0,24,1368,1063,46,1507,0,1
4452,남원시,3286,0,131,2092,122,52,0,131,2108,5853,0,0,전북특별자치도,140,2024,170,0,72,47,0,73,0,0,주생면,5135,1542,0,0,0,0,1490,42,0,387,1703,0,0,73,1329,71,117,45,0,54,2485,902,79,1076,0,7
694,남원시,2955,0,21,1156,44,211,0,118,1398,6123,0,0,전북특별자치도,48,2024,56,0,77,7,0,49,0,0,주천면,3256,449,0,0,0,0,181,0,0,70,414,0,0,41,541,217,9,31,0,72,373,187,25,381,0,6
16603,남원시,16310,0,2383,13457,1764,1927,0,2304,23824,9304,0,0,전북특별자치도,2018,2024,5039,0,2072,619,159,2119,0,0,죽항동,15760,1887,0,0,0,0,19430,526,0,9118,20026,124,0,2319,12343,1233,2432,2086,0,2152,17257,14526,2700,16190,0,93
337,남원시,1229,0,401,577,42,160,0,278,3382,968,0,0,전북특별자치도,189,2024,327,0,280,172,0,160,0,0,천거동,768,202,0,0,0,0,385,105,0,629,1731,11,0,61,1238,63,175,125,0,269,3841,2088,248,1489,0,2
18330,남원시,13036,0,1420,10699,1092,1202,0,1142,20852,6986,0,0,전북특별자치도,709,2024,3125,0,1258,356,16,1380,0,0,하정동,10546,1461,0,0,0,1,14469,148,0,3495,17723,55,0,1315,7629,607,1487,1206,0,1293,15330,11633,1280,15197,0,21
1411,남원시,1590,0,309,910,167,358,0,107,669,2040,0,0,전북특별자치도,42,2024,44,0,296,16,0,216,0,0,향교동,1874,695,0,0,0,0,480,0,0,291,7406,3,0,129,862,574,102,56,0,95,1213,918,181,714,0,9
2,남원시,1,0,1,2,1,0,0,1,74,47,0,0,전북특별자치도,1,2024,0,0,4,1,0,2,0,0,화정동,1,0,0,0,0,0,41,0,0,0,1,0,0,1,7,0,2,0,0,7,0,19,4,0,0,0
1036,무주군,595,0,120,1039,255,38,0,69,1172,1614,0,0,전북특별자치도,121,2024,1,0,137,0,0,133,0,0,무주읍,1027,0,0,0,0,0,969,0,0,318,750,0,0,42,427,12,81,167,0,187,987,836,147,849,0,0
0,무주군,1,0,0,0,0,1,0,0,0,9,0,0,전북특별자치도,0,2024,0,0,0,0,0,0,0,0,무풍면,198,0,0,0,0,0,0,0,0,95,0,0,0,0,4,4,0,0,0,0,201,0,1,0,0,0
0,무주군,2,0,0,4,0,0,0,0,3,0,0,0,전북특별자치도,0,2024,0,0,0,0,0,2,0,0,부남면,0,0,0,0,0,0,20,0,0,0,0,0,0,1,1,0,1,1,0,0,0,0,0,27,0,0
0,무주군,0,0,0,0,0,0,0,4,0,327,0,0,전북특별자치도,0,2024,0,0,0,0,0,0,0,0,설천면,0,0,0,0,0,0,0,0,0,0,0,0,0,0,529,0,0,0,0,0,0,0,0,0,0,0
110,부안군,110,0,0,165,0,0,0,0,353,69,0,0,전북특별자치도,0,2024,4,0,0,0,0,0,0,0,백산면,99,31,0,0,0,0,113,0,0,22,202,0,0,0,79,0,0,0,0,0,139,308,0,210,0,0
0,부안군,1,0,0,9,0,0,0,0,0,1,0,0,전북특별자치도,0,2024,0,0,0,0,0,0,0,0,보안면,0,0,0,0,0,0,0,0,0,4,0,0,0,0,0,0,0,0,0,0,0,0,0,0,0,0
233,부안군,108,0,0,50,0,0,0,0,102,223,0,0,전북특별자치도,0,2024,28,0,0,0,0,0,0,0,줄포면,360,32,0,0,0,0,694,0,0,27,181,0,0,0,72,0,0,0,0,0,207,63,0,68,0,0
4241,순창군,6569,0,0,2044,0,0,0,0,4172,10440,0,0,전북특별자치도,0,2024,53,0,0,0,0,0,0,0,구림면,2416,963,0,0,0,0,2758,0,0,1182,2475,0,0,0,1601,0,0,0,0,0,1776,2244,0,398,0,0
1842,순창군,3510,0,0,2032,0,0,0,0,1257,932,0,0,전북특별자치도,0,2024,0,0,0,0,0,0,0,0,금과면,1867,1127,0,0,0,0,1887,0,0,346,1238,0,0,0,327,0,0,0,0,0,1799,739,0,277,0,0
2923,순창군,3715,0,0,1730,0,0,0,6,1938,4982,0,0,전북특별자치도,0,2024,470,0,2,0,0,0,0,0,동계면,3325,108,0,0,0,0,2677,0,0,957,1795,0,0,6,2412,3,7,0,0,19,3240,1951,0,1734,0,0
1690,순창군,3199,0,0,137,0,0,0,0,628,4592,0,0,전북특별자치도,0,2024,225,0,0,0,0,0,0,0,복흥면,1946,2,0,0,0,0,118,0,0,78,50,0,0,0,1270,0,0,0,0,0,2563,2618,0,1580,0,0
6306,순창군,4491,0,0,2106,0,0,0,0,3783,2705,3,0,전북특별자치도,0,2024,51,0,0,0,0,0,0,0,순창읍,4109,361,0,0,0,0,2759,8,0,1056,2832,0,0,0,2536,0,0,0,0,0,4197,2860,0,3372,0,0
650,순창군,3395,0,0,770,0,0,0,0,1021,3753,0,0,전북특별자치도,0,2024,247,0,0,0,0,0,0,0,쌍치면,1001,6,0,0,0,0,1833,0,0,1135,616,0,0,0,384,0,0,0,0,0,1252,241,0,749,0,0
269,순창군,1803,0,0,182,0,0,0,0,984,3067,0,0,전북특별자치도,0,2024,0,0,0,0,0,0,0,0,유등면,1283,51,0,0,0,0,496,0,0,194,136,0,0,0,101,0,0,0,0,0,809,402,0,421,0,0
2541,순창군,1817,0,0,1066,0,0,0,0,686,2629,0,0,전북특별자치도,0,2024,38,0,0,0,0,0,0,0,인계면,3315,714,0,0,0,0,1101,0,0,319,1484,0,0,0,977,0,0,0,0,0,2622,321,0,384,0,0
1178,순창군,1900,0,0,848,0,0,0,0,1013,1611,0,0,전북특별자치도,0,2024,2,0,0,0,0,0,0,0,적성면,3927,323,0,0,0,0,2306,0,0,197,979,0,0,1,446,0,14,0,0,11,724,593,0,789,0,0
3525,순창군,4296,0,0,604,0,0,0,0,2695,8277,0,0,전북특별자치도,0,2024,0,0,0,0,0,0,0,0,팔덕면,1980,78,0,0,0,0,857,0,0,1283,1549,0,0,0,1408,0,0,0,0,0,1675,238,0,2151,0,0
1635,순창군,2031,0,0,838,0,0,0,0,913,3158,0,0,전북특별자치도,0,2024,0,0,0,0,0,0,0,0,풍산면,1307,0,0,0,0,0,409,0,0,170,694,0,0,0,342,0,0,0,0,0,1235,600,0,497,0,0
142,완주군,320,0,29,277,120,25,0,12,50,622,0,0,전북특별자치도,0,2024,0,0,19,6,4,52,0,0,경천면,1561,18,0,0,0,0,787,0,0,3,51,0,0,34,25,16,265,215,0,13,64,75,124,97,0,0
16068,완주군,21264,0,4911,14504,7786,9390,22,2712,15579,11750,394,0,전북특별자치도,1702,2024,2946,0,5127,503,20,4773,0,243,고산면,18444,3077,0,3,0,0,17848,793,0,4415,16506,429,68,10215,7606,5976,4073,7659,0,6835,14375,11309,6453,10686,0,783
18665,완주군,20027,0,3537,18903,6273,3699,476,2685,20664,16465,1458,0,전북특별자치도,2277,2024,4255,0,3826,1861,298,3850,0,1145,구이면,16546,7394,0,1,0,0,16236,3183,0,8375,23521,1208,169,6652,11344,4006,4129,5439,0,4810,20380,18414,5099,20506,0,1445
791,완주군,1002,0,106,531,73,83,0,15,213,56,0,0,전북특별자치도,25,2024,48,0,13,1,0,12,0,0,동상면,1158,672,0,0,0,0,629,22,0,96,406,15,0,32,211,29,69,3,0,27,592,315,144,166,0,18
39249,완주군,51321,0,10556,41673,9866,13431,632,9069,47884,82932,10483,0,전북특별자치도,7542,2024,26998,0,11749,5162,220,10722,0,3186,봉동읍,73374,19392,0,0,0,0,44736,22521,0,32418,80091,4097,775,10867,49137,10456,10302,9309,0,9755,45103,63227,10119,50593,0,4242
821,완주군,691,0,174,469,172,50,0,63,896,2415,4,0,전북특별자치도,74,2024,44,0,115,20,1,67,0,17,비봉면,542,912,0,0,0,0,401,39,0,115,323,9,10,159,243,1182,169,112,0,303,836,325,346,676,0,15
59173,완주군,57172,0,26169,65600,24759,24493,171,23494,74504,95770,11128,1,전북특별자치도,14945,2024,29559,0,25460,9694,74,21137,0,5933,삼례읍,85636,29887,0,1,0,0,63676,24254,0,40857,112996,9644,909,21175,69858,20921,23873,22365,0,21894,69198,92075,20719,93204,0,4154
9818,완주군,9868,0,1362,5793,1446,910,15,860,6181,17081,709,0,전북특별자치도,624,2024,1392,1,1298,420,0,1153,0,229,상관면,11925,5696,0,0,0,0,6718,1497,0,2782,7160,350,56,1142,4858,1196,1434,1188,0,1128,8689,6108,1434,8694,0,103
16500,완주군,20379,0,4932,14473,6719,10044,2,3650,14604,15999,594,0,전북특별자치도,2582,2024,2720,0,5979,1180,2,5799,0,373,소양면,26848,5140,0,0,0,0,10155,1760,0,6498,15362,832,38,7652,9896,3639,5172,5877,0,6626,14301,11854,7201,10402,0,1442
13575,완주군,16439,0,3009,11734,3366,2552,62,2666,12701,22389,1027,0,전북특별자치도,1826,2024,3357,0,3876,1448,0,2881,0,701,용진읍,18723,6035,0,0,0,0,11865,2108,0,5398,19606,928,116,3490,9773,1340,2827,2303,0,3263,10180,13749,2907,13812,0,349
1394,완주군,438,0,24,377,928,929,0,8,107,1986,0,0,전북특별자치도,8,2024,0,0,84,15,0,64,0,0,운주면,3586,495,0,0,0,0,767,0,0,13,197,0,0,156,43,359,183,334,0,62,221,72,220,260,0,74
21897,완주군,29387,0,7242,23524,4750,8865,2814,8726,26493,46790,16537,0,전북특별자치도,5369,2024,21918,0,5687,3604,660,4977,1,2635,이서면,40958,17282,0,53,0,0,20422,24396,0,25246,33295,3893,589,5967,40266,5094,5867,4560,1,5193,24535,35591,5179,27269,0,2959
4281,완주군,4298,0,433,611,2478,105,0,44,1352,2166,0,1,전북특별자치도,9,2024,1,0,143,7,2,489,0,0,화산면,1881,1130,0,0,0,0,658,0,0,19,231,0,0,451,373,145,844,602,0,535,1168,438,351,1530,0,198
4078,익산시,2762,0,4352,4607,5935,7562,0,3587,4856,2270,201,0,전북특별자치도,2541,2024,1546,0,5473,1266,0,4553,0,326,갈산동,3259,769,0,0,0,0,4232,1261,0,2510,8023,1009,1,7945,4484,3372,4279,4904,0,4753,3350,5791,4867,5380,0,907
262,익산시,911,0,415,250,266,1002,0,794,235,680,4,0,전북특별자치도,347,2024,131,0,385,285,0,303,0,85,금강동,825,252,0,0,0,0,303,385,0,154,364,427,0,508,380,872,467,261,0,434,287,728,303,242,0,228
12678,익산시,13709,0,12889,9837,8861,14169,0,7708,10061,18639,224,0,전북특별자치도,6900,2024,2420,0,10377,3361,1,7348,0,1862,금마면,14121,3798,0,0,0,0,11397,1012,0,5053,12399,2116,0,12087,8727,16479,12710,11129,0,6985,13325,13770,11632,15191,0,3284
43314,익산시,36294,0,39868,46751,43779,63001,0,30414,48589,31131,3456,0,전북특별자치도,18010,2024,14378,0,44265,13150,0,36543,0,4729,남중동,45729,9620,0,0,0,0,46913,10820,0,23186,87810,10950,0,44677,50610,41454,39775,41373,0,37336,48715,57937,41166,61014,0,6760
4169,익산시,3195,0,1341,1559,2616,1965,0,1335,4312,6071,0,0,전북특별자치도,1075,2024,201,0,1711,327,0,1465,0,3,낭산면,5781,630,0,0,0,0,1527,12,0,269,960,195,0,2164,409,2093,1931,2177,0,1991,3027,910,2419,1359,0,111
459,익산시,231,0,568,338,636,768,0,387,328,174,11,0,전북특별자치도,493,2024,249,0,569,152,0,446,0,60,덕기동,629,100,0,0,0,0,321,62,0,487,422,195,0,1443,236,694,587,539,0,336,413,493,497,381,0,71
35163,익산시,42183,0,42820,33135,21701,36186,0,39194,34990,63437,2698,1,전북특별자치도,24916,2024,16399,0,42326,18103,2,25994,0,7580,동산동,66481,15731,0,1,0,0,32404,14163,0,21913,45610,17056,0,22361,35707,31800,32212,22230,0,26182,37091,41797,27495,35754,0,7956
9263,익산시,10192,0,11046,9655,5638,12373,0,10149,9583,12974,661,0,전북특별자치도,6852,2024,4674,0,10142,4457,0,6816,0,1675,마동,17775,3979,0,0,0,0,9301,3209,0,6679,15142,4411,0,6668,11607,8165,8599,6446,0,7298,10995,15669,7984,11828,0,2701
2036,익산시,4275,0,829,1391,1037,1043,1,925,2192,3677,0,0,전북특별자치도,406,2024,76,0,1840,195,0,1145,0,10,망성면,3862,348,0,0,0,0,2568,30,0,170,722,349,0,1429,299,1638,1457,1770,0,1816,1639,660,1332,809,0,71
30145,익산시,30861,0,33210,37317,18189,32246,0,32864,39319,41299,5838,0,전북특별자치도,19414,2024,30379,1,38858,15650,1,21882,0,4937,모현동1가,53529,14556,0,0,0,0,35020,31874,0,32251,62442,15664,0,18888,51838,15072,26831,19788,0,21764,38516,51957,23563,41070,0,6175
9241,익산시,9753,0,23355,10111,12044,21822,0,22218,11162,12517,609,0,전북특별자치도,11841,2024,4538,1,21773,8659,81,13912,0,3049,모현동2가,16157,3425,0,10,0,0,9650,3950,0,5951,17806,8532,0,12969,9979,14554,15977,13620,0,15621,9723,11593,14358,13003,0,2111
2010,익산시,2838,0,2078,1237,1801,3305,0,1427,2025,3556,1,0,전북특별자치도,1152,2024,267,0,1071,663,0,1364,0,13,목천동,4241,769,0,0,0,0,1252,173,0,386,1334,385,0,1024,649,2245,1726,1141,0,1579,1577,1430,1490,1493,0,261
51003,익산시,60845,0,67675,47318,31576,54267,0,64581,51308,95967,6825,0,전북특별자치도,38969,2024,26373,0,58761,30067,0,41209,0,16237,부송동,98444,19739,0,0,0,0,46645,21678,0,33492,59856,28102,0,33766,53222,48912,47710,31513,0,43323,49916,59108,39293,46539,0,9308
2309,익산시,2242,0,2237,1390,1425,2361,0,958,2096,3913,2,0,전북특별자치도,863,2024,176,0,1564,264,0,930,0,115,삼기면,3945,772,0,0,0,0,2061,50,0,349,1143,516,0,1177,1226,1523,2082,1151,0,1406,1720,1507,1474,1185,0,778
583,익산시,684,0,202,163,202,171,0,164,327,820,1,0,전북특별자치도,248,2024,18,0,258,70,0,188,0,70,석암동,204,76,0,0,0,0,182,38,0,19,144,89,0,108,54,356,334,247,0,354,536,80,242,107,0,12
531,익산시,405,0,310,1244,309,1896,0,169,1339,90,22,0,전북특별자치도,104,2024,353,0,362,74,0,431,0,26,석왕동,592,60,0,0,0,0,692,107,0,482,2996,66,0,661,925,836,343,309,0,290,1003,1129,452,802,0,98
214,익산시,279,0,99,1105,247,2959,0,159,702,116,17,0,전북특별자치도,377,2024,44,0,201,26,0,476,0,18,석탄동,3364,432,0,0,0,0,1162,24,0,476,276,16,0,324,187,171,765,483,0,729,637,172,505,515,0,195
2293,익산시,2439,0,886,736,1862,2675,0,409,1276,2205,0,0,전북특별자치도,262,2024,56,0,1086,73,0,1019,0,6,성당면,4942,903,0,0,0,0,1083,6,0,214,1051,28,0,1892,426,1447,1093,1254,0,1278,1405,418,1352,944,0,505
8712,익산시,9678,0,9274,9160,6577,13209,0,8673,8494,15350,820,0,전북특별자치도,5208,2024,3785,0,9943,4174,7,6810,0,1986,송학동,14728,7202,0,0,0,0,7556,3040,0,5033,12491,3581,0,6121,9501,9572,7841,6517,0,6890,8508,9888,6376,9893,0,3045
99015,익산시,93658,0,121975,122215,98854,161823,0,101783,115571,66569,26483,0,전북특별자치도,68711,2024,72151,0,112287,61192,1,96450,0,25259,신동,117585,22307,0,0,0,0,105925,68889,0,84449,174788,59674,0,105810,138984,76106,99624,87002,1,95879,117538,207191,100530,152068,0,21374
2733,익산시,3168,0,3979,3232,3076,9321,0,2683,3080,3475,303,0,전북특별자치도,1868,2024,1472,0,2888,1905,0,2222,0,562,신용동,3337,656,0,0,0,0,3099,910,0,1508,3941,1757,0,3494,4126,2941,2528,2169,0,2745,2390,5821,2852,4275,0,1117
65,익산시,64,0,86,222,34,121,0,61,86,31,8,0,전북특별자치도,68,2024,16,0,77,11,0,75,0,20,신흥동,129,22,0,0,0,0,249,6,0,202,60,57,0,197,55,269,74,74,0,68,56,108,25,77,0,10
26039,익산시,29475,0,40709,25234,18292,34360,0,36227,26055,47915,3836,0,전북특별자치도,21469,2024,16117,0,32302,16177,1,24667,0,7597,어양동,48940,8647,0,0,0,0,23484,17468,0,19458,34461,15307,0,21796,30954,22839,26609,17916,0,23660,26145,35217,22917,27230,0,4649
3776,익산시,4483,0,3040,2807,3521,3414,0,2387,4716,6142,29,0,전북특별자치도,1345,2024,382,0,3727,1123,1,2750,0,454,여산면,4166,728,0,1,0,0,3959,263,0,927,3840,383,0,2633,1436,4282,2669,2519,0,4074,2957,3154,1936,2695,0,212
70901,익산시,71740,0,123134,89580,64353,77211,0,112837,83120,77812,33295,0,전북특별자치도,69868,2024,95087,0,109255,55074,0,87858,1,17409,영등동,103490,21975,0,0,0,1,75784,100406,0,102154,118259,48858,0,66650,127478,42401,90318,66378,1,76185,84464,122994,84165,98335,0,11300
9412,익산시,12026,0,10284,7953,5414,8272,0,9614,10032,18097,461,0,전북특별자치도,5378,2024,3094,0,9804,4000,0,5508,0,1715,오산면,23182,4092,0,0,0,0,8818,3294,0,4280,9730,3651,0,6214,8176,6128,7900,5940,0,7123,9965,9789,6670,8049,0,1222
3710,익산시,2333,0,1116,1850,1291,2285,0,849,1133,4341,7,0,전북특별자치도,1873,2024,147,0,1809,577,0,1305,0,66,왕궁면,4243,812,0,0,0,0,1897,94,0,427,1609,234,0,2125,1402,1928,2152,1409,0,1378,2315,1114,1670,1681,0,264
713,익산시,1799,0,571,492,1110,1261,0,495,1378,2335,0,0,전북특별자치도,128,2024,26,0,584,137,0,633,0,5,용동면,3238,27,0,0,0,0,772,2,0,40,137,36,0,682,250,798,957,836,0,744,978,143,1078,361,0,1
3226,익산시,2671,0,1367,1268,2354,3495,0,1299,2085,4341,0,0,전북특별자치도,501,2024,108,0,864,58,0,1296,0,325,용안면,5257,1244,0,0,0,0,2252,20,0,120,970,544,0,1450,716,1974,1660,1691,0,1640,1094,799,1366,929,0,438
159,익산시,175,0,101,54,100,113,0,89,83,97,0,0,전북특별자치도,58,2024,24,0,150,74,0,99,0,47,용제동,62,55,0,0,0,0,81,32,0,39,199,27,0,253,110,422,136,70,0,143,91,178,90,76,0,82
3032,익산시,3361,0,1755,1778,1914,2448,0,1221,2767,4260,18,0,전북특별자치도,647,2024,288,0,1508,327,0,1754,0,119,웅포면,4062,2278,0,0,0,0,2106,250,0,597,2233,506,0,2496,1131,1887,1777,2729,0,1333,3776,866,2856,1862,0,598
0,익산시,468,0,46,278,0,0,0,137,88,360,0,0,전북특별자치도,0,2024,31,0,0,9,0,1,0,0,월성동,26,106,0,0,0,0,266,0,0,0,0,0,0,132,52,234,372,13,0,216,0,136,0,32,0,11
104,익산시,31,0,135,107,371,213,0,9,37,36,0,0,전북특별자치도,19,2024,45,0,102,35,0,140,0,0,은기동,769,4,0,0,0,0,172,0,0,26,15,0,0,20,13,69,3,52,0,25,53,127,47,3,0,0
5795,익산시,3941,0,3414,4762,5770,8080,0,3471,6250,4229,138,0,전북특별자치도,1592,2024,1025,0,4277,1039,0,4153,0,385,인화동1가,3645,1648,0,0,0,0,5162,1239,0,1749,6715,1116,0,4896,5094,4911,3609,4533,0,4116,6442,6220,4412,6087,0,1164
5550,익산시,5071,0,8873,7087,5407,5379,0,8097,7655,5474,1076,0,전북특별자치도,3979,2024,4182,0,9102,2934,0,6776,0,1102,인화동2가,7612,1507,0,0,0,0,6384,4266,0,4552,9933,2800,0,5297,8535,4919,7286,5883,0,6295,6640,9424,6741,9136,0,1083
56,익산시,686,0,69,248,199,299,0,157,355,394,0,0,전북특별자치도,76,2024,25,0,119,37,0,87,0,0,임상동,318,11,0,0,0,0,407,0,0,23,50,0,0,309,252,350,339,68,0,425,136,148,200,216,0,1
0,익산시,129,0,14,43,76,0,0,6,76,85,0,0,전북특별자치도,61,2024,1,0,263,0,0,5,0,0,정족동,2,0,0,0,0,0,101,0,0,0,2,4,0,6,43,123,6,4,0,7,2,58,180,27,0,0
2943,익산시,3055,0,3365,2267,2134,3512,0,2572,2312,5072,321,0,전북특별자치도,1450,2024,1126,0,2844,1614,0,1931,0,615,주현동,4317,1083,0,0,0,0,2596,1400,0,1166,2702,1137,0,2641,2527,2155,2413,2176,0,2186,2296,3168,1814,2871,0,372
9108,익산시,6324,0,17758,14578,18922,21591,0,19089,10470,4751,598,0,전북특별자치도,12098,2024,5859,0,16311,7447,0,16289,0,2427,중앙동1가,7436,1496,0,0,0,0,9910,5438,0,8683,12802,5442,0,15430,13305,10847,19248,17560,0,20347,11805,13882,20760,15063,0,3193
1847,익산시,1823,0,1888,1930,2071,3657,0,1732,2052,2346,142,0,전북특별자치도,1061,2024,1309,0,2151,693,0,1646,0,165,중앙동2가,3443,297,0,0,0,0,1609,735,0,1302,3216,585,0,1408,2546,1870,1849,1608,0,1927,1784,2678,1971,1913,0,266
1565,익산시,1017,0,1862,3544,2267,3076,0,1624,2526,258,242,0,전북특별자치도,1145,2024,1445,0,2198,720,0,2199,0,167,중앙동3가,907,83,0,0,0,0,2381,807,0,1705,4021,485,0,2412,3185,1167,1999,2565,0,2400,2633,4504,2274,4035,0,238
21206,익산시,21785,0,9998,30052,8065,15147,0,7746,25578,11425,7223,0,전북특별자치도,5998,2024,24457,1,9624,3759,0,7774,0,1505,창인동1가,20316,2860,0,0,0,0,22335,20890,0,24526,35067,3867,0,9825,32173,5999,7499,8198,0,7727,27069,40472,7411,31921,0,1313
1789,익산시,1492,0,6224,1808,7769,10907,0,5196,1750,725,141,0,전북특별자치도,2707,2024,781,0,6499,1723,0,6984,0,557,창인동2가,1647,63,0,0,0,0,2046,574,0,787,2379,1223,0,8259,2322,4664,6570,8510,0,7849,1651,2501,8221,2516,0,1495
4690,익산시,6874,0,3385,4520,2355,2183,0,1980,2897,7751,49,0,전북특별자치도,1924,2024,835,0,4565,1664,0,2583,0,405,춘포면,4348,2721,0,0,0,0,4235,420,0,1150,2748,729,0,2280,2195,1747,2217,2649,0,2666,4244,2807,2103,1975,0,647
5213,익산시,5536,0,5888,6354,3185,10299,0,4794,6825,6846,231,0,전북특별자치도,3709,2024,2221,0,6019,2567,0,3937,1,1157,팔봉동,10811,1847,0,0,0,0,4684,906,0,2984,6437,2590,0,3883,5480,4691,3277,2851,0,4187,5266,6647,4200,4792,0,1485
34248,익산시,29923,0,29122,36835,27602,39530,0,24334,42747,39430,6124,0,전북특별자치도,15396,2024,18789,0,43415,11340,5,25955,0,4425,평화동,42094,11086,0,0,0,0,33191,20822,0,26281,87453,11653,0,25723,40376,41818,29211,26881,0,31958,40986,43950,27869,43486,0,6646
1843,익산시,5987,0,2529,1848,1253,2913,0,1928,6019,4132,14,0,전북특별자치도,826,2024,441,0,1498,516,0,3147,0,552,함라면,2385,1722,0,0,0,0,1715,176,0,372,1710,303,0,3347,781,2115,2244,2618,0,2528,2484,2295,962,1660,0,225
36388,익산시,29447,0,23021,25746,28460,33806,0,17218,29888,26512,1281,0,전북특별자치도,9717,2024,5977,0,21907,5309,0,20407,0,3233,함열읍,32378,6748,0,0,0,0,30438,2083,0,9108,26534,3815,0,26257,19003,23565,23816,23105,0,24588,26959,26884,21787,28431,0,3843
238,익산시,77,0,129,217,279,60,0,130,239,579,0,0,전북특별자치도,4,2024,18,0,1,30,0,11,0,0,현영동,498,0,0,0,0,0,3,0,0,16,1,0,0,10,0,22,115,82,0,122,4,52,122,80,0,0
13711,익산시,16762,0,12426,13776,11198,16370,0,9492,20227,20346,497,0,전북특별자치도,5120,2024,3776,0,12371,5293,0,10656,0,2023,황등면,18563,5827,0,0,0,0,13292,1536,0,4566,19529,3435,0,12743,10837,12727,11957,10545,0,12598,15823,16024,10701,15041,0,2853
682,임실군,411,0,16,514,31,29,0,0,829,610,0,0,전북특별자치도,172,2024,13,0,18,2,0,3,0,0,강진면,1202,95,0,0,0,0,393,0,0,112,2422,0,0,19,254,80,17,0,0,44,297,861,32,864,0,0
6623,임실군,5632,0,55,4400,56,13,292,23,5353,6792,1158,0,전북특별자치도,20,2024,1608,0,47,13,3,23,0,4,관촌면,6955,1569,0,0,0,0,5193,1338,0,2939,5856,14,1,23,3619,94,58,56,0,49,4821,4997,44,6204,0,0
391,임실군,553,0,116,67,312,28,0,0,356,1395,0,0,전북특별자치도,45,2024,18,0,31,20,0,59,0,0,덕치면,733,0,0,0,0,0,85,0,0,48,68,0,0,174,35,23,76,2,0,338,289,236,119,134,0,0
342,임실군,598,0,52,320,1,2,0,12,384,883,0,0,전북특별자치도,0,2024,11,0,1,1,0,52,0,0,삼계면,1330,51,0,0,0,0,281,0,0,42,120,0,0,5,183,1,48,28,0,13,407,479,3,278,0,0
666,임실군,729,0,0,234,0,0,0,0,265,300,0,0,전북특별자치도,0,2024,14,0,0,0,0,0,0,0,성수면,1492,145,0,0,0,0,405,0,0,34,461,0,0,0,202,0,0,0,0,0,537,100,0,296,0,0
83,임실군,1339,0,0,245,0,0,0,0,628,741,0,0,전북특별자치도,0,2024,2,0,0,0,0,0,0,0,신덕면,229,392,0,0,0,0,88,0,0,11,167,0,0,0,180,0,0,0,0,0,120,66,0,415,0,0
580,임실군,1014,0,0,514,0,0,0,0,440,851,0,0,전북특별자치도,0,2024,22,0,0,0,0,0,0,0,신평면,1270,370,0,0,0,0,26,0,0,129,141,0,0,0,265,0,0,0,0,0,646,319,0,151,0,0
2198,임실군,2517,0,140,1914,61,804,0,40,2664,2494,0,0,전북특별자치도,22,2024,132,0,39,31,0,195,0,0,오수면,2549,129,0,0,0,0,892,0,0,690,2507,0,0,175,822,215,67,204,0,123,1885,1590,65,1098,0,0
629,임실군,831,0,0,360,57,13,4,3,373,1109,0,0,전북특별자치도,9,2024,42,0,8,0,0,10,0,0,운암면,1661,492,0,0,0,0,231,11,0,62,657,1,0,110,210,9,5,12,0,6,624,473,19,289,0,0
3261,임실군,3868,0,0,3212,0,0,0,0,4713,4343,0,0,전북특별자치도,0,2024,578,0,0,0,0,0,0,0,임실읍,5763,1824,0,0,0,0,2821,0,0,2983,5319,0,0,0,5399,0,0,0,0,0,2133,7157,0,4933,0,0
478,임실군,364,0,0,0,0,0,0,0,128,366,0,0,전북특별자치도,0,2024,0,0,0,0,0,0,0,0,지사면,412,209,0,0,0,0,25,0,0,60,266,0,0,0,3,0,0,0,0,0,418,340,0,0,0,0
353,임실군,1100,0,0,273,0,0,0,0,652,448,0,0,전북특별자치도,0,2024,11,0,0,0,0,0,0,0,청웅면,1881,277,0,0,0,0,61,0,0,54,267,0,0,0,131,0,0,0,0,0,748,381,0,279,0,0
534,장수군,397,0,25,316,31,18,0,44,721,852,0,0,전북특별자치도,15,2024,44,0,52,10,0,44,0,0,번암면,677,235,0,0,0,0,146,1,0,170,188,0,0,20,164,41,46,8,0,86,241,193,40,165,0,8
112,장수군,366,0,12,178,8,2,0,0,409,39,0,0,전북특별자치도,4,2024,1,0,0,0,0,9,0,0,산서면,167,67,0,0,0,0,1,0,0,5,411,0,0,0,0,0,0,0,0,11,225,124,0,0,0,20
150,전주시,321,0,40,1,5,1,0,0,374,672,9,0,전북특별자치도,30,2024,23,0,0,11,0,2,0,8,강흥동,247,0,0,0,0,0,1,1,0,29,2,1,0,2,0,6,28,0,0,23,121,101,44,59,0,1
238,전주시,0,0,0,337,0,0,0,0,96,36,0,0,전북특별자치도,0,2024,0,0,0,0,0,0,0,0,경원동1가,53,0,0,0,0,0,292,0,0,48,639,0,0,0,727,0,0,0,0,0,416,9,0,51,0,0
120,전주시,0,0,0,183,0,0,0,0,12,697,0,0,전북특별자치도,0,2024,0,0,0,0,0,0,0,0,경원동3가,349,0,0,0,0,0,360,0,0,11,434,0,0,0,354,0,0,0,0,0,195,359,0,60,0,0
396,전주시,1301,0,85,883,47,34,11,83,1377,3678,99,0,전북특별자치도,97,2024,189,0,171,80,9,46,0,37,고랑동,574,620,0,0,0,0,429,143,0,408,3014,85,3,75,685,182,59,40,0,56,543,2280,39,437,0,2
9198,전주시,6525,0,15253,27877,8913,4655,5557,14848,17788,4521,36971,0,전북특별자치도,8665,2024,42681,0,16032,4896,0,14792,0,2084,고사동,6196,1619,0,0,0,0,14543,55844,0,42083,50187,3510,371,6014,58438,2097,15207,13130,0,14432,27274,56331,17023,35973,0,663
1,전주시,0,0,0,0,0,0,0,0,0,0,0,0,전북특별자치도,0,2024,0,0,0,0,0,0,0,0,교동,0,0,0,0,0,0,0,0,0,0,1,0,0,0,0,0,0,0,0,0,0,0,0,118,0,0
566,전주시,318,0,31,507,26,16,0,81,829,1036,23,0,전북특별자치도,11,2024,76,0,5,0,0,5,0,18,금상동,1525,363,0,0,0,0,964,28,0,160,533,7,0,7,297,4,23,121,0,17,304,364,17,236,0,2
13764,전주시,14330,0,9191,16394,6776,6295,958,9245,18833,11446,15657,0,전북특별자치도,6443,2024,15356,0,8533,4373,1,7811,1,2993,금암동,15310,6057,0,0,0,0,15534,14166,0,17233,28391,3693,394,6737,28060,3370,8285,6602,0,6720,19560,30753,8091,20540,0,1654
0,전주시,207,0,0,81,1,0,0,9,39,49,1,0,전북특별자치도,0,2024,1,0,16,1,0,0,0,0,남노송동,0,17,0,0,0,0,149,1,0,9,1,3,3,0,0,2,15,4,0,0,0,31,11,131,0,0
163,전주시,1269,0,25,134,18,18,0,28,343,346,6,0,전북특별자치도,36,2024,36,0,125,22,0,51,0,2,남정동,2151,337,0,0,0,0,554,51,0,96,299,4,0,79,268,115,121,115,0,73,786,249,89,288,0,77
184,전주시,238,0,128,347,63,38,0,126,224,70,412,0,전북특별자치도,64,2024,388,0,82,34,0,79,0,21,다가동2가,212,68,0,0,0,0,194,612,0,343,551,45,0,63,651,12,92,76,0,75,286,552,70,424,0,12
3234,전주시,3076,0,4901,5906,2678,2323,590,4656,4600,1865,9923,0,전북특별자치도,2613,2024,7818,0,4892,1608,0,3463,0,845,다가동3가,2814,1796,0,0,0,0,3298,10506,0,7836,8561,1412,34,2608,12068,829,4074,2975,0,3562,5642,11872,3355,7116,0,521
876,전주시,1127,0,152,1018,66,144,0,167,1799,1107,46,0,전북특별자치도,94,2024,106,0,89,66,5,115,0,23,대성동,2807,483,0,0,0,0,909,130,0,374,1240,109,9,73,1906,85,107,92,0,191,832,1921,170,1281,0,18
20310,전주시,19876,0,16932,31671,8768,8257,4109,16574,36536,16899,54154,0,전북특별자치도,11912,2024,41865,0,14138,8613,1,10990,0,5976,덕진동1가,27214,6295,0,0,0,0,27808,50945,0,43194,56621,7918,816,9631,65097,5873,12821,10111,0,11549,38921,72127,12408,47395,0,2179
158,전주시,126,0,160,4,9,9,0,17,195,30,5,0,전북특별자치도,77,2024,19,0,1,26,0,6,0,1,도덕동,40,97,0,0,0,0,26,1,0,132,5,1,0,11,18,1,50,10,0,41,197,103,143,90,0,1
122,전주시,104,0,39,18,20,17,0,8,94,203,3,0,전북특별자치도,88,2024,27,0,4,128,0,11,0,65,도도동,156,9,0,0,0,0,33,4,0,191,6,35,0,30,3,10,15,16,0,14,104,186,24,93,0,2
728,전주시,637,0,608,794,339,207,3,506,524,337,31,0,전북특별자치도,341,2024,79,0,407,378,0,488,0,300,동서학동,2255,576,0,0,0,0,328,136,0,182,409,347,106,286,473,56,404,252,0,316,294,654,444,639,0,14
595,전주시,967,0,72,397,216,635,0,31,390,976,26,0,전북특별자치도,18,2024,98,0,53,9,0,129,0,4,동완산동,1246,45,0,0,0,0,516,75,0,150,377,6,0,219,320,480,117,133,0,85,264,633,58,369,0,592
17263,전주시,20334,0,4568,20734,3193,5298,443,4425,17816,31174,9985,0,전북특별자치도,3161,2024,14518,0,4824,2376,210,3606,0,1908,만성동,29938,8033,0,0,0,0,17345,15429,0,18782,28724,2424,172,3991,40743,2450,3770,3017,0,3738,21994,33341,4229,22334,0,1111
10644,전주시,9619,0,3128,6815,5276,7235,376,3852,10206,17076,2083,0,전북특별자치도,1432,2024,3688,0,3206,901,0,2966,0,401,반월동,19789,6772,0,0,0,0,8433,4737,0,4507,15922,790,55,4449,9558,1532,3217,3228,0,4537,8432,8508,3561,8478,0,1473
73,전주시,364,0,105,367,77,68,0,39,556,595,34,0,전북특별자치도,46,2024,45,0,195,71,14,96,0,29,산정동,1194,220,0,0,0,0,986,25,0,118,240,17,0,93,179,27,110,117,0,106,362,243,51,129,0,34
19646,전주시,25130,0,5582,18927,2812,2597,786,4903,20903,34780,5375,0,전북특별자치도,3506,2024,9176,0,4871,2232,70,3701,0,1765,삼천동1가,42399,11180,0,10,0,0,18911,9640,0,13525,18843,2558,392,2620,19505,1469,4268,3138,0,3119,20379,22926,3374,18799,0,433
862,전주시,866,0,500,1509,376,454,31,393,1266,815,926,0,전북특별자치도,324,2024,1259,0,451,130,1,355,0,104,삼천동2가,1330,466,0,0,0,0,1218,1871,0,979,1359,103,21,356,1218,367,407,477,0,492,1215,2275,364,1715,0,85
1508,전주시,2028,0,216,1136,270,805,0,179,2748,5503,125,0,전북특별자치도,197,2024,328,0,362,92,1073,294,0,69,삼천동3가,2680,3423,0,0,0,0,1979,315,0,783,10247,64,5,242,1479,517,216,260,0,340,1466,3398,254,1115,0,125
123,전주시,100,0,100,66,58,92,2,68,102,56,23,0,전북특별자치도,50,2024,106,0,120,27,1,112,0,13,상림동,54,21,0,0,0,0,133,34,0,51,94,24,1,81,88,86,99,103,0,114,128,85,80,84,0,11
1790,전주시,3259,0,141,1535,55,95,0,264,1396,2784,60,0,전북특별자치도,99,2024,430,0,162,17,0,275,0,26,색장동,2338,1624,0,0,0,0,3320,755,0,551,2418,25,6,60,1526,50,148,156,0,99,2295,1425,135,1434,0,25
2564,전주시,2665,0,1593,4262,2056,2570,57,1091,4284,2685,1165,0,전북특별자치도,847,2024,2740,0,1520,410,0,2137,0,237,서노송동,2675,851,0,0,0,0,3746,1824,0,3847,5937,435,23,2190,13461,1110,1770,2217,0,2006,3807,10528,1885,5318,0,695
14713,전주시,15839,0,3611,14532,3223,3511,391,2984,17460,17867,3440,0,전북특별자치도,2333,2024,6319,0,3691,1771,3,3864,0,1716,서서학동,25619,8731,0,0,0,1,13124,4997,0,9154,18064,1948,320,3033,19254,2390,3703,3036,0,3731,14093,18607,3605,15275,0,1000
22204,전주시,28105,0,6977,21466,4808,4268,1104,7826,24860,33010,9381,0,전북특별자치도,4735,2024,14758,0,6321,3238,3,5815,0,2551,서신동,47513,13150,0,0,0,0,21629,13230,0,17417,25227,3130,232,4471,28457,1879,6426,4843,0,5428,23176,27850,5433,21853,0,1050
7483,전주시,10129,0,1417,7290,1355,1482,52,1172,8216,10699,1362,0,전북특별자치도,644,2024,2381,1,1221,420,15,1337,0,325,서완산동1가,13651,5629,0,0,0,0,8558,1913,0,3216,7744,423,3,1426,7183,948,1519,1349,0,1120,9676,10279,1425,8744,0,529
585,전주시,713,0,81,493,53,44,0,187,801,628,7,0,전북특별자치도,146,2024,130,0,61,144,0,80,0,31,석구동,665,75,0,0,0,0,503,47,0,329,435,40,7,62,460,13,123,45,0,96,631,963,73,852,0,10
881,전주시,1886,0,182,795,214,200,0,162,792,1385,15,0,전북특별자치도,95,2024,176,0,162,85,0,188,0,35,성덕동,1990,1330,0,0,0,0,1539,80,0,557,622,81,0,328,3663,302,194,283,0,349,1137,1249,248,870,0,54
2801,전주시,2769,0,817,2638,591,998,0,991,2785,3238,365,0,전북특별자치도,509,2024,1158,0,516,292,9,474,0,128,송천동1가,3754,1992,0,0,0,0,2248,584,0,1433,3059,222,0,1279,2431,1035,776,768,0,594,2307,3469,838,2669,0,106
43946,전주시,51823,0,13095,48183,7435,6459,1600,12142,49482,92058,34513,0,전북특별자치도,9348,2024,46252,1,13498,6592,668,9201,0,4925,송천동2가,81730,25438,0,0,0,0,43252,46056,0,51832,67344,6112,1060,7186,71452,4480,10399,7158,0,9364,51658,69117,9170,53571,0,1019
1596,전주시,970,0,835,1844,987,1341,6,1066,2076,2698,397,0,전북특별자치도,334,2024,1403,0,868,276,19,674,0,73,여의동,4456,790,0,1,0,0,1888,1761,0,1711,4290,253,1,892,4590,900,650,659,0,1228,1616,2583,901,1876,0,1076
6199,전주시,4000,0,705,4737,1069,1708,0,1314,8085,9380,437,0,전북특별자치도,488,2024,2142,0,851,340,0,886,0,115,여의동2가,4705,2765,0,0,0,0,5566,3630,0,2842,6677,484,0,912,4310,748,705,605,0,737,4444,6025,804,6646,0,50
269,전주시,334,0,12,209,66,19,0,2,335,181,2,0,전북특별자치도,9,2024,33,0,50,1,0,22,0,2,용복동,321,157,0,0,0,0,254,19,0,19,340,4,2,25,99,0,31,21,0,28,341,144,28,214,0,0
982,전주시,453,0,92,359,159,283,0,63,604,1070,25,0,전북특별자치도,27,2024,62,0,209,52,0,135,0,18,용정동,1345,766,0,0,0,0,1155,50,0,123,787,25,0,160,562,59,188,225,0,275,956,598,405,715,0,71
770,전주시,460,0,157,798,94,157,18,267,621,887,164,0,전북특별자치도,125,2024,271,0,213,50,47,165,0,28,우아동1가,787,1300,0,0,0,0,556,480,0,540,1007,126,11,148,671,27,172,135,0,189,1097,971,161,718,0,6
748,전주시,260,0,71,544,174,117,0,2,1,1150,0,0,전북특별자치도,38,2024,93,0,53,1,0,54,0,0,우아동2가,1126,125,0,0,0,0,684,350,0,309,514,27,0,10,1,149,1,88,0,1,740,299,177,4,0,111
4097,전주시,5762,0,979,2769,353,557,101,757,3706,7962,878,0,전북특별자치도,513,2024,1905,0,857,291,181,482,0,266,우아동3가,7749,1650,0,0,0,0,3067,1393,0,2063,4104,356,95,497,3857,90,734,614,0,506,4107,3881,813,3326,0,258
482,전주시,590,0,12,209,23,24,0,50,403,868,16,0,전북특별자치도,10,2024,43,0,25,4,0,3,0,14,원당동,584,104,0,0,0,0,399,13,0,24,301,2,0,7,355,24,11,9,0,28,228,15,45,192,0,7
533,전주시,643,0,23,623,19,12,0,26,337,905,30,0,전북특별자치도,24,2024,27,0,54,1,38,76,0,2,원동,957,470,0,13,0,0,1245,40,0,113,232,16,0,13,269,5,34,16,0,18,499,236,15,452,0,3
2215,전주시,2255,0,127,1604,255,188,13,203,1603,1897,81,0,전북특별자치도,134,2024,659,0,344,71,0,168,0,31,인후동1가,3249,1318,0,0,0,0,1385,569,0,704,1769,67,20,212,1062,96,449,338,0,312,1692,864,221,1322,0,55
8550,전주시,11275,0,1918,9744,2761,2879,134,1212,14181,8985,1151,0,전북특별자치도,837,2024,3065,0,2907,628,15,2411,0,344,인후동2가,12514,4350,0,11,0,0,8847,2592,0,5762,31019,582,51,3779,11496,913,2790,3131,0,2630,11143,14926,3616,12835,0,572
4131,전주시,3744,0,1093,4320,626,1413,93,1368,3525,5802,1981,0,전북특별자치도,791,2024,3321,0,884,631,24,832,0,609,장동,4713,1570,0,1,0,0,3210,3321,0,2852,6882,661,86,429,5460,1109,832,663,0,740,3427,6636,818,4676,0,344
16573,전주시,16577,0,9185,19746,11232,13050,170,6437,18646,18276,3310,0,전북특별자치도,3177,2024,6654,0,8381,2208,1,10488,0,742,전동,19243,5654,0,0,0,0,17465,5361,0,11164,24437,1696,49,12346,21681,11182,8176,9980,0,10510,18426,23645,9595,24337,0,5426
175,전주시,810,0,15,264,5,20,0,2,148,1031,10,0,전북특별자치도,3,2024,100,0,6,2,1,5,0,0,전미동1가,490,245,0,0,0,0,436,61,0,153,159,0,0,18,199,4,10,17,0,9,433,310,10,201,0,7
184,전주시,381,0,11,198,8,21,0,7,200,474,6,0,전북특별자치도,6,2024,104,0,13,3,2,5,0,1,전미동2가,144,281,0,0,0,0,54,25,0,12,237,3,0,38,170,14,18,15,0,7,32,31,17,57,0,7
481,전주시,680,0,97,396,62,104,10,168,1042,601,115,0,전북특별자치도,63,2024,137,0,154,52,0,91,0,72,중노송동,567,232,0,0,0,0,487,121,0,188,1506,58,32,92,468,81,123,115,0,75,757,514,117,630,0,27
6136,전주시,6690,0,1398,6714,887,2749,674,1420,6336,6888,4937,0,전북특별자치도,1130,2024,7137,0,1293,680,0,969,0,476,중동,11851,1688,0,0,0,0,6474,7616,0,7536,8788,628,75,951,12845,894,869,791,0,932,7445,10417,998,7359,0,240
1184,전주시,962,0,1596,2640,916,638,1363,1829,2226,371,6522,0,전북특별자치도,1457,2024,5221,0,1273,953,0,1412,0,412,중앙동1가,626,258,0,0,0,0,1190,6706,0,4200,3809,747,127,765,4744,178,1094,1342,0,1775,2215,4236,1810,2974,0,58
421,전주시,464,0,667,1017,685,256,26,526,777,180,424,0,전북특별자치도,437,2024,1039,0,649,212,0,1019,0,142,중앙동4가,682,52,0,0,0,0,632,746,0,1144,1684,149,15,506,2999,132,691,1413,0,1326,822,1904,1168,1053,0,27
309,전주시,620,0,197,460,103,74,0,258,624,192,28,0,전북특별자치도,164,2024,130,0,274,98,0,94,0,107,중인동,534,263,0,0,0,0,648,207,0,172,715,90,16,85,441,88,282,122,0,105,403,442,144,504,0,33
3067,전주시,3362,0,979,3510,751,1010,239,835,5744,3013,2673,0,전북특별자치도,597,2024,2361,0,1155,513,0,785,0,389,중화산동1가,4571,1445,0,0,0,0,3495,2322,0,2562,15634,476,108,932,6326,704,941,797,0,840,4723,6296,859,5602,0,224
8786,전주시,8537,0,1470,9079,1745,1688,222,1210,4361,9226,2110,0,전북특별자치도,539,2024,2926,0,1555,286,13,1709,0,229,중화산동2가,12009,1444,0,0,0,0,10134,2996,0,4493,12299,284,13,2096,11347,2037,1380,1520,0,830,8344,10998,1432,9604,0,75
1,전주시,35,0,8,0,3,0,0,0,12,1,3,0,전북특별자치도,0,2024,11,0,0,0,0,0,0,0,진북동,1,2,0,0,0,0,0,0,0,0,3,0,0,3,1,2,7,0,0,4,4,4,1,14,0,0
870,전주시,1467,0,253,1077,311,76,19,283,1032,2237,512,0,전북특별자치도,237,2024,746,0,343,173,0,421,0,116,태평동,1858,877,0,0,0,0,771,717,0,1147,1038,116,16,200,1623,46,267,311,0,531,1251,1789,889,1165,0,1
437,전주시,1231,0,102,1061,140,982,12,337,1169,1528,108,0,전북특별자치도,149,2024,2090,0,274,85,0,233,0,58,팔복동2가,494,411,0,0,0,0,784,379,0,1391,1407,113,6,543,3234,390,98,164,0,173,357,3445,220,884,0,205
191,전주시,130,0,53,188,57,181,6,36,216,41,27,0,전북특별자치도,12,2024,52,0,61,15,0,60,0,7,팔복동3가,80,25,0,0,0,0,157,49,0,78,166,14,0,63,158,43,56,56,0,82,253,232,54,156,0,26
16,전주시,16,0,92,81,108,37,0,91,61,16,4,0,전북특별자치도,52,2024,15,0,246,39,0,96,0,12,팔복동4가,11,183,0,0,0,0,11,2,0,13,588,17,4,171,228,22,85,57,0,138,20,317,55,33,0,0
13018,전주시,15817,0,1979,11960,1720,1362,169,1962,13853,23477,2294,0,전북특별자치도,1254,2024,4108,0,1811,1068,1276,1610,0,511,평화동1가,26550,9826,0,15,0,0,11136,3343,0,6569,11694,690,89,1153,9408,699,1560,1678,0,1533,13515,9706,1790,9751,0,616
5786,전주시,6740,0,837,3406,394,404,8,647,4141,10390,451,0,전북특별자치도,516,2024,1311,0,766,356,0,646,0,269,평화동2가,8866,3607,0,0,0,0,4230,849,0,1450,3522,333,51,394,3064,102,611,452,0,540,4674,4657,607,3561,0,214
293,전주시,376,0,61,459,51,173,0,41,475,340,18,0,전북특별자치도,39,2024,160,0,96,13,2,62,0,13,평화동3가,504,59,0,0,0,0,446,148,0,142,404,16,4,70,407,71,41,83,0,85,447,431,86,283,0,12
0,전주시,0,0,0,0,0,0,0,0,0,0,0,0,전북특별자치도,0,2024,0,0,0,0,0,0,0,0,풍남동1가,1,0,0,0,0,0,0,0,0,0,0,0,0,0,0,0,0,0,0,0,0,0,0,0,0,0
125,전주시,500,0,405,369,108,190,29,452,297,454,125,0,전북특별자치도,267,2024,121,0,348,87,0,569,0,38,풍남동3가,232,18,0,0,0,0,474,181,0,782,813,175,11,313,718,80,531,603,0,288,294,737,393,566,0,19
286,전주시,205,0,343,48,79,99,0,362,181,419,39,0,전북특별자치도,247,2024,100,0,315,184,0,154,0,177,호성동1가,1041,294,0,0,0,0,792,287,0,268,366,150,43,100,249,66,248,225,0,304,612,91,144,196,0,8
1303,전주시,1405,0,342,1309,351,232,78,319,1176,3196,863,0,전북특별자치도,225,2024,928,0,293,134,0,262,0,120,호성동2가,2597,907,0,0,0,0,1693,979,0,972,1789,157,16,413,1366,187,308,254,0,258,1658,1370,329,1203,0,68
184,전주시,185,0,57,170,9,5,0,20,238,514,1,0,전북특별자치도,56,2024,30,0,11,31,0,1,0,3,호성동3가,522,311,0,0,0,0,262,17,0,27,221,33,0,5,100,1,17,9,0,9,239,142,17,121,0,12
698,전주시,1141,0,0,0,13,0,0,49,695,1108,3,0,전북특별자치도,27,2024,0,0,34,0,0,0,0,0,화전동,0,32,0,0,0,0,0,17,0,73,158,5,0,6,166,2,39,0,0,34,332,0,21,188,0,0
43701,전주시,50305,0,15371,42891,11914,12776,1060,13465,49246,53299,14312,0,전북특별자치도,8073,2024,22273,0,14816,6034,1514,12658,1,3285,효자동1가,72883,23656,0,226,0,1,43890,23707,0,27487,50716,5648,392,13331,54835,6976,13777,12129,0,12102,45773,58172,12150,48596,0,3157
28357,전주시,25728,0,5851,37495,3721,3821,479,5286,35349,27693,17707,0,전북특별자치도,4207,2024,22012,0,4629,2656,26,4677,0,2032,효자동2가,38332,9810,0,0,0,0,34295,25066,0,26308,61545,2574,295,4259,49725,2415,4726,3671,0,3977,31070,61445,4219,47417,0,528
23699,전주시,21433,0,5167,31931,3120,3895,273,4607,28399,23116,14855,0,전북특별자치도,3526,2024,16204,0,4074,2430,543,3862,0,1875,효자동3가,27729,6885,0,1,0,0,29855,15782,0,20912,53252,2747,298,3624,44308,1187,3909,3092,0,4046,26131,54619,3619,42777,0,298
3490,정읍시,3358,0,0,2299,0,0,0,0,2369,4311,0,0,전북특별자치도,0,2024,306,0,0,0,0,0,0,0,감곡면,3209,533,0,0,0,0,2772,18,0,922,2568,0,0,0,2030,0,0,0,0,0,2403,2721,0,1784,0,0
2686,정읍시,3608,0,0,2061,0,0,0,0,1606,4088,0,0,전북특별자치도,0,2024,777,0,0,0,0,0,0,0,고부면,3997,304,0,0,0,0,2438,12,0,647,3057,0,0,0,3579,0,0,0,0,0,2697,1902,0,2064,0,0
548,정읍시,987,0,0,387,0,0,0,0,155,2680,0,0,전북특별자치도,0,2024,36,0,0,0,0,0,0,0,공평동,690,11,0,0,0,0,1245,4,0,39,2039,0,0,0,893,0,0,0,0,0,594,307,0,1135,0,0
57,정읍시,292,0,0,132,0,0,0,0,1,222,0,0,전북특별자치도,0,2024,6,0,0,0,0,0,0,0,과교동,15,0,0,0,0,0,112,0,0,34,307,0,0,0,67,0,0,0,0,0,117,7,0,147,0,0
63,정읍시,151,0,0,142,0,0,0,0,0,515,0,0,전북특별자치도,0,2024,20,0,0,0,0,0,0,0,교암동,923,0,0,0,0,0,209,0,0,0,35,0,0,0,137,0,0,0,0,0,0,69,0,136,0,0
204,정읍시,254,0,0,99,0,0,0,0,85,1042,0,0,전북특별자치도,0,2024,24,0,0,0,0,0,0,0,구룡동,508,188,0,0,0,0,144,0,0,76,33,0,0,0,155,0,0,0,0,0,310,75,0,40,0,0
829,정읍시,333,0,0,540,0,0,7,0,2104,9297,4541,0,전북특별자치도,0,2024,157,0,0,0,0,0,0,0,금붕동,5298,2,0,0,0,0,934,243,0,222,14944,0,0,0,1172,0,0,0,0,0,1220,1627,0,5148,0,0
513,정읍시,464,0,17,1594,6,2,0,55,890,532,0,0,전북특별자치도,1,2024,134,0,0,0,0,6,0,0,내장동,499,213,0,0,0,0,574,26,0,318,1775,0,0,23,948,9,7,0,0,0,1110,1746,0,2048,0,0
17053,정읍시,17879,0,0,13314,0,0,0,0,12542,20870,0,0,전북특별자치도,0,2024,2891,0,0,0,0,0,0,0,농소동,21035,2603,0,0,0,0,14276,233,0,7063,21801,0,0,0,12634,0,0,0,0,0,12843,14022,0,11870,0,0
992,정읍시,1751,0,0,654,0,0,0,0,404,2191,0,0,전북특별자치도,0,2024,63,0,0,0,0,0,0,0,덕천면,886,375,0,0,0,0,510,0,0,118,719,0,0,0,494,0,0,0,0,0,444,310,0,346,0,0
173,정읍시,290,0,0,108,0,0,0,0,16,250,0,0,전북특별자치도,0,2024,0,0,0,0,0,0,0,0,망제동,219,0,0,0,0,0,47,0,0,6,292,0,0,0,67,0,0,0,0,0,273,496,0,22,0,0
261,정읍시,296,0,0,149,0,0,0,3,139,470,0,0,전북특별자치도,0,2024,68,0,0,0,0,1,0,0,부전동,619,1,0,0,0,0,248,131,0,42,361,0,0,8,216,0,0,0,0,10,142,224,0,316,0,0
1402,정읍시,1655,0,0,781,0,0,0,0,1213,4019,0,0,전북특별자치도,0,2024,161,0,0,0,0,0,0,0,북면,2433,284,0,0,0,0,671,1,0,245,1300,0,0,0,737,0,0,0,0,0,701,786,0,540,0,0
267,정읍시,1008,0,0,196,0,0,0,0,332,386,0,0,전북특별자치도,0,2024,35,0,0,0,0,0,0,0,산내면,636,39,0,0,0,0,263,0,0,94,229,0,0,0,109,0,0,0,0,0,244,214,0,204,0,0
503,정읍시,298,0,0,542,0,0,0,0,1209,812,0,0,전북특별자치도,0,2024,62,0,0,0,0,0,0,0,산외면,1493,100,0,0,0,0,199,4,0,254,882,0,0,0,185,0,0,0,0,0,345,1335,0,330,0,0
13,정읍시,7,0,0,1,0,0,0,0,0,4,0,0,전북특별자치도,0,2024,2,0,0,0,0,0,0,0,삼산동,0,0,0,0,0,0,2,0,0,2,13,0,0,0,9,0,0,0,0,0,27,0,0,42,0,0
10127,정읍시,16424,0,118,11030,230,340,0,210,7556,20039,0,0,전북특별자치도,33,2024,8847,0,131,0,0,385,0,0,상동,18848,2544,0,0,0,0,10178,285,0,8903,11945,0,0,361,11894,115,162,0,0,180,10719,20050,0,10863,0,0
26,정읍시,19,0,0,5,0,0,0,0,1,39,0,0,전북특별자치도,0,2024,0,0,0,0,0,0,0,0,상평동,50,11,0,0,0,0,88,0,0,0,10,0,0,0,4,0,0,0,0,0,0,52,0,10,0,0
2254,정읍시,3095,0,0,1736,0,0,0,0,1371,3232,0,0,전북특별자치도,0,2024,240,0,0,0,0,0,0,0,소성면,2692,194,0,0,0,0,2099,1,0,846,1631,0,0,0,1323,0,0,0,0,0,1266,1808,0,2190,0,0
520,정읍시,466,0,0,286,0,0,0,0,269,554,0,0,전북특별자치도,0,2024,224,0,0,0,0,0,0,0,송산동,1407,197,0,0,0,0,268,1,0,173,384,0,0,0,265,0,0,0,0,0,321,301,0,158,0,0
6727,정읍시,7141,0,0,7409,0,0,0,0,5404,17872,0,0,전북특별자치도,0,2024,718,0,0,0,0,0,0,0,수성동,11363,2156,0,0,0,0,4741,7,0,5173,9031,0,0,0,6855,0,0,0,0,0,4288,6720,0,6910,0,0
10332,정읍시,8672,0,0,12677,492,1201,0,185,12062,7490,0,0,전북특별자치도,82,2024,5249,0,260,0,0,1113,0,0,시기동,9525,1138,0,0,0,0,10554,17,0,6872,20537,0,0,2119,10607,827,0,0,0,612,11754,16308,1,15658,0,0
0,정읍시,0,0,0,0,0,0,0,0,0,81,0,0,전북특별자치도,0,2024,0,0,0,0,0,0,0,0,신월동,0,0,0,0,0,0,9,0,0,58,1,0,0,0,0,0,0,0,0,0,0,5,0,0,0,0
156,정읍시,616,0,0,159,0,0,0,0,89,1670,0,0,전북특별자치도,0,2024,85,0,0,0,0,0,0,0,신정동,633,28,0,0,0,0,688,0,0,11,212,0,0,0,740,0,0,0,0,0,77,83,0,412,0,0
32229,정읍시,35706,0,0,26281,0,0,0,0,28210,47248,0,0,전북특별자치도,0,2024,8277,0,0,0,7,0,0,0,신태인읍,46815,6667,0,0,0,0,29583,40,0,14144,32734,0,0,0,24031,0,0,0,0,0,26293,31900,0,26199,0,0
38,정읍시,70,0,0,42,0,0,0,0,29,148,0,0,전북특별자치도,0,2024,85,0,0,0,0,0,0,0,쌍암동,108,7,0,0,0,0,86,10,0,26,51,0,0,0,20,0,0,0,0,0,83,49,0,81,0,0
13233,정읍시,12051,0,0,14609,570,2146,0,337,13342,11798,0,0,전북특별자치도,175,2024,6625,0,466,0,0,1004,0,0,연지동,23815,3485,0,0,0,0,14654,23,0,10107,19578,0,0,1908,16358,159,2,0,0,445,13437,20317,2,14115,0,0
2119,정읍시,1864,0,0,1195,0,0,0,0,1455,3263,0,0,전북특별자치도,0,2024,164,0,0,0,0,0,0,0,영원면,5097,790,0,0,0,0,1960,0,0,449,922,0,0,0,653,0,0,0,0,0,1237,1254,0,1556,0,0
5,정읍시,0,0,0,11,0,0,0,0,0,0,0,0,전북특별자치도,0,2024,0,0,0,0,0,0,0,0,영파동,0,0,0,0,0,0,0,0,0,0,1,0,0,0,2,0,0,0,0,0,0,0,0,1,0,0
1405,정읍시,854,0,0,271,0,0,0,0,1025,907,0,0,전북특별자치도,0,2024,54,0,0,0,0,0,0,0,옹동면,805,65,0,0,0,0,656,0,0,39,599,0,0,0,153,0,0,0,0,0,135,215,0,92,0,0
560,정읍시,473,0,0,298,0,0,0,0,192,523,0,0,전북특별자치도,0,2024,24,0,0,0,0,0,0,0,용계동,489,42,0,0,0,0,483,4,0,55,1729,0,0,0,246,0,0,0,0,0,223,716,0,861,0,0
18,정읍시,51,0,0,5,0,0,0,0,0,14,0,0,전북특별자치도,0,2024,7,0,0,0,0,0,0,0,용산동,17,0,0,0,0,0,108,0,0,0,6,0,0,0,13,0,0,0,0,0,0,9,0,25,0,0
1169,정읍시,384,0,0,213,0,0,0,0,579,1745,0,0,전북특별자치도,0,2024,16,0,0,0,0,0,0,0,이평면,1899,301,0,0,0,0,442,0,0,194,685,0,0,0,242,0,0,0,0,0,453,244,0,224,0,0
1370,정읍시,2380,0,0,441,0,0,0,0,358,1788,0,0,전북특별자치도,0,2024,83,0,0,0,0,0,0,0,입암면,813,88,0,0,0,0,128,0,0,356,1118,0,0,0,492,0,0,0,0,0,1273,246,0,1150,0,0
484,정읍시,611,0,5,915,56,83,0,83,675,2084,0,0,전북특별자치도,44,2024,944,0,48,0,0,59,0,0,장명동,2130,373,0,0,0,0,872,11,0,768,1562,0,0,160,1208,55,2,0,0,15,827,1448,0,1244,0,0
857,정읍시,612,0,0,546,0,0,0,0,473,1256,0,0,전북특별자치도,0,2024,25,0,0,0,0,0,0,0,정우면,1299,314,0,0,0,0,702,0,0,86,533,0,0,0,357,0,0,0,0,0,861,856,0,383,0,0
5,정읍시,2,0,0,11,0,0,0,0,1,1,0,0,전북특별자치도,0,2024,0,0,0,0,0,0,0,0,진산동,59,3,0,0,0,0,5,0,0,0,3,0,0,0,0,0,0,0,0,0,0,7,0,0,0,0
3841,정읍시,4979,0,0,3899,0,0,0,0,4987,7161,0,0,전북특별자치도,0,2024,533,0,0,0,0,0,0,0,칠보면,5337,969,0,0,0,0,3426,5,0,1934,3047,0,0,0,2342,0,0,0,0,0,2421,5357,0,2419,0,0
1080,정읍시,1938,0,0,640,0,0,0,0,917,3874,0,0,전북특별자치도,0,2024,250,0,0,0,0,0,0,0,태인면,1737,69,0,0,0,0,592,0,0,266,1150,0,0,0,559,0,0,0,0,0,157,1381,0,199,0,0
0,정읍시,0,0,0,0,0,0,0,0,0,4,0,0,전북특별자치도,0,2024,0,0,0,0,0,0,0,0,하모동,2,2,0,0,0,0,2,0,0,0,0,0,0,0,0,0,0,0,0,0,0,0,0,0,0,0
174,정읍시,81,0,0,250,0,0,0,0,208,282,0,0,전북특별자치도,0,2024,41,0,0,0,0,0,0,0,하북동,283,9,0,0,0,0,193,10,0,490,296,0,0,0,475,0,0,0,0,0,316,412,0,398,0,0
127,정읍시,969,0,0,1670,0,0,218,0,7000,39299,5226,94,전북특별자치도,0,2024,300,15,0,0,15,0,85,0,흑암동,37814,4,0,0,0,0,807,2949,0,696,28296,0,0,0,17135,0,0,0,52,0,5553,11356,0,24006,0,0
67,진안군,103,0,0,101,0,0,0,0,18,60,0,0,전북특별자치도,0,2024,0,0,0,0,0,0,0,0,백운면,7,0,0,0,0,0,28,0,0,0,28,0,0,0,14,0,0,0,0,0,60,0,0,22,0,0
35,진안군,311,0,0,83,0,0,0,0,1,163,0,0,전북특별자치도,0,2024,0,0,0,0,0,0,0,0,성수면,4,3,0,0,0,0,10,0,0,3,1,0,0,0,0,0,0,0,0,0,0,0,0,25,0,0
