발생량_10시,시군구,발생량_09시,도착량_01시,도착량_17시,발생량_14시,도착량_10시,도착량_08시,발생량_23시,도착량_18시,발생량_12시,발생량_07시,발생량_22시,발생량_00시,시도,도착량_19시,년도,발생량_20시,발생량_04시,도착량_16시,도착량_20시,발생량_05시,도착량_14시,발생량_02시,도착량_22시,읍면동,발생량_08시,발생량_06시,도착량_02시,도착량_05시,도착량_03시,발생량_03시,발생량_11시,발생량_21시,도착량_00시,발생량_19시,발생량_16시,도착량_21시,도착량_23시,도착량_09시,발생량_18시,도착량_07시,도착량_15시,도착량_11시,발생량_01시,도착량_12시,발생량_13시,발생량_17시,도착량_13시,발생량_15시,도착량_04시,도착량_06시
3457,경산시,3298,0,9390,4471,6852,6648,338,9581,3569,3310,1450,0,경상북도,7088,2023,2346,0,8511,6094,880,8101,0,4690,계양동,4118,2248,0,283,0,0,2974,2748,0,3608,4658,5711,1735,6262,5178,5364,8001,7560,0,7840,4077,5638,7884,5100,0,3619
165528,경산시,146493,0,180956,243568,222276,323882,50221,207085,199110,134019,165711,1,경상북도,153394,2023,161772,7,157430,121293,41802,166253,0,164492,대동,188644,58694,0,1509,0,0,179642,174793,24,184204,386696,124745,107361,172054,308072,72137,125735,169106,0,157087,229971,413338,191689,261091,0,40107
524,경산시,217,0,134,238,214,316,5,109,308,68,26,0,경상북도,93,2023,195,0,159,81,11,225,0,58,대정동,155,68,0,7,0,0,360,136,0,192,254,71,11,257,548,129,175,255,0,175,236,621,257,375,0,65
16033,경산시,19957,0,4867,14558,2931,3754,352,5832,16093,20636,5044,0,경상북도,3829,2023,8405,0,4127,2861,2300,3530,0,1807,대평동,25989,8017,0,470,0,0,16237,7166,0,10049,16157,2479,606,2985,17092,3941,3755,3160,0,3419,16190,18539,3448,15619,0,2212
3389,경산시,3704,0,71,2820,222,457,40,141,395,969,1103,0,경상북도,423,2023,1556,0,407,410,1559,288,0,103,백천동,3149,845,0,12,0,0,2914,1704,0,1698,3469,396,24,289,472,55,364,182,0,11,1759,1456,257,2766,0,45
28746,경산시,31479,0,12267,29338,11513,4874,1437,10488,23269,5684,12526,0,경상북도,6397,2023,22263,0,11426,6415,4717,9024,0,4297,사동,25144,4996,0,64,0,0,30640,21790,0,20232,46560,6251,902,12645,29446,1868,10808,11194,0,9620,24728,37211,8050,36148,0,1907
15932,경산시,13501,0,6935,15632,6018,4220,2523,6448,10946,11500,12502,0,경상북도,5136,2023,15615,0,6157,3016,1650,6058,0,2488,사정동,14725,4985,0,1876,0,0,14838,14674,0,19055,26339,3535,698,3978,26140,3891,6146,4237,0,4937,15127,16266,5333,18358,0,2521
715,경산시,1845,0,0,1076,5,6,0,8,0,0,0,0,경상북도,7,2023,0,0,0,0,637,8,0,2,삼풍동,714,2,0,15,0,0,0,0,0,753,0,0,0,12,1128,0,5,0,0,0,1007,6,5,681,0,0
38835,경산시,46984,0,23682,31725,12854,21827,449,21599,36229,43448,8450,0,경상북도,13526,2023,14140,1,16067,8315,14503,15128,0,9209,압량읍,62551,23674,0,4468,0,0,31787,15407,3,20273,35025,10563,2834,16204,37803,14608,11533,10125,0,15407,35191,43561,15941,30109,0,8989
6797,경산시,7033,0,384,8099,1083,1289,385,896,1254,5132,1927,0,경상북도,1790,2023,5883,0,1970,1367,2389,1709,0,588,옥곡동,7812,2386,0,34,0,0,7035,7402,0,5713,11459,1625,175,1701,2512,393,1990,603,0,251,4616,3709,1675,11729,0,107
28399,경산시,30756,0,8448,23644,6343,7202,3111,10643,18456,28844,11710,0,경상북도,9558,2023,15349,0,9363,7061,7815,7895,0,3660,옥산동,36070,15038,0,629,0,0,22896,17810,0,15977,22736,6782,1379,5536,20684,6281,9332,5270,0,5599,20504,21322,6623,22986,0,4535
719,경산시,657,0,336,895,233,159,3,215,692,632,66,0,경상북도,195,2023,350,0,316,162,283,236,0,69,와촌면,1148,182,0,15,0,0,808,237,0,556,762,122,67,232,769,390,287,275,0,245,947,924,230,680,0,82
0,경산시,0,0,0,0,0,0,0,0,0,0,0,0,경상북도,0,2023,0,0,0,0,0,0,0,0,용성면,0,0,0,0,0,0,0,0,0,0,0,0,0,0,0,0,0,0,0,0,0,0,0,0,0,1
0,경산시,0,0,0,0,0,0,0,0,0,0,0,0,경상북도,0,2023,0,0,0,0,0,0,0,0,자인면,0,0,0,0,0,0,0,0,0,0,0,0,0,0,0,0,0,0,0,0,0,0,1,0,0,0
115798,경산시,148935,0,146679,93201,50186,66689,9060,196711,114120,175264,30455,0,경상북도,120090,2023,39087,24,124824,81957,27620,79990,0,80490,정평동,240530,58428,0,1478,0,0,110711,35919,0,55734,84749,83397,54523,44051,102963,25648,100569,59480,0,67679,112598,98461,72921,86800,0,14437
136426,경산시,134716,0,142891,140723,81067,122018,10515,167539,159504,174610,45565,0,경상북도,103843,2023,76677,17,117319,72992,28825,93549,0,69624,중방동,212630,56847,0,4474,0,0,137387,76977,8,101065,171261,75831,31284,87018,185691,69296,108263,81315,0,87999,144194,201667,91078,146374,0,34457
13844,경산시,16477,0,13117,12048,8615,12329,828,15255,12315,24317,4281,0,경상북도,9212,2023,5357,0,10970,5983,2087,9916,0,4701,중산동,24850,6895,0,862,0,0,11060,5412,0,8054,11029,6077,1297,9231,12831,7978,9708,8043,0,9573,13159,12837,10426,10859,0,4171
39911,경산시,53832,3,18228,71593,7573,13446,690,11078,83499,50734,24363,1,경상북도,11575,2023,30524,0,17241,12608,10033,7484,0,10815,진량읍,72411,14913,0,249,0,0,53527,40890,11,28649,131206,15435,3233,7151,64600,7655,13768,11239,0,13507,87586,130529,10973,64481,0,5064
73032,경산시,82434,4,56650,113621,29127,35499,14983,39793,116796,64144,64961,8,경상북도,31093,2023,83640,0,57864,27490,8852,33233,0,21923,하양읍,112683,24027,0,1666,0,0,94154,94479,2,73888,161121,27710,9195,26753,111812,23169,45196,37890,0,38294,116424,166994,39631,114681,0,16582
7385,경주시,9613,0,1610,6519,2457,2382,51,1333,7446,8447,308,0,경상북도,987,2023,1922,0,2160,703,232,2067,0,424,감포읍,8915,3640,0,8,0,0,12048,889,0,3224,7076,478,22,1423,6240,1063,2327,2643,0,2827,7438,6465,2558,10201,0,45
12345,경주시,15851,0,2897,16570,2669,2281,155,2946,17605,12137,1819,0,경상북도,1913,2023,4419,0,2680,1451,787,3007,0,1222,강동면,13470,5499,0,62,0,0,12816,3775,0,6853,18049,1450,557,3344,14356,1070,2840,3659,0,2908,15917,20069,3207,18893,0,866
64734,경주시,58014,0,30489,50186,14004,10448,3967,26311,43709,44269,19543,20,경상북도,19388,2023,28660,174,33560,16794,357,25338,0,2474,건천읍,45182,8094,0,1262,0,1,79263,25454,0,33988,47096,7103,108,11053,33003,6195,17497,11798,0,18577,80866,45372,14230,38220,0,3976
1793,경주시,3942,0,944,2163,910,1008,32,785,1772,2141,111,1,경상북도,537,2023,595,0,1160,387,1,1058,0,108,광명동,2731,159,0,9,0,0,2228,468,0,634,1678,295,15,1014,1422,645,1062,904,0,768,2139,2007,969,2010,0,169
6961,경주시,8588,0,2249,5119,2041,3593,0,2529,6923,7151,815,0,경상북도,1413,2023,3262,0,2121,1373,2,2167,0,872,구정동,8399,2107,0,0,0,0,6432,2203,0,3480,10043,1014,0,2783,5308,1731,2329,2178,0,2349,5722,6498,1927,5369,0,313
1897,경주시,2276,0,1434,4518,888,348,0,1050,3949,2296,222,0,경상북도,516,2023,957,0,1935,469,0,2344,0,103,구황동,3794,1562,0,0,0,0,3200,893,0,946,5859,257,0,696,4015,156,2433,1495,0,1615,3719,5830,2104,5208,0,38
1294,경주시,1103,0,137,1790,559,512,0,56,1221,897,84,0,경상북도,66,2023,210,0,354,56,0,664,0,45,남산동,1181,404,0,0,0,0,1611,82,0,256,1932,48,0,417,1025,48,560,625,0,562,1691,1818,676,2022,0,38
3930,경주시,13724,0,595,5830,620,547,0,681,4737,10678,142,0,경상북도,455,2023,1538,0,827,426,0,566,0,14,내남면,8230,4314,0,0,0,0,6004,217,0,1173,5327,169,0,543,2713,360,613,928,0,789,8669,7847,622,3680,0,82
61,경주시,55,0,342,204,31,14,0,772,131,30,0,0,경상북도,351,2023,161,0,429,214,0,257,0,1,노동동,35,2,0,0,0,0,135,81,0,187,331,176,0,32,376,2,494,375,0,428,158,302,208,369,0,1
35133,경주시,35152,0,30140,48720,24668,15777,2150,30663,42683,31158,14243,26,경상북도,20016,2023,46390,0,31101,17118,1336,26950,0,3961,노서동,33224,5795,0,303,0,0,36399,40886,800,49830,65068,12187,623,20061,60582,15684,27366,30012,0,28495,43079,65070,29199,57922,0,1957
10,경주시,5,0,20,3,11,4,0,15,5,0,0,0,경상북도,11,2023,11,0,20,9,0,20,0,5,덕동,7,0,0,0,0,0,9,1,0,5,11,0,0,3,14,1,14,9,0,12,11,17,10,11,0,0
2830,경주시,3609,0,205,2445,217,119,0,335,2803,2821,264,0,경상북도,148,2023,742,0,328,107,0,222,0,24,도지동,4035,1538,0,2,0,0,2513,435,0,664,1950,205,0,322,1002,76,276,212,0,225,2119,1330,294,2103,0,37
3223,경주시,1936,0,512,1556,275,410,0,379,1538,1234,150,0,경상북도,292,2023,435,0,616,350,2,349,0,180,동방동,2079,549,0,5,0,0,1779,260,0,484,1001,355,0,212,562,104,609,322,0,610,1271,780,316,1000,0,12
25640,경주시,18925,0,24100,42390,17200,13041,1464,21324,36358,20060,19611,2,경상북도,11787,2023,49279,0,25573,10486,265,21181,0,1988,동부동,16838,4359,0,400,0,0,30754,42198,0,48805,62454,7282,172,15941,70485,15384,20882,17022,0,17598,35629,73690,20600,56314,0,2517
37497,경주시,43262,0,12232,29711,6869,9956,1534,11196,31817,53653,6528,0,경상북도,8165,2023,12553,0,11539,7157,7611,8616,0,5892,동천동,54519,17352,0,704,0,0,31773,10932,0,15147,42967,7390,1158,6599,27348,6944,9937,6855,0,8221,33304,30073,7996,38180,0,1337
1280,경주시,1497,0,505,1407,581,245,0,305,1493,1685,61,0,경상북도,343,2023,460,0,436,346,0,850,0,123,마동,1712,118,0,0,0,0,2717,123,0,778,2069,366,0,411,924,300,789,798,0,651,1286,1281,567,1741,0,84
4043,경주시,5542,0,1265,4853,1309,1065,0,705,5650,6561,73,0,경상북도,436,2023,900,0,1365,447,4,2006,0,183,문무대왕면,4892,2329,0,0,0,0,3381,528,0,1010,4787,412,0,1331,2404,641,831,1428,0,1571,7429,5145,2438,2860,0,286
771,경주시,1327,0,325,1597,745,466,0,193,1502,813,29,0,경상북도,79,2023,248,0,366,84,0,587,0,1,배동,854,141,0,0,0,0,1250,46,0,516,1539,60,0,407,1079,252,394,625,0,501,1393,1130,380,1552,0,123
815,경주시,757,0,248,807,418,349,0,199,889,938,240,0,경상북도,148,2023,350,0,290,128,1,383,0,36,배반동,1831,215,0,0,0,0,739,142,0,390,690,120,0,184,630,36,407,370,0,380,1005,713,382,896,0,14
334,경주시,288,0,255,619,309,111,0,259,594,623,10,0,경상북도,116,2023,537,0,204,92,0,296,0,14,보문동,233,72,0,0,0,0,527,94,0,570,460,44,0,281,568,120,177,410,0,330,1154,450,354,734,0,19
2692,경주시,1561,0,1745,4127,1441,1285,0,1309,4096,1045,211,0,경상북도,888,2023,3035,0,1592,780,0,2118,0,113,북군동,965,222,0,0,0,0,5364,1137,0,4198,3834,480,0,772,4639,958,2059,2627,0,2068,4495,5449,2322,5284,0,114
20289,경주시,20172,0,10309,18378,17220,8632,996,9708,19022,10442,9086,2,경상북도,4806,2023,16805,0,12090,5574,101,12532,0,2235,사정동,15075,2417,0,228,0,0,19451,14540,154,15827,21581,4691,630,19368,19551,9855,10482,20937,0,19029,20548,20854,24739,18671,0,2995
3968,경주시,6285,0,534,2557,788,2456,0,350,4729,6502,0,0,경상북도,203,2023,759,0,606,73,133,849,0,32,산내면,10462,3277,0,3,0,0,3748,7,0,497,1210,73,0,1976,1042,3335,629,1856,0,1378,1908,2202,828,1750,0,333
8191,경주시,5358,0,1013,3094,1249,358,0,1007,1984,5314,158,0,경상북도,597,2023,934,0,640,527,0,475,0,14,서면,8116,2474,0,0,0,0,2882,591,0,1804,3170,354,0,1275,1744,588,781,649,0,878,6376,2845,1353,2597,0,390
18782,경주시,13536,0,8079,18828,6543,5509,443,7929,21029,15521,3525,0,경상북도,4552,2023,9520,0,7936,4229,312,6817,0,1540,서부동,17024,4535,0,183,0,0,19373,8841,2,12232,22295,3119,226,6731,21129,5563,6950,6731,0,6430,16917,26138,7313,23201,0,801
905,경주시,1926,0,910,1524,947,1686,58,831,2398,1083,104,0,경상북도,452,2023,358,0,1142,538,4,767,0,204,서악동,2286,621,0,28,0,0,1834,249,19,472,12959,438,70,936,1375,1177,812,1124,0,969,1861,2057,1135,6237,0,185
10894,경주시,9595,0,3546,16677,2324,3258,1230,3816,12819,4209,3436,0,경상북도,3410,2023,5374,0,3068,3869,768,2768,0,5146,석장동,6469,1039,0,79,0,0,13622,4563,0,7743,20436,5769,1722,3676,14396,444,2443,2222,0,2003,14033,22157,2908,19134,0,149
42646,경주시,33539,0,21025,38827,25973,16793,1709,16685,48081,33479,7540,1,경상북도,10460,2023,15835,0,21998,9986,1412,21078,0,3817,성건동,38391,8017,0,475,0,0,47003,14092,1,20438,49476,8698,885,24510,33669,12859,22791,23946,0,21409,40798,45232,21066,52308,0,3935
29490,경주시,24858,0,7218,30486,14769,16820,563,6023,35447,22754,4347,1,경상북도,3716,2023,10711,0,11512,2311,627,12509,0,1060,성동동,21415,5411,0,630,0,0,32898,6911,0,17413,45427,1984,200,15130,38118,10630,10363,11665,0,9848,28223,43437,9930,39636,0,2507
393,경주시,0,0,25,0,12,1,0,0,41,0,0,0,경상북도,6,2023,57,0,0,27,0,0,0,0,손곡동,471,0,0,0,0,0,0,0,0,21,0,0,0,0,0,0,15,0,0,1,198,193,14,136,0,0
571,경주시,0,0,1,0,3,0,0,0,262,0,0,0,경상북도,5,2023,32,0,0,1,0,0,0,0,시동,928,248,0,0,0,0,12,0,0,1,5,0,0,0,4,0,8,0,0,14,23,17,0,96,0,0
4758,경주시,4477,0,1383,3414,622,803,0,1265,4561,7366,658,0,경상북도,1065,2023,4057,0,1471,1094,3,1008,0,465,시래동,5770,2152,0,0,0,0,3712,1544,0,2299,8428,931,0,876,3290,606,1161,876,0,1140,4139,4805,891,3792,0,83
8836,경주시,4745,0,2799,6216,2117,1490,0,2620,7782,987,1101,0,경상북도,1811,2023,3821,0,3338,1997,0,3969,0,406,신평동,2166,590,0,0,0,0,10949,3099,0,7012,15495,1603,0,1649,12986,695,4705,3169,0,3878,8057,13710,4400,12616,0,247
40493,경주시,41238,0,7904,33197,7202,6393,1152,6152,43389,65558,6436,0,경상북도,5190,2023,18096,0,7484,3236,557,6631,0,1442,안강읍,55668,21842,0,9,0,0,39845,9626,2,17604,48989,2330,555,6151,28861,3641,6478,8206,0,6762,40351,39650,7119,41741,0,1707
0,경주시,33,0,0,16,0,16,0,4,0,1,0,0,경상북도,0,2023,1,0,14,1,0,2,0,0,암곡동,1338,354,0,0,0,0,910,0,0,3,399,0,0,1,140,4,0,21,0,0,387,0,15,1,0,0
10305,경주시,5009,0,1617,7623,1905,1481,15,993,8479,7269,1237,0,경상북도,1323,2023,3323,0,1495,811,39,1641,0,542,양남면,18781,4240,0,0,0,0,6586,1191,0,5068,14200,811,14,1497,5929,1543,1546,1650,0,2024,8354,9199,1667,11646,0,721
52021,경주시,54199,2,17303,39789,12062,9268,266,17474,43778,52867,8161,1,경상북도,14156,2023,22838,0,14911,12462,5004,12098,0,5034,외동읍,58752,29469,0,11,0,0,43701,17035,29,29833,58139,9429,1245,10841,41176,8951,14911,12566,1,12135,43080,61595,13765,46346,0,5691
39140,경주시,41930,0,11485,38751,7150,6330,4523,10469,41839,69746,17275,0,경상북도,6926,2023,30236,0,10528,5948,5404,9759,0,3462,용강동,61941,13614,0,485,0,0,36524,23057,0,27118,51260,4676,969,6682,40475,3941,10888,7820,0,8219,38224,49206,7825,41165,0,693
1219,경주시,2285,0,81,464,127,18,0,85,856,1653,0,0,경상북도,92,2023,67,0,64,7,0,84,0,0,율동,1555,102,0,0,0,0,699,11,0,71,385,0,0,46,310,21,50,400,0,52,604,65,35,165,0,1
1276,경주시,746,0,4004,3580,1342,386,0,4876,3205,790,1791,0,경상북도,5858,2023,19147,0,2567,4787,0,2225,0,87,인왕동,474,68,0,1,0,0,2398,17233,0,15412,10415,1050,0,1017,13089,600,2580,1883,0,2116,4504,7041,2226,4740,0,15
619,경주시,888,0,119,561,113,109,0,87,638,1269,24,0,경상북도,64,2023,134,0,142,40,2,152,0,24,조양동,1488,236,0,0,0,0,958,84,0,284,449,51,0,116,478,85,160,117,0,208,541,340,149,516,0,17
8327,경주시,5240,0,5338,25738,14969,3339,0,2003,19139,2196,191,0,경상북도,630,2023,537,0,8383,830,0,17047,0,251,진현동,3134,705,0,0,0,0,16123,401,0,1128,18561,669,0,7102,6261,428,13650,20531,0,14497,28474,12466,21404,25978,0,35
1997,경주시,1394,0,1572,5508,6305,1285,0,1043,2898,1365,374,0,경상북도,680,2023,5617,0,2181,559,0,3400,0,165,천군동,1250,1172,0,0,0,0,3954,1999,0,9523,18116,369,0,3763,23295,279,3574,5858,0,4303,4305,22694,4689,11259,0,180
8616,경주시,9391,0,1007,6967,1017,959,0,937,5529,15071,564,0,경상북도,691,2023,2592,0,1058,575,4,1003,0,95,천북면,17125,2546,0,1,0,0,7140,1053,0,3119,8458,374,0,1052,7472,550,969,1049,0,882,7868,8793,1014,7810,0,48
32803,경주시,34703,0,9913,29096,4229,6164,1049,8579,33712,32453,5871,84,경상북도,6038,2023,15772,63,9490,6211,3374,5575,0,3837,충효동,49903,15562,0,213,0,0,30692,17134,206,19306,59629,6253,1323,3956,36697,5092,7313,4715,0,5987,37091,46862,5957,35984,0,552
502,경주시,1045,0,224,606,267,132,0,320,567,738,70,0,경상북도,151,2023,166,0,288,78,8,304,0,1,탑동,526,20,0,1,0,0,714,106,0,300,471,35,0,153,729,64,231,291,0,278,544,682,134,445,0,17
0,경주시,0,0,0,0,0,0,0,5,17,0,0,0,경상북도,0,2023,0,0,0,0,0,0,0,0,평동,0,63,0,0,0,0,324,0,0,40,0,0,0,0,53,0,0,4,0,1,0,0,0,0,0,0
768,경주시,807,0,394,1185,484,142,0,230,1055,378,54,0,경상북도,258,2023,736,0,415,195,0,489,0,73,하동,666,243,0,0,0,0,1645,96,0,560,815,102,0,281,579,93,445,505,0,615,1366,956,695,1006,0,8
26082,경주시,25416,0,4569,18938,3279,4856,349,3995,19652,39010,2541,0,경상북도,3723,2023,10793,0,4064,2719,560,3506,0,1008,현곡면,41256,8646,0,41,0,0,19976,5761,0,9366,23858,1938,182,3211,16598,4175,3757,3039,0,3361,21050,19339,3419,19522,0,676
1567,경주시,956,0,2114,2861,1776,381,0,2052,1830,575,29,0,경상북도,941,2023,2709,0,1812,918,98,2207,0,57,황남동,717,110,0,1,0,0,1936,1122,0,2490,2609,855,0,2063,3291,145,2332,3002,0,3189,2404,2815,3660,3065,0,5
26037,경주시,29225,0,8447,22963,4492,3904,2197,8001,27393,42904,12228,0,경상북도,5471,2023,18497,0,8150,3923,1859,6212,0,2022,황성동,46919,9455,0,29,0,0,21700,19118,0,20997,30323,3258,606,3803,27776,2586,7254,4626,0,5748,23516,28291,5399,26125,0,541
30633,경주시,23075,0,24165,24141,21084,19990,115,22503,29239,29312,4373,0,경상북도,12936,2023,12150,0,25127,10558,436,22103,0,2207,황오동,21865,11089,0,1330,0,0,28928,6511,0,13566,29050,6609,60,22328,23495,27412,21672,22174,0,18431,23727,28676,19742,28012,0,8647
454,경주시,237,0,29,131,45,21,0,21,134,81,0,0,경상북도,18,2023,28,0,30,11,0,32,0,0,황용동,220,219,0,0,0,0,133,33,0,45,150,4,0,37,85,8,24,30,0,33,174,154,42,147,0,12
1863,경주시,1905,0,475,2699,503,798,24,265,2676,619,112,2,경상북도,398,2023,524,0,459,228,202,477,0,177,효현동,1291,274,0,15,0,0,2179,253,1,796,2814,174,54,676,1374,270,468,651,0,456,2444,3156,426,3342,0,98
24439,고령군,25568,0,3114,18361,1578,2682,4,3948,23040,40303,1420,0,경상북도,2278,2023,6157,1,3026,1839,4840,2343,0,1262,다산면,29654,14105,0,15,0,0,22450,4741,0,9840,19133,1801,374,1873,20396,1857,2914,2079,0,2820,20742,23644,2328,18442,1,1578
8887,구미시,9805,0,0,17053,0,0,1014,0,13099,5353,3985,0,경상북도,0,2023,10538,0,0,0,0,0,0,0,거의동,10251,1752,0,0,0,0,11335,8829,0,14382,22546,0,0,0,25578,0,0,0,0,0,12959,24596,0,18144,0,0
38894,구미시,50120,0,0,34343,0,0,903,0,35878,66949,9556,0,경상북도,0,2023,15556,0,0,0,0,0,0,0,고아읍,63812,15683,0,0,0,0,37759,12771,0,21362,46748,0,0,0,34474,0,0,0,0,0,40265,41144,0,33220,0,0
40618,구미시,40196,0,0,50562,0,0,3414,0,49628,56606,11420,87,경상북도,0,2023,46494,0,0,0,0,0,0,0,공단동,64837,18227,0,0,0,0,42996,22682,0,47942,68712,0,0,0,93411,0,0,0,0,0,48403,122009,0,64912,0,0
3977,구미시,4011,0,0,5644,0,0,38,0,5590,3099,2382,0,경상북도,0,2023,4741,0,0,0,0,0,0,0,광평동,3655,640,0,0,0,0,3124,3468,0,3276,10862,0,0,0,6479,0,0,0,0,0,5435,9093,0,5208,0,0
12804,구미시,20152,0,0,10711,0,0,1077,0,10306,23521,1520,0,경상북도,0,2023,7179,0,0,0,0,0,0,0,구평동,29478,5264,0,0,0,0,12357,5283,0,8943,16373,0,0,0,13789,0,0,0,0,0,16413,10306,0,11166,0,0
2981,구미시,3343,0,0,4460,0,0,2,0,3656,6650,597,0,경상북도,0,2023,1532,0,0,0,0,0,0,0,구포동,6761,1205,0,0,0,0,2364,929,0,2608,1272,0,0,0,5303,0,0,0,0,0,3021,5485,0,2906,0,0
182,구미시,3,0,0,76,0,0,0,0,1,22,3,0,경상북도,0,2023,31,0,0,0,0,0,0,0,금전동,4,33,0,0,0,0,102,0,0,126,4,0,0,0,0,0,0,0,0,0,12,0,0,9,0,0
615,구미시,29,0,0,49,0,0,0,0,0,262,0,0,경상북도,0,2023,784,0,0,0,0,0,0,0,남통동,563,0,0,0,0,0,708,0,0,0,2771,0,0,0,2250,0,0,0,0,0,1413,103,0,2025,0,0
3,구미시,244,0,0,0,0,0,0,0,19,422,0,0,경상북도,0,2023,2,0,0,0,0,0,0,0,도개면,1,0,0,0,0,0,59,1,0,0,0,0,0,0,25,0,0,0,0,0,16,1,0,24,0,0
32844,구미시,41052,0,0,24800,0,0,354,0,24009,44742,5862,0,경상북도,0,2023,10860,0,0,0,8,0,0,0,도량동,51388,16724,0,0,0,0,30268,7513,0,13715,30553,0,0,0,28556,0,0,0,0,0,28503,31790,0,26383,0,0
6,구미시,117,0,1,0,0,5,0,9,49,356,0,0,경상북도,0,2023,0,0,3,0,0,0,0,0,무을면,68,0,0,0,0,0,301,0,0,0,19,0,0,0,158,8,4,11,0,9,0,20,0,26,0,0
21690,구미시,26969,0,0,20780,0,0,8,0,22208,32370,5134,0,경상북도,0,2023,9619,0,0,0,0,0,0,0,봉곡동,34044,10379,0,0,0,0,20253,9935,0,12382,32365,0,0,0,23167,0,0,0,0,0,20910,22229,0,20316,0,0
1360,구미시,1235,0,0,3208,0,0,0,0,3465,687,206,0,경상북도,0,2023,438,0,0,0,0,0,0,0,부곡동,1016,435,0,0,0,0,2896,782,0,980,6227,0,0,0,1716,0,0,0,0,0,2808,6280,0,2100,0,0
2466,구미시,3597,0,0,2642,0,0,58,0,2128,5412,370,7,경상북도,0,2023,1434,0,0,0,0,0,0,0,비산동,5105,740,0,0,0,0,2855,876,0,1896,2840,0,0,0,3906,0,0,0,0,0,2569,5199,0,2183,0,0
13966,구미시,14628,0,0,13195,0,0,563,0,14160,30440,3118,0,경상북도,0,2023,5962,0,0,0,0,0,0,0,사곡동,25165,5298,0,0,0,0,11951,4185,0,8662,13067,0,0,0,16131,0,0,0,0,0,14431,16303,0,12187,0,0
8402,구미시,8625,0,0,13088,22,0,863,0,17893,10310,3689,0,경상북도,22,2023,8741,0,0,12,1,38,0,0,산동읍,6562,2277,0,0,0,0,4559,5157,0,7767,20806,0,0,13,16180,26,60,0,0,0,17269,21797,0,21516,0,0
15953,구미시,16704,0,0,18485,0,0,1441,0,18266,32561,7974,0,경상북도,0,2023,14986,0,0,0,0,0,0,0,상모동,27349,9247,0,0,0,0,15153,12800,0,17110,27743,0,0,0,25678,0,0,0,0,0,18381,25926,0,20260,0,0
994,구미시,419,0,0,422,0,0,250,0,934,1980,282,9,경상북도,0,2023,801,0,0,0,277,0,0,0,선기동,538,521,0,0,0,0,553,257,0,550,1743,0,0,0,678,0,0,0,0,0,582,975,0,521,0,0
1754,구미시,2914,0,0,1979,0,8,14,67,2956,6456,939,0,경상북도,0,2023,1070,0,0,0,13,0,0,0,선산읍,4348,945,0,0,0,0,2933,482,0,1775,2279,0,0,0,1106,19,38,15,0,72,2283,3438,0,2073,0,0
41672,구미시,42174,0,0,46538,0,0,3051,0,47403,50077,11077,28,경상북도,0,2023,26539,0,0,0,0,0,0,0,송정동,54866,18758,0,0,0,0,44049,18018,0,29653,61885,0,0,0,57554,0,0,0,0,0,45235,58488,0,52430,0,0
276,구미시,341,0,0,390,0,0,0,0,383,192,39,0,경상북도,0,2023,587,0,0,0,0,0,0,0,시미동,272,238,0,0,0,0,497,78,0,576,1198,0,0,0,1376,0,0,0,0,0,568,2075,0,1689,0,0
288,구미시,728,0,0,241,0,0,6,0,182,1050,2,0,경상북도,0,2023,290,0,0,0,0,0,0,0,신동,552,387,0,0,0,0,203,55,0,124,299,0,0,0,122,0,0,0,0,0,256,104,0,940,0,0
17779,구미시,18897,0,0,26820,0,0,1934,0,22506,19973,9272,53,경상북도,0,2023,17629,0,0,0,0,0,0,0,신평동,22696,7070,0,0,0,0,19753,16987,0,19823,33843,0,0,0,34509,0,0,0,0,0,24135,31695,0,29404,0,0
55,구미시,81,0,0,103,0,0,1,0,218,30,4,0,경상북도,0,2023,22,0,0,0,0,0,0,0,양호동,713,178,0,0,0,0,400,20,0,140,131,0,0,0,158,0,0,0,0,0,27,35,0,101,0,0
8453,구미시,8767,0,0,7747,0,0,185,0,7383,18837,1052,0,경상북도,0,2023,3335,0,0,0,0,0,0,0,오태동,17740,2568,0,0,0,0,7230,2864,0,4692,8187,0,0,0,7708,0,0,0,0,0,9418,8837,0,7323,0,0
26744,구미시,35283,0,0,26172,0,0,1104,0,25226,42975,8286,0,경상북도,0,2023,19030,0,0,0,0,0,0,0,옥계동,49839,11004,0,0,0,0,24103,16450,0,21269,25826,0,0,0,31971,0,0,0,0,0,26623,30736,0,28832,0,0
1698,구미시,514,0,0,145,0,1,0,5,57,2137,0,0,경상북도,0,2023,2,0,1,0,0,0,0,0,옥성면,414,64,0,0,0,0,376,0,0,96,64,0,0,0,269,0,15,5,0,2,383,2,4,468,0,0
155965,구미시,139796,0,0,213023,0,0,11562,0,200150,144678,91175,69,경상북도,0,2023,190226,0,0,0,2263,0,0,0,원평동,175856,49003,0,0,0,0,173369,159643,0,249486,292690,0,0,0,308675,0,0,0,0,0,208532,309202,0,269376,0,0
12565,구미시,14997,0,0,13058,0,0,609,0,11734,31435,2713,3,경상북도,0,2023,8098,0,0,0,0,0,0,0,인의동,28694,6332,0,0,0,0,12328,5062,0,10970,23880,0,0,0,16193,0,0,0,0,0,13718,15267,0,18202,0,0
1765,구미시,1652,0,0,4260,0,0,236,0,4508,2890,1168,12,경상북도,0,2023,3544,0,0,0,0,0,0,0,임수동,3669,430,0,0,0,0,2358,2395,0,4955,6828,0,0,0,11718,0,0,0,0,0,3862,12561,0,9462,0,0
5509,구미시,7584,0,0,5054,0,0,108,0,4975,13025,1306,0,경상북도,0,2023,2638,0,0,0,0,0,0,0,임은동,11622,4406,0,0,0,0,4558,1533,0,3346,8662,0,0,0,5478,0,0,0,0,0,5983,8078,0,6482,0,0
3528,구미시,6239,0,0,4353,28,0,1,0,2333,3666,31,0,경상북도,31,2023,427,0,0,13,0,73,0,0,장천면,4583,375,0,0,0,0,2770,185,0,900,14046,1,0,69,2363,20,119,0,0,0,3761,2456,0,1858,0,0
4216,구미시,6059,0,0,4863,0,0,54,0,3708,6046,291,0,경상북도,0,2023,1216,0,0,0,0,0,0,0,지산동,4987,1608,0,0,0,0,4938,1077,0,1454,9666,0,0,0,3100,0,0,0,0,0,4468,4839,0,4569,0,0
4768,구미시,7825,0,0,5231,0,0,14,0,5665,7951,1589,0,경상북도,0,2023,4018,0,0,0,0,0,0,0,진평동,8747,3228,0,0,0,0,3893,4180,0,5236,13684,0,0,0,7210,0,0,0,0,0,5389,8229,0,10903,0,0
2146,구미시,4121,0,0,1392,0,0,17,0,2664,7676,63,0,경상북도,0,2023,1672,0,0,0,2,0,0,0,해평면,5300,1730,0,0,0,0,3056,352,0,1345,4017,0,0,0,1686,0,0,0,0,0,2726,1768,0,2592,0,0
41498,구미시,48808,0,0,40705,0,0,2386,0,47205,71010,13878,1,경상북도,0,2023,29695,0,0,0,0,0,0,0,형곡동,63171,21938,0,0,0,0,40735,23818,0,36138,76011,0,0,0,59112,0,0,0,0,0,45641,59329,0,53498,0,0
42806,구미시,48142,0,0,44312,0,0,1780,0,46291,68374,9820,453,경상북도,0,2023,25758,0,0,0,17,0,0,0,황상동,77770,15992,0,0,0,0,41708,22053,0,36859,52890,0,0,0,55189,0,0,0,0,0,46240,54519,0,48896,0,0
0,군위군,0,0,0,0,0,0,0,0,0,54,0,0,경상북도,0,2023,0,0,0,0,0,0,0,0,소보면,0,0,0,0,0,0,0,0,0,0,0,0,0,0,0,0,0,0,0,0,41,12,0,0,0,0
2164,김천시,5339,0,0,1782,0,0,0,0,1446,5021,15,0,경상북도,0,2023,208,0,0,0,0,0,0,0,감문면,5647,41,0,0,0,0,1098,111,0,672,463,0,0,0,417,0,0,0,0,0,661,2053,0,1314,0,0
457,김천시,3617,0,0,95,0,0,0,0,1141,5281,19,0,경상북도,0,2023,210,0,0,0,0,0,0,0,감천면,3260,17,0,0,0,0,2128,65,0,285,793,0,0,0,476,0,0,0,0,0,1631,444,0,975,0,0
1752,김천시,3785,0,0,1225,0,0,0,0,847,3820,25,0,경상북도,0,2023,58,0,0,0,0,0,0,0,개령면,3233,14,0,0,0,0,1215,106,0,267,729,0,0,0,402,0,0,0,0,0,1687,1438,0,774,0,0
2534,김천시,2162,0,0,4040,0,0,0,0,3605,2782,1150,0,경상북도,0,2023,2965,0,0,0,0,0,0,0,교동,2735,141,0,0,0,0,2665,2994,0,2615,19266,0,0,0,3391,0,0,0,0,0,5528,9444,0,8035,0,0
6719,김천시,4095,0,0,3127,0,0,0,0,1989,6997,25,0,경상북도,0,2023,296,0,0,0,0,0,0,0,구성면,9841,654,0,0,0,0,2724,108,0,497,1100,0,0,0,1464,0,0,0,0,0,3372,3525,0,2476,0,0
5303,김천시,5181,0,0,4892,0,0,1091,0,3577,7856,2684,0,경상북도,0,2023,5030,0,0,0,0,0,0,0,남면,10373,390,0,0,0,0,2021,3797,0,4101,2906,0,0,0,6725,0,0,0,0,0,5310,2977,0,4586,0,0
83,김천시,178,0,0,114,0,0,0,0,80,193,0,0,경상북도,0,2023,93,0,0,0,0,0,0,0,남산동,44,111,0,0,0,0,178,38,0,78,295,0,0,0,112,0,0,0,0,0,179,375,0,385,0,0
1234,김천시,4757,0,0,1756,0,0,49,0,1473,3458,80,0,경상북도,0,2023,343,0,0,0,0,0,0,0,농소면,906,82,0,0,0,0,280,188,0,975,406,0,0,0,735,0,0,0,0,0,1470,595,0,1364,0,0
1882,김천시,3335,0,0,2986,0,0,3,0,2647,2992,194,0,경상북도,0,2023,434,0,0,0,0,0,0,0,다수동,4108,730,0,0,0,0,2042,444,0,797,1965,0,0,0,2639,0,0,0,0,0,2544,3695,0,2628,0,0
839,김천시,1436,0,0,1301,0,0,0,0,479,2555,50,0,경상북도,0,2023,136,0,0,0,0,0,0,0,대광동,1313,7,0,0,0,0,1043,87,0,164,510,0,0,0,714,0,0,0,0,0,779,1103,0,1489,0,0
1410,김천시,2329,0,0,2030,0,0,0,0,83,5511,11,0,경상북도,0,2023,54,0,0,0,1,0,0,0,대덕면,2540,909,0,0,0,0,2229,46,0,417,1430,0,0,0,923,0,0,0,0,0,2255,801,0,1084,0,0
7042,김천시,8288,0,0,7995,0,0,5,0,8866,9791,312,0,경상북도,0,2023,2293,0,0,0,0,0,0,0,대항면,8527,2450,0,0,0,0,6289,572,0,5308,6369,0,0,0,5344,0,0,0,0,0,7836,6859,0,8596,0,0
3469,김천시,4715,0,0,2351,0,0,15,0,2849,15259,216,0,경상북도,0,2023,364,0,0,0,0,0,0,0,덕곡동,9079,1115,0,0,0,0,2306,213,0,819,3209,0,0,0,1013,0,0,0,0,0,2476,1766,0,2285,0,0
1024,김천시,2418,0,0,1306,0,0,0,0,927,1122,46,0,경상북도,0,2023,221,0,0,0,0,0,0,0,문당동,831,0,0,0,0,0,927,159,0,386,593,0,0,0,995,0,0,0,0,0,1154,1186,0,1270,0,0
1916,김천시,3323,0,0,1717,0,0,6,0,1773,2816,521,0,경상북도,0,2023,979,0,0,0,0,0,0,0,백옥동,2431,402,0,0,0,0,1738,310,0,981,1913,0,0,0,2053,0,0,0,0,0,2280,2633,0,2194,0,0
4982,김천시,5153,0,0,4010,0,0,2,0,2956,5927,110,0,경상북도,0,2023,1031,0,0,0,0,0,0,0,봉산면,4777,1002,0,0,0,0,3226,444,0,1098,2000,0,0,0,2217,0,0,0,0,0,3546,2465,0,2333,0,0
25008,김천시,33376,0,0,24418,0,0,83,0,25063,52108,6076,0,경상북도,0,2023,13071,0,0,0,0,0,0,0,부곡동,43754,6495,0,0,0,0,22854,9039,0,14786,30428,0,0,0,23622,0,0,0,0,0,26861,27819,0,26212,0,0
636,김천시,876,0,0,644,0,0,0,0,804,651,0,0,경상북도,0,2023,165,0,0,0,0,0,0,0,부항면,4624,24,0,0,0,0,146,0,0,85,613,0,0,0,131,0,0,0,0,0,1301,321,0,912,0,0
6987,김천시,6738,0,0,7560,0,0,0,0,6303,9020,686,0,경상북도,0,2023,2423,0,0,0,0,0,0,0,삼락동,11526,12,0,0,0,0,5431,1470,0,2956,11349,0,0,0,7222,0,0,0,0,0,9156,9937,0,9341,0,0
15071,김천시,13353,0,0,19317,0,0,0,0,18822,8388,1038,0,경상북도,0,2023,6684,0,0,0,3,0,0,0,성내동,11783,1327,0,0,0,0,14808,7691,0,12467,39431,0,0,0,22784,0,0,0,0,0,17098,29187,0,23589,0,0
20194,김천시,18035,0,0,21603,0,0,0,0,19720,47998,3530,0,경상북도,0,2023,13849,0,0,0,0,0,0,0,신음동,34305,1438,0,0,0,0,20714,11772,0,16106,24192,0,0,0,27656,0,0,0,0,0,19871,26114,0,23451,0,0
12963,김천시,15166,0,0,10119,0,0,206,0,10905,19017,924,19,경상북도,0,2023,4089,0,0,0,349,0,0,0,아포읍,19233,6744,0,0,0,0,10648,2715,0,3950,17053,0,0,0,8572,0,0,0,0,0,13816,14620,0,13602,0,0
1127,김천시,3164,0,0,1810,0,0,0,0,581,1498,4,0,경상북도,0,2023,415,0,0,0,0,0,0,0,양천동,1411,79,0,0,0,0,1195,230,0,230,8293,0,0,0,949,0,0,0,0,0,1494,3640,0,675,0,0
1896,김천시,9343,0,0,3101,0,0,0,0,2842,8316,53,0,경상북도,0,2023,87,0,0,0,0,0,0,0,어모면,4067,293,0,0,0,0,4401,389,0,880,3752,0,0,0,1612,0,0,0,0,0,3507,3251,0,3134,0,0
1640,김천시,1023,0,0,970,0,0,0,0,1280,1111,26,0,경상북도,0,2023,491,0,0,0,0,0,0,0,용두동,1620,218,0,0,0,0,1535,451,0,650,1063,0,0,0,755,0,0,0,0,0,926,958,0,1583,0,0
2398,김천시,5753,0,0,4099,0,0,622,0,3612,14226,1394,0,경상북도,0,2023,3886,0,0,0,0,0,0,0,율곡동,17569,1035,0,0,0,0,4316,3816,0,4963,9351,0,0,0,12624,0,0,0,0,0,4591,9259,0,6761,0,0
1128,김천시,1413,0,0,466,0,0,0,0,1046,2540,7,0,경상북도,0,2023,97,0,0,0,0,0,0,0,응명동,718,30,0,0,0,0,463,70,0,386,466,0,0,0,808,0,0,0,0,0,759,519,0,887,0,0
2202,김천시,4468,0,0,1707,0,0,0,0,805,5357,3,0,경상북도,0,2023,97,0,0,0,0,0,0,0,조마면,1784,36,0,0,0,0,2927,205,0,469,1232,0,0,0,802,0,0,0,0,0,602,497,0,408,0,0
574,김천시,1758,0,0,1251,0,0,0,0,35,761,0,0,경상북도,0,2023,59,0,0,0,0,0,0,0,증산면,1260,0,0,0,0,0,28,0,0,1,692,0,0,0,528,0,0,0,0,0,962,8,0,55,0,0
2299,김천시,4121,0,0,2779,0,0,0,0,1833,4598,23,0,경상북도,0,2023,982,0,0,0,0,0,0,0,지례면,3373,337,0,0,0,0,1481,369,0,1465,1878,0,0,0,1121,0,0,0,0,0,3268,1601,0,2034,0,0
38,김천시,31,0,0,47,0,0,0,0,9,39,0,0,경상북도,0,2023,0,0,0,0,0,0,0,0,지좌동,140,1,0,0,0,0,65,0,0,4,33,0,0,0,7,0,0,0,0,0,92,246,0,15,0,0
36836,김천시,26578,0,0,32993,0,0,1355,0,42802,23363,9699,0,경상북도,0,2023,16596,0,0,0,0,0,0,0,평화동,24881,3151,0,0,0,0,36212,21791,0,28288,65635,0,0,0,45521,0,0,0,0,0,37050,52248,0,50917,0,0
7348,김천시,6302,0,0,7335,0,0,0,0,4343,3932,32,0,경상북도,0,2023,679,0,0,0,0,0,0,0,황금동,6186,1721,0,0,0,0,9057,347,0,1145,5951,0,0,0,2251,0,0,0,0,0,8807,5854,0,5861,0,0
2161,문경시,4172,0,561,1655,1094,1178,0,476,1451,3543,0,0,경상북도,319,2023,11,4,395,134,5,782,0,0,가은읍,2967,229,0,0,0,0,2121,1,0,775,1295,23,0,1100,1495,404,404,820,0,661,2389,1280,1045,947,0,5
405,문경시,457,0,61,283,253,89,0,82,295,639,0,0,경상북도,49,2023,7,0,212,21,0,174,0,0,공평동,459,6,0,0,0,0,287,0,0,87,189,1,0,129,118,64,137,226,0,195,349,179,148,187,0,2
1732,문경시,1964,0,294,982,603,1305,0,380,826,2305,0,0,경상북도,116,2023,24,0,570,73,0,491,0,0,농암면,2681,5,0,0,0,0,1012,0,0,243,466,1,0,523,1015,58,441,474,0,894,1065,767,477,435,0,0
2897,문경시,1296,0,46,889,736,912,0,502,1748,1743,0,1,경상북도,26,2023,13,0,507,19,6,298,0,0,동로면,2975,32,0,5,0,0,1098,0,0,280,634,0,0,124,559,90,352,808,0,480,977,596,476,708,0,24
3239,문경시,4610,0,489,2620,920,501,0,276,2515,3524,0,0,경상북도,190,2023,171,0,608,122,0,759,0,0,마성면,5496,161,0,0,0,0,2206,65,0,321,1520,55,0,471,656,422,728,903,0,882,3034,892,1043,1619,0,86
6533,문경시,6549,0,2617,5541,3232,4019,0,2818,7708,13272,0,0,경상북도,1254,2023,4431,0,2139,409,0,3163,0,0,모전동,12064,547,0,0,0,0,5432,542,0,3232,6343,18,0,3994,7651,2276,2883,2966,0,3193,6456,8059,2450,7134,0,12
5893,문경시,7153,0,1493,6233,2857,3367,0,956,5799,8159,0,0,경상북도,380,2023,14,0,1816,196,0,1908,0,0,문경읍,6386,205,0,0,0,0,4908,3,0,2537,7277,173,0,3450,6232,2531,1136,2063,0,1893,6135,5101,2058,5855,0,98
909,문경시,303,0,34,105,97,49,0,17,125,342,0,0,경상북도,33,2023,18,0,223,1,0,30,0,0,불정동,617,3,0,0,0,0,198,0,0,57,394,0,0,58,94,34,43,83,0,119,569,78,328,148,0,5
1504,문경시,3591,0,130,1229,358,616,0,596,1627,1803,0,0,경상북도,145,2023,13,0,331,0,0,617,0,0,산북면,4332,282,0,0,0,0,2129,0,0,453,697,0,0,401,182,196,233,939,0,576,1227,624,1042,1049,0,88
1120,문경시,3292,0,119,1604,574,207,0,78,2052,1329,0,0,경상북도,74,2023,1,0,425,2,0,374,0,0,산양면,922,7,0,0,0,0,613,0,0,458,868,0,0,349,238,189,189,422,0,611,597,788,186,337,0,36
1464,문경시,2010,0,294,1124,187,649,0,270,1136,1088,0,0,경상북도,91,2023,15,0,416,173,0,282,0,0,신기동,1389,0,0,0,0,0,1033,0,0,79,687,0,0,494,1932,722,318,581,0,132,664,295,413,780,0,0
1017,문경시,1862,0,318,620,302,426,0,206,689,1868,0,0,경상북도,97,2023,0,0,407,2,0,428,0,0,영순면,2481,1,0,0,0,0,959,0,0,74,908,0,0,342,340,69,214,556,0,926,1474,193,402,247,0,14
10,문경시,1,0,2,1,9,4,0,4,4,0,0,0,경상북도,0,2023,0,0,0,0,0,2,0,0,영신동,14,0,0,0,0,0,2,0,0,2,9,0,0,2,20,2,0,1,0,2,48,2,2,0,0,0
3,문경시,216,0,35,36,4,0,0,6,2,164,0,0,경상북도,0,2023,0,0,9,0,0,10,0,0,우지동,0,0,0,0,0,0,237,0,0,0,0,0,0,22,0,15,13,14,0,0,0,25,5,8,0,0
595,문경시,810,0,139,279,224,130,0,311,355,966,0,0,경상북도,58,2023,17,0,133,83,0,195,0,0,유곡동,665,11,0,0,0,0,418,0,0,40,287,20,0,105,197,191,219,245,0,260,737,1504,257,345,0,0
5583,문경시,3584,0,780,5017,4698,4252,0,892,6849,3050,0,0,경상북도,354,2023,1027,0,989,65,0,2440,0,0,점촌동,3123,631,0,0,0,0,6056,111,0,1611,5968,5,0,5713,4042,1568,1792,2773,0,2237,4655,5958,2586,5457,0,3
6,문경시,128,0,32,104,43,0,0,0,0,227,0,0,경상북도,3,2023,0,0,8,0,0,23,0,0,창동,47,0,0,0,0,0,73,0,0,0,0,0,0,4,0,1,0,2,0,0,2,29,49,17,0,0
759,문경시,1522,0,211,715,309,261,0,191,364,2020,0,0,경상북도,72,2023,24,0,277,53,0,149,0,0,호계면,2298,127,0,0,0,0,1338,1,0,52,298,1,0,147,262,222,138,624,0,100,1217,615,679,538,0,23
21833,문경시,19352,0,5257,18728,10888,11149,0,4584,26200,26276,2,1,경상북도,1719,2023,1930,24,5078,560,480,7957,1,0,흥덕동,23957,7552,1,12,0,1,22897,22,0,4920,21193,25,0,12163,13920,5897,5706,8641,0,8412,20385,21584,7576,18086,1,265
109,봉화군,686,0,108,3,18,46,0,36,216,65,0,0,경상북도,2,2023,0,0,15,0,0,2,0,0,명호면,151,101,0,0,0,0,29,0,0,0,249,0,0,117,192,29,28,3,0,48,98,11,22,85,0,19
8,봉화군,795,0,0,297,18,35,0,82,4,515,0,0,경상북도,0,2023,0,0,0,0,0,34,0,0,물야면,26,44,0,0,0,0,6,0,0,0,0,0,0,20,25,6,3,2,0,2,81,0,286,3,0,14
0,봉화군,83,0,24,0,0,78,0,0,0,0,0,0,경상북도,0,2023,0,0,0,0,0,0,0,0,봉성면,12,0,0,0,0,0,0,0,0,0,0,0,0,18,4,0,0,0,0,0,0,1,0,0,0,0
4571,봉화군,3467,0,1268,3675,1339,856,0,1269,3617,6586,142,0,경상북도,1124,2023,1138,0,1578,599,0,1103,0,47,봉화읍,5022,644,0,0,0,0,3823,896,0,1387,4503,887,0,1041,2939,915,1410,1379,0,1012,4709,3925,1539,3743,0,283
0,봉화군,230,0,0,28,7,7,0,10,0,2,0,0,경상북도,14,2023,0,0,1,0,0,17,0,0,상운면,65,18,0,0,0,0,0,0,0,30,72,0,0,3,5,1,26,0,0,0,0,0,0,5,0,13
348,봉화군,1,0,48,18,6,3,0,0,19,1,0,0,경상북도,0,2023,0,0,0,0,0,29,0,0,석포면,184,0,0,0,0,0,0,11,0,0,0,12,0,13,0,0,0,0,0,29,151,80,0,262,0,0
0,봉화군,0,0,0,0,0,0,0,0,14,15,0,0,경상북도,0,2023,0,0,0,0,0,0,0,0,소천면,0,0,0,0,0,0,0,0,0,0,0,0,0,0,7,0,0,0,0,0,6,0,0,0,0,0
7,봉화군,1,0,64,0,0,58,0,6,0,0,0,0,경상북도,0,2023,0,0,0,0,0,0,0,0,재산면,849,0,0,0,0,0,3,0,0,0,0,0,0,3,18,0,0,0,0,0,0,86,0,0,0,0
1,봉화군,0,0,0,0,1,0,0,0,0,0,0,0,경상북도,0,2023,0,0,0,0,0,0,0,0,춘양면,0,0,0,0,0,0,0,0,0,0,0,0,0,0,0,0,0,0,0,0,0,0,0,0,0,0
319,상주시,493,0,153,550,76,89,0,115,876,157,0,0,경상북도,52,2023,21,0,123,1,0,110,0,0,가장동,554,2,0,0,0,0,415,0,0,219,914,0,0,36,953,65,71,96,0,197,272,767,66,167,0,9
1,상주시,20,0,6,13,4,0,0,3,0,101,0,0,경상북도,0,2023,0,0,1,0,0,2,0,0,개운동,2,0,0,0,0,0,31,0,0,2,10,0,0,1,7,1,3,9,0,0,18,1,14,5,0,0
41,상주시,10,0,0,29,10,2,0,3,0,30,0,0,경상북도,0,2023,1,0,14,0,0,5,0,0,거동동,84,0,0,0,0,0,10,0,0,1,7,0,0,0,1,0,15,19,0,0,46,6,12,5,0,0
49,상주시,34,0,10,83,14,279,0,18,32,21,0,0,경상북도,8,2023,25,0,14,1,0,18,0,0,계산동,43,12,0,0,0,0,70,0,0,26,542,0,0,130,127,104,9,10,0,12,83,193,22,279,0,0
671,상주시,545,0,437,149,205,52,0,191,192,736,0,0,경상북도,92,2023,5,0,193,8,0,96,0,0,공검면,901,0,0,0,0,0,652,1,0,21,87,8,0,60,119,27,154,268,0,159,274,85,155,201,0,1
119,상주시,754,0,87,185,123,60,0,89,579,828,0,0,경상북도,91,2023,12,0,164,4,0,144,0,0,공성면,1165,206,0,0,0,0,364,0,0,40,371,0,0,54,189,289,61,164,0,148,367,63,29,296,0,9
1465,상주시,1335,0,147,1108,317,399,0,101,263,1638,0,0,경상북도,56,2023,226,0,319,5,0,201,0,0,낙동면,1706,68,0,0,0,0,1360,0,0,188,2522,0,0,260,444,187,191,334,0,260,1668,824,304,401,0,75
4,상주시,0,0,4,2,8,0,0,0,0,3,0,0,경상북도,23,2023,0,0,0,0,0,16,0,0,낙상동,0,0,0,0,0,0,5,0,0,0,0,0,0,0,1,0,74,35,0,14,0,3,4,2,0,0
7,상주시,5,0,2,4,2,0,0,3,1,36,0,0,경상북도,2,2023,2,0,5,0,0,3,0,0,낙양동,7,5,0,0,0,0,0,0,0,53,4,0,0,17,2,16,0,23,0,0,4,24,16,2,0,0
2674,상주시,744,0,403,1739,374,1632,0,243,2678,1545,0,0,경상북도,102,2023,176,0,315,7,0,602,0,0,남성동,1357,324,0,0,0,0,1892,0,0,1160,3709,0,0,2345,2719,1332,319,915,0,689,2662,2223,808,1861,0,2
23,상주시,56,0,8,21,22,7,0,149,11,176,0,0,경상북도,2,2023,1,0,17,0,0,16,0,0,남장동,80,0,0,0,0,0,32,0,0,2,1,0,0,21,93,93,15,16,0,21,52,17,20,12,0,0
44,상주시,260,0,6,36,18,4,0,5,63,47,0,0,경상북도,0,2023,4,0,7,0,0,115,0,0,남적동,187,0,0,0,0,0,62,3,0,13,42,0,0,8,64,29,11,11,0,5,116,73,18,86,0,0
505,상주시,851,0,208,312,248,91,0,221,287,1177,0,0,경상북도,36,2023,6,0,149,2,0,146,0,0,내서면,1339,19,0,0,0,0,580,0,0,8,2782,0,0,180,78,26,116,318,0,244,762,1055,365,815,0,3
262,상주시,454,0,115,205,126,104,0,60,177,1666,0,0,경상북도,26,2023,23,0,109,6,9,75,0,6,냉림동,759,338,0,0,0,0,278,0,0,171,295,1,0,138,511,343,35,121,0,73,166,459,121,246,0,0
86,상주시,43,0,0,9,13,0,0,3,1,11,0,0,경상북도,0,2023,0,0,14,0,0,2,0,0,도남동,96,29,0,0,0,0,6,0,0,1,17,0,0,0,100,0,6,0,0,5,14,0,8,40,0,1
18,상주시,11,0,13,5,7,30,0,6,11,30,0,0,경상북도,2,2023,0,0,3,1,0,6,0,1,만산동,53,0,0,0,0,0,15,0,0,2,52,0,0,15,246,15,15,23,0,2,31,15,60,5,0,0
389,상주시,884,0,150,432,25,138,0,126,325,1367,0,0,경상북도,66,2023,30,0,126,33,0,11,0,0,모동면,992,282,0,0,0,0,464,0,0,24,937,0,0,29,69,29,63,279,0,257,446,112,148,193,0,4
193,상주시,1154,0,147,403,9,43,0,124,408,1489,0,0,경상북도,65,2023,10,0,85,59,0,46,0,0,모서면,780,39,0,0,0,0,257,0,0,111,322,0,0,251,163,12,57,92,0,141,662,644,352,8,0,54
17262,상주시,18260,4,4310,14770,7033,7148,5,3219,17949,27294,18,8,경상북도,1749,2023,1356,1,3499,302,120,5250,7,34,무양동,22998,4920,4,2,1,2,16202,784,1,8363,21302,49,0,10619,17075,7696,3869,7716,0,5290,17787,19362,6718,13226,1,317
65,상주시,94,0,0,0,27,8,0,4,1,50,0,0,경상북도,3,2023,0,0,35,0,0,24,0,0,병성동,30,0,0,0,0,0,3,0,0,0,9,0,0,10,3,0,0,6,0,19,24,0,11,9,0,0
34,상주시,31,0,9,27,7,30,0,80,16,132,0,0,경상북도,2,2023,4,0,6,1,0,28,0,0,복룡동,251,4,0,0,0,0,2,8,0,2,87,0,0,261,56,11,61,42,0,7,36,14,71,9,0,1
55,상주시,149,0,183,49,119,24,0,35,29,122,0,0,경상북도,11,2023,0,0,55,3,0,41,0,0,부원동,213,0,0,0,0,0,39,2,0,14,37,0,0,51,447,25,73,45,0,41,38,131,42,66,0,1
1161,상주시,985,0,247,480,301,41,0,73,338,2172,0,0,경상북도,56,2023,34,0,270,13,0,157,0,0,사벌국면,1323,25,0,0,0,0,1081,20,0,77,716,1,0,127,267,41,217,262,0,238,658,1383,364,344,0,1
0,상주시,0,0,0,1,0,0,0,0,0,0,0,0,경상북도,1,2023,0,0,0,0,0,1,0,0,서곡동,0,0,0,0,0,0,0,0,0,10,1,0,0,0,40,1,0,0,0,0,15,0,0,0,0,0
1985,상주시,818,0,641,736,761,727,0,173,1664,1646,0,0,경상북도,50,2023,0,0,177,26,1,280,0,0,서문동,650,120,0,0,0,0,1985,0,0,1155,2249,5,0,930,2379,900,190,622,0,243,2276,1638,678,1511,0,2
19,상주시,17,0,8,12,6,3,0,36,25,48,0,0,경상북도,1,2023,0,0,6,0,0,8,0,0,성동동,25,21,0,0,0,0,16,0,0,16,222,0,0,11,11,1,1,1,0,6,23,31,1,12,0,0
373,상주시,116,0,32,330,250,182,0,28,717,141,0,0,경상북도,6,2023,0,0,34,1,0,89,0,0,성하동,191,192,0,0,0,0,228,0,0,431,288,0,0,374,209,82,40,215,0,70,240,204,131,235,0,2
57,상주시,21,0,47,60,47,52,0,52,90,142,0,0,경상북도,38,2023,0,0,43,3,0,38,0,0,신봉동,218,31,0,0,0,0,36,0,0,37,85,0,0,158,60,15,19,48,0,47,82,202,38,31,0,1
9,상주시,97,0,12,90,4,16,0,3,48,120,0,0,경상북도,2,2023,7,0,8,0,0,9,0,0,양촌동,59,0,0,0,0,0,72,0,0,2,161,0,0,13,65,1,7,16,0,15,44,43,8,49,0,2
2,상주시,0,0,9,10,11,14,0,0,0,63,0,0,경상북도,1,2023,0,0,4,1,0,21,0,0,연원동,264,31,0,0,0,0,0,0,0,4,5,0,0,4,4,5,2,8,0,37,61,11,13,4,0,0
44,상주시,492,0,56,162,33,18,0,136,0,517,0,0,경상북도,80,2023,0,0,3,0,0,148,0,0,외남면,19,80,0,0,0,0,415,0,0,44,3,0,0,25,102,3,94,94,0,0,223,6,53,127,0,15
87,상주시,506,0,10,120,16,66,0,30,30,275,0,0,경상북도,11,2023,8,0,133,0,0,19,0,0,외답동,254,0,0,0,0,0,99,0,0,19,61,0,0,22,36,120,16,23,0,31,79,112,21,26,0,0
336,상주시,482,0,105,108,49,21,0,164,403,1370,0,0,경상북도,59,2023,0,0,132,4,0,149,0,0,외서면,532,83,0,0,0,0,272,0,0,22,161,0,0,63,132,15,117,82,0,127,310,123,64,145,0,3
716,상주시,448,0,139,361,253,99,0,143,478,599,0,0,경상북도,86,2023,1,0,138,34,0,147,0,0,은척면,1042,165,0,0,0,0,358,0,0,136,62,0,0,113,128,65,141,172,0,158,391,372,235,251,0,9
487,상주시,482,0,262,173,171,80,0,47,296,666,0,0,경상북도,68,2023,9,0,221,81,0,154,0,0,이안면,906,24,0,0,0,0,268,4,0,36,111,5,0,58,39,16,268,325,0,361,466,98,139,235,0,3
79,상주시,19,0,0,17,1,0,0,5,0,23,0,0,경상북도,29,2023,1,0,1,0,0,5,0,0,인평동,32,0,0,0,0,0,31,0,0,1,12,0,0,0,9,2,3,4,0,0,15,1,3,5,0,0
13,상주시,22,0,2,97,10,7,0,12,7,7,0,0,경상북도,9,2023,0,0,9,0,0,8,0,0,죽전동,14,3,0,0,0,0,8,1,0,9,84,0,0,37,21,7,8,3,0,11,23,55,13,50,0,0
56,상주시,41,0,7,10,19,1,0,0,17,339,0,0,경상북도,1,2023,0,0,0,0,0,9,0,0,중덕동,35,0,0,0,0,0,71,0,0,2,16,0,0,2,2,1,10,21,0,13,19,3,5,24,0,0
37,상주시,364,0,11,68,19,5,0,63,136,1185,0,0,경상북도,8,2023,1,0,63,4,0,44,0,0,중동면,404,2,0,0,0,0,222,0,0,25,215,0,0,29,14,3,56,127,0,131,125,13,57,73,0,0
1,상주시,414,0,6,0,0,1,0,2,279,1,0,0,경상북도,0,2023,0,0,51,0,0,1,0,0,지천동,12,0,0,0,0,0,1,0,0,0,30,0,0,13,0,0,2,3,0,45,3,10,3,0,0,0
172,상주시,940,0,272,391,190,204,0,250,784,1793,0,0,경상북도,80,2023,4,0,108,11,0,265,0,0,청리면,1668,2,0,0,0,0,584,0,0,60,322,0,0,79,234,61,191,393,0,375,251,420,156,257,0,40
54,상주시,258,0,69,65,50,8,0,29,167,87,0,0,경상북도,9,2023,0,0,55,0,0,8,0,0,초산동,147,1,0,0,0,0,46,0,0,5,228,0,0,24,216,6,70,44,0,75,43,328,31,82,0,0
1437,상주시,1906,0,582,1038,801,566,0,292,2426,2418,0,0,경상북도,259,2023,368,0,391,285,0,805,0,0,함창읍,2216,118,0,0,0,0,1692,217,0,738,1107,47,0,726,1429,510,630,700,0,901,2083,5513,413,1978,0,49
7,상주시,38,0,2,38,1,11,0,8,32,3,0,0,경상북도,3,2023,1,0,6,1,0,8,0,0,헌신동,16,3,0,0,0,0,13,0,0,1,20,0,0,5,78,1,8,7,0,10,17,12,9,6,0,3
13,상주시,4,0,5,40,4,1,0,5,65,9,0,0,경상북도,3,2023,0,0,9,0,0,12,0,0,화개동,10,0,0,0,0,0,28,51,0,4,37,0,0,4,29,2,7,6,0,16,26,54,10,9,0,0
428,상주시,907,0,9,118,30,2,0,20,107,998,0,0,경상북도,3,2023,0,0,5,0,0,60,0,0,화남면,41,3,0,0,0,0,359,0,0,17,36,0,0,2,98,3,18,2,0,47,459,69,19,200,0,2
684,상주시,733,0,153,698,330,42,0,52,224,1926,0,0,경상북도,202,2023,2,0,158,52,0,286,0,0,화동면,972,476,0,0,0,0,651,0,0,116,151,0,0,151,95,719,242,194,0,190,415,341,199,32,0,49
552,상주시,1448,0,125,388,130,27,0,31,485,1022,0,0,경상북도,67,2023,0,0,69,0,0,207,0,0,화북면,1081,1,0,0,0,0,402,0,0,75,290,0,0,19,362,20,21,11,0,284,341,264,11,364,0,5
0,상주시,1,0,1,0,2,0,0,0,0,0,0,0,경상북도,3,2023,0,0,1,0,0,0,0,0,화산동,2,0,0,0,0,0,1,0,0,1,0,0,0,3,0,2,0,0,0,0,1,0,2,0,0,0
509,상주시,1913,0,522,356,270,262,0,165,562,985,0,0,경상북도,177,2023,12,0,20,0,0,139,0,0,화서면,859,245,0,0,0,0,1223,0,0,186,393,0,0,285,735,118,297,530,0,232,1318,1215,432,1395,0,30
0,성주군,0,0,0,0,0,0,0,0,21,0,0,0,경상북도,0,2023,0,0,0,0,0,0,0,0,금수면,0,0,0,0,0,0,0,0,0,0,47,0,0,0,0,0,0,0,0,0,5,0,0,0,0,0
0,성주군,0,0,0,481,0,0,0,0,0,0,0,0,경상북도,0,2023,2,0,0,0,0,0,0,0,성주읍,451,0,0,0,0,0,0,0,0,499,0,0,0,0,0,0,0,0,0,0,0,0,0,4,0,0
0,성주군,0,0,0,432,0,0,0,0,0,286,0,0,경상북도,0,2023,15,0,0,0,0,0,0,0,초전면,542,0,0,0,0,0,0,0,0,184,0,0,0,0,0,0,0,0,0,0,0,0,0,239,0,0
2356,안동시,2087,0,1221,2472,3343,2893,0,1502,4064,1199,1261,0,경상북도,597,2023,2244,0,1742,311,0,2376,0,294,광석동,3354,511,0,0,0,0,2643,2191,0,2617,5171,456,0,3236,5975,995,2405,2659,0,2433,2794,6077,2385,4106,0,189
6982,안동시,6655,0,1203,8077,1565,1778,0,1059,12027,3628,809,0,경상북도,583,2023,4886,0,1498,374,38,1573,0,100,금곡동,7427,2019,0,1,0,0,9358,5236,0,5433,16407,352,0,1738,15267,920,1476,1571,0,1326,9105,17098,1652,12913,0,496
7691,안동시,3179,0,763,2151,2385,3257,0,209,2184,5710,0,0,경상북도,174,2023,33,0,421,42,6,1272,0,0,길안면,7911,2739,0,0,0,0,3585,0,0,523,2244,0,0,691,749,734,726,1494,0,1066,4662,1938,1421,1729,0,444
3676,안동시,2175,0,866,7023,1246,1341,0,508,7404,1151,170,0,경상북도,180,2023,2061,0,904,123,118,1041,0,10,남문동,2562,1436,0,18,0,0,6244,715,0,1830,6865,67,0,1094,4027,641,988,1129,0,1168,4539,5014,1055,4934,0,140
6175,안동시,3980,0,3333,10183,3035,2691,0,4248,10197,4210,1037,0,경상북도,1990,2023,5555,0,3701,1166,846,3740,0,73,남부동,4188,1322,0,91,0,0,5755,5165,0,6579,14578,512,0,1983,17625,1182,3204,3329,0,3432,10060,13528,3937,10937,0,382
2398,안동시,4031,0,130,495,322,313,0,122,1252,2036,0,0,경상북도,91,2023,46,0,143,60,0,68,0,0,남선면,4697,1593,0,0,0,0,1955,0,0,331,970,0,0,240,602,174,143,82,0,117,1423,655,290,1264,0,75
979,안동시,3682,0,178,534,276,311,0,170,1295,1811,0,0,경상북도,54,2023,97,0,211,3,0,344,0,0,남후면,3621,1371,0,0,0,0,1580,0,0,216,1450,0,0,237,913,47,91,286,0,200,1330,715,333,767,0,44
2,안동시,2,0,49,0,51,59,0,39,25,3,0,0,경상북도,26,2023,1,0,38,21,0,37,0,6,노하동,2,2,0,0,0,0,4,0,0,0,10,20,0,28,1,60,27,31,0,51,9,3,43,0,0,33
1050,안동시,614,0,62,371,143,163,0,73,502,1720,0,0,경상북도,38,2023,1,0,73,0,0,109,0,0,녹전면,2672,577,0,0,0,0,769,0,0,109,212,0,0,280,447,97,17,49,0,173,679,369,80,195,0,6
6796,안동시,6302,0,2876,7664,3828,3627,0,2534,10550,4107,741,0,경상북도,1054,2023,2999,0,3820,650,0,3521,0,102,당북동,7385,1452,0,0,0,0,8419,3318,0,4892,16984,492,0,4232,11263,2156,3641,4364,0,3097,7067,12101,3563,16234,0,417
1050,안동시,767,0,1039,1490,1755,1610,0,907,1360,301,54,0,경상북도,269,2023,830,0,1011,66,0,1062,0,16,대석동,497,30,0,0,0,0,1140,492,0,1317,2014,76,0,1840,2243,1053,1158,1111,0,997,1387,2210,1167,1776,0,106
2290,안동시,2460,0,166,2198,305,342,0,221,1900,4522,0,0,경상북도,23,2023,164,0,258,51,0,488,0,0,도산면,4288,928,0,0,0,0,2042,1,0,432,1697,6,0,353,1067,196,285,449,0,492,2072,1475,418,1915,0,112
141,안동시,193,0,76,188,96,255,0,63,140,401,0,0,경상북도,56,2023,99,0,104,28,0,139,0,0,동문동,326,7,0,0,0,0,200,88,0,222,354,20,0,124,491,88,117,118,0,146,138,447,140,274,0,36
4326,안동시,3398,0,2223,8927,1653,1263,0,1884,6916,2360,751,0,경상북도,834,2023,8658,0,2747,418,8,2541,0,59,동부동,2903,980,0,0,0,0,5267,5819,0,7401,13676,340,0,1401,13970,346,2270,1789,0,2308,8522,14266,2120,9871,0,182
859,안동시,886,0,785,1614,1202,1108,0,777,2267,840,12,0,경상북도,230,2023,1433,0,836,96,47,789,0,7,명륜동,691,65,0,0,0,0,1973,676,0,1132,5394,116,0,1052,2719,432,828,987,0,811,1631,2370,1023,6244,0,8
2250,안동시,2247,0,933,3266,1502,1643,0,1011,5209,1213,51,0,경상북도,342,2023,830,0,1316,228,413,1258,0,16,목성동,1946,538,0,66,0,0,4853,492,0,944,5019,120,0,1388,3879,958,1210,1417,0,1216,3206,3591,1645,3811,0,125
2432,안동시,2176,0,556,3776,907,696,0,396,5072,1919,55,0,경상북도,222,2023,1729,0,741,131,0,742,0,34,법상동,2146,803,0,0,0,0,3864,1218,0,1834,18962,126,0,788,5225,286,684,715,0,608,4101,6431,736,12630,0,427
1813,안동시,2011,0,816,1565,792,1038,0,787,1713,1568,188,0,경상북도,371,2023,722,0,843,303,126,713,0,108,법흥동,3583,332,0,9,0,0,1370,760,0,1066,1791,227,0,700,2128,251,780,771,0,705,2120,2421,820,1538,0,103
631,안동시,732,0,314,828,585,561,0,277,1330,266,0,0,경상북도,153,2023,653,0,573,75,4,619,0,0,북문동,443,67,0,0,0,0,1310,257,0,490,1381,58,0,660,1251,151,546,622,0,523,822,1279,719,1053,0,1
4420,안동시,2694,0,410,1143,2082,193,0,173,2277,8029,0,0,경상북도,103,2023,2,0,157,3,1,470,0,0,북후면,1295,1672,0,0,0,0,3626,0,0,317,890,0,0,119,660,1586,264,1045,0,409,2234,1762,453,1310,0,37
2173,안동시,716,0,638,3145,906,858,0,842,2437,306,508,0,경상북도,440,2023,2218,0,935,272,0,1300,0,106,삼산동,1295,111,0,0,0,0,1689,1979,0,2606,3896,248,0,992,5509,200,1102,916,0,1090,2784,4843,1215,3532,0,55
24,안동시,289,0,351,65,84,93,0,372,57,77,0,0,경상북도,50,2023,4,0,24,12,0,27,0,0,상아동,195,0,0,0,0,0,362,1,0,312,98,11,0,22,355,20,43,213,0,45,383,774,288,44,0,2
159,안동시,162,0,66,300,126,113,0,49,439,43,0,0,경상북도,26,2023,128,0,126,21,29,163,0,0,서부동,109,9,0,3,0,0,488,39,0,60,454,21,0,151,197,36,161,156,0,150,367,274,191,382,0,6
2247,안동시,8101,0,2087,2169,2217,2128,0,2065,3363,4293,193,0,경상북도,1210,2023,681,0,1604,1114,0,1717,0,298,서후면,3538,2707,0,0,0,0,4301,536,0,850,4165,1331,0,2164,3706,1016,1759,1774,0,1616,4634,6479,2704,4146,0,347
0,안동시,0,0,1,0,0,0,0,0,0,0,0,0,경상북도,0,2023,0,0,0,0,0,0,0,0,석동동,0,0,0,0,0,0,1,0,0,0,0,0,0,1,0,0,0,3,0,0,1,31,8,0,0,0
0,안동시,163,0,96,1,4,46,0,131,0,0,0,0,경상북도,63,2023,0,0,0,0,0,3,0,0,성곡동,20,0,0,0,0,0,191,0,0,124,8,0,0,26,236,0,0,128,0,0,325,407,98,0,0,0
18109,안동시,17089,0,3978,25784,2969,3548,32,4324,22418,13296,3597,0,경상북도,3023,2023,9151,0,3955,2471,22,3347,0,2209,송천동,18016,3123,0,4,0,0,21780,10967,0,15174,37741,3001,1,3370,33865,1352,3528,2696,0,3802,21120,46198,3789,29988,0,254
54457,안동시,54275,0,31549,51395,23156,23122,1,30232,60373,56779,4829,0,경상북도,15282,2023,30937,0,31673,10650,8,22183,0,1642,송현동,80632,13455,0,2,0,0,49377,39756,0,43949,92700,9903,3,21302,83857,18197,23993,19940,0,22687,65373,78251,24595,70329,0,3333
2169,안동시,2043,0,800,2542,1095,1885,0,959,2497,4485,56,0,경상북도,484,2023,940,0,848,99,0,997,0,52,수상동,3455,346,0,0,0,0,2501,2162,0,2066,6031,308,0,959,4583,1772,925,1010,0,928,3364,9948,1153,3213,0,534
5,안동시,327,0,14,131,2,18,0,4,154,120,0,0,경상북도,3,2023,0,0,32,0,0,12,0,0,수하동,614,229,0,0,0,0,62,0,0,9,226,0,0,11,33,3,4,7,0,16,12,78,1,67,0,2
101,안동시,181,0,16,84,25,35,0,18,58,57,0,0,경상북도,14,2023,42,0,15,11,0,35,0,0,신세동,157,7,0,0,0,0,130,34,0,111,197,3,0,35,231,8,31,21,0,23,106,175,17,214,0,2
1609,안동시,2196,0,605,1989,822,743,0,648,3298,2738,12,0,경상북도,438,2023,699,0,851,311,111,540,0,2,신안동,1592,1203,0,0,0,0,2919,268,0,470,3215,249,0,637,2209,444,586,730,0,560,2577,1878,652,2388,0,7
3694,안동시,5230,0,983,3685,628,922,0,1097,4491,8326,70,0,경상북도,535,2023,1554,0,1078,580,1,689,0,68,안기동,8188,1347,0,0,0,0,3715,766,0,2004,4980,238,0,865,4095,996,789,968,0,1135,4262,4703,719,3766,0,32
6118,안동시,7149,0,1021,5162,1345,1695,0,1183,6574,8168,1039,0,경상북도,720,2023,2486,0,1595,340,98,917,0,42,안막동,12550,2025,0,0,0,0,6691,1072,0,2811,11729,324,0,1100,9903,882,1149,1122,0,868,7820,11679,863,6250,0,170
2765,안동시,5381,0,91,1241,285,1442,0,43,1997,4303,0,0,경상북도,2,2023,0,0,113,0,1,826,0,0,예안면,3824,986,0,0,0,0,1215,0,0,49,817,0,0,1971,276,538,514,255,0,293,1439,669,606,1349,0,80
38552,안동시,49984,0,12661,38237,8050,6448,0,14015,37318,80349,11084,0,경상북도,7846,2023,31797,0,13222,5196,28,10202,0,829,옥동,75356,13907,0,0,0,0,36134,32176,0,32546,43645,4680,0,7357,47246,3631,10667,8929,0,9836,41615,45721,10855,38541,0,578
28079,안동시,19607,0,5069,26636,12651,10316,0,3685,35622,11356,586,0,경상북도,1611,2023,3869,0,7387,906,142,8175,0,174,옥야동,16765,3380,0,3,0,0,31076,2309,0,6844,28825,608,0,13740,17761,7146,7872,12025,0,9519,26112,23095,8707,23435,0,1350
6723,안동시,4875,0,242,2993,738,852,0,383,3062,4277,0,0,경상북도,15,2023,203,0,647,76,0,497,0,0,와룡면,8067,993,0,0,0,0,4331,9,0,416,2871,0,0,1725,1919,252,364,642,0,588,1593,1194,540,2207,0,82
42875,안동시,57107,0,16156,38890,9612,10544,0,16404,45472,54628,8095,0,경상북도,8493,2023,21305,0,15296,6012,1702,11369,0,2090,용상동,86521,15813,0,433,0,0,40582,18685,0,27214,44755,5288,1,9454,49677,5238,13232,11224,0,12445,46203,52283,11905,42274,0,1155
2441,안동시,3213,0,592,2039,272,212,0,643,1974,3556,101,0,경상북도,327,2023,845,0,634,270,0,455,0,118,운안동,3531,548,0,0,0,0,1897,638,0,1300,1835,257,0,269,2320,105,589,381,0,587,2449,2353,449,1616,0,29
7191,안동시,5915,0,8597,13599,5635,4005,0,6331,11813,2997,5202,0,경상북도,3687,2023,12864,0,7416,1702,829,6952,0,480,운흥동,6370,2035,0,149,0,0,10121,12354,0,15215,18570,1049,1,4738,23534,2722,6710,6915,0,6610,12797,23873,7077,16415,0,577
467,안동시,436,0,34,210,191,81,0,38,196,575,0,0,경상북도,2,2023,10,0,37,1,0,68,0,0,이천동,637,156,0,0,0,0,523,0,0,26,161,0,0,72,139,65,58,61,0,89,176,7,53,205,0,256
2751,안동시,4974,0,293,1305,478,63,0,180,1526,5953,0,0,경상북도,125,2023,150,0,432,42,0,243,0,0,일직면,3433,2451,0,0,0,0,3248,0,0,232,2481,0,0,128,748,42,204,287,0,229,2264,908,281,1200,0,215
4806,안동시,5114,0,253,840,1881,229,0,569,1904,7390,0,0,경상북도,13,2023,6,0,1895,7,1,2075,0,0,임동면,1998,677,0,0,0,0,5321,0,0,554,2648,0,0,2101,646,65,2082,2216,0,575,2330,521,1636,4383,0,29
4067,안동시,3208,0,142,1455,388,563,0,132,2244,2978,10,0,경상북도,174,2023,74,0,228,92,0,266,0,1,임하면,3474,1227,0,0,0,0,1881,18,0,440,1636,41,0,179,1804,212,211,321,0,283,1343,1112,337,1105,0,243
488,안동시,689,0,97,506,255,126,0,162,883,706,669,0,경상북도,81,2023,392,0,132,132,0,104,0,9,정상동,690,9,0,0,0,0,285,212,0,423,1102,49,0,158,2273,53,113,121,0,137,832,1144,160,525,0,22
7934,안동시,8411,0,2074,8027,1300,2001,0,2129,9369,15629,94,0,경상북도,1621,2023,5600,0,2012,728,1,1392,0,244,정하동,16189,2444,0,0,0,0,6572,6124,0,8587,10564,904,0,1585,12506,569,1790,1246,0,1488,8638,13580,1489,9945,0,432
955,안동시,763,0,2356,1318,2443,1683,0,1890,1687,840,363,0,경상북도,1047,2023,566,0,2413,356,0,2496,0,162,천리동,851,140,0,0,0,0,1440,664,0,699,1782,273,0,1947,1255,1066,2228,2569,0,2407,1285,1640,2458,1624,0,211
21836,안동시,25718,0,9329,23115,6969,7543,0,9853,30391,27811,3751,0,경상북도,5318,2023,14166,0,9419,3405,0,7875,0,768,태화동,40116,16544,0,0,0,0,21502,15223,0,17881,50350,3083,1,6468,28912,4140,8636,7073,0,7743,28582,40410,8717,64815,0,1262
5327,안동시,6411,0,1266,3820,1181,1228,0,1400,4396,4744,431,0,경상북도,656,2023,1493,0,1398,290,0,1177,0,318,평화동,9628,2904,0,0,0,0,4455,1258,0,2002,4406,382,0,1127,4400,760,1240,1126,0,1136,4566,4976,1236,3825,0,180
23265,안동시,27077,0,6553,21821,8464,9839,0,4364,23936,22760,1002,0,경상북도,2052,2023,5424,0,6365,1347,0,5833,0,338,풍산읍,23474,3631,0,0,0,0,23556,3311,0,9318,35137,1506,0,7916,24608,6273,5756,5695,0,6620,28278,32983,6670,24213,0,1581
13119,안동시,12912,0,3447,10979,6366,3821,2,3665,12030,18703,2087,0,경상북도,2019,2023,3885,0,3825,1034,0,3644,0,679,풍천면,19777,3365,0,0,0,0,11752,4187,0,7149,29373,1378,2,3782,14170,1440,3352,6599,0,4108,12831,16159,5779,33044,0,306
1524,안동시,1311,0,960,1550,2053,1534,0,947,1904,458,216,0,경상북도,432,2023,475,0,1327,194,0,1786,0,91,화성동,2050,53,0,0,0,0,1727,404,0,754,2571,241,1,1923,1556,482,1611,2054,0,1690,1569,1923,1957,3028,0,117
0,영덕군,0,0,0,0,0,20,0,0,1,0,0,0,경상북도,0,2023,0,0,19,0,0,0,0,0,남정면,97,0,0,0,0,0,16,0,0,0,52,0,0,0,0,0,0,3,0,2,0,0,0,0,0,0
10186,영주시,12421,0,7992,11414,5663,6785,0,7271,13127,22126,3156,0,경상북도,3596,2023,7829,0,7661,2268,0,6413,0,359,가흥동,19571,1940,0,0,0,0,10550,4901,0,7340,20659,1305,0,6489,16473,4842,6616,5159,0,6013,14786,17725,6777,17876,0,492
121,영주시,92,0,178,51,2,8,0,27,71,251,0,0,경상북도,6,2023,0,0,16,0,0,11,0,0,고현동,266,0,0,0,0,0,0,0,0,1,33,0,0,36,16,9,53,5,0,12,98,9,21,14,0,3
33,영주시,629,0,233,286,216,227,0,107,154,1590,0,0,경상북도,33,2023,20,0,386,12,0,194,0,0,단산면,2322,35,0,0,0,0,255,0,0,270,1232,0,0,89,343,97,66,26,0,717,1558,15,345,169,0,12
13,영주시,914,0,45,351,42,83,0,55,1428,234,0,0,경상북도,72,2023,0,0,134,0,0,89,0,0,문수면,1576,652,0,0,0,0,407,2,0,87,160,0,0,38,108,4,150,243,0,100,457,281,177,552,0,45
9488,영주시,10226,0,5037,11403,4606,4476,0,4921,12834,17358,106,0,경상북도,2188,2023,4591,0,5864,1548,0,5184,0,118,문정동,13325,1577,0,0,0,0,10483,3263,0,6283,20743,995,0,4425,14269,2734,5703,4701,0,4851,13192,17417,5480,18599,0,307
635,영주시,2913,0,632,750,461,590,0,245,1222,2681,84,0,경상북도,381,2023,152,0,382,47,0,694,0,111,봉현면,919,31,0,0,0,0,928,50,0,279,466,61,1,437,499,181,712,457,0,866,543,1427,354,1093,0,20
2095,영주시,1845,0,845,1016,964,1071,0,449,1565,3493,0,0,경상북도,391,2023,89,0,681,72,0,439,0,0,부석면,4562,168,0,0,0,0,1558,0,0,231,893,0,0,99,560,180,917,1193,0,1266,1830,1134,961,918,0,115
1255,영주시,1313,0,351,1167,312,312,0,338,1452,1595,7,0,경상북도,203,2023,169,0,625,191,0,388,0,5,상망동,2005,25,0,0,0,0,824,101,0,336,1622,82,0,326,907,366,565,300,0,326,1192,1090,309,859,0,23
452,영주시,273,0,249,53,191,213,0,146,52,216,13,0,경상북도,86,2023,23,0,147,68,0,204,0,10,상줄동,158,4,0,0,0,0,37,7,0,115,66,29,0,218,165,160,95,226,0,156,105,554,276,118,0,35
917,영주시,1741,0,55,401,301,526,0,308,462,946,0,0,경상북도,369,2023,26,0,880,13,0,632,0,0,순흥면,997,40,0,0,0,0,522,0,0,240,937,0,0,228,659,36,182,137,0,652,746,169,431,882,0,17
105,영주시,98,0,0,34,0,2,0,1,62,227,0,0,경상북도,0,2023,0,0,2,0,0,9,0,0,아지동,161,0,0,0,0,0,3,0,0,2,5,0,0,5,2,3,16,15,0,4,84,3,10,10,0,0
1664,영주시,2839,0,471,709,322,334,0,325,466,2756,42,0,경상북도,131,2023,40,0,453,26,0,586,0,25,안정면,2150,297,0,0,0,0,1423,22,0,307,424,85,0,822,848,148,545,355,0,302,1916,870,692,576,0,252
9281,영주시,10458,1,7339,13000,10230,9590,0,6685,16922,22179,807,2,경상북도,2853,2023,7030,2,8549,1734,71,9328,1,152,영주동,13064,2685,0,3,1,5,11801,5827,0,8400,28777,1039,3,13436,18827,5372,8088,7506,0,7593,16155,25116,10246,25384,3,708
667,영주시,1951,0,107,183,243,198,0,166,311,925,0,0,경상북도,227,2023,2,0,69,6,0,287,0,0,이산면,100,43,0,0,0,0,946,0,0,150,250,0,0,83,137,20,121,132,0,249,879,399,264,145,0,27
814,영주시,1672,0,262,808,162,335,0,156,394,1444,0,0,경상북도,112,2023,30,0,202,43,0,165,0,0,장수면,1820,353,0,0,0,0,520,0,0,300,698,0,0,329,373,400,320,283,0,146,776,1065,438,762,0,9
0,영주시,58,0,0,0,0,0,0,0,3,0,0,0,경상북도,0,2023,0,0,0,0,0,0,0,0,적서동,1,0,0,0,0,0,2,0,0,0,0,0,0,2,0,0,1,1,0,24,35,0,12,3,0,0
0,영주시,27,0,116,21,0,103,0,18,31,2,0,0,경상북도,27,2023,0,0,40,0,0,41,0,0,조암동,21,2,0,0,0,0,29,0,0,5,48,0,0,173,43,26,44,47,0,85,55,45,67,174,0,0
142,영주시,267,0,0,39,2,0,0,1,32,300,0,0,경상북도,1,2023,0,0,0,0,0,0,0,0,조와동,13,0,0,0,0,0,64,0,0,11,87,0,0,6,6,5,1,2,0,0,20,6,0,15,0,0
2,영주시,57,0,6,16,24,52,0,3,2,27,0,0,경상북도,5,2023,0,0,13,0,0,34,0,0,창진동,0,0,0,0,0,0,0,0,0,1,3,0,0,11,0,107,2,0,0,6,79,4,47,6,0,3
296,영주시,823,0,89,105,54,140,0,56,85,598,0,0,경상북도,35,2023,0,0,23,0,0,67,0,0,평은면,561,200,0,0,0,0,514,0,0,224,210,0,0,157,87,13,82,33,0,124,336,117,64,408,0,11
5834,영주시,8524,0,2580,5313,2391,2588,0,3340,2569,11002,254,0,경상북도,1552,2023,1146,0,3569,663,0,2447,0,535,풍기읍,8631,1209,0,0,0,0,6389,639,0,2696,4668,1256,0,2659,4153,1360,1859,2887,0,1780,5747,6252,2770,3891,0,289
14711,영주시,9808,0,4777,15802,6779,5074,0,4327,18593,8145,571,0,경상북도,1553,2023,6608,0,5276,963,1,6765,0,89,하망동,10251,1362,0,0,0,0,15397,3798,0,8438,23407,812,0,7281,21314,3818,6170,7154,0,6050,17253,21054,7032,19499,0,503
17547,영주시,24440,1,9729,20974,7523,8184,3,9178,22444,34025,1326,11,경상북도,4506,2023,6036,1,10958,2220,8,8404,2,385,휴천동,32033,6124,0,0,1,7,21216,4425,4,8677,37599,1684,3,9648,25417,7545,8990,8031,3,8871,23785,28886,9021,29845,1,641
4429,영천시,3826,0,1207,2479,769,417,4,990,3144,4475,415,0,경상북도,543,2023,901,0,993,466,1001,890,0,302,금호읍,4407,773,0,32,0,0,2625,774,0,936,3268,293,270,531,2419,504,1254,848,0,749,3364,2515,1016,2915,0,545
249,영천시,0,0,0,0,88,0,0,43,0,0,0,0,경상북도,11,2023,0,0,0,0,0,0,0,0,북안면,0,233,0,0,0,0,0,0,0,5,0,0,0,0,21,0,0,0,0,0,0,0,0,0,0,0
0,영천시,0,0,0,0,0,0,0,0,0,0,0,0,경상북도,0,2023,0,0,0,0,0,0,0,0,오수동,0,0,0,0,0,0,0,0,0,0,0,1,0,0,0,0,0,0,0,0,0,0,0,0,0,0
2131,예천군,2995,0,363,1093,654,730,0,32,1254,2213,0,0,경상북도,207,2023,0,0,368,0,0,678,0,0,감천면,1352,464,0,0,0,0,523,0,0,136,107,0,0,544,212,535,266,913,0,727,341,485,366,497,0,169
1317,예천군,1078,0,160,241,337,67,0,175,688,1676,0,0,경상북도,119,2023,0,0,153,0,0,203,0,0,개포면,2512,95,0,0,0,0,397,0,0,17,531,0,0,61,185,157,136,434,0,396,539,410,476,162,0,12
127,예천군,2006,0,29,270,4,161,0,44,624,1545,0,0,경상북도,20,2023,0,0,90,0,0,132,0,0,보문면,249,178,0,0,0,0,152,0,0,122,120,0,0,44,13,28,141,143,0,35,318,6,258,183,0,18
24815,예천군,21528,0,5002,20604,11208,13123,46,5513,29384,29896,1796,9,경상북도,2628,2023,4319,0,9765,1676,232,6929,0,1395,예천읍,26282,6983,0,0,0,0,27112,4316,2,9289,31771,1339,276,15922,23372,10488,6685,8422,9,10429,24692,28433,7348,22965,0,478
1100,예천군,1244,0,266,403,461,1368,0,279,807,3953,0,0,경상북도,108,2023,2,0,83,0,0,272,0,0,용궁면,1829,24,0,0,0,0,1210,0,0,73,286,0,0,412,325,360,147,1201,0,244,820,1029,567,487,0,2
1042,예천군,2592,0,303,984,411,58,0,156,103,1418,0,0,경상북도,119,2023,25,0,322,37,0,408,0,0,용문면,637,43,0,0,0,0,1057,0,0,49,192,0,0,316,74,25,224,190,0,649,654,683,331,350,0,11
35,예천군,4546,0,477,334,160,1285,0,114,18,4205,0,0,경상북도,121,2023,19,0,247,0,0,131,0,0,유천면,2354,907,0,0,0,0,1253,0,0,120,191,0,0,363,51,94,107,615,0,87,809,331,814,171,0,4
1249,예천군,964,0,395,431,324,299,0,226,777,2888,0,0,경상북도,179,2023,59,0,243,0,0,218,0,0,은풍면,566,67,0,0,0,0,487,0,0,208,201,0,0,293,246,72,53,378,0,374,879,2602,317,448,0,77
2723,예천군,1486,0,114,711,680,726,0,155,2089,2857,0,0,경상북도,69,2023,12,0,303,4,0,282,0,0,지보면,7450,49,0,0,0,0,728,2,0,184,626,3,0,545,128,590,259,322,0,774,831,466,519,442,0,15
1127,예천군,1598,0,207,517,309,662,0,309,890,1849,0,0,경상북도,133,2023,0,0,390,6,0,350,0,0,풍양면,2969,216,0,0,0,0,1325,0,0,279,490,0,0,594,422,209,562,829,0,675,1055,798,370,863,0,5
16259,예천군,24301,0,7813,13708,4591,6046,1818,7086,16728,38088,12349,0,경상북도,4673,2023,12138,0,7169,2396,0,5940,0,1397,호명면,54829,8378,0,0,0,0,18550,15427,0,15325,24313,2546,58,5438,22455,2778,6936,6155,0,5476,18722,26988,6841,18561,0,692
909,예천군,323,0,291,265,153,351,0,151,437,1585,0,0,경상북도,42,2023,4,0,265,0,0,267,0,0,효자면,612,162,0,0,0,0,72,0,0,65,29,0,0,165,27,3,121,135,0,298,327,218,37,133,0,27
627,의성군,515,0,53,191,35,18,0,67,183,1719,0,0,경상북도,2,2023,0,0,1,0,0,44,0,0,가음면,680,2,0,0,0,0,401,0,0,17,91,0,0,37,48,24,42,57,0,35,275,50,35,320,0,2
131,의성군,403,0,11,1,0,2,0,0,4,0,0,0,경상북도,9,2023,0,0,5,0,0,0,0,0,구천면,8,139,0,0,0,0,0,0,0,1,29,0,0,9,0,2,0,0,0,1,47,80,9,7,0,1
1513,의성군,1114,0,179,1149,490,758,0,197,1135,1644,0,0,경상북도,53,2023,0,0,147,0,0,346,0,0,금성면,2395,112,0,0,0,0,1886,0,0,296,648,0,0,158,1009,550,216,253,0,224,1005,1391,215,700,0,5
753,의성군,65,0,61,98,54,301,0,15,294,1175,0,0,경상북도,23,2023,0,0,52,0,0,31,0,0,다인면,1272,49,0,0,0,0,534,0,0,15,247,0,0,42,30,8,22,106,0,136,110,261,37,172,0,1
305,의성군,47,0,5,39,15,2,0,9,23,371,0,0,경상북도,47,2023,4,0,22,0,0,4,0,0,단밀면,339,60,0,0,0,0,7,0,0,4,106,0,0,4,26,1,5,1,0,2,154,9,14,14,0,0
66,의성군,293,0,6,369,21,90,0,14,77,234,0,0,경상북도,7,2023,0,0,17,0,0,26,0,0,단북면,161,40,0,0,0,0,154,0,0,4,14,0,0,14,50,4,0,8,0,13,27,361,75,13,0,0
491,의성군,1213,0,66,486,143,47,0,55,438,663,0,0,경상북도,43,2023,0,0,65,0,0,97,0,0,단촌면,491,239,0,0,0,0,600,0,0,38,235,0,0,59,131,103,44,114,0,84,509,209,81,227,0,5
885,의성군,2101,0,93,586,266,232,0,135,715,1719,0,0,경상북도,95,2023,0,0,126,0,0,203,0,0,봉양면,2837,56,0,0,0,0,2893,0,0,264,1160,0,0,294,628,560,103,852,0,190,1305,837,262,1174,0,3
720,의성군,635,0,15,181,110,36,0,63,77,892,0,0,경상북도,2,2023,0,0,20,0,0,76,0,0,비안면,873,0,0,0,0,0,176,0,0,8,97,0,0,35,323,7,158,44,0,31,467,319,73,252,0,0
505,의성군,600,0,11,217,10,10,0,0,840,1151,0,0,경상북도,115,2023,0,0,58,0,0,52,0,0,사곡면,924,225,0,0,0,0,49,0,0,66,199,0,0,35,108,1,82,63,0,97,34,53,31,183,0,26
709,의성군,163,0,6,72,4,26,0,56,1815,2976,0,0,경상북도,3,2023,0,0,16,0,0,9,0,0,신평면,591,49,0,0,0,0,0,0,0,4,235,0,0,30,45,226,38,0,0,144,49,73,0,50,0,2
2605,의성군,2471,3,314,1905,556,575,6,258,1972,2912,17,26,경상북도,106,2023,14,2,215,1,2,382,6,4,안계면,2403,291,0,1,2,3,2093,13,3,348,1523,5,1,539,2340,605,511,533,12,326,1778,1828,375,1734,0,29
296,의성군,577,0,10,74,2,4,0,8,95,357,0,0,경상북도,0,2023,0,0,0,0,0,11,0,0,안사면,106,569,0,0,0,0,1,0,0,6,0,0,0,2,15,7,3,0,0,1,70,9,3,163,0,5
787,의성군,1560,0,76,358,279,290,0,7,727,1460,0,0,경상북도,53,2023,0,0,153,0,0,137,0,0,안평면,771,61,0,0,0,0,231,0,0,28,254,0,0,509,200,45,181,84,0,454,1126,352,302,477,0,2
815,의성군,460,0,6,246,8,14,0,20,210,731,0,0,경상북도,10,2023,0,0,14,0,0,17,0,0,옥산면,877,6,0,0,0,0,44,0,0,1,27,0,0,20,32,4,30,30,0,6,25,234,44,120,0,0
10382,의성군,11199,11,1273,9435,3485,3263,32,866,9971,9622,25,16,경상북도,457,2023,34,11,1309,4,10,2197,2,18,의성읍,13507,1732,0,5,1,1,10339,43,6,2821,6895,18,19,3358,8969,2708,1810,2007,12,2053,10773,10269,1925,8133,8,66
808,의성군,656,0,84,270,22,37,0,41,343,292,0,0,경상북도,166,2023,0,0,85,0,0,66,0,0,점곡면,1129,70,0,0,0,0,142,0,0,15,8,0,0,18,53,1,25,132,0,29,355,211,58,434,0,0
711,의성군,551,0,13,441,4,15,0,21,265,497,0,0,경상북도,16,2023,0,0,0,0,0,89,0,0,춘산면,872,270,0,0,0,0,22,0,0,11,180,0,0,49,203,3,23,70,0,20,209,30,10,129,0,0
4,청도군,0,0,1,3,0,0,0,0,0,22,0,0,경상북도,0,2023,0,0,0,0,0,0,0,0,운문면,0,0,0,0,0,0,3,0,0,0,0,0,0,0,0,8,0,2,0,0,0,6,0,0,0,0
0,청송군,0,0,1,0,0,2,0,0,0,0,0,0,경상북도,0,2023,0,0,0,0,0,0,0,0,부남면,717,0,0,0,0,0,0,0,0,0,0,0,0,0,9,0,0,0,0,0,101,51,0,0,0,0
6,청송군,0,0,8,0,0,0,0,2,0,60,0,0,경상북도,4,2023,0,0,0,1,0,0,0,0,파천면,0,0,0,0,0,0,0,0,0,4,0,0,0,0,2,0,0,0,0,0,4,288,1,38,0,0
98,청송군,421,0,0,39,2,0,0,34,309,26,0,0,경상북도,4,2023,0,0,0,0,0,9,0,0,현서면,0,1,0,0,0,0,1,0,0,2,6,0,0,44,44,3,18,3,0,28,29,0,8,103,0,1
3006,칠곡군,3560,0,0,2424,58,10,310,0,1910,2906,45,0,경상북도,22,2023,710,0,2,14,1,58,0,6,가산면,1579,429,0,0,0,0,1033,253,0,1102,2794,3,0,107,1903,23,49,0,0,0,2083,2597,0,1112,0,0
21432,칠곡군,21328,0,5029,18131,7581,11260,10,4556,16449,13851,1149,0,경상북도,2897,2023,6540,0,9058,3209,2850,5806,0,874,동명면,17155,7423,0,179,0,0,16567,4045,0,10118,21203,1885,210,9427,28843,6085,7973,6367,0,6552,21132,34745,6308,22535,0,5347
22493,칠곡군,24392,0,0,18897,0,0,1679,0,20487,44676,4157,0,경상북도,0,2023,10128,0,0,0,0,0,0,0,북삼읍,25579,9642,0,0,0,0,17557,7470,0,12284,19171,0,0,0,18317,0,0,0,0,0,19747,18627,0,17852,0,0
15846,칠곡군,18943,0,0,10551,0,0,2,0,14147,37586,3153,0,경상북도,0,2023,5802,0,0,0,0,0,0,0,석적읍,18205,8238,0,0,0,0,10879,4263,0,7445,12389,0,0,0,11632,0,0,0,0,0,13241,14120,0,13373,0,0
335,칠곡군,815,0,0,457,0,0,3,0,225,391,13,0,경상북도,0,2023,44,0,0,0,0,0,0,0,약목면,210,108,0,0,0,0,201,17,0,44,375,0,0,0,211,0,0,0,0,0,584,334,0,115,0,0
5503,칠곡군,3101,0,0,8438,0,0,8,0,10012,3806,2917,0,경상북도,0,2023,7934,0,0,0,0,0,0,0,왜관읍,4877,657,0,0,0,0,4693,4276,0,8332,16311,0,0,0,16320,0,0,0,0,0,10726,15894,0,12486,0,0
0,칠곡군,109,0,10,103,0,0,0,11,297,38,0,0,경상북도,6,2023,33,0,0,4,1,25,0,1,지천면,56,28,0,0,0,0,56,0,0,39,0,4,3,33,35,1,16,7,0,0,140,249,9,415,0,2
9291,포항시,11617,0,8223,12099,6823,9909,323,9270,11384,9613,4151,0,경상북도,4457,2023,6606,0,7856,3175,579,7251,0,2508,괴동동,11777,4452,0,473,0,0,9759,6306,0,7049,13529,3234,208,9494,13325,7588,7426,7709,0,8217,11007,13217,7491,11313,0,3501
17696,포항시,12271,0,5071,18410,7557,5083,163,3291,15121,12209,1061,0,경상북도,2108,2023,4843,0,6274,1412,2483,7616,0,500,구룡포읍,14780,9005,0,2,0,0,16953,4080,0,7883,19815,1030,122,4612,14143,2855,6216,7940,0,7525,17412,17620,8489,17956,0,1755
10165,포항시,9049,0,2236,7242,2178,3542,0,870,7309,9905,192,0,경상북도,890,2023,1514,0,2125,626,616,2959,0,63,기계면,12467,2539,0,1,0,0,10476,554,0,1567,6273,229,21,6708,3821,4892,1902,5554,0,2149,3934,5939,1728,5674,0,726
1161,포항시,61,0,31,293,168,123,0,64,1168,1151,0,0,경상북도,7,2023,6,0,26,33,0,77,0,0,기북면,4080,686,0,0,0,0,826,0,0,26,1195,0,0,1,348,58,221,169,0,213,1,198,1,723,0,12
408,포항시,347,0,69,727,139,114,0,85,433,308,70,0,경상북도,42,2023,91,0,104,26,78,194,0,7,남빈동,941,44,0,0,0,0,589,80,0,127,442,17,0,151,192,75,104,122,0,82,407,844,119,431,0,6
43703,포항시,46928,0,12254,40576,10474,10818,7469,12876,48030,41857,17891,0,경상북도,7319,2023,22253,0,11031,5768,6524,11022,0,4627,대도동,52753,23922,0,407,0,0,46383,24385,0,27126,52623,5817,1610,11677,51378,5792,11287,9907,0,9881,42735,57288,11142,45631,0,2216
7196,포항시,7787,0,843,7475,1344,980,46,1334,5146,8055,520,0,경상북도,662,2023,2644,0,815,357,1888,1209,0,246,대송면,10131,4669,0,18,0,0,6515,1195,0,3321,5486,320,33,636,7165,1693,870,989,0,563,6586,10137,548,4872,0,1127
3860,포항시,4203,0,1672,6352,1248,1925,949,2073,6385,4814,3186,25,경상북도,980,2023,4226,0,1849,755,118,1463,0,651,대신동,5058,2777,0,86,0,0,4887,4988,7,4959,11297,845,140,1463,11065,1169,1590,1247,0,1499,6289,10001,1584,6965,0,352
25182,포항시,27663,0,9206,29068,6480,6745,6171,10600,29638,30674,17744,0,경상북도,6669,2023,21786,0,8707,5082,795,8034,0,3678,대잠동,38025,11247,0,329,0,0,27831,23104,5,23309,31163,4877,1281,6507,38004,4616,8822,7459,0,7737,28690,40293,7847,33152,0,2157
1020,포항시,1429,0,264,1303,199,304,30,299,1207,2302,127,0,경상북도,197,2023,358,0,284,129,0,185,0,183,대흥동,2490,680,0,5,0,0,925,220,0,454,1858,101,42,138,673,307,195,178,0,167,1613,1002,198,1388,0,114
50663,포항시,44472,0,29619,71210,36750,30114,3956,26044,68054,34414,13081,22,경상북도,13001,2023,24251,0,35404,9765,1178,36075,0,5583,덕산동,46846,19397,0,1890,0,0,62247,22639,5,32774,75803,8158,1359,31655,60965,22095,38104,39028,0,39642,65413,71038,35403,80148,0,13417
8757,포항시,9073,0,9572,15905,7712,5127,1448,8236,13259,5230,9654,0,경상북도,4864,2023,17137,0,9592,3639,535,10041,0,2979,덕수동,8973,2113,0,932,0,0,9591,18205,0,17731,20842,3351,525,6646,23075,2884,9444,9846,0,10060,14251,23446,9547,16666,0,2034
520,포항시,983,0,16,654,74,4,5,20,622,1746,85,0,경상북도,14,2023,165,0,43,8,210,51,0,5,동빈1가,1462,729,0,0,0,0,784,152,0,368,726,5,0,8,446,11,36,88,0,40,647,601,58,591,0,2
1662,포항시,1880,0,1432,2841,990,535,193,1144,2068,2459,1116,8,경상북도,659,2023,4087,0,1447,431,87,1475,0,249,동빈2가,3090,953,0,6,0,0,1906,1268,11,3112,3105,350,96,983,3318,237,1512,1335,0,1342,2771,3313,1660,3346,0,123
10204,포항시,9690,0,6462,16578,4503,3650,1761,6244,14760,12137,9366,16,경상북도,3718,2023,11380,0,6405,3312,126,5756,0,2006,동촌동,11569,4030,0,125,0,0,13446,12929,6,14629,28048,2967,582,3485,26251,6406,6458,5327,0,5718,14022,28826,5175,19093,0,1932
29430,포항시,35092,0,8529,23821,7385,6524,518,6372,27671,33087,4400,2,경상북도,3667,2023,7371,0,8353,2429,4846,7367,0,1528,동해면,35130,21742,0,24,0,0,26084,4295,0,10124,24960,1952,269,7356,24304,3479,7758,8459,0,7827,26868,28165,7117,21438,0,1136
14305,포항시,16692,0,5016,13782,2264,1925,1935,6018,16130,18143,6558,4,경상북도,4866,2023,7480,0,4582,3346,2185,3952,0,1665,두호동,20565,8807,0,43,0,0,14938,7514,25,8908,14425,2432,603,2301,14914,799,4772,3592,0,4025,14544,15506,4009,15092,0,526
5472,포항시,6862,0,1010,5474,632,512,291,1087,5961,6122,1764,0,경상북도,822,2023,2214,0,920,658,655,939,0,503,득량동,8503,3846,0,17,0,0,4263,1847,0,2802,5408,482,104,538,4854,246,1039,632,0,843,5906,5696,788,6016,0,91
78182,포항시,69123,0,48758,91550,37378,44892,20321,50930,97910,55191,65809,7,경상북도,29133,2023,77306,0,44062,24115,6071,38298,0,18016,상도동,80151,28595,0,4361,0,0,86229,83809,1,86191,118967,24225,5236,41533,128678,31215,40980,36145,0,39397,89849,132159,39322,105988,0,17605
1883,포항시,2273,0,1621,4117,1954,1870,77,1083,2775,1940,345,0,경상북도,715,2023,708,0,1293,396,112,1550,0,206,상원동,1541,336,0,59,0,0,4149,407,0,1508,2891,301,30,1515,2339,1180,1486,2442,0,2176,3393,2789,1741,5174,0,685
2626,포항시,2484,0,1843,6092,921,1367,542,2286,4752,4518,3465,2,경상북도,1021,2023,3578,0,1451,688,484,1247,0,513,송내동,2754,3041,0,703,0,0,3908,4706,2,6162,21861,922,165,1203,14438,2969,1282,1162,0,1374,4142,25928,1295,9091,0,2371
39288,포항시,42213,0,23139,49817,19768,23177,4953,23431,48059,38785,18791,11,경상북도,12713,2023,34048,0,22714,10517,4523,23322,0,8030,송도동,54324,22956,0,1899,0,0,43161,23704,7,31615,56293,10579,1721,20574,62984,14707,23919,22406,0,22921,45815,64317,24119,54825,0,7245
2643,포항시,5132,0,654,5478,1649,437,0,541,3608,4914,55,0,경상북도,435,2023,265,0,693,192,330,1066,0,37,송라면,3918,1788,0,0,0,0,3194,153,0,1181,4726,138,1,2177,3034,1613,1152,1364,0,1558,4940,3645,1416,6256,0,250
3795,포항시,4460,0,1647,3242,1012,1203,412,1713,3412,5671,1614,3,경상북도,1029,2023,2039,0,1566,914,841,1208,0,807,송정동,6446,4657,0,86,0,0,3506,1880,0,2387,3977,849,129,1004,3542,558,1338,1112,0,1280,3560,3979,1275,3255,0,558
7559,포항시,7740,0,1232,3766,2971,6291,0,969,3868,7677,100,0,경상북도,375,2023,416,0,1364,99,0,1535,0,33,신광면,14943,3932,0,0,0,0,6902,186,0,1823,4116,76,0,1706,2238,4183,2029,4247,0,2269,4586,3348,1961,5071,0,711
815,포항시,928,0,1192,1476,733,635,38,1187,1335,900,1262,0,경상북도,718,2023,1592,0,947,413,86,1070,0,169,신흥동,1680,386,0,22,0,0,1098,1339,0,1220,1789,369,31,736,2580,451,979,953,0,1042,1400,2696,1021,1738,0,265
44209,포항시,55010,0,16721,48767,9005,9347,4307,17766,52872,49539,31503,32,경상북도,13084,2023,38410,0,16113,8202,10090,13029,0,6523,양덕동,69685,19289,0,51,0,0,46268,38333,95,44329,60211,7588,1844,8502,63698,5188,13640,10225,0,11868,52728,63757,13140,54798,0,2741
209,포항시,290,0,878,632,357,656,1,434,725,325,232,0,경상북도,304,2023,210,0,343,231,12,558,0,138,여남동,427,263,0,0,0,0,465,799,6,230,919,153,43,952,816,702,372,285,0,602,554,626,319,1169,0,258
44261,포항시,46236,0,10782,44720,7426,9212,3746,12871,43496,59187,13278,7,경상북도,7852,2023,23058,0,10521,6148,9886,9102,0,5417,연일읍,69659,27552,0,275,0,0,41859,20314,7,27986,47694,6060,2785,7406,54486,4814,9897,8588,0,8861,49988,58019,9006,44639,0,1726
88249,포항시,101939,0,22988,86162,22813,18037,3530,25542,87174,118233,24566,77,경상북도,15523,2023,38694,0,24418,10698,26457,23923,0,7094,오천읍,130626,60362,0,332,0,0,90227,37177,285,46813,94709,9216,3454,19969,77084,12260,24160,22581,0,23349,86634,94574,23959,90396,0,5246
73472,포항시,67160,0,37334,104881,39562,34740,11257,36185,102088,54633,49919,44,경상북도,20346,2023,74284,0,38937,15110,5334,42332,0,9352,용흥동,75542,31098,0,5114,0,0,85027,78993,6,81007,132275,12979,2902,37938,129306,25199,43563,44310,0,42424,99455,142257,42008,118520,0,14637
59471,포항시,55400,0,28602,72569,25577,30557,6419,26848,84563,42647,20510,17,경상북도,14971,2023,31042,0,30143,11139,4123,25972,0,6198,우현동,66619,24101,0,1206,0,0,66942,40256,26,36824,96042,9409,2122,28882,89554,20433,30267,27335,0,29087,79270,102416,28382,81229,0,11302
10969,포항시,11372,0,5836,18651,4839,4619,3139,6944,16552,8825,16528,0,경상북도,4435,2023,20448,0,5869,3125,779,5966,0,1992,이동,15354,3918,0,162,0,0,14603,23879,0,19840,25298,2926,415,4816,28198,1919,5935,5375,0,5574,17965,27021,5734,22728,0,720
240,포항시,215,0,53,426,51,65,0,40,269,93,34,0,경상북도,35,2023,94,0,52,32,55,64,0,19,인덕동,192,34,0,2,0,0,201,96,0,192,343,12,0,58,260,79,58,58,0,51,370,218,44,379,0,20
5469,포항시,6451,0,906,3655,609,785,144,759,4761,6941,559,0,경상북도,512,2023,1412,0,855,554,676,713,0,272,일월동,8392,4758,0,179,0,0,4482,841,0,2043,4842,512,79,881,3970,701,751,754,0,728,4201,4964,689,3587,0,339
5860,포항시,8055,0,822,3814,1103,1206,26,507,5119,8255,165,0,경상북도,290,2023,905,0,960,152,503,938,0,43,장기면,6753,3118,0,37,0,0,7064,543,0,1437,5974,105,3,1068,1880,844,1115,1778,0,1387,3090,6242,880,4276,0,252
77980,포항시,96077,0,17086,77402,11097,12307,3782,17099,80709,95723,23891,12,경상북도,11673,2023,35385,0,15980,8008,18732,14515,0,6072,장성동,122430,45331,0,267,0,0,78564,34585,66,43643,85662,7625,2088,11484,73334,6847,14866,12770,0,14171,81964,82806,14369,84501,0,4372
261,포항시,214,0,266,941,219,646,48,222,493,612,148,0,경상북도,141,2023,335,0,200,87,26,336,0,33,장흥동,722,296,0,39,0,0,258,201,1,921,1422,83,17,198,1839,623,172,180,0,172,1027,2908,267,1023,0,273
48277,포항시,47077,0,17501,50101,15776,16556,4903,17200,51292,38765,16757,3,경상북도,10015,2023,23316,0,15753,7988,5345,15943,0,5072,죽도동,56168,25159,0,1404,0,0,47817,22567,2,26564,56509,7007,2082,16597,51560,8941,16670,15311,0,15609,48453,59173,16502,55432,0,4123
2193,포항시,22,0,199,42,507,162,0,87,665,7203,0,0,경상북도,0,2023,50,0,195,106,0,41,0,0,죽장면,5200,11,0,0,0,0,16,0,0,0,95,0,0,11,271,182,150,1,0,469,2437,1229,345,485,0,87
17653,포항시,18184,0,3033,18570,2081,3241,1784,3330,18423,20986,5743,1,경상북도,2171,2023,10055,0,3019,1947,1219,2680,0,1538,지곡동,22289,5007,0,8,0,0,19885,9772,13,14601,37547,1913,637,2412,30025,1025,3415,2386,0,2548,20118,27841,2794,31647,0,431
26327,포항시,32127,0,6292,25746,4161,3020,2864,6929,29179,32143,12565,1,경상북도,4791,2023,17300,0,6066,3498,8980,5732,0,2512,창포동,36701,16359,0,120,0,0,27940,14605,7,17369,28867,2950,804,3488,27403,1990,6377,4824,0,5817,28387,29541,5238,25193,0,772
5556,포항시,8477,0,5828,5565,4216,5650,345,5460,6752,9239,1036,0,경상북도,3196,2023,2935,0,5497,2843,2234,4438,0,2059,청림동,9933,5637,0,276,0,0,6171,1874,1,3142,6331,2902,614,5025,7486,5042,4548,4815,0,4863,6076,10878,3984,6216,0,2888
8685,포항시,12815,0,1502,6473,3411,2761,1,1558,6038,12299,308,0,경상북도,809,2023,1088,0,2437,479,1950,2482,0,167,청하면,13089,3104,0,4,0,0,12041,425,0,2103,7436,414,19,5353,4922,2654,2776,2792,0,3013,8801,6603,3217,6261,0,582
6262,포항시,5468,0,5123,6988,3056,4445,2525,5071,9075,4376,6152,12,경상북도,3573,2023,6225,0,4723,2534,125,3846,0,1484,학산동,6627,2048,0,62,0,0,6858,8209,13,5828,12962,2069,607,2870,11176,1931,4279,3508,0,3739,6499,11641,3856,7276,0,1085
6668,포항시,6238,0,1883,5278,2222,2127,342,2114,6950,5336,1457,0,경상북도,1074,2023,2742,0,1705,811,1547,2085,0,803,학잠동,6915,2910,0,108,0,0,6303,3992,0,2924,7375,1009,221,2741,8082,938,2102,1947,0,1812,5931,9472,1846,6978,0,225
15159,포항시,17783,0,4676,17695,2879,2950,2830,5502,16932,17646,14076,2,경상북도,3634,2023,15084,0,4163,2453,5274,4056,0,1549,항구동,21280,10207,0,152,0,0,17431,13953,6,13418,18522,2209,385,2517,19489,1266,4539,3968,0,4824,18340,20791,4658,17197,0,537
24504,포항시,27346,0,15809,26730,12397,13515,4033,16050,28684,33011,14671,12,경상북도,8342,2023,16839,0,14632,6358,4691,12687,0,4225,해도동,36514,20651,0,2171,0,0,24955,14894,0,23057,42321,5559,1081,12578,36119,10383,12999,12151,0,12189,26541,45623,12487,28989,0,6132
849,포항시,644,0,3916,2037,2339,2507,71,3568,1917,975,745,0,경상북도,2397,2023,1194,0,3575,2254,588,2682,0,1682,호동,650,1565,0,264,0,0,1669,1294,2,1692,11458,2473,353,2318,3494,3637,3282,2666,0,2650,1678,6480,2396,3925,0,1724
3822,포항시,5296,0,1913,6351,1823,674,0,986,6071,3459,0,0,경상북도,365,2023,714,0,1834,405,5,3349,0,12,호미곶면,5065,2090,0,0,0,0,4573,487,0,2097,7961,232,0,699,4480,465,3244,2448,0,2312,3642,5792,3076,6612,0,111
15646,포항시,20179,0,5438,19745,3624,3877,629,5730,19020,22210,7261,3,경상북도,4090,2023,13028,0,5862,2546,4525,5002,0,1590,환호동,26315,8682,0,96,0,0,17609,12437,57,11202,30682,2419,476,3829,20339,1799,5494,4222,0,4985,18861,23524,5693,27042,0,1260
11020,포항시,12688,0,8595,16347,5080,9646,3731,9422,14079,13599,11735,0,경상북도,5576,2023,14741,0,7459,4801,1427,6546,0,4144,효자동,18744,4220,0,763,0,0,12187,15541,4,14086,18551,4865,1245,6754,28098,7057,6809,5604,0,6556,15178,23173,7142,18050,0,2070
92503,포항시,104099,0,27375,94758,21909,21580,8505,26220,115104,97528,32447,4,경상북도,15742,2023,61886,0,25672,11513,11838,22979,0,7243,흥해읍,116844,40756,0,1383,0,0,112432,41514,115,65908,121641,8600,2293,29112,107043,14700,26108,23887,0,24637,105495,141530,24165,124509,0,11488
3365,경산시,3835,0,9318,4420,6921,6473,341,10752,3289,2989,1761,0,경상북도,7236,2024,2298,0,9133,6285,738,8654,0,5732,계양동,3853,2218,0,139,0,0,3077,2146,0,3139,5672,5784,2329,7435,5512,5239,8405,8201,0,8606,4509,5468,8004,5689,0,4293
169326,경산시,162338,0,175669,252423,208918,310982,52709,203610,192150,133781,158203,5,경상북도,146316,2024,155714,0,153588,123558,39193,159987,0,175616,대동,184058,57160,0,1031,0,0,180834,163853,4,182992,398679,134066,108768,179800,297304,74765,127676,173694,0,156490,223011,417732,186971,266061,0,41341
359,경산시,247,0,192,290,222,359,15,140,338,57,27,0,경상북도,103,2024,216,0,195,82,7,211,0,51,대정동,239,41,0,5,0,0,328,153,0,241,340,61,12,248,500,49,197,218,0,221,285,755,200,373,0,46
17857,경산시,22052,0,5285,15598,2691,4116,453,6543,17368,19869,4566,0,경상북도,4077,2024,8489,0,4215,3298,2747,3643,0,2146,대평동,26919,9696,0,546,0,0,17953,6761,0,10111,15964,2732,633,3308,16351,4316,3959,3116,0,3111,17980,19486,3610,16228,0,1937
5058,경산시,5284,0,36,3951,345,625,123,222,11,725,1212,0,경상북도,602,2024,1981,0,434,420,1752,465,0,123,백천동,4032,1226,0,35,0,0,3958,2515,0,1970,5295,642,81,486,431,86,455,219,0,3,2052,1368,283,4102,0,204
10834,경산시,14745,0,1603,11446,2229,1638,212,1671,1028,1365,3551,0,경상북도,1927,2024,8923,0,3269,1717,4777,2339,0,1107,사동,14823,3639,0,74,0,0,9514,9387,0,8305,23784,1674,387,2446,3839,727,3410,1549,0,537,6757,7337,1836,15378,0,1054
16868,경산시,18758,0,9807,19667,6648,6181,4239,9400,18968,12645,14742,3,경상북도,8137,2024,19325,5,9511,5097,1801,9021,0,4179,사정동,16824,4990,0,1412,0,0,18369,13875,634,21723,30739,6012,1910,5259,30406,3967,8159,5571,0,6747,17341,20147,6396,21164,4,2313
0,경산시,0,0,0,0,0,0,0,0,0,0,0,0,경상북도,0,2024,0,0,0,0,0,1,0,0,삼북동,0,0,0,0,0,0,0,0,0,0,0,0,0,0,0,0,0,0,0,0,0,0,0,0,0,0
634,경산시,1865,0,0,885,1,6,0,4,0,0,0,0,경상북도,5,2024,0,0,0,0,823,11,0,0,삼풍동,658,0,0,2,0,0,0,0,0,955,0,0,0,19,1165,0,4,0,0,0,1095,0,2,450,0,0
37970,경산시,48936,0,23951,33487,10801,21183,647,22851,38349,49252,8090,0,경상북도,13142,2024,15717,0,18175,8289,14108,13716,0,9857,압량읍,60497,24320,0,3100,0,0,35899,15909,2,21290,39928,11482,3463,15371,37416,18105,11207,12476,0,16769,37645,44348,15554,31017,0,8284
11682,경산시,10349,0,239,10259,1645,1371,656,1096,591,6618,2511,0,경상북도,2056,2024,7035,0,2307,2102,1817,2010,0,527,옥곡동,10203,1948,0,41,0,0,10928,8680,0,6522,13837,2201,289,1870,2315,500,2353,659,0,147,5282,4666,1922,15172,0,96
32517,경산시,42593,0,9339,29023,6770,7799,5832,12505,20980,27948,13787,0,경상북도,10557,2024,16456,0,10445,8106,7421,9354,0,4000,옥산동,42871,14603,0,568,0,0,27059,19962,0,17436,27836,7377,1800,7152,20603,6414,10367,6487,0,6463,24602,23221,7422,26706,0,4371
778,경산시,730,0,244,783,188,84,6,192,658,542,83,0,경상북도,236,2024,484,0,204,112,234,196,0,96,와촌면,1105,197,0,11,0,0,864,363,0,817,851,123,63,106,984,251,232,264,0,227,1011,1652,210,755,0,93
115092,경산시,151207,0,146956,93441,50309,66710,10523,187714,111005,168804,33947,0,경상북도,111531,2024,39966,0,124662,81024,25485,79590,0,80237,정평동,231806,56959,0,1743,0,0,107819,37989,0,56806,85646,81778,53245,45011,103735,26980,97974,60575,0,68106,110787,100864,71157,85678,0,14538
139509,경산시,148666,0,142304,149333,75054,114529,11906,168585,165794,170551,44892,0,경상북도,103219,2024,75658,10,119859,73146,26734,91756,0,72523,중방동,209619,54608,0,4165,0,0,149476,77401,1,100641,180483,79934,31782,89958,189485,65775,106625,83489,0,88143,156722,204118,93099,153430,0,33714
14383,경산시,19005,0,13829,12652,8242,12922,917,15628,13514,25516,4519,0,경상북도,10458,2024,4969,0,11942,6518,1571,10302,0,5898,중산동,24068,6240,0,850,0,0,12478,5261,0,7914,11897,6882,1739,10188,12780,9514,9975,8291,0,10480,15277,13660,10755,10131,0,3665
35665,경산시,45811,0,16910,53907,9328,12776,690,10105,75982,54202,21210,1,경상북도,13029,2024,29843,0,18531,15274,7095,9128,0,10754,진량읍,61546,18410,0,1041,0,0,65205,39393,20,23512,125405,16600,3848,8473,58784,6776,14298,13418,0,12886,68957,113364,10361,59466,0,5979
79839,경산시,79870,0,58776,110605,32095,34008,16428,38031,115961,66587,65894,22,경상북도,35489,2024,85444,0,61975,31478,8640,36629,0,25915,하양읍,102249,27271,0,2271,0,0,99125,97284,5,73982,159754,32822,12081,28300,104546,22702,50386,39933,0,41090,116967,164555,37971,121801,0,16395
8711,경주시,8692,0,1811,8173,2639,2184,44,1271,7304,7400,189,0,경상북도,1078,2024,1660,0,2145,775,199,1892,0,304,감포읍,10139,3208,0,5,0,0,12800,723,0,3716,7082,301,9,1879,4661,880,3125,2770,0,2944,6463,7141,2429,7447,0,257
12762,경주시,16702,0,3060,15272,2892,2495,302,3048,15962,12554,1942,0,경상북도,2257,2024,5367,0,2837,1709,739,3288,0,1066,강동면,13033,5265,0,54,0,0,11993,3390,1,6183,18072,1431,398,3520,13739,1124,2925,3758,0,2959,15038,21400,3516,16249,0,812
76449,경주시,61218,0,31853,49523,13912,11837,3703,27774,44568,48925,21784,12,경상북도,20856,2024,29801,214,33954,16155,383,25696,0,2736,건천읍,47813,9242,0,753,0,0,90713,25996,0,37689,53273,8115,106,14193,35592,6734,19990,13153,0,18128,79504,47127,17000,43745,0,3794
2003,경주시,3724,0,1171,2109,1061,1144,18,989,2086,2217,112,0,경상북도,700,2024,793,0,1186,502,10,1087,0,112,광명동,3243,336,0,8,0,0,2388,517,0,765,1873,387,17,1117,1448,1162,1051,1075,0,896,2185,2158,956,1921,0,264
8106,경주시,10568,0,2719,5378,2640,3300,0,2862,6974,7547,329,0,경상북도,1913,2024,3408,0,2689,1642,1,2372,0,366,구정동,9021,2358,0,2,0,0,5421,2206,0,3648,12643,1207,0,3230,4919,2047,2273,2386,0,2521,6173,7451,2212,5130,0,376
1952,경주시,2273,0,1443,4535,1069,660,0,1194,4270,2053,64,0,경상북도,534,2024,1076,0,2060,317,0,2762,0,53,구황동,3705,1573,0,0,0,0,3061,574,0,1312,6425,244,0,678,3947,223,2758,1458,0,1752,4288,5583,2047,5649,0,69
1164,경주시,1059,0,142,1847,647,498,0,61,1547,644,7,0,경상북도,89,2024,171,0,296,40,0,807,0,11,남산동,1226,480,0,0,0,0,1504,83,0,360,2210,58,0,500,965,44,575,719,0,584,1580,1487,769,2252,0,15
4312,경주시,14491,0,490,5591,620,344,0,548,4808,9837,174,0,경상북도,280,2024,1355,0,990,301,1,553,0,18,내남면,8234,4181,0,0,0,0,6140,181,0,1369,5567,159,0,558,2810,230,580,814,0,661,8835,7262,562,2727,0,258
183,경주시,184,0,702,655,186,113,0,2459,650,45,14,0,경상북도,770,2024,416,0,1459,785,1,728,0,54,노동동,145,6,0,0,0,0,338,277,0,553,1071,995,0,97,1230,5,1474,1014,0,1223,554,955,670,1204,0,2
35138,경주시,35166,0,31378,51023,25365,17955,2350,32334,46301,33251,14367,9,경상북도,21340,2024,48305,0,31018,18888,1376,27666,0,4428,노서동,37028,7164,0,266,0,0,39709,40359,312,51800,69683,12928,961,21160,63812,18237,28723,32775,0,29404,45025,65648,31230,59571,0,2348
9,경주시,2,0,12,15,4,3,0,15,4,4,2,0,경상북도,9,2024,4,0,10,5,0,9,0,1,덕동,10,0,0,0,0,0,9,3,0,8,14,2,0,5,19,2,17,6,0,6,13,13,22,17,0,1
2597,경주시,3459,0,227,2472,226,184,0,264,2233,3942,229,0,경상북도,140,2024,599,0,251,149,0,249,0,34,도지동,4146,1234,0,0,0,0,2551,427,0,764,1885,291,0,713,1080,97,272,244,0,228,2480,1444,339,1794,0,24
3254,경주시,1822,0,390,1380,316,320,0,355,1258,1252,154,0,경상북도,428,2024,476,0,544,364,4,367,0,160,동방동,1850,357,0,4,0,0,1626,251,0,608,1232,318,0,190,662,143,586,376,0,580,1441,1083,345,1229,0,13
27204,경주시,19758,0,26020,44596,16951,12744,1514,21439,36194,15587,19430,0,경상북도,12074,2024,47706,0,24947,10787,572,21522,0,2178,동부동,17602,4890,0,500,0,0,29293,44863,0,49914,63289,7590,179,15682,69020,12104,21461,17294,0,18179,37318,76808,21158,55738,0,2290
39568,경주시,46363,0,11744,33237,7599,10630,2018,11060,35255,54938,6819,0,경상북도,8589,2024,13957,0,12338,7815,8844,9559,0,5985,동천동,55605,18315,0,714,0,0,34808,12343,0,16216,45757,7447,1369,8200,27664,5996,10244,7570,0,8697,36202,31750,8928,44747,0,1893
1835,경주시,1830,0,584,1671,575,195,0,362,1819,1782,57,0,경상북도,439,2024,279,0,494,457,0,733,0,50,마동,1170,164,0,0,0,0,2395,171,0,742,2000,337,0,276,801,338,767,862,0,732,1466,1386,551,1586,0,150
3921,경주시,6144,0,1108,3843,1210,1035,0,535,6418,5293,43,0,경상북도,442,2024,839,0,945,316,4,1564,0,99,문무대왕면,4875,2617,0,0,0,0,3946,441,0,1079,4480,360,0,1378,1991,459,958,1601,0,1475,5285,5145,2254,3405,0,159
795,경주시,1381,0,142,1520,762,234,0,108,1559,897,28,0,경상북도,66,2024,380,0,256,44,0,544,0,0,배동,1126,152,0,0,0,0,1250,41,0,658,1304,36,0,337,679,240,305,586,0,493,1364,982,363,1340,0,50
905,경주시,1007,0,313,793,470,313,0,343,776,1351,68,0,경상북도,186,2024,343,0,301,146,0,421,0,125,배반동,1802,261,0,2,0,0,876,132,0,471,865,111,0,254,483,49,471,451,0,318,961,756,330,711,0,12
336,경주시,357,0,205,804,244,280,0,239,721,621,2,0,경상북도,97,2024,481,0,201,74,0,249,0,9,보문동,247,69,0,0,0,0,405,81,0,625,556,49,0,370,402,101,176,361,0,408,932,504,353,839,0,11
2906,경주시,1408,0,1398,3276,1371,1353,0,1161,4135,1198,355,0,경상북도,889,2024,2363,0,1422,591,0,1750,0,65,북군동,1056,167,0,0,0,0,4616,1063,0,4003,3607,456,0,710,4144,537,1921,1946,0,2491,3831,5486,2005,4809,0,293
22807,경주시,22702,0,11132,21692,20172,8951,1183,9147,19726,12520,8859,1,경상북도,5836,2024,16275,0,13128,5615,248,13070,0,2513,사정동,13461,3031,0,306,0,0,25080,14798,62,17303,25646,4572,678,21617,21083,9548,12000,25906,0,16998,22090,22982,23340,21302,0,2965
4048,경주시,6233,0,613,2713,632,2472,0,292,5141,7276,3,0,경상북도,212,2024,949,0,582,65,79,917,0,81,산내면,11479,2928,0,0,0,0,3912,8,0,728,1232,105,0,1794,953,3381,545,1932,0,1350,1941,2442,922,1876,0,282
8439,경주시,5315,0,1166,3781,1564,610,0,1106,2500,4684,174,0,경상북도,750,2024,1369,0,990,472,0,673,0,34,서면,7879,2422,0,0,0,0,3380,789,0,2132,3421,356,0,1900,2057,711,1219,565,0,772,5170,3117,1240,4158,0,811
19627,경주시,14834,0,8185,19865,7200,6080,450,7107,21886,14738,3913,0,경상북도,4164,2024,8782,0,8540,3700,495,6965,0,1400,서부동,17155,4477,0,280,0,0,20768,8212,1,12559,23331,3282,192,7080,21257,4537,7334,6875,0,6657,18768,27729,7036,24085,0,1060
1078,경주시,1933,0,862,1462,967,1348,52,676,2950,1057,102,1,경상북도,497,2024,327,0,1033,458,10,732,0,157,서악동,2298,656,0,14,0,0,1627,208,1,562,12223,357,39,929,1233,710,845,940,0,1022,1793,1837,1165,6621,0,206
10519,경주시,10702,0,3978,18614,2729,3734,878,4431,13578,4472,3024,0,경상북도,3698,2024,5716,0,2983,4412,1416,2770,0,5410,석장동,5905,1261,0,73,0,0,13707,4694,0,7940,21953,5385,1789,3815,15013,852,2534,2424,0,2135,14387,24234,2784,21127,0,137
46329,경주시,37888,0,22624,43734,27914,18524,1698,18391,51651,39297,8612,0,경상북도,11503,2024,16450,0,23794,10564,1363,22974,0,4267,성건동,41212,9853,0,368,0,0,47983,14474,0,22309,52579,8614,903,26933,37011,13507,23851,25203,0,23267,44883,48071,22167,53988,0,5207
40975,경주시,35217,0,23922,37305,29651,30738,666,21098,44721,29221,5206,8,경상북도,11690,2024,14375,0,28073,9643,1173,27609,0,2813,성동동,29323,9493,0,2476,0,0,42736,8664,0,21494,54388,6432,250,32526,44707,30228,24124,27258,0,22014,36100,52506,21985,47375,0,8115
98,경주시,163,0,23,4,3,0,0,0,50,18,0,0,경상북도,0,2024,2,0,0,11,0,0,0,0,손곡동,214,34,0,0,0,0,32,0,0,6,37,0,0,4,0,0,7,1,0,0,76,107,5,125,0,0
374,경주시,0,0,6,0,5,0,0,0,182,0,0,0,경상북도,1,2024,18,0,0,0,0,0,0,0,시동,576,113,0,0,0,0,5,0,0,1,8,0,0,0,13,0,10,0,0,7,39,21,0,78,0,0
5391,경주시,4833,0,1277,3480,726,652,3,1165,4903,6288,731,0,경상북도,1119,2024,4400,0,1399,1224,2,1024,0,451,시래동,5611,1814,0,5,0,0,3807,1739,0,2353,10014,926,1,988,3495,523,1184,983,0,1161,5315,4921,952,3855,0,149
7792,경주시,3527,0,2237,6680,2240,1764,0,1996,7196,1021,888,0,경상북도,1641,2024,3765,0,2827,1662,0,3792,0,237,신평동,2047,612,0,0,0,0,9369,2515,0,6939,12162,1169,0,1118,10762,944,4402,2616,0,3340,6341,11695,3159,11113,0,289
41142,경주시,44807,3,8221,34457,7681,7179,1145,6555,44645,67240,6609,0,경상북도,5125,2024,16452,0,7738,3554,621,6867,0,1549,안강읍,57967,24230,0,24,0,0,42288,10672,0,17881,50303,2505,711,7302,31117,4834,6678,9224,0,7737,42383,45753,7764,42378,0,2193
1725,경주시,1300,0,8,1289,44,22,0,11,186,0,0,0,경상북도,0,2024,0,0,35,1,0,15,0,0,암곡동,1806,292,0,0,0,0,1672,0,0,0,1309,0,0,33,83,0,38,98,0,13,1289,56,46,1155,0,0
10832,경주시,6848,0,2049,8490,1930,1383,22,1191,7710,8169,1085,0,경상북도,1562,2024,4053,0,1578,1076,12,1749,0,567,양남면,16780,5354,0,0,0,0,7328,1198,1,4599,15131,683,14,1780,6614,1343,1778,1781,0,1846,9009,7938,1799,10930,0,875
54099,경주시,55564,0,19503,41534,12948,10333,201,19537,46083,60583,8891,0,경상북도,17524,2024,26761,0,17763,14665,6327,13312,0,6209,외동읍,59497,30055,0,18,0,0,46211,18696,35,33324,62203,10799,1183,11096,44537,10752,16125,13848,0,13544,45283,67534,14824,47438,0,6568
41996,경주시,47312,0,12988,45164,8386,8183,5525,11446,42981,73612,21524,1,경상북도,7677,2024,33567,0,12574,6629,6081,10910,0,3553,용강동,65965,14424,0,1015,0,0,41227,26962,0,30807,56582,4798,1157,7406,44957,3639,11849,8691,0,8773,44098,54816,9282,46394,0,770
1084,경주시,2007,0,77,424,88,35,0,79,868,1605,0,0,경상북도,48,2024,72,0,76,12,0,113,0,0,율동,1280,136,0,0,0,0,632,13,0,57,399,4,0,40,456,4,44,131,0,89,598,203,40,212,0,3
1183,경주시,1007,0,3950,3657,1474,349,0,5873,4010,634,1276,0,경상북도,6269,2024,19382,0,2948,5456,0,2322,0,47,인왕동,643,231,0,0,0,0,2365,16391,0,16835,10587,1084,0,938,13041,477,2708,1843,0,2271,4148,7001,2161,5257,0,69
595,경주시,1091,0,120,552,108,71,0,78,705,1224,23,0,경상북도,89,2024,146,0,132,42,0,108,0,6,조양동,1551,216,0,2,0,0,860,97,0,279,480,43,0,102,418,59,129,121,0,203,545,387,154,612,0,17
8794,경주시,4827,0,5645,27030,18929,3558,0,1987,18968,3174,148,0,경상북도,794,2024,897,0,9045,742,36,17587,0,142,진현동,3777,1119,0,0,0,0,15512,391,0,1317,19261,551,0,7601,6299,481,14295,21789,0,17142,29998,13840,22763,26432,0,134
1721,경주시,1381,0,1231,5626,7216,2051,0,965,2784,1804,401,0,경상북도,633,2024,5146,0,2067,569,0,3731,0,83,천군동,942,903,0,0,0,0,3704,1726,0,9699,16875,258,0,4480,23939,769,3315,4397,0,4635,3671,18943,3595,9619,0,171
8971,경주시,9833,0,1316,6695,823,1025,0,956,6848,16423,422,0,경상북도,726,2024,3066,0,1154,856,2,1114,0,97,천북면,17924,3893,0,0,0,0,6372,1146,0,3264,8589,476,0,1624,6275,1124,1090,1021,0,1147,7836,9779,999,8290,0,77
34413,경주시,37615,0,10092,29896,4567,6437,1202,8538,34516,35004,5985,17,경상북도,6457,2024,15692,144,9557,5998,3577,6100,0,4252,충효동,47400,15571,0,216,0,0,29412,16793,93,20624,63460,6198,1381,3813,38437,4661,7812,5361,0,6216,39559,49755,6547,46541,0,654
496,경주시,887,0,185,589,252,109,0,172,715,341,12,0,경상북도,157,2024,159,0,265,107,19,307,0,1,탑동,487,29,0,0,0,0,814,86,0,300,426,35,0,152,663,205,277,270,0,271,552,988,199,495,0,54
0,경주시,0,0,0,0,0,0,0,0,151,0,0,0,경상북도,2,2024,0,0,0,0,0,0,0,0,평동,0,18,0,0,0,0,118,0,0,56,0,0,0,0,30,0,0,4,0,10,0,0,0,0,0,0
769,경주시,688,0,250,1176,354,75,0,219,937,261,23,0,경상북도,203,2024,783,0,356,99,0,447,0,23,하동,679,214,0,0,0,0,1887,62,0,693,805,90,0,114,432,42,357,506,0,550,1139,603,370,855,0,6
28162,경주시,22540,0,5629,22215,3227,4564,451,4672,21907,35800,1816,0,경상북도,4442,2024,10368,0,4331,2639,622,3699,0,973,현곡면,49234,8560,0,30,0,0,20287,5724,0,9805,25517,2075,190,3571,18764,5193,4374,3421,0,3323,19456,18587,3686,20128,0,436
1417,경주시,864,0,1002,2214,2236,378,0,1327,1783,657,42,0,경상북도,863,2024,2187,0,1169,402,22,1401,0,3,황남동,612,51,0,0,0,0,1896,873,0,1994,1957,83,0,1861,2473,202,1433,2860,0,2417,2193,2041,2655,2857,0,17
28547,경주시,31818,0,7967,25092,5014,3756,2641,7837,28357,39903,14748,0,경상북도,5502,2024,20520,0,8218,3764,2079,6653,0,2100,황성동,46228,9869,0,36,0,0,23367,20448,0,23317,33631,3002,559,4471,27746,3107,7022,5186,0,5886,24319,29874,5628,26514,0,578
23108,경주시,17628,0,8369,18387,6919,6209,32,7287,22160,20463,2738,0,경상북도,3912,2024,9587,0,8285,3385,184,7980,0,663,황오동,17342,8963,0,175,0,0,19992,4833,0,9594,18742,2233,9,7351,15984,7268,8187,8057,0,6910,16776,20659,7454,20114,0,1573
341,경주시,227,0,18,176,36,161,0,29,253,238,0,0,경상북도,24,2024,20,0,30,19,0,23,0,0,황용동,297,53,0,0,0,0,277,36,0,26,110,5,0,26,79,8,15,68,0,31,222,84,42,159,0,9
1834,경주시,1659,0,497,2585,530,731,16,264,4949,747,114,0,경상북도,205,2024,570,0,373,164,197,506,0,91,효현동,1504,350,0,1,0,0,2047,305,0,664,1920,111,16,903,1018,247,350,574,0,349,2404,2449,389,1955,0,365
25316,고령군,28137,0,3744,19183,1568,2686,6,3752,22392,43495,1457,0,경상북도,2194,2024,6874,0,3072,1765,5285,2483,0,1179,다산면,28485,13667,0,12,0,0,23348,4959,0,9496,18706,1607,424,1965,20500,2304,2934,2227,0,3092,22035,24931,2594,18938,0,1188
8723,구미시,9610,0,258,17518,155,251,966,268,12760,5595,3921,0,경상북도,233,2024,10410,0,293,206,0,240,0,67,거의동,8876,1781,0,0,0,0,12123,8802,0,14078,22905,166,2,161,26138,112,234,162,0,176,13555,23719,302,19016,0,42
41082,구미시,52635,0,1167,35249,629,652,1085,900,37348,69388,9950,2,경상북도,823,2024,16723,0,1283,517,0,1040,0,299,고아읍,62288,15580,0,0,0,0,36724,14417,0,22459,52380,535,75,466,35606,440,956,518,0,929,41954,42263,922,33720,0,38
40900,구미시,42343,0,2031,51357,1408,2400,3414,1729,50737,59146,12276,50,경상북도,1180,2024,44892,0,1711,801,1,1679,0,383,공단동,67881,17618,0,0,0,1,43045,22272,1,47144,69588,617,114,1508,90913,2603,1737,1308,0,1597,51912,123285,1739,65885,0,581
3917,구미시,3546,0,153,5521,138,57,42,100,5699,3081,2483,0,경상북도,56,2024,4347,0,170,53,0,158,0,18,광평동,3219,520,0,0,0,0,3193,3555,0,3248,10768,41,1,98,5811,65,168,132,0,205,5672,9367,243,5142,0,5
13018,구미시,20067,0,210,11087,175,175,1406,492,10083,26789,1407,0,경상북도,321,2024,7641,0,476,222,0,363,0,118,구평동,29865,7030,0,0,0,0,11800,5529,0,9173,16831,162,11,124,14525,194,295,186,0,296,15841,10774,343,11700,0,36
2656,구미시,3670,0,82,3867,43,101,4,106,3564,7185,598,0,경상북도,47,2024,1212,0,49,66,0,67,0,15,구포동,6301,1014,0,0,0,0,2539,793,0,1874,1645,27,0,46,4496,132,59,80,0,52,3496,6053,68,2659,0,13
127,구미시,0,0,0,96,0,1,0,0,4,19,7,0,경상북도,0,2024,2,0,0,0,0,2,0,0,금전동,0,27,0,0,0,0,117,0,0,24,2,0,0,0,1,1,0,0,0,0,95,0,0,10,0,3
1044,구미시,461,0,5,1332,95,65,0,17,0,371,0,0,경상북도,2,2024,902,0,85,10,0,30,0,0,남통동,625,0,0,0,0,0,977,305,0,295,2823,2,0,13,3275,25,66,45,0,0,2009,465,95,3090,0,0
6,구미시,175,0,0,0,0,0,0,0,8,358,0,0,경상북도,0,2024,0,0,0,0,0,0,0,0,도개면,6,0,0,0,0,0,65,1,0,0,1,0,0,0,15,0,0,0,0,0,30,0,0,30,0,0
33779,구미시,43939,0,732,26152,518,323,382,767,24829,42933,4905,0,경상북도,518,2024,10545,0,700,528,1,742,0,160,도량동,51279,16100,0,0,0,0,31046,8840,0,13775,33336,418,55,463,30806,223,819,463,0,549,29046,31337,611,26427,0,39
1,구미시,91,0,0,0,0,3,0,5,35,193,0,0,경상북도,0,2024,0,0,9,0,0,0,0,0,무을면,20,0,0,0,0,0,198,0,0,5,6,0,0,0,135,1,3,11,0,9,2,13,0,29,0,0
21352,구미시,27688,0,642,20291,343,219,9,582,22106,32074,5067,0,경상북도,470,2024,9740,0,642,513,0,542,0,229,봉곡동,33043,10604,0,0,0,0,20455,10380,0,12058,34849,322,40,289,21199,200,644,433,0,429,21594,22218,465,20243,0,19
1338,구미시,1080,0,40,2967,37,99,0,54,2970,382,220,0,경상북도,15,2024,434,0,32,9,1,83,0,4,부곡동,849,286,0,0,0,0,2596,818,0,947,4700,22,0,123,1925,6,32,115,0,46,2195,5927,50,1843,0,3
2154,구미시,3178,0,53,2730,11,66,24,80,2133,5779,317,16,경상북도,51,2024,1359,0,57,39,0,66,0,16,비산동,5012,1185,0,0,0,0,2365,581,0,1973,2871,32,10,21,3301,39,40,35,0,36,2633,5402,38,2338,0,1
17598,구미시,17742,0,4944,15241,1032,1313,880,3565,16220,29410,4154,15,경상북도,2620,2024,7280,1,3142,2681,334,1792,0,1776,사곡동,25618,5822,0,51,0,0,14799,5126,682,9742,17329,2512,1851,925,18075,860,3963,1436,0,1565,18868,20823,2236,14784,0,519
10723,구미시,9733,0,160,13000,126,86,984,136,19724,11742,3761,0,경상북도,145,2024,9228,0,206,134,0,156,0,45,산동읍,7304,2268,0,0,0,0,5243,4955,0,7371,21099,110,2,162,17848,95,170,106,0,179,17317,22341,189,22290,0,4
16579,구미시,16943,0,616,17777,385,256,1499,683,18685,34287,9242,0,경상북도,451,2024,15106,0,701,395,0,514,0,239,상모동,26147,10160,0,0,0,0,15934,12650,0,18666,27224,298,27,347,23997,204,617,461,0,520,18802,25649,584,20033,0,34
779,구미시,456,0,27,395,31,29,250,81,903,991,232,22,경상북도,30,2024,595,0,34,32,246,23,0,10,선기동,645,834,0,0,0,0,535,221,5,511,1500,21,3,23,766,27,33,25,0,25,547,860,32,505,0,1
2068,구미시,2858,0,63,2347,94,72,29,104,3304,6237,947,0,경상북도,34,2024,1004,0,58,19,3,77,0,0,선산읍,4604,781,0,0,0,0,3590,596,0,1936,2812,10,0,86,1129,73,88,83,0,125,2528,3594,75,2419,0,3
42934,구미시,45854,0,1615,50074,1468,1359,3210,1551,50142,53207,12806,40,경상북도,965,2024,28475,0,1695,749,0,1655,0,374,송정동,54440,18248,0,0,0,0,45101,19606,1,31594,63517,514,111,1466,62860,436,1770,1415,0,1547,48211,60553,1650,56711,0,196
218,구미시,200,0,8,415,3,36,0,6,400,338,37,0,경상북도,6,2024,731,0,10,4,0,1,0,1,시미동,267,405,0,0,0,0,426,64,0,551,908,2,0,26,963,20,15,5,0,8,413,1631,11,2037,0,7
290,구미시,798,0,4,226,13,5,8,4,156,752,1,0,경상북도,3,2024,29,0,5,1,0,8,0,1,신동,497,307,0,0,0,0,259,29,0,59,261,1,0,5,90,1,9,1,0,1,256,163,10,900,0,1
18069,구미시,18965,0,1018,27769,740,652,1763,932,23969,19826,8715,51,경상북도,588,2024,17003,0,993,487,1,1004,0,199,신평동,23052,8169,0,0,0,0,21068,15266,0,19973,35005,275,59,649,34385,286,1160,948,0,1066,24367,31256,1103,30301,0,109
83,구미시,67,0,4,75,0,2,0,6,253,89,3,0,경상북도,5,2024,39,0,6,5,0,3,0,0,양호동,511,139,0,0,0,0,372,33,0,139,217,2,0,1,164,6,8,1,0,4,29,81,2,146,0,4
8975,구미시,8806,0,229,8232,152,76,209,237,6988,17422,1102,0,경상북도,235,2024,3715,0,256,109,0,223,0,87,오태동,15220,2387,0,0,0,0,7580,2924,0,5694,10916,112,14,137,9080,115,277,190,0,357,9594,9234,283,10581,0,7
27446,구미시,35104,0,1099,28899,508,488,1525,1043,27038,43916,9670,0,경상북도,810,2024,20936,0,1001,676,0,959,0,189,옥계동,45659,9181,0,0,0,0,24400,18715,0,20981,28447,319,7,502,31816,277,1011,613,0,819,26652,30861,825,29937,0,48
1151,구미시,276,0,2,105,3,1,0,5,63,2148,0,0,경상북도,3,2024,9,0,6,1,0,2,0,0,옥성면,460,73,0,0,0,0,421,0,0,56,63,0,0,4,134,3,34,10,0,4,230,3,24,345,0,0
164520,구미시,149898,0,17682,238395,13956,11922,13605,14493,223837,155288,92677,141,경상북도,10496,2024,201131,19,18716,7088,3165,14930,0,3991,원평동,176828,49603,0,19,0,0,180150,162526,899,246486,305020,6428,2161,12633,319210,9431,17816,15905,0,15625,211056,320894,18488,281111,12,2473
13722,구미시,14930,0,1207,13863,697,817,573,1164,12744,30083,3379,2,경상북도,773,2024,9043,0,1222,617,1,880,0,246,인의동,31298,7059,0,0,0,0,13474,5694,0,11677,26444,423,45,615,17724,823,1160,634,0,848,14170,15637,871,22329,0,67
1646,구미시,1492,0,109,3739,86,238,138,109,4001,2682,1384,12,경상북도,79,2024,2931,0,101,95,0,109,0,20,임수동,3115,620,0,0,0,0,2457,2287,0,4123,7719,58,8,108,9878,110,86,101,0,78,3865,11521,127,9832,0,47
5979,구미시,7629,0,198,4985,85,212,119,236,5529,13011,1556,0,경상북도,166,2024,2898,0,282,121,0,153,0,71,임은동,13394,4715,0,0,0,0,4706,1617,0,3287,7939,113,5,83,5613,43,214,97,0,155,6464,8071,145,6653,0,23
2516,구미시,5321,0,16,3687,47,69,0,17,1885,2936,58,0,경상북도,15,2024,298,0,13,11,0,31,0,19,장천면,4618,679,0,0,0,0,2599,257,0,831,11626,7,0,78,2014,78,11,28,0,26,3336,1799,87,1121,0,2
4380,구미시,5736,0,76,4854,126,73,72,68,3546,5492,218,0,경상북도,77,2024,831,0,129,27,0,145,0,19,지산동,4938,1801,0,0,0,0,4894,1014,0,1327,9541,25,9,128,2851,34,150,115,0,92,4335,4127,131,4223,0,5
4805,구미시,7736,0,611,5446,356,342,43,635,6169,9795,1201,0,경상북도,438,2024,4304,0,517,351,0,551,0,141,진평동,8703,3512,0,0,0,0,3991,3938,0,4936,13547,316,30,398,7432,188,669,402,0,456,5770,8461,508,10895,0,52
1756,구미시,3898,0,28,1504,51,43,17,26,2358,6677,94,0,경상북도,25,2024,1459,0,57,48,1,31,0,7,해평면,4710,1451,0,0,0,0,2946,585,0,1286,3341,10,3,27,1855,90,47,68,0,56,3147,2027,28,2103,0,25
41578,구미시,48947,0,1381,40769,1015,740,2680,1134,49397,73509,15254,2,경상북도,938,2024,30877,0,1344,657,0,1235,0,312,형곡동,61667,21958,0,0,0,0,41402,24906,0,37699,78913,450,48,938,59964,442,1349,934,0,1131,47247,64647,1258,63433,0,112
41762,구미시,45019,0,1327,42245,853,943,2156,1286,45807,63335,9758,362,경상북도,690,2024,25678,0,1226,527,23,1227,0,292,황상동,74920,17172,0,0,0,0,42674,21873,2,34680,51074,522,34,803,53158,842,1427,1018,0,1051,45718,53635,1000,50297,0,83
2282,김천시,4947,0,29,1799,8,29,0,11,1205,3957,21,0,경상북도,9,2024,258,0,57,9,0,25,0,1,감문면,5986,60,0,0,0,0,1321,81,0,634,592,9,0,17,247,3,21,53,0,15,669,2300,35,1145,0,0
468,김천시,3185,0,10,185,25,67,0,1,1228,5132,24,0,경상북도,6,2024,156,0,14,5,0,16,0,0,감천면,2751,10,0,0,0,0,1763,69,0,338,568,6,0,0,490,10,22,20,0,18,1465,345,15,957,0,3
1812,김천시,3215,0,21,1373,18,72,0,11,628,3350,0,0,경상북도,12,2024,38,0,45,5,0,9,0,0,개령면,2969,11,0,0,0,0,1144,61,0,186,750,2,0,8,602,10,24,22,0,12,1205,981,25,641,0,1
2372,김천시,2660,0,125,4310,53,62,0,64,4097,3748,869,0,경상북도,55,2024,2959,0,93,29,0,52,0,4,교동,3362,446,0,0,0,0,2896,2582,0,2917,17153,12,0,43,3875,111,90,68,0,64,5517,8960,73,9579,0,13
6669,김천시,3950,0,54,2615,71,34,0,56,2113,6285,19,0,경상북도,22,2024,221,0,85,18,0,50,0,0,구성면,9845,692,0,0,0,0,2913,95,0,800,1237,7,0,64,1323,4,61,60,0,39,2866,3897,61,2711,0,2
4676,김천시,4194,0,91,4588,152,83,963,141,2906,7195,2310,0,경상북도,89,2024,4257,0,109,55,0,132,0,6,남면,11066,433,0,0,0,0,2051,4297,0,3839,2602,33,1,114,6105,115,144,75,0,95,3411,2639,97,4114,0,39
87,김천시,103,0,9,247,16,13,0,0,94,115,0,0,경상북도,3,2024,46,0,8,3,0,3,0,0,남산동,32,59,0,0,0,0,146,82,0,28,321,0,0,13,102,2,5,11,0,0,133,150,17,530,0,0
1511,김천시,5596,0,10,1651,14,11,48,8,1936,3099,202,0,경상북도,8,2024,609,0,22,9,0,10,0,2,농소면,2024,243,0,0,0,0,401,300,0,943,3129,6,2,40,1001,13,21,14,0,14,2171,2274,20,930,0,3
2036,김천시,3374,0,48,2777,42,19,16,38,3039,3426,246,0,경상북도,23,2024,651,0,27,18,0,58,0,4,다수동,4155,947,0,0,0,0,2392,435,0,844,2233,19,0,42,2232,24,46,38,0,66,2183,2369,69,2444,0,3
896,김천시,1387,0,36,1406,29,65,0,6,516,2339,61,0,경상북도,5,2024,109,0,17,11,0,24,0,0,대광동,1436,1,0,0,0,0,1010,117,0,272,816,7,0,25,626,64,8,24,0,27,694,1070,20,2164,0,4
1481,김천시,2348,0,12,1882,6,9,0,6,76,5328,10,0,경상북도,9,2024,87,0,23,2,0,50,0,5,대덕면,2003,1078,0,0,0,0,1867,16,0,362,1246,3,0,14,760,16,23,22,0,24,2211,691,18,889,0,1
7054,김천시,8052,0,78,7829,249,118,8,72,8209,8762,302,0,경상북도,41,2024,2079,0,134,30,0,187,0,23,대항면,8178,1656,0,0,0,0,6776,586,0,5244,6155,21,0,130,5544,48,158,229,0,188,7529,6349,173,8540,0,14
3638,김천시,5930,0,53,2419,31,16,10,61,3537,14547,224,0,경상북도,32,2024,665,0,129,23,0,70,0,16,덕곡동,9341,2215,0,0,0,0,2689,281,0,794,3106,15,0,64,1271,34,112,66,0,58,2745,1667,78,2559,0,7
9,김천시,4,0,0,10,0,0,0,0,9,9,0,0,경상북도,0,2024,2,0,0,0,0,0,0,0,모암동,11,1,0,0,0,0,8,0,0,2,35,0,0,0,1,0,0,0,0,0,9,9,0,16,0,0
533,김천시,1899,0,8,891,1,1,0,3,715,1361,50,0,경상북도,0,2024,265,0,3,2,0,3,0,0,문당동,580,0,0,0,0,0,830,114,0,402,696,0,0,7,706,2,6,13,0,1,1209,1174,6,767,0,0
1956,김천시,3258,0,58,1925,37,29,6,74,1590,3687,291,0,경상북도,47,2024,627,0,74,37,0,67,0,9,백옥동,2648,389,0,0,0,0,1776,423,0,992,1700,16,0,28,2136,29,102,64,0,43,2559,2305,51,2479,0,7
5548,김천시,5021,0,34,3595,50,13,0,21,2702,4767,227,0,경상북도,23,2024,926,0,68,11,0,51,0,9,봉산면,4454,913,0,0,0,0,3235,287,0,905,1894,12,0,72,2171,21,61,56,0,62,3203,2712,55,2231,0,29
25928,김천시,34054,0,903,23975,635,350,127,884,26506,53123,7012,0,경상북도,509,2024,12477,0,1028,375,0,891,0,212,부곡동,40302,8475,0,0,0,0,22550,10066,0,14879,27444,279,2,451,24690,380,1133,782,0,830,26841,27829,872,26791,0,35
634,김천시,906,0,10,809,15,2,0,9,751,632,0,0,경상북도,0,2024,141,0,4,0,0,8,0,0,부항면,4730,0,0,0,0,0,139,0,0,93,425,0,0,0,170,6,5,1,0,36,1323,351,11,906,0,0
7640,김천시,7175,0,247,8248,119,78,0,124,6972,9253,719,0,경상북도,162,2024,2811,0,193,119,0,147,0,53,삼락동,12358,71,0,0,0,0,5590,1530,0,3463,11790,124,0,105,8933,54,159,131,0,144,10446,10876,184,11693,0,5
15772,김천시,13446,0,537,20295,971,507,0,1294,19373,8776,1237,0,경상북도,109,2024,7603,0,1272,199,1,985,0,167,성내동,11721,1320,0,0,0,0,14889,8467,0,13355,40152,110,0,512,22069,385,1347,683,0,732,17069,28372,903,25880,0,8
19625,김천시,18557,0,755,23489,732,384,0,644,20280,47547,4117,0,경상북도,357,2024,15809,0,965,226,0,871,0,62,신음동,34269,1811,0,0,0,0,20789,12184,0,17826,26589,165,0,497,29198,167,990,741,0,764,21629,27777,889,25449,0,36
12737,김천시,15422,0,318,9693,283,259,295,324,10671,19365,1230,17,경상북도,211,2024,4113,0,363,205,560,319,0,155,아포읍,18607,7459,0,1,0,0,10027,2749,18,4246,15094,189,51,228,8411,171,396,350,0,304,12877,12731,355,15738,0,25
722,김천시,2489,0,15,1155,11,6,0,12,427,2260,10,0,경상북도,2,2024,66,0,20,4,0,49,0,0,양천동,952,74,0,0,0,0,756,43,0,156,685,5,0,9,468,25,7,11,0,16,724,1163,13,526,0,1
1992,김천시,8794,0,52,2738,26,18,0,45,2831,8839,64,0,경상북도,27,2024,36,0,40,23,0,48,0,1,어모면,4433,586,0,0,0,0,4363,197,0,1053,4743,10,0,70,1667,57,69,44,0,78,3939,3156,40,3324,0,6
1548,김천시,1097,0,36,940,68,82,0,18,1378,1548,2,0,경상북도,1,2024,401,0,19,7,0,61,0,0,용두동,1921,164,0,0,0,0,1537,303,0,530,1141,11,0,57,666,46,26,33,0,36,1023,938,42,1469,0,0
5963,김천시,5853,0,254,8130,223,386,2367,280,5472,19280,4907,0,경상북도,150,2024,8351,0,255,116,1,228,0,20,율곡동,21411,1280,0,0,0,0,6929,5399,0,8232,15867,68,7,276,15807,180,266,258,0,159,6539,15085,288,9315,0,133
1210,김천시,1629,0,4,540,3,32,0,1,1555,3348,8,0,경상북도,5,2024,138,0,6,1,0,10,0,0,응명동,1183,15,0,0,0,0,662,111,0,345,927,2,0,1,1042,1,5,5,0,12,863,506,8,988,0,8
2028,김천시,4162,0,47,1294,20,18,0,19,716,4854,7,0,경상북도,1,2024,90,0,5,13,0,18,0,0,조마면,1557,33,0,0,0,0,3257,113,0,424,1194,1,0,31,639,1,69,36,0,5,682,489,33,512,0,4
667,김천시,1892,0,3,1182,0,5,0,0,55,677,0,0,경상북도,2,2024,66,0,3,1,0,5,0,0,증산면,1024,0,0,0,0,0,23,0,0,0,445,0,0,9,525,0,1,7,0,3,948,11,6,66,0,0
2175,김천시,3596,0,32,3129,59,23,0,17,2132,4248,34,0,경상북도,28,2024,861,0,72,8,0,120,0,2,지례면,2830,314,0,0,0,0,1568,427,0,1236,1968,6,0,67,1158,28,34,44,0,33,3498,1621,110,2060,0,0
46,김천시,56,0,0,77,0,0,0,0,39,70,5,0,경상북도,0,2024,8,0,0,0,0,0,0,0,지좌동,168,14,0,0,0,0,77,15,0,13,69,0,0,0,40,1,0,0,0,0,105,112,2,143,0,0
36378,김천시,26036,0,1453,32220,1759,1164,1478,844,43332,25134,9966,0,경상북도,537,2024,17559,0,1785,338,0,1711,0,55,평화동,25037,3585,0,0,0,0,35477,21697,0,28575,65113,316,2,1509,40749,1040,1598,1701,0,1463,35923,51434,1748,52241,0,172
7002,김천시,6572,0,100,7323,167,89,0,25,4206,4125,21,0,경상북도,9,2024,978,0,107,5,0,113,0,0,황금동,4888,1505,0,0,0,0,8170,403,0,1047,5581,6,0,134,2195,87,109,192,0,82,7850,5410,113,6124,0,0
1760,문경시,3166,0,541,1459,937,1171,0,436,1321,3114,0,0,경상북도,214,2024,145,0,451,59,1,942,0,0,가은읍,2500,92,0,0,0,0,1862,0,0,616,1300,9,0,881,965,278,438,744,0,545,1713,755,941,934,0,1
441,문경시,415,0,116,302,240,67,0,161,321,716,0,0,경상북도,68,2024,31,0,254,30,0,112,0,0,공평동,587,15,0,0,0,0,212,0,0,33,184,0,0,100,151,52,92,202,0,176,427,159,139,219,0,2
1602,문경시,2254,0,330,660,590,1245,0,266,769,1973,0,0,경상북도,82,2024,27,6,529,24,3,391,0,0,농암면,2535,5,0,1,0,0,593,0,0,237,692,0,0,597,585,111,390,247,0,848,631,1434,418,410,5,5
3227,문경시,1891,0,271,1334,983,1120,0,970,2043,2472,0,0,경상북도,69,2024,4,9,654,0,34,587,1,0,동로면,3005,191,1,2,0,5,1358,0,0,617,1058,0,0,364,1351,337,492,1112,0,764,1732,1395,736,1049,9,72
3189,문경시,4398,0,451,2400,817,732,0,406,2088,3090,0,0,경상북도,194,2024,162,0,593,134,0,723,0,0,마성면,4571,144,0,0,0,0,2005,21,0,275,1318,174,0,549,649,298,671,763,0,741,2412,679,944,1222,0,66
5668,문경시,6363,0,2678,4734,3029,3814,0,2532,6566,11357,0,0,경상북도,962,2024,3739,0,2164,389,0,3038,0,0,모전동,10794,642,0,0,0,0,4859,592,0,2885,5396,5,0,3796,7901,2528,2742,3028,0,3510,6635,7755,2376,6686,0,11
5965,문경시,7206,0,1769,5821,2639,3841,0,1050,4676,6950,0,0,경상북도,489,2024,16,0,1825,100,0,1798,0,0,문경읍,6759,113,0,0,0,0,4076,2,0,2809,6698,83,0,3652,4928,2463,1227,1643,0,1744,5900,4835,1779,4243,0,102
535,문경시,174,0,17,90,68,20,0,8,70,203,0,0,경상북도,10,2024,3,0,76,2,0,22,0,0,불정동,432,0,0,0,0,0,129,0,0,36,332,0,0,19,25,26,29,40,0,27,261,60,311,53,0,4
1498,문경시,2431,0,117,1156,268,399,0,407,1642,1601,0,0,경상북도,203,2024,1,0,238,2,0,555,0,0,산북면,3372,92,0,0,0,0,1987,0,0,339,450,0,0,228,97,260,238,750,0,417,1026,668,770,836,0,105
812,문경시,2995,0,207,1354,363,273,0,131,1735,1100,0,0,경상북도,69,2024,1,0,363,2,0,332,0,0,산양면,462,2,0,0,0,0,558,0,0,420,793,0,0,364,315,196,175,357,0,513,494,1004,138,362,0,13
1044,문경시,1627,0,397,1059,173,747,0,148,796,819,0,0,경상북도,53,2024,4,0,404,128,0,272,0,0,신기동,1105,0,0,0,0,0,923,0,0,41,562,0,0,497,1678,522,273,479,0,115,506,358,343,546,0,0
875,문경시,1294,0,318,371,402,549,0,179,467,1471,0,0,경상북도,100,2024,0,0,347,0,0,338,0,0,영순면,1758,1,0,0,0,0,521,0,0,114,628,0,0,343,296,36,206,489,0,742,1019,274,292,278,0,11
4,문경시,1,0,3,0,7,6,0,2,3,10,0,0,경상북도,1,2024,0,0,2,0,1,20,0,0,영신동,7,0,0,0,0,0,2,0,0,2,2,0,0,4,1,18,5,6,0,7,52,26,11,7,0,0
1,문경시,249,0,34,16,2,0,0,3,0,121,0,0,경상북도,1,2024,0,0,8,0,0,5,0,0,우지동,0,0,0,0,0,0,196,0,0,0,0,0,0,22,0,23,2,9,0,0,3,6,12,1,0,0
449,문경시,803,0,110,247,190,142,0,174,259,790,0,0,경상북도,32,2024,6,0,108,67,0,146,0,0,유곡동,601,30,0,0,0,0,371,3,0,26,150,15,0,96,144,59,164,208,0,187,902,623,197,199,0,7
4453,문경시,3356,0,1119,4369,4589,4104,0,978,6274,2856,0,0,경상북도,339,2024,805,0,1060,227,0,2489,0,0,점촌동,2860,742,0,0,0,0,5418,58,0,1448,5502,15,0,6039,3098,1423,1792,2749,0,2449,4367,5100,2835,4594,0,1
1,문경시,108,0,20,59,25,1,0,0,0,194,0,0,경상북도,5,2024,0,0,13,0,0,23,0,0,창동,68,0,0,0,0,0,75,0,0,0,0,0,0,0,0,0,0,1,0,0,2,12,60,14,0,0
569,문경시,1335,0,176,589,256,354,0,212,339,1305,0,0,경상북도,53,2024,13,0,319,103,0,144,0,0,호계면,2213,56,0,0,0,0,1069,3,0,57,425,1,0,161,229,93,110,479,0,100,1060,524,508,347,0,12
27718,문경시,26514,0,7374,23437,13883,14850,82,6367,31286,33344,1,2,경상북도,2350,2024,3334,4,6824,1090,352,10869,0,0,흥덕동,30356,8750,0,7,0,1,28650,22,1,6106,24757,47,16,15348,17923,8544,7931,11811,0,12026,26212,26123,9990,21556,0,390
57,봉화군,297,0,84,1,7,14,0,10,157,46,0,0,경상북도,0,2024,0,0,17,0,0,4,0,0,명호면,58,126,0,0,0,0,5,0,0,0,259,0,0,54,196,14,19,0,0,45,67,7,15,90,0,11
1,봉화군,247,0,1,59,9,17,0,33,0,113,0,0,경상북도,0,2024,0,0,0,0,0,7,0,0,물야면,5,7,0,0,0,0,0,0,0,1,0,0,0,6,18,7,1,0,0,0,9,3,94,0,0,2
0,봉화군,22,0,5,0,0,113,0,1,0,0,0,0,경상북도,0,2024,0,0,0,0,0,0,0,0,봉성면,40,0,0,0,0,0,0,0,0,0,0,0,0,0,2,0,0,0,0,0,0,1,0,0,0,0
5207,봉화군,4229,0,1481,3974,1315,1005,0,1170,4447,6245,178,0,경상북도,957,2024,1086,0,1596,583,0,1357,0,28,봉화읍,5310,1170,0,0,0,0,3944,817,0,1280,4748,616,0,901,3391,722,1467,1486,0,1341,4833,3999,1481,3804,0,424
0,봉화군,191,0,0,13,5,7,0,1,0,0,0,0,경상북도,6,2024,0,0,2,0,0,23,0,0,상운면,59,7,0,0,0,0,0,0,0,27,98,0,0,5,2,0,28,0,0,0,0,0,0,4,0,4
0,봉화군,0,0,53,0,0,79,0,0,24,0,0,0,경상북도,0,2024,0,0,0,0,0,0,0,0,석포면,592,0,0,0,0,0,0,30,0,0,0,63,0,0,0,2,0,0,0,83,539,311,1,0,0,0
0,봉화군,0,0,0,0,0,0,0,0,11,26,0,0,경상북도,0,2024,0,0,0,0,0,0,0,0,소천면,5,0,0,0,0,0,0,0,0,0,0,0,0,0,10,0,0,0,0,0,25,0,0,0,0,0
6,봉화군,0,0,60,0,0,46,0,3,0,0,0,0,경상북도,0,2024,0,0,0,0,0,0,0,0,재산면,598,2,0,0,0,0,1,0,0,0,0,0,0,2,11,0,0,0,0,0,0,110,0,0,0,0
347,상주시,458,0,149,533,56,71,0,99,859,223,0,0,경상북도,63,2024,11,0,117,1,0,75,0,0,가장동,430,1,0,0,0,0,460,0,0,381,990,0,0,33,1251,31,83,108,0,146,252,864,84,99,0,6
1,상주시,32,0,3,41,4,1,0,0,0,81,0,0,경상북도,1,2024,0,0,0,0,0,3,0,0,개운동,14,0,0,0,0,0,35,0,0,1,6,0,0,3,10,1,3,9,0,1,9,2,6,18,0,0
15,상주시,0,0,0,7,10,1,0,9,0,59,0,0,경상북도,2,2024,0,0,1,0,0,2,0,0,거동동,83,0,0,0,0,0,5,0,0,0,7,0,0,0,5,0,4,13,0,0,25,0,11,15,0,0
30,상주시,61,0,30,81,37,58,0,5,22,44,0,0,경상북도,9,2024,10,0,19,4,0,29,0,0,계산동,39,8,0,0,0,0,63,6,0,14,354,3,0,87,37,24,13,24,0,16,71,153,59,169,0,3
517,상주시,845,0,245,131,163,105,0,148,130,592,0,0,경상북도,68,2024,4,0,143,16,0,104,0,0,공검면,616,0,0,0,0,0,390,7,0,37,114,2,0,75,173,36,206,201,0,176,241,139,204,189,0,7
180,상주시,627,0,67,161,131,70,0,45,506,535,0,0,경상북도,61,2024,6,0,170,0,0,114,0,0,공성면,911,89,0,0,0,0,244,0,0,27,435,0,0,50,101,116,95,127,0,70,266,80,30,187,0,2
1250,상주시,1233,0,194,852,314,417,0,157,306,1761,0,0,경상북도,86,2024,210,0,276,14,0,244,0,0,낙동면,1780,154,0,0,0,0,1209,0,0,235,2927,0,0,188,486,214,189,318,0,349,1337,451,356,513,0,114
0,상주시,1,0,25,2,9,0,0,0,0,0,0,0,경상북도,1,2024,0,0,0,0,0,36,0,0,낙상동,0,0,0,0,0,0,2,0,0,0,0,0,0,2,1,1,76,22,0,10,0,0,5,4,0,0
4,상주시,3,0,3,16,1,2,0,2,0,0,0,0,경상북도,0,2024,0,0,2,0,0,2,0,0,낙양동,17,0,0,0,0,0,2,0,0,18,1,0,0,12,1,14,0,13,0,2,5,33,1,0,0,0
2004,상주시,515,0,250,1494,314,1528,0,228,1945,988,0,0,경상북도,102,2024,114,0,277,9,0,470,0,0,남성동,1031,259,0,0,0,0,1663,0,0,957,2933,0,0,2078,2445,1352,205,747,0,699,2109,1683,536,1406,0,4
11,상주시,44,0,8,61,34,2,0,138,24,184,0,0,경상북도,4,2024,1,0,16,0,0,15,0,0,남장동,104,0,0,0,0,0,29,0,0,0,11,0,0,54,12,14,12,16,0,13,35,17,16,36,0,0
55,상주시,116,0,4,27,12,4,0,3,50,40,0,0,경상북도,4,2024,3,0,3,1,0,67,0,0,남적동,173,0,0,0,0,0,62,0,0,4,8,2,0,8,47,24,21,16,0,15,100,67,15,24,0,0
322,상주시,760,0,201,225,218,99,0,148,221,949,0,0,경상북도,24,2024,8,0,195,2,0,133,0,0,내서면,907,21,0,0,0,0,654,0,0,15,3474,0,0,165,140,33,161,289,0,197,614,1118,367,484,0,15
210,상주시,184,0,181,200,118,208,0,85,140,1479,0,0,경상북도,32,2024,43,0,91,7,4,127,0,0,냉림동,603,422,0,0,0,0,164,0,0,179,242,6,0,144,516,141,64,127,0,90,257,293,244,190,0,1
93,상주시,31,0,0,19,9,7,0,3,11,7,0,0,경상북도,10,2024,0,0,11,0,0,8,0,0,도남동,135,70,0,0,0,0,18,0,0,1,12,0,0,1,141,0,31,0,0,8,29,0,20,30,0,0
7,상주시,4,0,19,9,11,27,0,7,35,25,0,0,경상북도,3,2024,1,0,10,0,0,10,0,0,만산동,4,0,0,0,0,0,15,0,0,0,63,0,0,36,60,23,17,56,0,12,66,18,68,1,0,0
340,상주시,1011,0,174,482,25,35,0,221,418,1478,0,0,경상북도,29,2024,63,0,160,57,0,8,0,0,모동면,961,332,0,0,0,0,468,0,0,27,798,0,0,44,126,30,50,346,0,193,516,117,226,186,0,4
131,상주시,1090,0,115,336,9,32,0,101,355,1564,0,0,경상북도,49,2024,12,0,73,47,0,22,0,0,모서면,751,64,0,0,0,0,206,0,0,148,242,0,0,216,282,131,52,118,0,273,796,635,294,5,0,25
19062,상주시,19391,0,4438,16858,8035,7988,0,3911,20815,28886,0,0,경상북도,2060,2024,1180,5,3701,419,318,5639,1,2,무양동,27272,5096,0,1,6,9,17673,462,0,8753,23030,73,0,11498,19621,7514,4313,8022,0,6057,18693,21743,7158,14361,1,280
61,상주시,84,0,9,4,29,58,0,30,0,65,0,0,경상북도,14,2024,0,0,23,0,0,33,0,0,병성동,47,16,0,0,0,0,0,0,0,4,4,0,0,1,4,1,0,7,0,28,67,0,6,8,0,0
29,상주시,24,0,19,21,16,7,0,88,24,194,0,0,경상북도,6,2024,1,0,16,1,0,18,0,0,복룡동,336,1,0,0,0,0,10,0,0,7,57,0,0,221,37,7,12,20,0,7,41,22,37,5,0,0
33,상주시,130,0,180,58,40,16,0,22,25,65,0,0,경상북도,7,2024,0,0,59,3,0,36,0,0,부원동,92,0,0,0,0,0,67,0,0,5,27,0,0,43,449,5,45,41,0,36,22,116,38,77,0,0
946,상주시,893,0,236,445,286,57,0,68,297,1750,0,0,경상북도,42,2024,9,0,207,4,0,121,0,0,사벌국면,1125,29,0,0,0,0,688,6,0,23,431,0,0,92,150,59,218,224,0,279,764,882,422,231,0,3
0,상주시,2,0,0,0,0,0,0,0,0,0,0,0,경상북도,0,2024,0,0,0,0,0,2,0,0,서곡동,0,0,0,0,0,0,1,0,0,0,0,0,0,0,0,0,0,0,0,0,3,0,2,0,0,0
2231,상주시,948,0,223,735,645,566,0,150,1704,1382,0,0,경상북도,66,2024,1,0,203,17,2,275,0,0,서문동,505,286,0,0,0,0,1810,0,0,1024,2275,4,0,735,2045,878,174,600,0,296,1988,1349,602,1691,0,0
8,상주시,8,0,8,15,32,1,0,4,37,17,0,0,경상북도,0,2024,0,0,4,0,0,7,0,0,성동동,33,19,0,0,0,0,9,0,0,7,191,0,0,0,3,1,3,3,0,8,22,22,4,12,0,0
344,상주시,113,0,25,344,211,110,0,16,590,174,0,0,경상북도,9,2024,0,0,56,2,0,74,0,0,성하동,221,154,0,0,0,0,141,0,0,118,353,0,0,395,180,84,76,166,0,101,238,138,157,179,0,0
41,상주시,71,0,50,25,57,35,0,46,61,139,0,0,경상북도,16,2024,2,0,27,0,0,20,0,0,신봉동,222,23,0,0,0,0,68,0,0,19,127,0,0,90,203,49,12,32,0,58,93,195,19,79,0,1
8,상주시,48,0,7,111,4,10,0,9,108,68,0,0,경상북도,4,2024,0,0,17,0,0,7,0,0,양촌동,46,0,0,0,0,0,64,0,0,6,243,0,0,2,71,3,16,4,0,11,28,32,8,11,0,1
4,상주시,8,0,7,6,4,14,0,4,3,53,0,0,경상북도,2,2024,0,0,8,0,0,5,0,0,연원동,181,42,0,0,0,0,4,0,0,3,19,0,0,3,9,10,4,20,0,27,32,6,15,1,0,0
47,상주시,594,0,79,129,51,57,0,92,0,453,0,0,경상북도,51,2024,0,0,0,0,0,45,0,0,외남면,7,5,0,0,0,0,423,0,0,7,0,0,0,38,103,15,100,73,0,0,122,0,45,158,0,15
61,상주시,424,0,22,115,8,60,0,27,62,123,0,0,경상북도,23,2024,1,0,114,1,0,13,0,0,외답동,348,0,0,0,0,0,127,0,0,18,89,0,0,5,48,63,16,20,0,38,98,101,25,38,0,4
276,상주시,468,0,72,117,52,28,0,101,254,1559,0,0,경상북도,45,2024,1,0,88,5,0,81,0,0,외서면,344,83,0,0,0,0,245,0,0,12,121,0,0,73,88,37,102,87,0,122,160,129,64,133,0,8
705,상주시,662,0,139,337,247,125,0,107,689,672,0,0,경상북도,59,2024,6,0,126,35,0,189,0,0,은척면,1006,73,0,0,0,0,330,0,0,55,50,0,0,213,117,66,148,214,0,212,309,428,228,266,0,16
325,상주시,675,0,185,172,151,74,0,60,480,328,0,0,경상북도,89,2024,4,0,219,35,0,122,0,0,이안면,653,52,0,0,0,0,210,0,0,23,171,2,0,45,34,7,187,160,0,284,329,89,95,136,0,0
40,상주시,1,0,1,13,1,0,0,1,0,8,0,0,경상북도,6,2024,0,0,3,0,0,0,0,0,인평동,7,0,0,0,0,0,12,0,0,8,4,0,0,0,8,0,0,4,0,0,1,1,0,7,0,0
13,상주시,18,0,1,44,10,13,0,14,13,10,0,0,경상북도,4,2024,0,0,3,1,0,9,0,0,죽전동,9,0,0,0,0,0,9,0,0,3,56,0,0,7,9,6,14,3,0,1,39,33,6,37,0,0
12,상주시,28,0,13,2,11,0,0,5,12,88,0,0,경상북도,6,2024,0,0,0,0,0,4,0,0,중덕동,21,0,0,0,0,0,48,0,0,0,2,0,0,13,1,0,3,2,0,1,18,2,5,2,0,0
15,상주시,243,0,7,59,13,3,0,46,125,868,0,0,경상북도,3,2024,2,0,73,7,0,37,0,0,중동면,296,0,0,0,0,0,153,0,0,8,171,0,0,15,7,8,31,69,0,34,155,23,55,16,0,0
0,상주시,198,0,1,1,1,3,0,3,108,1,0,0,경상북도,3,2024,0,0,31,0,0,3,0,0,지천동,4,0,0,0,0,0,2,0,0,2,16,0,0,4,10,0,2,0,0,25,2,4,2,0,0,0
140,상주시,887,0,231,241,125,167,0,209,478,1256,0,0,경상북도,51,2024,13,0,143,2,0,164,0,0,청리면,1261,2,0,0,0,0,461,0,0,161,365,0,0,98,372,48,137,322,0,265,228,398,132,223,0,11
44,상주시,203,0,16,66,23,9,0,9,119,71,0,0,경상북도,3,2024,0,0,61,4,0,18,0,0,초산동,179,0,0,0,0,0,27,0,0,0,182,0,0,12,33,3,35,20,0,42,31,218,31,32,0,0
1259,상주시,1563,0,487,768,819,408,0,335,1890,2187,0,0,경상북도,265,2024,234,0,427,118,0,607,0,0,함창읍,2079,24,0,0,0,0,1396,241,0,555,987,34,0,873,1464,276,579,539,0,716,1648,4702,445,1584,0,38
19,상주시,37,0,3,9,33,0,0,7,7,4,0,0,경상북도,8,2024,1,0,13,0,0,5,0,0,헌신동,2,0,0,0,0,0,12,0,0,1,7,0,0,4,61,3,5,6,0,33,14,14,14,2,0,2
10,상주시,6,0,4,16,8,2,0,6,48,3,0,0,경상북도,9,2024,1,0,7,2,0,3,0,0,화개동,2,0,0,0,0,0,11,0,0,4,22,0,0,4,28,0,8,3,0,15,20,30,11,19,0,0
449,상주시,1046,0,17,200,30,15,0,44,94,786,0,0,경상북도,20,2024,0,0,2,0,0,44,0,0,화남면,44,16,0,0,0,0,364,0,0,12,25,0,0,2,120,5,65,0,0,51,480,286,47,211,0,2
774,상주시,795,0,116,709,364,50,0,35,196,2068,0,0,경상북도,217,2024,3,0,185,36,0,387,0,0,화동면,1133,526,0,0,0,0,775,0,0,146,253,0,0,168,112,772,185,273,0,139,386,349,215,50,0,35
463,상주시,1438,0,108,284,126,29,0,43,432,1071,0,0,경상북도,27,2024,0,0,84,0,0,153,0,0,화북면,1215,2,0,0,0,0,537,0,0,50,308,0,0,36,201,5,11,8,0,263,300,343,12,263,0,3
9,상주시,12,0,1,0,1,0,0,0,0,0,0,0,경상북도,3,2024,0,0,1,0,0,1,0,0,화산동,5,2,0,0,0,0,16,0,0,0,0,0,0,1,0,2,0,0,0,1,7,0,3,0,0,0
582,상주시,1837,0,403,358,361,237,0,147,595,1186,0,0,경상북도,144,2024,30,0,14,7,0,148,0,0,화서면,995,153,0,0,0,0,1181,0,0,312,395,0,0,367,528,108,258,605,0,221,1281,1262,465,1379,0,9
0,성주군,0,0,0,0,0,0,0,0,23,0,0,0,경상북도,0,2024,0,0,0,0,0,0,0,0,금수강산면,0,0,0,0,0,0,0,0,0,0,26,0,0,0,0,0,0,0,0,1,1,1,0,0,0,0
0,성주군,0,0,0,0,0,0,0,0,25,0,0,0,경상북도,0,2024,0,0,0,0,0,0,0,0,금수면,0,0,0,0,0,0,2,0,0,0,23,0,0,0,0,0,0,0,0,0,4,0,0,0,0,0
0,성주군,0,0,0,754,0,25,0,0,0,0,0,0,경상북도,17,2024,4,0,0,0,0,10,0,0,성주읍,488,0,0,0,0,0,0,1,0,645,0,0,0,0,1,0,0,0,0,0,2,0,0,15,0,0
0,성주군,0,0,0,474,0,1,0,0,0,302,0,0,경상북도,12,2024,11,0,0,1,0,3,0,0,초전면,943,0,0,0,0,0,0,0,0,191,0,0,0,0,0,0,4,0,0,0,1,0,0,220,0,0
2514,안동시,2186,0,1351,2544,3551,3356,0,1473,3924,1131,912,0,경상북도,602,2024,2363,0,1829,365,0,2662,0,227,광석동,3376,389,0,0,0,0,2680,2281,0,2916,5791,408,1,3515,5591,1551,2165,2786,0,2725,2617,6777,2331,3991,0,203
8502,안동시,6676,0,1474,9386,1648,1807,0,1342,12162,4374,200,0,경상북도,538,2024,6522,0,1546,430,36,1704,0,37,금곡동,8080,1697,0,0,0,0,9605,4586,0,5890,17749,347,2,1626,16001,1202,1585,1795,0,1375,9945,18958,1834,14160,0,323
7642,안동시,2935,0,679,1975,2458,3299,0,184,2055,5246,0,0,경상북도,166,2024,17,0,410,39,2,1170,0,0,길안면,7955,2718,0,0,0,2,3307,0,0,306,1812,0,0,745,675,873,715,1510,0,1002,4725,1837,1619,1891,0,364
3520,안동시,2307,0,972,6809,1295,1472,0,593,6884,1763,214,0,경상북도,281,2024,1696,0,904,197,145,1042,0,93,남문동,3107,1495,0,4,0,0,5736,895,0,1794,7222,123,1,1208,3947,807,1118,1283,0,1245,4695,5583,1072,5366,0,163
6425,안동시,4317,0,3534,10467,3042,2518,0,3799,9705,4562,1459,0,경상북도,1920,2024,5719,0,3514,1185,904,3633,0,150,남부동,3957,1682,0,150,0,0,6529,6017,0,7159,13454,558,0,2583,16542,1122,3710,3334,0,3490,10827,14514,3752,10965,0,423
2390,안동시,4502,0,149,556,306,172,0,95,1032,2530,0,0,경상북도,113,2024,63,0,152,47,0,158,0,0,남선면,4006,1174,0,0,0,0,2002,0,0,470,680,0,0,167,608,221,165,117,0,106,1420,797,287,1556,0,123
1060,안동시,3816,0,193,670,277,274,0,330,1427,1671,0,0,경상북도,53,2024,135,0,283,0,0,290,0,0,남후면,3575,1298,0,0,0,0,1779,0,0,222,1479,0,0,256,856,111,99,341,0,378,1588,749,244,566,0,53
8,안동시,2,0,94,1,18,28,0,10,17,4,0,0,경상북도,0,2024,0,0,43,0,0,28,0,20,노하동,13,0,0,0,0,0,1,0,0,0,0,0,0,9,0,20,23,20,0,23,7,4,37,8,0,0
1232,안동시,495,0,47,394,128,138,0,52,404,1904,0,0,경상북도,64,2024,0,0,78,0,1,138,0,0,녹전면,2408,556,0,0,0,0,612,0,0,162,191,0,0,151,506,88,9,52,0,206,578,132,69,148,0,32
7582,안동시,6513,0,2859,7760,4141,3519,0,2451,10619,4114,660,0,경상북도,1263,2024,3789,0,4232,728,0,3747,0,148,당북동,8390,1623,0,0,0,0,8522,3335,0,4902,16822,511,0,4537,10816,2384,4015,4765,0,3554,7799,12422,3618,15422,0,417
1632,안동시,1255,0,972,2367,2266,1460,0,1182,2274,400,30,0,경상북도,472,2024,1405,0,1194,155,0,1345,0,30,대석동,356,40,0,0,0,0,2066,855,0,1955,3318,93,0,1546,3844,1012,1454,1492,0,1392,2326,3464,1326,3000,0,38
1881,안동시,2354,0,258,2405,535,447,0,209,2091,4279,0,0,경상북도,15,2024,150,0,214,157,0,495,0,0,도산면,4406,842,0,0,0,0,2223,0,0,248,1434,3,0,517,1088,213,293,404,0,638,1859,1586,406,1845,0,56
140,안동시,315,0,76,198,128,136,0,56,158,419,0,0,경상북도,43,2024,126,0,97,37,0,128,0,0,동문동,123,31,0,0,0,0,173,111,0,243,252,19,0,143,264,34,121,100,0,110,138,312,117,262,0,110
4728,안동시,4282,0,2130,8663,1894,1595,0,2120,7102,2652,3,0,경상북도,742,2024,8018,0,2085,431,3,2475,0,0,동부동,3221,1191,0,0,0,0,5614,5915,0,7296,11996,305,1,1516,14166,672,2120,1974,0,2007,9534,15045,2433,9990,0,104
793,안동시,911,0,875,1593,1181,1205,0,672,2097,1103,17,0,경상북도,154,2024,1174,0,838,97,69,838,0,13,명륜동,1051,70,0,3,0,0,1793,799,0,931,3970,129,0,1009,2190,615,761,1035,0,793,1493,2423,970,5079,0,14
2005,안동시,2338,0,1049,3125,1817,1251,0,850,4051,1578,79,0,경상북도,437,2024,1136,0,1271,185,305,1478,0,14,목성동,1335,168,0,15,0,0,4170,682,0,1158,4015,137,0,1515,3344,862,1445,1315,0,1277,2841,3361,1420,3458,0,67
2665,안동시,1737,0,619,3930,1029,978,0,555,5357,1945,30,0,경상북도,204,2024,1920,0,656,138,0,758,0,17,법상동,1942,1052,0,0,0,0,3480,1191,0,1940,15887,127,0,879,5262,426,706,796,0,709,4861,6048,845,13512,0,273
1630,안동시,2158,0,835,1481,829,905,0,899,2071,1618,168,0,경상북도,458,2024,837,0,711,245,122,773,0,91,법흥동,3063,409,0,15,0,0,1491,628,0,1137,1895,248,0,916,1934,427,877,704,0,783,1787,2145,724,1434,0,223
353,안동시,559,0,177,472,371,329,0,270,983,83,0,0,경상북도,92,2024,267,0,250,53,10,369,0,0,북문동,266,22,0,2,0,0,948,75,0,165,867,39,0,326,762,71,226,279,0,331,515,560,357,618,0,31
4172,안동시,2805,0,340,1129,2177,246,0,114,1676,8212,0,0,경상북도,164,2024,3,0,140,3,0,351,0,0,북후면,1109,1534,0,0,0,0,3908,0,0,451,945,0,0,94,748,1485,238,1260,0,414,2202,1356,410,1270,0,53
1746,안동시,863,0,826,3066,929,952,0,753,2641,266,765,0,경상북도,413,2024,2347,0,853,274,0,1270,0,155,삼산동,1068,48,0,0,0,0,1523,1953,0,3120,4350,282,0,1139,5515,165,1063,810,0,1025,2838,4764,1057,3597,0,30
34,안동시,259,0,360,52,61,107,0,474,110,217,0,0,경상북도,16,2024,5,0,17,5,1,22,0,0,상아동,248,27,0,0,0,0,252,3,0,331,67,7,0,39,457,117,25,231,0,42,425,951,245,33,0,1
895,안동시,849,0,367,1453,710,587,0,291,2488,422,24,0,경상북도,153,2024,642,0,484,93,202,682,0,4,서부동,625,88,0,27,0,0,2404,286,0,364,2230,79,0,756,1266,229,639,721,0,723,1518,1277,761,1891,0,32
2254,안동시,8187,0,2403,2923,2046,2342,0,2080,4201,4731,173,0,경상북도,1288,2024,701,0,1834,968,0,1602,0,162,서후면,3855,2053,0,0,0,0,4507,779,0,985,6143,1204,0,2017,3633,1551,1706,1589,0,1445,3834,7439,2379,3856,0,612
0,안동시,0,0,3,0,0,2,0,0,0,0,0,0,경상북도,0,2024,0,0,0,0,0,0,0,0,석동동,0,0,0,0,0,0,1,0,0,0,0,0,0,0,0,0,0,2,0,0,10,13,4,0,0,0
18,안동시,164,0,109,6,4,44,0,132,0,0,0,0,경상북도,30,2024,0,0,2,0,0,2,0,0,성곡동,31,0,0,0,0,0,144,0,0,85,17,0,0,31,260,0,0,206,0,1,290,642,128,0,0,0
17452,안동시,17064,0,3998,23396,3201,3499,79,4799,22033,11296,3589,0,경상북도,4008,2024,9753,0,3949,3036,4,3849,0,2053,송천동,16484,3568,0,0,0,0,18607,10152,0,14797,37273,3329,0,3658,35573,1577,3837,2601,0,3840,23957,45570,3290,26990,0,345
52451,안동시,58509,0,33791,58389,24399,24253,0,29103,62255,59418,4000,0,경상북도,15985,2024,28161,0,30196,9808,4,25105,0,1571,송현동,79914,14754,0,0,0,0,49524,37392,0,49589,79446,9958,2,22810,84896,19211,23727,22173,0,23516,62742,87237,26380,73872,0,3385
2093,안동시,2611,0,1070,3051,1445,1995,0,960,2698,4669,43,0,경상북도,567,2024,1169,0,955,186,0,1453,0,104,수상동,4184,804,0,0,0,0,3031,2026,0,3125,6409,305,0,1492,5260,2300,986,1241,0,1191,3776,12002,1318,3567,0,621
20,안동시,440,0,12,357,4,25,0,2,139,352,0,0,경상북도,3,2024,0,0,46,0,0,18,0,0,수하동,377,44,0,0,0,0,78,0,0,24,566,0,0,22,20,21,4,6,0,13,53,397,7,42,0,6
159,안동시,66,0,28,67,26,26,0,16,97,213,0,0,경상북도,7,2024,62,0,25,6,0,38,0,0,신세동,142,2,0,0,0,0,93,36,0,83,217,3,0,43,198,10,27,25,0,15,81,235,27,102,0,47
1484,안동시,2465,0,625,2049,730,849,0,631,3388,2519,57,0,경상북도,462,2024,868,0,677,260,97,639,0,2,신안동,1839,888,0,0,0,0,3171,382,0,646,3994,289,0,697,2404,391,604,832,0,653,2719,2040,640,2673,0,12
3857,안동시,6068,0,1274,4304,673,1140,0,1406,5607,9535,97,0,경상북도,645,2024,1889,0,1380,626,14,1028,0,212,안기동,9765,1989,0,0,0,0,4390,812,0,2080,6776,268,0,791,4566,452,990,961,0,1100,5052,5473,955,4612,0,100
6530,안동시,7919,0,1033,5632,1104,1471,0,1237,7725,9600,727,0,경상북도,868,2024,2687,0,1439,476,109,1032,0,51,안막동,12210,2293,0,0,0,0,7333,1474,0,3028,13737,455,0,1284,9761,667,1113,1247,0,1040,8113,10859,910,6626,0,298
2619,안동시,4925,0,75,1096,273,1578,0,47,1847,4176,0,0,경상북도,4,2024,0,0,118,0,0,729,0,0,예안면,4058,773,0,0,0,0,1039,2,0,23,1207,0,0,1767,656,466,493,284,0,274,1281,596,591,1304,0,46
41796,안동시,49374,0,14701,41283,8842,6667,0,16219,40365,83660,12540,0,경상북도,9462,2024,35415,0,13541,5907,44,11700,0,891,옥동,78740,14338,0,0,0,0,40161,36423,0,37091,48056,5101,0,7974,53094,4572,11954,9829,0,11275,45098,51812,11878,43716,0,929
29623,안동시,22847,0,5646,27275,14073,12138,0,4721,36122,12141,733,0,경상북도,2152,2024,4695,0,8184,1280,213,9063,0,284,옥야동,19003,3609,0,3,0,0,34430,2831,0,7457,29216,972,0,15768,18462,8359,8240,12965,0,10742,29140,25054,9351,24127,0,1469
6983,안동시,4840,0,205,3033,663,486,0,312,3067,4013,0,0,경상북도,6,2024,138,0,604,85,1,562,0,0,와룡면,7896,1023,0,0,0,0,4732,5,0,425,2755,0,0,1491,1570,435,374,614,0,628,1640,1212,456,2107,0,100
44645,안동시,61391,0,16856,41815,10350,9969,2,18826,45992,62272,9976,0,경상북도,9553,2024,22731,0,16064,6620,2191,11847,0,2679,용상동,83946,16712,0,523,0,0,42443,20294,0,29019,46435,6053,3,9263,53027,4913,13359,10694,0,12188,47791,54251,12070,42608,0,1286
2922,안동시,3909,0,630,2269,310,263,0,660,2173,3860,124,0,경상북도,339,2024,887,0,583,271,0,617,0,53,운안동,3673,700,0,0,0,0,2296,447,0,1300,2058,233,0,301,2602,353,516,412,0,508,2619,2740,426,1773,0,65
7163,안동시,5678,0,8781,13214,6070,4927,0,7312,11481,3341,5046,0,경상북도,4470,2024,13972,0,7067,1762,1016,7356,0,766,운흥동,6757,1798,0,289,0,0,10284,12723,0,14254,17725,1012,4,5664,23133,2757,6782,6765,0,7017,12813,24791,7049,16618,0,491
426,안동시,412,0,47,296,121,82,0,51,202,383,0,0,경상북도,4,2024,18,0,64,1,0,66,0,0,이천동,572,146,0,0,0,0,460,0,0,19,324,0,0,91,194,76,49,78,0,93,372,14,40,198,0,254
3123,안동시,4569,0,241,1392,393,141,0,91,1737,4694,0,0,경상북도,81,2024,132,0,582,52,0,274,0,0,일직면,3535,2263,0,0,0,0,2479,0,0,184,2198,0,0,128,745,179,273,306,0,293,2225,690,270,1295,0,235
4782,안동시,4575,0,178,960,1797,145,0,160,1816,6231,0,0,경상북도,10,2024,0,0,1359,0,0,1977,0,0,임동면,1657,700,0,0,0,0,5532,0,0,432,2117,0,0,1632,499,163,2032,2161,0,547,2290,242,1466,4509,0,28
2902,안동시,4828,0,153,2152,389,310,0,180,2248,4873,0,0,경상북도,117,2024,42,0,227,185,0,351,0,0,임하면,3126,1772,0,0,0,0,1511,32,0,353,1412,8,0,208,1420,357,246,270,0,265,1241,877,308,1689,0,351
503,안동시,458,0,113,378,284,125,0,146,888,596,802,0,경상북도,109,2024,336,0,130,210,0,82,0,17,정상동,421,14,0,0,0,0,311,203,0,500,935,90,0,119,2751,68,70,72,0,142,1051,1532,121,439,0,17
7552,안동시,9252,0,2054,8619,1361,2251,0,2142,10103,14405,104,0,경상북도,1904,2024,5098,0,1985,799,0,1572,0,289,정하동,16593,2473,0,0,0,0,7135,5334,0,9440,11798,1073,0,1301,12981,767,1904,1114,0,1542,10380,13266,1605,9349,0,241
1213,안동시,821,0,2366,1318,2524,2003,0,2031,1658,845,162,0,경상북도,1148,2024,624,0,1949,378,0,2596,0,98,천리동,827,168,0,0,0,0,1637,560,0,602,1836,330,0,2110,1536,1327,2395,2511,0,2403,1194,1851,2392,1568,0,175
24193,안동시,28860,0,10485,26476,7939,7999,0,10819,32962,32071,4723,0,경상북도,6663,2024,15907,0,10615,4027,0,9037,0,782,태화동,43569,16352,0,0,0,0,23753,17681,0,19721,55899,3476,0,7449,31527,5395,9730,8130,0,9092,29384,41816,9090,71468,0,1401
5447,안동시,6942,0,1319,4107,1250,1117,0,1890,4678,5396,354,0,경상북도,716,2024,1604,0,1361,483,0,1273,0,203,평화동,10398,2442,0,0,0,0,4658,1195,0,1783,4554,437,1,1205,4485,618,1323,1158,0,1384,4653,4954,1218,4286,0,63
22534,안동시,25803,0,6255,21408,7889,9668,0,4474,26834,24689,946,0,경상북도,2298,2024,4121,0,6060,1112,0,6183,0,429,풍산읍,24166,3799,0,0,0,0,21773,4407,0,9082,34884,1410,0,7953,23890,6585,5489,5321,0,6551,26470,31458,6464,24972,0,1378
13727,안동시,12610,0,3783,10352,6765,4892,3,4406,12643,20266,2012,0,경상북도,2508,2024,4203,0,3715,1128,0,3953,0,732,풍천면,20476,3282,0,0,0,0,11611,4628,0,7464,31098,1627,0,4062,14679,2018,4218,6103,0,4335,12274,17493,5698,35095,0,563
1240,안동시,1228,0,899,1308,2101,1501,0,1094,1764,455,73,0,경상북도,518,2024,531,0,1190,161,0,1944,0,123,화성동,1405,171,0,0,0,0,1654,317,0,724,2906,154,1,1969,1856,407,1529,1679,0,2004,1525,2033,1926,2846,0,125
0,영덕군,0,0,0,0,0,27,0,0,3,0,0,0,경상북도,0,2024,0,0,39,0,0,0,0,0,남정면,67,0,0,0,0,0,38,0,0,0,42,0,0,0,0,0,0,4,0,1,0,0,0,0,0,0
11387,영주시,12903,0,8948,12507,5841,8167,1,7504,14318,22413,2204,0,경상북도,3577,2024,8784,0,8190,2131,0,7084,0,340,가흥동,21929,2630,0,0,0,0,12537,5296,0,8985,21972,1389,2,7327,19065,5993,7223,6038,0,7030,15475,21259,7732,22418,0,642
107,영주시,128,0,205,56,12,11,0,38,71,270,0,0,경상북도,17,2024,0,0,38,0,0,11,0,0,고현동,294,3,0,0,0,0,0,0,0,4,14,0,0,38,9,10,57,10,0,20,108,19,24,7,0,9
17,영주시,647,0,200,293,277,173,0,131,110,1729,0,0,경상북도,74,2024,18,0,437,59,0,216,0,0,단산면,2210,30,0,0,0,0,286,0,0,352,1324,0,0,19,222,222,100,35,0,612,1552,88,378,120,0,21
0,영주시,1061,0,34,358,0,56,0,78,1568,674,0,0,경상북도,47,2024,0,0,131,0,0,128,0,0,문수면,1242,740,0,0,0,0,411,0,0,71,83,0,0,58,163,8,154,216,0,113,322,342,162,479,0,73
11071,영주시,12584,2,6642,14144,5365,5606,1,5867,16170,21130,58,6,경상북도,2828,2024,6310,16,6900,1988,0,6164,0,68,문정동,16383,1998,0,0,0,0,12770,3829,2,8353,24975,1126,0,5393,16998,3351,6682,5961,0,5934,16218,23102,6683,22613,4,430
741,영주시,2856,0,616,668,489,568,0,272,1042,2486,112,0,경상북도,361,2024,186,0,428,35,0,713,0,89,봉현면,1051,36,0,0,0,0,1016,36,0,258,544,98,0,441,351,204,860,448,0,895,537,1349,417,772,0,22
2580,영주시,2744,0,870,1074,1260,1191,0,464,1801,3977,0,0,경상북도,604,2024,132,0,934,108,0,414,0,0,부석면,4969,210,0,0,0,0,1607,0,0,306,1104,0,0,169,819,292,1088,1106,0,1417,2478,1487,1094,1339,0,128
1228,영주시,1393,0,488,1130,330,352,0,508,1551,1913,0,0,경상북도,307,2024,232,0,635,284,0,516,0,3,상망동,2250,57,0,0,0,0,1020,133,0,383,1380,104,0,323,1002,128,497,309,0,396,1503,1478,411,854,0,17
302,영주시,216,0,118,87,162,234,0,112,64,403,8,0,경상북도,79,2024,14,0,172,43,0,189,0,8,상줄동,147,10,0,0,0,0,46,16,0,111,50,11,0,150,246,116,152,188,0,137,145,598,276,110,0,102
896,영주시,2111,0,24,402,303,714,0,430,648,1332,0,0,경상북도,453,2024,26,0,825,13,0,636,0,0,순흥면,1149,28,0,0,0,0,503,0,0,282,1078,0,0,260,863,100,199,136,0,863,866,158,388,1160,0,47
199,영주시,218,0,6,15,1,11,0,2,111,178,0,0,경상북도,0,2024,0,0,5,0,0,8,0,0,아지동,185,0,0,0,0,0,0,0,0,3,28,0,0,8,4,2,10,25,0,10,46,10,9,8,0,0
1501,영주시,3607,0,539,588,298,478,0,333,692,3017,71,0,경상북도,183,2024,89,0,478,52,0,569,0,44,안정면,2841,348,0,0,0,0,1559,41,0,308,424,63,0,962,811,252,468,497,0,345,1798,846,909,708,0,375
9346,영주시,10302,0,8071,14813,10793,9847,8,7400,18256,25341,695,0,경상북도,2742,2024,7436,0,8507,1892,39,9371,2,142,영주동,13993,3367,0,0,0,0,12123,6173,0,9835,31521,1239,4,14618,20814,5314,8300,8315,0,7986,15735,26925,10863,26684,0,758
281,영주시,2095,0,94,66,147,87,0,394,220,684,0,0,경상북도,210,2024,6,0,104,3,0,200,0,0,이산면,55,60,0,0,0,0,1260,0,0,188,321,4,0,62,129,13,111,129,0,266,531,173,255,152,0,56
661,영주시,2538,0,168,837,323,491,0,162,526,1397,0,0,경상북도,129,2024,34,0,437,38,0,219,0,0,장수면,1234,293,0,0,0,0,530,0,0,296,949,0,0,347,542,226,229,191,0,314,979,1282,423,532,0,6
0,영주시,61,0,0,0,0,0,0,0,7,0,0,0,경상북도,0,2024,0,0,0,0,0,0,0,0,적서동,0,0,0,0,0,0,0,0,0,0,0,0,0,7,0,0,2,1,0,14,16,0,3,2,0,0
0,영주시,46,0,102,42,0,117,0,41,34,7,0,0,경상북도,36,2024,0,0,72,0,0,49,0,0,조암동,12,5,0,0,0,0,34,0,0,3,38,0,0,84,62,22,50,54,0,111,54,89,43,185,0,1
107,영주시,172,0,0,29,1,3,0,0,63,161,0,0,경상북도,0,2024,0,0,1,0,0,3,0,0,조와동,106,1,0,0,0,0,30,0,0,20,135,0,0,2,1,5,1,3,0,1,59,24,2,4,0,0
3,영주시,57,0,11,49,4,1,0,36,3,213,0,0,경상북도,3,2024,0,0,18,0,0,17,0,0,창진동,0,0,0,0,0,0,0,0,0,0,5,0,0,7,0,192,2,0,0,32,35,8,10,12,0,2
359,영주시,1033,0,61,101,40,192,0,36,165,516,0,0,경상북도,6,2024,0,0,17,0,0,67,0,0,평은면,468,260,0,0,0,0,459,0,0,220,290,0,0,54,124,13,95,31,0,64,271,125,69,261,0,19
5697,영주시,9342,0,2440,5429,2615,2465,0,3078,2499,11974,312,0,경상북도,1547,2024,1104,0,3780,798,0,2638,0,540,풍기읍,8696,1670,0,0,0,0,6953,826,0,3156,4510,1269,0,3137,4401,1288,1870,3220,0,2086,6614,6219,2681,4266,0,539
14987,영주시,9676,0,4970,17628,7119,5749,0,4446,21001,7883,771,0,경상북도,1783,2024,6165,0,5308,1275,0,7238,0,36,하망동,9414,1564,0,0,0,0,16241,4124,0,8859,24108,624,0,7672,22215,3443,6382,7670,0,6567,17514,22591,7459,21023,0,708
16256,영주시,24747,0,9381,21412,7307,9017,0,9705,23525,36800,997,1,경상북도,4454,2024,6644,0,11093,2360,19,8220,0,380,휴천동,34250,6928,0,0,0,0,22149,4311,0,9252,38320,1591,4,9445,24819,8866,9155,7954,0,8548,25238,30351,8962,30177,0,829
3847,영천시,3863,0,745,2258,386,322,2,590,2766,3646,330,0,경상북도,283,2024,905,0,594,203,761,483,0,208,금호읍,3676,773,0,4,0,0,2865,788,0,1133,2657,167,272,445,2368,296,652,547,0,367,2971,2341,633,3169,0,309
456,영천시,1,0,0,0,63,0,0,33,0,0,0,0,경상북도,8,2024,0,0,0,0,0,0,0,0,북안면,0,204,0,0,0,0,0,0,0,14,0,0,0,0,13,0,0,0,0,0,0,0,0,0,0,0
0,영천시,0,0,0,0,0,155,0,0,213,10,0,0,경상북도,0,2024,0,0,1,0,0,0,0,0,신녕면,112,0,0,0,0,0,1,0,0,0,78,0,0,0,0,0,47,0,0,62,0,0,0,74,0,0
3046,예천군,3533,0,603,1279,884,1346,0,89,1424,2582,0,0,경상북도,145,2024,0,0,616,0,0,718,0,0,감천면,1409,586,0,0,0,0,566,0,0,373,147,0,0,763,281,660,398,1416,0,800,335,667,425,670,0,257
1333,예천군,1370,0,168,403,520,189,0,253,550,1682,0,0,경상북도,139,2024,0,0,200,0,0,303,0,0,개포면,2979,97,0,0,0,0,399,0,0,29,525,0,0,252,231,52,219,636,0,536,240,388,470,169,0,36
222,예천군,2056,0,10,355,0,132,0,194,774,1683,0,0,경상북도,107,2024,0,0,154,0,0,134,0,0,보문면,216,112,0,0,0,0,199,0,0,87,107,0,0,66,14,30,227,243,0,50,376,50,323,230,0,31
25331,예천군,20215,0,6778,21395,13037,16536,26,8887,29918,26544,2028,0,경상북도,4097,2024,5816,0,12179,2439,286,9049,0,2420,예천읍,31032,7517,0,7,0,0,26315,4711,0,10979,34921,2460,326,17653,25316,12491,8546,9129,0,12827,25859,27521,8286,26311,0,507
1195,예천군,1467,0,774,437,565,1451,0,453,1075,3657,0,0,경상북도,93,2024,1,0,185,0,0,401,0,0,용궁면,2275,46,0,0,0,0,1237,0,0,178,368,0,0,524,444,522,156,1350,0,339,981,755,619,380,0,2
1013,예천군,3196,0,361,805,562,96,0,266,211,2070,0,0,경상북도,167,2024,28,0,423,75,0,579,0,0,용문면,563,73,0,0,0,0,1287,0,0,65,508,0,0,310,167,77,405,229,0,764,831,714,620,421,0,24
91,예천군,4295,0,595,372,398,1140,0,307,11,4493,0,0,경상북도,281,2024,7,0,652,1,0,180,0,0,유천면,2569,802,0,0,0,0,1550,0,0,102,389,0,0,387,74,114,152,911,0,144,1048,534,782,215,0,15
1576,예천군,1367,0,642,228,303,260,0,110,1170,3230,0,0,경상북도,248,2024,171,0,363,1,0,395,0,0,은풍면,421,54,0,0,0,0,716,0,0,356,278,0,0,407,350,34,85,545,0,494,884,1654,445,1570,0,164
3111,예천군,1779,0,317,1393,763,908,0,311,2417,2462,0,0,경상북도,173,2024,24,0,613,1,0,695,0,0,지보면,10740,33,0,0,0,0,1075,1,0,440,1938,0,0,670,482,413,344,525,0,702,1250,516,675,2087,0,15
1039,예천군,1491,0,249,616,329,859,0,669,804,1645,0,0,경상북도,318,2024,0,0,543,2,0,462,0,0,풍양면,3060,156,0,0,0,0,1277,0,0,285,552,0,0,674,511,183,585,972,0,718,1015,812,541,759,0,5
1509,예천군,1918,0,601,1599,426,789,152,704,1365,1934,1057,0,경상북도,421,2024,924,0,620,197,0,627,0,124,호명면,2841,572,0,0,0,0,1701,1302,0,1368,2211,225,6,485,2330,201,597,539,0,505,1694,2431,624,1831,0,71
16166,예천군,20406,0,8374,16177,5093,9162,842,8439,14467,43426,11937,0,경상북도,5721,2024,11700,0,7947,2824,0,7589,0,1655,호명읍,50298,9176,0,0,0,0,17336,16247,0,15686,24052,3269,34,5852,23976,3334,7629,6794,0,5809,17762,26918,7890,18675,0,905
1177,예천군,485,0,350,370,193,370,0,180,444,1577,0,0,경상북도,51,2024,11,0,405,4,0,449,0,0,효자면,807,337,0,0,0,0,106,0,0,59,17,0,0,257,42,15,173,246,0,418,275,414,53,336,0,126
106,울진군,1037,0,0,158,0,0,0,0,507,1940,0,0,경상북도,0,2024,0,0,0,0,0,0,0,0,근남면,1489,390,0,0,0,0,671,0,0,65,482,0,0,0,293,0,0,0,0,0,1027,770,0,354,0,0
137,울진군,537,0,0,112,0,0,0,0,21,747,0,0,경상북도,0,2024,0,0,0,0,0,0,0,0,금강송면,927,0,0,0,0,0,182,0,0,0,277,0,0,0,133,0,0,0,0,0,490,4,0,82,0,0
1056,울진군,777,0,0,4,0,0,0,0,532,3778,0,0,경상북도,0,2024,0,0,0,0,0,0,0,0,기성면,3298,339,0,0,0,0,493,0,0,64,923,0,0,0,165,0,0,0,0,0,1488,598,0,655,0,0
1610,울진군,2994,0,0,1463,0,0,0,0,476,4029,0,0,경상북도,0,2024,0,0,0,0,0,0,0,0,매화면,1831,338,0,0,0,0,2240,0,0,144,201,0,0,0,461,0,0,0,0,0,1298,1150,0,719,0,0
3743,울진군,4056,0,0,3820,0,0,0,0,4031,9741,0,0,경상북도,0,2024,1333,0,0,0,0,0,0,0,북면,5775,1573,0,0,0,0,3669,0,0,1475,2784,0,0,0,2653,0,0,0,0,0,3423,3157,0,3809,0,0
3809,울진군,529,0,0,202,0,0,0,0,439,1174,0,0,경상북도,0,2024,0,0,0,0,0,0,0,0,온정면,425,220,0,0,0,0,1531,0,0,0,39,0,0,0,162,0,0,0,0,0,411,286,0,227,0,0
10277,울진군,7380,0,0,8113,0,0,0,0,8189,15903,0,0,경상북도,0,2024,2397,0,0,0,496,0,0,0,울진읍,10780,2729,0,0,0,0,9218,0,0,14003,13111,0,0,0,11921,0,0,0,0,0,9378,16330,0,11859,0,0
4113,울진군,6411,0,0,4554,0,0,0,0,6788,7345,0,0,경상북도,0,2024,2943,0,0,0,163,0,0,0,죽변면,8625,2599,0,0,0,0,4278,0,0,2314,8433,0,0,0,6709,0,0,0,0,0,5883,14358,0,7041,0,0
1130,울진군,789,0,0,514,0,0,0,0,1465,1772,0,0,경상북도,0,2024,2,0,0,0,0,0,0,0,평해읍,2596,135,0,0,0,0,1202,0,0,298,2000,0,0,0,280,0,0,0,0,0,1142,2473,0,1295,0,0
707,울진군,1178,0,0,3108,0,0,0,0,713,612,0,0,경상북도,0,2024,0,0,0,0,0,0,0,0,후포면,1559,0,0,0,0,0,499,0,0,0,300,0,0,0,389,0,0,0,0,0,400,1363,0,1512,0,0
491,의성군,590,0,39,295,23,32,0,51,174,1683,0,0,경상북도,2,2024,0,0,1,0,0,54,0,0,가음면,529,1,0,0,0,0,445,0,0,19,130,0,0,44,45,40,33,79,0,40,238,55,29,346,0,20
227,의성군,311,0,0,7,1,2,0,0,10,0,0,0,경상북도,0,2024,0,0,10,0,0,0,0,0,구천면,17,122,0,0,0,0,0,0,0,0,13,0,0,12,0,0,3,0,0,6,90,64,11,17,0,1
1532,의성군,1084,0,214,1287,509,777,0,160,1246,1955,0,0,경상북도,126,2024,42,0,233,2,0,328,0,0,금성면,2283,108,0,0,0,0,1480,0,0,306,615,0,0,144,830,485,282,276,0,294,1219,1256,196,1014,0,25
741,의성군,81,0,54,127,74,287,0,35,265,1311,0,0,경상북도,28,2024,0,0,42,0,0,46,0,0,다인면,1047,51,0,0,0,0,603,0,0,8,222,0,0,14,27,8,17,106,0,127,107,349,49,147,0,2
253,의성군,39,0,10,45,6,1,0,5,23,233,0,0,경상북도,4,2024,0,0,12,0,0,6,0,0,단밀면,365,27,0,0,0,0,26,0,0,15,108,0,0,0,25,3,3,10,0,0,114,11,12,26,0,0
83,의성군,246,0,2,346,10,88,0,6,60,244,0,0,경상북도,2,2024,0,0,15,0,0,11,0,0,단북면,150,82,0,0,0,0,94,0,0,1,15,0,0,9,26,2,2,2,0,14,29,355,34,32,0,0
536,의성군,1338,0,48,650,152,81,0,94,523,870,0,0,경상북도,52,2024,0,0,95,0,0,143,0,0,단촌면,759,304,0,0,0,0,644,0,0,51,184,0,0,60,156,220,86,99,0,51,399,211,97,314,0,6
1070,의성군,1826,0,111,744,187,239,0,188,761,1931,0,0,경상북도,48,2024,0,0,134,0,0,192,0,0,봉양면,2581,46,0,0,0,0,2683,0,0,261,885,0,0,234,485,489,114,838,0,147,1283,874,241,1098,0,4
780,의성군,605,0,12,198,125,19,0,27,147,991,0,0,경상북도,5,2024,0,0,21,0,0,50,0,0,비안면,719,0,0,0,0,0,256,0,0,1,153,0,0,25,255,11,64,50,0,21,304,112,87,197,0,1
606,의성군,656,0,25,296,15,3,0,1,716,1139,0,0,경상북도,29,2024,0,0,37,0,0,51,0,0,사곡면,933,271,0,0,0,0,66,0,0,60,176,0,0,27,50,1,12,81,0,47,45,42,24,133,0,47
532,의성군,50,0,3,51,1,4,0,11,1543,2434,0,0,경상북도,2,2024,0,0,10,0,0,11,0,0,신평면,402,34,0,0,0,0,3,0,0,0,181,0,0,19,95,219,25,0,0,119,106,37,6,16,0,1
1759,의성군,1963,5,241,1446,554,434,4,256,1446,2295,3,3,경상북도,71,2024,4,1,190,11,0,385,10,1,안계면,1613,161,7,0,2,0,1526,3,3,159,1207,2,1,926,1707,344,397,390,10,273,1544,1363,265,1211,0,9
320,의성군,599,0,5,63,1,1,0,4,95,163,0,0,경상북도,0,2024,0,0,0,0,0,3,0,0,안사면,131,389,0,0,0,0,0,0,0,3,1,0,0,4,18,4,2,0,0,0,53,8,6,163,0,1
531,의성군,1380,0,44,226,118,116,0,10,405,1326,0,0,경상북도,46,2024,0,0,37,0,0,44,0,0,안평면,315,186,0,0,0,0,212,0,0,52,115,0,0,235,193,28,187,80,0,217,688,316,195,475,0,5
814,의성군,617,0,18,247,9,9,0,31,194,720,0,0,경상북도,11,2024,0,0,21,0,0,19,0,0,옥산면,634,6,0,0,0,0,50,0,0,1,18,0,0,84,111,8,27,32,0,11,55,182,66,126,0,3
12162,의성군,11252,3,1543,9825,3885,3606,14,1244,10666,10950,29,8,경상북도,364,2024,17,11,1350,6,5,2260,4,14,의성읍,15478,2012,2,6,2,0,11715,25,7,3756,7990,21,8,3858,10006,3135,1809,2465,2,2094,11512,11344,2301,8341,3,91
856,의성군,635,0,127,246,32,31,0,60,313,493,0,0,경상북도,13,2024,0,0,98,0,0,38,0,0,점곡면,1098,95,0,0,0,0,216,0,0,4,6,0,0,23,23,2,33,149,0,50,317,187,102,309,0,0
564,의성군,809,0,42,467,3,20,0,18,291,785,0,0,경상북도,4,2024,0,0,1,0,0,42,0,0,춘산면,780,197,0,0,0,0,13,0,0,9,191,0,0,37,175,1,21,70,0,41,252,27,24,148,0,0
9,청도군,0,0,0,0,0,0,0,0,0,42,0,0,경상북도,0,2024,0,0,0,0,0,0,0,0,운문면,0,0,0,0,0,0,1,0,0,0,0,0,0,0,0,13,0,0,0,0,0,5,0,0,0,0
0,청송군,0,0,1,0,0,1,0,0,0,0,0,0,경상북도,0,2024,0,0,0,0,0,0,0,0,부남면,597,0,0,0,0,0,0,0,0,0,0,0,0,0,17,0,0,0,0,0,126,41,0,0,0,0
8,청송군,0,0,14,0,0,0,0,5,0,47,0,0,경상북도,4,2024,1,0,0,0,0,0,0,0,파천면,0,0,0,0,0,0,0,0,0,6,0,0,0,0,10,0,0,0,0,0,61,374,8,42,0,0
65,청송군,469,0,0,66,2,0,0,16,355,54,0,0,경상북도,9,2024,0,0,1,0,0,4,0,0,현서면,0,0,0,0,0,0,8,0,0,7,24,0,0,43,40,0,12,2,0,33,16,0,12,106,0,1
2585,칠곡군,2359,0,16,1556,44,15,119,35,1962,2099,28,0,경상북도,30,2024,1050,0,28,24,0,22,0,13,가산면,1466,207,0,0,0,0,1027,261,0,1018,2320,14,3,24,2362,163,32,23,0,17,2334,2876,45,962,0,53
24272,칠곡군,22465,0,4687,21036,7683,11037,16,4302,15992,13407,1407,0,경상북도,3374,2024,7471,0,8652,3370,2933,5814,0,935,동명면,17128,7945,0,104,0,0,18164,4223,0,10517,22304,2312,213,9844,24545,4920,8049,6616,0,6465,21147,32841,6639,24145,0,4954
21963,칠곡군,23497,0,509,17808,285,187,1684,612,20383,41271,3850,0,경상북도,373,2024,10051,0,450,264,0,413,0,171,북삼읍,25535,10312,0,0,0,0,18593,7747,0,11203,19687,278,23,322,18061,165,506,329,0,412,19589,18697,374,17843,0,24
16851,칠곡군,18375,0,363,11167,178,231,0,349,14121,39333,3012,0,경상북도,325,2024,6097,0,340,341,1,310,0,121,석적읍,17562,8480,0,0,0,0,10566,4552,0,7463,13596,198,0,186,11095,124,440,204,0,262,13440,14680,326,15097,0,21
327,칠곡군,974,0,10,259,23,31,2,6,237,685,15,0,경상북도,15,2024,54,0,8,2,0,4,0,0,약목면,221,17,0,0,0,0,170,25,0,88,327,3,0,8,226,18,5,38,0,8,455,307,12,122,0,13
6196,칠곡군,4248,0,2476,10078,661,1184,223,2212,10282,4624,2509,64,경상북도,2093,2024,8617,4,2385,1345,130,2046,0,1255,왜관읍,6020,886,0,105,0,0,6702,3699,359,7276,17466,1937,937,627,17274,773,2225,997,0,1136,10809,15317,1981,12178,4,292
0,칠곡군,87,0,8,87,0,13,2,5,330,190,1,0,경상북도,3,2024,210,0,0,11,2,17,0,5,지천면,124,24,0,0,0,0,65,4,0,111,0,5,7,15,78,0,8,5,0,1,149,216,4,382,0,1
10341,포항시,12300,0,9600,12065,8986,10566,316,9431,11063,9565,4490,0,경상북도,5000,2024,7245,0,9124,4456,905,7810,0,3223,괴동동,12817,5219,0,996,0,0,10259,5172,0,6816,14395,3291,290,11362,13493,8162,7960,8958,0,8494,12180,13785,9458,12277,0,4216
18688,포항시,11612,1,4837,16874,7245,4374,255,3232,16150,11769,1339,0,경상북도,1907,2024,5358,0,6068,1303,3190,6349,0,553,구룡포읍,13624,9193,0,21,0,0,17396,4306,0,8638,18109,1089,172,4821,12885,2997,6277,7598,0,7309,17385,16360,8524,17689,0,2248
10741,포항시,8722,0,2148,8566,2252,3291,1,1111,7629,9682,136,0,경상북도,840,2024,1280,0,2370,535,1026,3492,0,113,기계면,10883,2233,0,0,0,0,11525,400,0,1437,6985,174,69,7006,3711,4820,1847,5799,0,2416,3927,5738,1739,4641,0,533
1324,포항시,36,0,23,263,207,137,0,55,1609,1307,0,0,경상북도,7,2024,6,0,50,17,0,117,0,0,기북면,4438,792,0,0,0,0,890,2,0,17,1633,0,0,21,351,27,264,147,0,265,1,205,10,529,0,6
318,포항시,442,0,76,718,105,159,0,63,466,307,65,0,경상북도,29,2024,95,0,84,16,23,149,0,16,남빈동,1153,66,0,0,0,0,625,116,0,117,679,15,0,186,247,26,72,128,0,94,509,970,203,475,0,18
47290,포항시,50614,1,13604,44105,11728,10615,6565,13615,51688,45701,18180,24,경상북도,8672,2024,24935,0,12779,6423,5249,12463,0,5081,대도동,52960,25858,0,687,0,0,50738,26812,11,30779,56722,5988,1954,12292,49050,6948,12817,11147,0,10345,45177,56054,12299,49335,0,2918
7741,포항시,8479,0,753,5786,624,1086,83,936,4591,8348,611,0,경상북도,473,2024,2267,0,698,394,1149,527,0,412,대송면,7510,5496,0,5,0,0,5637,953,0,3596,6186,430,53,914,7608,1900,538,612,0,674,7002,10233,655,4527,0,586
4547,포항시,5676,0,2264,7064,1319,1904,1218,2315,7140,4861,3646,0,경상북도,1153,2024,5256,0,2139,981,124,1795,0,644,대신동,7152,2711,0,144,0,0,5555,5346,1,5756,11300,769,178,1557,12788,1560,1982,1457,0,1681,7028,12929,1819,10358,0,443
25458,포항시,28315,2,9774,31199,6644,7883,5617,11229,29419,31439,17951,0,경상북도,7192,2024,22640,0,8774,5535,961,8884,0,3942,대잠동,37827,10717,0,484,0,0,28645,24220,21,23040,31896,5366,1252,6992,40265,4505,9199,7363,0,8194,29884,41887,8701,34067,0,1895
1266,포항시,1886,0,292,1113,195,277,22,257,1335,2077,162,0,경상북도,148,2024,391,0,339,115,1,224,0,116,대흥동,2460,971,0,11,0,0,1038,241,0,593,2207,150,35,209,777,171,261,204,0,237,1754,1190,232,1791,0,50
50708,포항시,44622,0,30674,71448,36304,31172,3704,24113,70266,37632,14094,1,경상북도,13461,2024,25771,0,35662,10242,847,36087,0,6215,덕산동,48328,20644,0,1667,0,0,64306,23171,0,31927,81803,8371,1266,33389,59247,23228,38666,41068,0,41647,67953,74483,36699,83456,0,14961
9012,포항시,8813,0,9376,15695,7674,5390,1356,8348,12802,5219,8079,14,경상북도,4365,2024,16690,0,9452,3705,490,9617,0,2438,덕수동,9408,2314,0,679,0,0,10164,16417,0,17376,21860,3122,512,7028,23648,2934,10289,9043,0,10002,14783,24417,10014,17831,0,2017
553,포항시,922,0,25,656,67,15,7,20,593,1716,80,0,경상북도,19,2024,299,0,34,12,138,47,0,5,동빈1가,1593,774,0,0,0,0,893,219,0,291,843,14,2,15,530,55,37,86,0,36,752,573,27,792,0,0
1993,포항시,2285,0,1536,3608,1064,693,276,1457,3242,2921,1854,0,경상북도,925,2024,4025,0,1408,575,373,1414,0,273,동빈2가,3241,950,0,3,0,0,2633,1921,0,3203,4219,439,89,860,3545,536,1607,1327,0,1429,2788,4320,1375,4117,0,134
11788,포항시,10771,0,6741,17577,4931,4062,2209,7091,15856,10053,10575,28,경상북도,3882,2024,13638,0,7303,3653,146,6316,0,2611,동촌동,11275,4670,0,290,0,0,13935,15685,28,15529,28065,3186,780,3593,25321,5181,6737,5856,0,5743,15965,29632,5668,19551,0,2622
32898,포항시,35925,0,7751,22516,8122,6738,713,6601,26070,35121,5009,2,경상북도,4840,2024,7214,0,8013,3102,5320,7678,0,1552,동해면,32404,22857,0,15,0,0,28951,5864,2,11159,25147,2443,284,7579,21349,4559,7846,9275,0,8709,30223,29188,7928,21914,0,1636
15065,포항시,16462,0,5681,14433,2499,2255,2600,6520,17171,21326,8247,57,경상북도,5361,2024,8020,0,5205,3944,2280,4351,0,1741,두호동,20331,8969,0,63,0,0,15250,8583,4,9656,14712,2499,546,2648,15675,1045,5061,4012,0,4419,15388,17608,4455,14922,0,542
5863,포항시,6129,0,1023,5192,705,471,477,1292,5858,6031,2061,1,경상북도,833,2024,2335,0,1146,634,866,897,0,543,득량동,8866,3192,0,17,0,0,5220,2328,1,3089,6467,480,172,471,5018,273,1202,700,0,811,6603,5809,861,5879,0,166
79793,포항시,72101,19,50376,96690,39321,46637,18864,51713,103642,52943,68408,25,경상북도,30561,2024,80641,0,47405,25244,5863,41251,0,19206,상도동,79039,28920,0,3436,0,0,89504,87633,36,92252,129127,24245,4904,46064,127046,30450,44991,40270,2,42117,94689,133687,41653,112503,0,20277
2090,포항시,2976,0,1379,4721,2221,2401,92,1211,3992,1560,422,0,경상북도,671,2024,830,0,1820,351,115,1868,0,141,상원동,1783,466,0,124,0,0,3809,489,0,1502,3524,269,30,2064,2372,974,1920,2475,0,1988,3442,2690,1866,6436,0,729
2892,포항시,2453,0,1776,6176,1086,1076,498,1654,4956,4563,2717,0,경상북도,1070,2024,3835,0,1501,651,207,1369,0,368,송내동,3334,3595,0,443,0,0,3854,5494,2,6049,20064,674,138,1214,14766,3129,1373,1111,0,1367,4736,24412,1325,8885,0,2693
41635,포항시,44547,0,25469,50167,21174,24791,5998,23977,49060,38930,22549,62,경상북도,13795,2024,35159,0,24794,11140,5493,23710,0,9637,송도동,52711,21614,0,1664,0,0,44049,25295,13,34020,60050,11175,2045,21700,64730,15680,26347,22749,35,24215,47092,68715,25287,58342,0,7418
2547,포항시,5352,0,806,5665,1475,568,0,536,4396,4632,34,0,경상북도,375,2024,420,0,928,181,13,1206,0,17,송라면,3851,2150,0,0,0,0,3556,145,0,847,5408,139,0,2146,2639,1577,1073,1630,0,1685,4853,3766,1305,5391,0,210
4020,포항시,4650,0,1642,3712,1094,1494,552,1585,3937,6202,1770,0,경상북도,969,2024,2255,0,1637,829,910,1401,0,767,송정동,5202,4973,0,214,0,0,3359,2055,0,2916,4628,888,135,1204,4192,620,1603,1142,0,1368,3595,4264,1410,3469,0,650
7013,포항시,6905,0,1080,3827,3152,4876,0,509,3846,6831,120,0,경상북도,365,2024,642,0,1480,262,0,1817,0,49,신광면,13505,3210,0,0,0,0,6256,163,0,2094,3850,69,0,1569,1722,3862,1620,3630,0,1870,4368,2802,1921,5195,0,545
1000,포항시,814,0,1269,1391,875,615,44,1035,1235,1290,773,0,경상북도,654,2024,1722,0,988,401,20,962,0,189,신흥동,1389,443,0,19,0,0,1086,1792,0,1273,2026,348,43,804,2754,294,1088,917,0,1065,1290,2874,1118,2004,0,267
44244,포항시,54669,0,18482,51405,9102,10019,5582,19419,54229,53107,32270,47,경상북도,13564,2024,41568,0,17873,9235,10332,13822,0,6755,양덕동,66677,19617,0,102,0,0,46374,42321,95,49270,62961,8470,2127,8901,67502,5273,16247,10972,0,13814,51318,69046,14290,58486,0,3170
188,포항시,290,0,1023,583,400,617,1,502,648,217,339,0,경상북도,361,2024,225,0,488,221,12,674,0,162,여남동,555,171,0,0,0,0,364,712,3,247,1313,175,76,1066,839,687,425,323,0,728,498,750,410,1597,0,105
44204,포항시,47272,1,11830,49540,8018,10237,3921,14515,46232,61123,14018,4,경상북도,8513,2024,25577,0,11537,7118,9985,10122,0,5922,연일읍,75603,26992,0,205,0,0,44653,21135,10,30971,50791,6908,3089,8423,58680,5802,11029,9430,0,9370,50389,61850,10094,48474,0,2814
95222,포항시,105501,6,25353,89554,24921,19167,4102,25803,96740,122995,26338,112,경상북도,17823,2024,41684,6,26850,12248,28980,25449,0,8528,오천읍,131150,69732,0,346,0,0,97102,41733,286,52862,102833,10569,3538,22048,82681,11568,26153,25569,0,24883,93307,96838,26414,95368,5,5957
77006,포항시,68770,0,38974,105648,42272,36862,11538,36385,102933,56291,47928,27,경상북도,20731,2024,74331,0,40081,16609,4526,42194,0,10520,용흥동,79341,31769,0,4676,0,0,90669,78083,5,83654,139312,13430,2906,40892,131133,25782,45288,45006,24,44927,102355,147617,44018,126732,0,16419
60497,포항시,58172,0,31016,74281,27372,29817,6418,26264,91915,47152,21873,11,경상북도,14676,2024,34029,0,32592,11181,4123,27667,0,6856,우현동,68393,25704,0,1414,0,0,68488,42638,4,37382,109272,10765,2090,28986,90002,23056,31998,29901,3,30679,85378,111566,30811,88470,0,15056
13197,포항시,12873,1,6456,20930,5100,4284,4020,7396,18658,11324,19742,4,경상북도,4803,2024,23013,0,6645,3960,1138,6514,0,2211,이동,15962,4146,0,129,0,0,14682,26960,5,20065,31408,3009,430,5198,28552,2206,7006,5749,0,6194,19486,30480,6314,27500,0,877
139,포항시,206,0,10,451,14,5,0,59,224,101,48,0,경상북도,13,2024,119,0,40,20,40,30,0,13,인덕동,97,26,0,2,0,0,233,45,0,127,723,14,0,49,290,6,35,40,0,40,379,115,33,261,0,11
5060,포항시,7558,0,830,3830,808,968,141,855,3858,6863,629,0,경상북도,551,2024,1396,0,732,651,677,913,0,354,일월동,8359,5126,0,50,0,0,4692,930,0,1767,4547,430,76,806,4145,868,799,832,0,761,4865,4883,754,3582,0,364
5548,포항시,8496,0,642,4506,1140,1354,27,663,4123,6367,159,0,경상북도,343,2024,1045,0,771,209,633,1252,0,43,장기면,7339,3456,0,132,0,0,4931,641,0,1271,4637,224,12,1076,2493,474,1008,1297,0,1232,3506,4930,1198,4352,0,391
82068,포항시,98904,0,18309,80898,12662,14141,4685,19212,88033,97476,28229,92,경상북도,12747,2024,39651,0,18140,8983,17324,15852,0,6134,장성동,122428,45344,0,499,0,0,79732,39246,54,47122,91415,8070,2316,13238,79652,7395,16928,13717,0,15785,85189,88476,15289,90853,0,3592
334,포항시,214,0,400,1206,138,314,103,364,539,661,112,1,경상북도,236,2024,523,0,175,94,13,163,0,114,장흥동,738,299,0,9,0,0,274,204,2,1182,1280,130,36,184,1981,1006,305,146,0,181,964,2768,226,747,0,235
51009,포항시,51171,2,19078,54063,16722,18421,4401,18409,54749,41173,18692,25,경상북도,10799,2024,26058,0,18527,8860,5592,17511,0,5570,죽도동,54631,28361,0,1417,0,0,51242,23644,19,29596,62329,8037,2148,18644,54142,9292,18320,16891,7,16698,52037,60861,18452,57345,0,5057
2052,포항시,39,0,129,27,507,160,0,68,922,6878,0,0,경상북도,0,2024,42,0,237,49,0,62,0,0,죽장면,5251,6,0,0,0,0,11,12,0,2,159,0,0,0,397,211,271,3,0,481,2886,1173,561,614,0,186
18987,포항시,18853,1,3332,19607,2192,2421,2170,3740,19784,22439,5711,1,경상북도,2607,2024,11812,0,3318,2107,1492,2860,0,2061,지곡동,23223,5107,0,13,0,0,19732,9701,2,14200,42950,2266,718,2346,27648,1778,3567,2767,0,2943,21150,28171,3088,37868,0,515
25914,포항시,32461,0,6964,25976,4201,4114,3726,7682,31447,34281,13672,114,경상북도,5162,2024,20097,0,6834,4080,8188,5799,0,2485,창포동,38832,16786,0,176,0,0,27410,15153,6,18012,30889,3223,872,4013,29612,2188,6439,5207,0,6465,27965,32609,5790,27194,0,895
6073,포항시,8287,0,5392,5423,4950,5804,208,5361,6396,9416,928,0,경상북도,2912,2024,3052,0,5545,3371,1996,4162,0,1875,청림동,8788,6362,0,287,0,0,6407,1654,3,2958,5544,3181,577,5261,7208,4534,4238,4421,0,4536,6306,7550,4528,5376,0,2665
9220,포항시,12741,0,1743,5991,3002,2397,5,1810,5103,13042,206,0,경상북도,843,2024,690,0,2520,534,1847,1882,0,130,청하면,13639,3447,0,2,0,0,11518,419,0,2151,8179,358,15,6232,4057,3251,2573,2242,0,2805,9539,6178,3296,5522,0,704
6165,포항시,5137,0,5510,7471,3303,4941,3258,5547,10353,4176,6659,20,경상북도,4036,2024,7164,0,4920,2611,365,4166,0,1825,학산동,5740,2306,0,63,0,0,6674,9859,2,6727,13127,2209,734,3292,12932,2335,4715,4001,0,4256,8293,13195,4228,8109,0,1128
7129,포항시,6766,1,1996,5949,2557,2494,358,2322,7215,4759,1693,0,경상북도,1216,2024,3086,0,1884,991,1152,2285,0,746,학잠동,7507,3056,0,144,0,0,6927,4790,0,3276,8264,1048,281,2614,8703,976,2251,2220,0,1716,6725,10418,2259,7083,0,392
15499,포항시,18713,0,5324,17468,3464,2829,2939,5851,17760,18151,15218,147,경상북도,3865,2024,15109,0,4668,2709,5279,4630,0,1729,항구동,23161,11001,0,271,0,0,15990,15116,4,13962,19447,2247,389,3149,21133,1881,5108,4121,0,5602,17748,22386,4935,18773,0,574
25910,포항시,28322,0,15970,27727,12588,13469,4114,14448,29310,32918,12797,0,경상북도,8465,2024,16862,0,14329,6592,5422,13056,0,4466,해도동,37107,22069,0,2111,0,0,26835,15896,7,22461,44563,5916,1353,13250,36808,9976,13978,13304,0,13457,27724,45697,13072,30419,0,7308
642,포항시,574,0,3701,1725,2297,2145,37,3679,1679,944,550,0,경상북도,2019,2024,1002,0,3922,2272,338,2591,0,1833,호동,501,1332,0,373,0,0,1749,1799,7,1714,13374,2007,364,2312,4040,3325,2932,2642,0,2649,1817,7219,2520,2889,0,2511
5178,포항시,3848,0,1079,6491,1312,832,0,1062,5873,3049,0,0,경상북도,370,2024,1336,0,2535,249,5,2829,0,3,호미곶면,4117,2156,0,0,0,0,3663,238,0,1396,5108,290,0,979,2572,695,2071,2593,0,2426,4020,7245,2667,5781,0,62
15812,포항시,20140,0,6473,19295,3522,3469,768,6593,21525,20720,8719,38,경상북도,4248,2024,13851,0,6496,2999,5059,5383,0,1897,환호동,25718,9073,0,116,0,0,18249,12916,69,12280,29623,2566,520,3946,20229,1591,5233,4584,0,5500,19673,26483,5498,27052,0,1271
11711,포항시,13534,3,10244,17785,5171,10437,3492,10751,14945,13564,13098,1,경상북도,6981,2024,16039,0,7627,5830,1220,7098,0,4327,효자동,20797,4247,0,428,0,0,13349,15865,15,16477,20267,5884,1275,7092,27792,6930,7164,6242,5,7509,16194,25278,7106,18757,0,2239
100125,포항시,117229,0,31131,99728,24362,24911,10868,31551,124191,120404,37374,12,경상북도,22123,2024,67066,0,28430,13757,14427,26449,0,8972,흥해읍,122186,46733,0,944,0,0,119440,45231,161,73801,135910,11288,3815,32806,115817,16673,30326,26463,0,28627,118041,152897,27080,134276,0,9476
